transaction_id;price;date_of_transfer;year;month;quarter;postcode;postcode_outward;property_type_full;duration_full;is_new_build;town_city;district;county;ppd_category_type;latitude;longitude;region;country;admin_district
{00322627-9282-4375-932E-A3BFA345A3D8};219000;23/04/2015;2015;4;2;CF62 7BA;CF62;Terraced;Freehold;VERDADERO;BARRY;THE VALE OF GLAMORGAN;THE VALE OF GLAMORGAN;A;51405979;-3298854;Wales;Wales;Vale of Glamorgan
{00485095-CA51-443F-A2DC-0314904B3957};500000;13/01/2015;2015;1;1;KT19 0NR;KT19;Detached;Freehold;FALSO;EPSOM;EPSOM AND EWELL;SURREY;A;51348095;-27243;South East;England;Epsom and Ewell
{005BC65C-9D6C-4F0F-A83E-46BD4B810F2C};48000;10/07/2015;2015;7;3;NE33 3LH;NE33;Flat/Maisonette;Leasehold;FALSO;SOUTH SHIELDS;SOUTH TYNESIDE;TYNE AND WEAR;A;54994931;-1439729;North East;England;South Tyneside
{00619B1B-5F9E-44C2-AC03-A97142EF7AB7};132000;20/02/2015;2015;2;1;TS7 9BL;TS7;Semi-Detached;Freehold;FALSO;MIDDLESBROUGH;REDCAR AND CLEVELAND;REDCAR AND CLEVELAND;A;5452551;-1181377;North East;England;Middlesbrough
{0063C1C2-B114-4065-BB22-AF10333BF5D3};205000;2/06/2015;2015;6;2;LS13 1RE;LS13;Terraced;Freehold;FALSO;LEEDS;LEEDS;WEST YORKSHIRE;A;53799717;-1616579;Yorkshire and The Humber;England;Leeds
{00649A3F-BAFF-4233-BCEC-95BE7CBAAF9C};104000;22/01/2015;2015;1;1;NR33 0RG;NR33;Terraced;Freehold;FALSO;LOWESTOFT;WAVENEY;SUFFOLK;A;52467446;1740933;East of England;England;East Suffolk
{00673F1F-116C-4DED-BAF8-A282A2B2B19F};72500;3/07/2015;2015;7;3;NE64 6XX;NE64;Terraced;Freehold;FALSO;NEWBIGGIN-BY-THE-SEA;NORTHUMBERLAND;NORTHUMBERLAND;A;55182883;-1517643;North East;England;Northumberland
{00764EC8-5B11-4A92-A772-349B989AF4BB};215000;1/07/2015;2015;7;3;SN3 5EQ;SN3;Semi-Detached;Freehold;FALSO;SWINDON;SWINDON;SWINDON;A;51561817;-1743061;South West;England;Swindon
{007BFAC3-53E7-4ABA-815C-A81783560719};144500;20/03/2015;2015;3;1;ST15 8LJ;ST15;Terraced;Freehold;FALSO;STONE;STAFFORD;STAFFORDSHIRE;A;52895516;-2137468;West Midlands;England;Stafford
{009573E8-DF08-44BE-88DC-0B3362F0B4AF};1000000;28/08/2015;2015;8;3;W4 1DE;W4;Terraced;Freehold;FALSO;LONDON;EALING;GREATER LONDON;A;51496494;-270832;London;England;Ealing
{00B2AE68-B45D-4C32-BB3F-577502210FB2};80000;12/03/2015;2015;3;1;BL1 7HY;BL1;Terraced;Leasehold;FALSO;BOLTON;BOLTON;GREATER MANCHESTER;A;53610671;-2425087;North West;England;Bolton
{00BF377F-D20D-46FC-939A-9C3317646CF2};400000;14/07/2015;2015;7;3;HU17 7BS;HU17;Detached;Freehold;FALSO;BEVERLEY;EAST RIDING OF YORKSHIRE;EAST RIDING OF YORKSHIRE;A;53843016;-438586;Yorkshire and The Humber;England;East Riding of Yorkshire
{00CD512D-5546-4FB5-9AB0-800BDDD5F90E};117000;26/02/2015;2015;2;1;SK3 9LP;SK3;Terraced;Freehold;FALSO;STOCKPORT;STOCKPORT;GREATER MANCHESTER;A;53404024;-2182514;North West;England;Stockport
{00D18350-DE39-496B-96DB-0BA3A5AA88C1};195000;8/05/2015;2015;5;2;BS4 3EX;BS4;Terraced;Freehold;FALSO;BRISTOL;CITY OF BRISTOL;CITY OF BRISTOL;A;51426491;-2575735;South West;England;Bristol, City of
{00E54060-B539-4D36-A047-DBD649166C45};145000;13/02/2015;2015;2;1;SO53 5QN;SO53;Flat/Maisonette;Leasehold;FALSO;EASTLEIGH;EASTLEIGH;HAMPSHIRE;A;5098442;-1388413;South East;England;Eastleigh
{011B11FE-CA7E-4E44-A4C3-CBF5B1D51077};74000;29/06/2015;2015;6;2;M24 2AN;M24;Terraced;Leasehold;FALSO;MANCHESTER;ROCHDALE;GREATER MANCHESTER;A;5355785;-2205895;North West;England;Rochdale
{011D732E-2927-48D4-968B-96BA4D536560};364950;16/07/2015;2015;7;3;HG1 3DF;HG1;Detached;Freehold;FALSO;HARROGATE;HARROGATE;NORTH YORKSHIRE;A;53993275;-1529254;Yorkshire and The Humber;England;North Yorkshire
{0134FCC5-C749-4F96-87A3-5E62E417EE06};102500;27/02/2015;2015;2;1;ST5 8PQ;ST5;Terraced;Freehold;FALSO;NEWCASTLE;NEWCASTLE-UNDER-LYME;STAFFORDSHIRE;A;53006881;-2218567;West Midlands;England;Newcastle-under-Lyme
{0135B881-AA6C-4D38-A433-A29BA72A23D4};270000;16/01/2015;2015;1;1;SE2 0NU;SE2;Semi-Detached;Freehold;FALSO;LONDON;GREENWICH;GREATER LONDON;A;51480213;128998;London;England;Bexley
{0137AF20-28D0-465A-81E6-4366A2184D0A};236000;20/03/2015;2015;3;1;ME15 7JH;ME15;Semi-Detached;Freehold;FALSO;MAIDSTONE;MAIDSTONE;KENT;A;51263716;561508;South East;England;Maidstone
{01394F76-A4E7-478E-81A6-66BA1E749A0B};210000;5/06/2015;2015;6;2;TQ2 8ES;TQ2;Semi-Detached;Freehold;FALSO;TORQUAY;TORBAY;TORBAY;A;50456733;-3546402;South West;England;Torbay
{01426A76-B219-469B-AC44-9FBF6093E4B2};595000;12/06/2015;2015;6;2;WD4 9LH;WD4;Detached;Freehold;FALSO;KINGS LANGLEY;DACORUM;HERTFORDSHIRE;A;51712515;-452345;East of England;England;Dacorum
{0154A02D-3659-4ACB-A72F-922A17198533};65000;22/05/2015;2015;5;2;WS2 0LJ;WS2;Terraced;Freehold;FALSO;WALSALL;WALSALL;WEST MIDLANDS;A;52589816;-1994726;West Midlands;England;Walsall
{01558AF3-3192-41E5-877F-2B7777D75C1F};555000;27/05/2015;2015;5;2;EN6 2EP;EN6;Detached;Freehold;FALSO;POTTERS BAR;HERTSMERE;HERTFORDSHIRE;A;51709706;-111599;East of England;England;Welwyn Hatfield
{015A5B21-E6FD-49C1-8CFF-311FD6122F73};175000;13/04/2015;2015;4;2;LE11 1NP;LE11;Terraced;Freehold;FALSO;LOUGHBOROUGH;CHARNWOOD;LEICESTERSHIRE;A;52783622;-1239843;East Midlands;England;Charnwood
{015D74DC-9E6D-4B5E-9614-255271F963C3};525000;16/04/2015;2015;4;2;SW15 3EL;SW15;Terraced;Freehold;FALSO;LONDON;WANDSWORTH;GREATER LONDON;A;51454865;-209534;London;England;Wandsworth
{01601963-286E-47A6-9BF8-0FCB2D765AC2};130000;21/01/2015;2015;1;1;TW9 4BG;TW9;Flat/Maisonette;Leasehold;FALSO;RICHMOND;RICHMOND UPON THAMES;GREATER LONDON;A;51478137;-277978;London;England;Richmond upon Thames
{0168F77E-CEFE-4AD1-9855-10DE8117AA6D};160000;27/05/2015;2015;5;2;NE65 7XZ;NE65;Semi-Detached;Freehold;FALSO;MORPETH;NORTHUMBERLAND;NORTHUMBERLAND;A;55305396;-1796672;North East;England;Northumberland
{016A57BA-1D0F-44D7-95DB-E164BC32D3ED};450000;17/04/2015;2015;4;2;BH31 6BX;BH31;Detached;Freehold;FALSO;VERWOOD;EAST DORSET;DORSET;A;50871797;-1854442;South West;England;Dorset
{016AAA7E-98D0-4497-B3CA-39A19B4AD21D};360000;25/09/2015;2015;9;3;WF5 8PH;WF5;Detached;Freehold;FALSO;OSSETT;WAKEFIELD;WEST YORKSHIRE;A;53687869;-1578968;Yorkshire and The Humber;England;Wakefield
{01712365-F5CE-4839-B8F0-A690CB78CCCC};139000;27/02/2015;2015;2;1;MK6 2PX;MK6;Flat/Maisonette;Leasehold;FALSO;MILTON KEYNES;MILTON KEYNES;MILTON KEYNES;A;52034794;-745349;South East;England;Milton Keynes
{0175489D-26C9-43ED-8684-61EFAB74D68E};150000;31/07/2015;2015;7;3;SK2 5AS;SK2;Semi-Detached;Freehold;FALSO;STOCKPORT;STOCKPORT;GREATER MANCHESTER;A;53387415;-2141698;North West;England;Stockport
{0186F413-5EA9-467C-AF0D-2120F45865F4};155000;16/04/2015;2015;4;2;FY8 1JX;FY8;Semi-Detached;Leasehold;FALSO;LYTHAM ST ANNES;FYLDE;LANCASHIRE;A;537533;-3001045;North West;England;Fylde
{018C36DA-4557-4C2C-A974-2B1C5C88D30A};92000;21/08/2015;2015;8;3;WA14 5LN;WA14;Terraced;Leasehold;FALSO;ALTRINCHAM;TRAFFORD;GREATER MANCHESTER;A;53404612;-2352952;North West;England;Trafford
{0190F2F0-3E02-4F41-8150-9D09DA188413};106500;4/08/2015;2015;8;3;BB18 6QZ;BB18;Terraced;Freehold;FALSO;BARNOLDSWICK;PENDLE;LANCASHIRE;A;53918795;-2186495;North West;England;Pendle
{01A0E3D0-8D84-4060-AF5B-3EB180D42270};428500;13/01/2015;2015;1;1;NW11 7TR;NW11;Flat/Maisonette;Leasehold;FALSO;LONDON;BARNET;GREATER LONDON;A;51573675;-208288;London;England;Barnet
{01A17319-7763-4D05-9999-BB5A3D7937AD};107500;5/02/2015;2015;2;1;CM8 2PY;CM8;Flat/Maisonette;Leasehold;FALSO;WITHAM;BRAINTREE;ESSEX;A;51802881;643603;East of England;England;Braintree
{01A39777-1CB7-4DFE-B8D0-6C6F243C548D};215000;29/05/2015;2015;5;2;RG21 8XQ;RG21;Terraced;Freehold;FALSO;BASINGSTOKE;BASINGSTOKE AND DEANE;HAMPSHIRE;A;51267102;-1085636;South East;England;Basingstoke and Deane
{01A494A5-F5BA-4E77-B805-C7DC27AE9E55};350000;27/08/2015;2015;8;3;E17 9BS;E17;Flat/Maisonette;Leasehold;FALSO;LONDON;WALTHAM FOREST;GREATER LONDON;A;51579004;-31909;London;England;Waltham Forest
{01B0B9B0-A98B-4FC7-9286-593B9F810270};477000;26/06/2015;2015;6;2;SL4 5RA;SL4;Semi-Detached;Freehold;FALSO;WINDSOR;WINDSOR AND MAIDENHEAD;WINDSOR AND MAIDENHEAD;A;51477317;-605951;South East;England;Windsor and Maidenhead
{01BA58EA-09A5-4124-8992-A6D990E35414};412000;29/07/2015;2015;7;3;CT14 0DF;CT14;Detached;Freehold;FALSO;DEAL;DOVER;KENT;A;51256369;1346774;South East;England;Dover
{01D40C4D-680D-4B19-A74B-D29F95F6F946};478000;25/03/2015;2015;3;1;BN3 5FE;BN3;Terraced;Freehold;FALSO;HOVE;BRIGHTON AND HOVE;BRIGHTON AND HOVE;A;50828916;-198014;South East;England;Brighton and Hove
{01DBC4D6-4013-4DA4-A760-A8145FD4922F};390000;30/06/2015;2015;6;2;HP4 3RW;HP4;Semi-Detached;Freehold;FALSO;BERKHAMSTED;DACORUM;HERTFORDSHIRE;A;51752897;-554623;East of England;England;Dacorum
{01DD25ED-F590-49AB-8FDB-FC8B7FABA028};125000;8/01/2015;2015;1;1;SA4 3BW;SA4;Terraced;Freehold;FALSO;SWANSEA;SWANSEA;SWANSEA;A;5174492;-4048;Wales;Wales;Carmarthenshire
{01EB45EF-619A-40F3-E063-4704A8C05FDE};815000;16/06/2023;2023;6;2;SE27 0LH;SE27;Terraced;Freehold;FALSO;LONDON;LAMBETH;GREATER LONDON;A;51429686;-112147;London;England;Lambeth
{01EB45EF-61BA-40F3-E063-4704A8C05FDE};313000;9/04/2021;2021;4;2;CO13 0FB;CO13;Terraced;Freehold;FALSO;FRINTON-ON-SEA;TENDRING;ESSEX;A;51833491;12439;East of England;England;Tendring
{01EB45EF-62DA-40F3-E063-4704A8C05FDE};854995;28/04/2022;2022;4;2;RM14 3EB;RM14;Detached;Freehold;VERDADERO;UPMINSTER;THURROCK;THURROCK;A;51569566;270578;London;England;Havering
{01EB45EF-62FB-40F3-E063-4704A8C05FDE};455995;25/02/2022;2022;2;1;CM8 3GN;CM8;Detached;Freehold;VERDADERO;WITHAM;BRAINTREE;ESSEX;A;51802881;643603;East of England;England;Braintree
{01EB45EF-632B-40F3-E063-4704A8C05FDE};435000;22/07/2022;2022;7;3;SS17 8HY;SS17;Detached;Freehold;FALSO;STANFORD-LE-HOPE;THURROCK;THURROCK;A;51510893;431285;East of England;England;Thurrock
{01EB45EF-6352-40F3-E063-4704A8C05FDE};504995;25/07/2022;2022;7;3;CM8 3GP;CM8;Detached;Freehold;VERDADERO;WITHAM;BRAINTREE;ESSEX;A;51802881;643603;East of England;England;Braintree
{01EB45EF-63D3-40F3-E063-4704A8C05FDE};362500;5/05/2023;2023;5;2;SS7 5SN;SS7;Semi-Detached;Freehold;FALSO;BENFLEET;CASTLE POINT;ESSEX;A;51554368;620914;East of England;England;Castle Point
{01EB45EF-644F-40F3-E063-4704A8C05FDE};405000;24/05/2023;2023;5;2;W5 4SL;W5;Flat/Maisonette;Leasehold;FALSO;LONDON;EALING;GREATER LONDON;A;51494584;-306977;London;England;Ealing
{01EB45EF-6658-40F3-E063-4704A8C05FDE};482000;26/06/2023;2023;6;2;N15 5EF;N15;Flat/Maisonette;Leasehold;FALSO;LONDON;HARINGEY;GREATER LONDON;A;5157972;-70128;London;England;Haringey
{01EB45EF-666A-40F3-E063-4704A8C05FDE};400000;2/06/2023;2023;6;2;N14 4JY;N14;Flat/Maisonette;Leasehold;FALSO;LONDON;ENFIELD;GREATER LONDON;A;51629147;-125305;London;England;Enfield
{01EB45EF-66C0-40F3-E063-4704A8C05FDE};275000;16/04/2021;2021;4;2;UB4 0SN;UB4;Flat/Maisonette;Leasehold;FALSO;HAYES;HILLINGDON;GREATER LONDON;A;5152124;-403301;London;England;Hillingdon
{01EB45EF-66E8-40F3-E063-4704A8C05FDE};349000;30/06/2021;2021;6;2;TW3 1EX;TW3;Flat/Maisonette;Leasehold;VERDADERO;HOUNSLOW;HOUNSLOW;GREATER LONDON;A;51475624;-381868;London;England;Hounslow
{01EB45EF-6876-40F3-E063-4704A8C05FDE};240000;26/05/2023;2023;5;2;E17 6AY;E17;Flat/Maisonette;Leasehold;FALSO;LONDON;WALTHAM FOREST;GREATER LONDON;A;51579004;-31909;London;England;Waltham Forest
{01EB45EF-68DA-40F3-E063-4704A8C05FDE};505000;22/06/2023;2023;6;2;NW10 5UT;NW10;Flat/Maisonette;Leasehold;FALSO;LONDON;BRENT;GREATER LONDON;A;51531378;-283207;London;England;Brent
{01EB45EF-68DD-40F3-E063-4704A8C05FDE};812820;26/08/2022;2022;8;3;E1W 2DF;E1W;Flat/Maisonette;Leasehold;VERDADERO;LONDON;TOWER HAMLETS;GREATER LONDON;A;51511993;-43345;London;England;Tower Hamlets
{01EB45EF-693B-40F3-E063-4704A8C05FDE};570000;24/02/2023;2023;2;1;E2 8GT;E2;Flat/Maisonette;Leasehold;VERDADERO;LONDON;HACKNEY;GREATER LONDON;A;51526975;-44432;London;England;Tower Hamlets
{01EB45EF-697B-40F3-E063-4704A8C05FDE};565000;24/01/2023;2023;1;1;TW14 8EH;TW14;Semi-Detached;Freehold;FALSO;FELTHAM;HOUNSLOW;GREATER LONDON;A;51452824;-419793;London;England;Hounslow
{01EB45EF-6992-40F3-E063-4704A8C05FDE};455000;8/06/2023;2023;6;2;W13 8QJ;W13;Flat/Maisonette;Leasehold;FALSO;LONDON;EALING;GREATER LONDON;A;5150409;-316999;London;England;Ealing
{01EB45EF-69D0-40F3-E063-4704A8C05FDE};384500;9/06/2023;2023;6;2;BS9 2LZ;BS9;Semi-Detached;Freehold;FALSO;BRISTOL;CITY OF BRISTOL;CITY OF BRISTOL;A;51480056;-264945;South West;England;Bristol, City of
{01EB45EF-6A82-40F3-E063-4704A8C05FDE};195000;20/06/2023;2023;6;2;BA2 2HU;BA2;Flat/Maisonette;Leasehold;FALSO;BATH;BATH AND NORTH EAST SOMERSET;BATH AND NORTH EAST SOMERSET;A;51370463;-2353513;South West;England;Bath and North East Somerset
{01EB45EF-6AFB-40F3-E063-4704A8C05FDE};367000;16/06/2023;2023;6;2;BS32 9BE;BS32;Terraced;Freehold;FALSO;BRISTOL;SOUTH GLOUCESTERSHIRE;SOUTH GLOUCESTERSHIRE;A;51541137;-25452;South West;England;South Gloucestershire
{01EB45EF-6B9D-40F3-E063-4704A8C05FDE};286000;3/02/2023;2023;2;1;BS16 5BH;BS16;Semi-Detached;Freehold;FALSO;BRISTOL;CITY OF BRISTOL;CITY OF BRISTOL;A;51502204;-2521266;South West;England;South Gloucestershire
{01EB45EF-6C07-40F3-E063-4704A8C05FDE};523000;10/03/2023;2023;3;1;SW1W 9NY;SW1W;Terraced;Freehold;FALSO;LONDON;CITY OF WESTMINSTER;GREATER LONDON;A;51486448;-148781;London;England;Westminster
{01EB45EF-6C5B-40F3-E063-4704A8C05FDE};240000;26/05/2023;2023;5;2;LU3 1XH;LU3;Terraced;Freehold;FALSO;LUTON;LUTON;LUTON;A;51913504;-428137;East of England;England;Luton
{01EB45EF-6C8F-40F3-E063-4704A8C05FDE};167000;8/02/2023;2023;2;1;SG18 9ND;SG18;Flat/Maisonette;Leasehold;FALSO;BIGGLESWADE;CENTRAL BEDFORDSHIRE;CENTRAL BEDFORDSHIRE;A;52095103;-25397;East of England;England;Central Bedfordshire
{01EB45EF-6CA0-40F3-E063-4704A8C05FDE};257000;29/11/2022;2022;11;4;MK43 0RJ;MK43;Terraced;Freehold;FALSO;BEDFORD;CENTRAL BEDFORDSHIRE;CENTRAL BEDFORDSHIRE;A;52062518;-544636;East of England;England;Central Bedfordshire
{01EB45EF-6CB6-40F3-E063-4704A8C05FDE};340000;29/06/2023;2023;6;2;LU4 0PS;LU4;Semi-Detached;Freehold;FALSO;LUTON;LUTON;LUTON;A;51910698;-477318;East of England;England;Luton
{01EB45EF-6D17-40F3-E063-4704A8C05FDE};180000;26/06/2023;2023;6;2;LU3 1EA;LU3;Flat/Maisonette;Leasehold;FALSO;LUTON;LUTON;LUTON;A;51913504;-428137;East of England;England;Luton
{01EB45EF-6E44-40F3-E063-4704A8C05FDE};534950;28/01/2021;2021;1;1;SG19 2FT;SG19;Detached;Freehold;VERDADERO;SANDY;CENTRAL BEDFORDSHIRE;CENTRAL BEDFORDSHIRE;A;52139887;-287483;East of England;England;Central Bedfordshire
{01EB45EF-6F56-40F3-E063-4704A8C05FDE};375501;29/07/2021;2021;7;3;SG18 8NW;SG18;Terraced;Freehold;FALSO;BIGGLESWADE;CENTRAL BEDFORDSHIRE;CENTRAL BEDFORDSHIRE;A;52095103;-25397;East of England;England;Central Bedfordshire
{01EB45EF-7001-40F3-E063-4704A8C05FDE};1325000;19/05/2023;2023;5;2;SW6 4UP;SW6;Flat/Maisonette;Leasehold;FALSO;LONDON;HAMMERSMITH AND FULHAM;GREATER LONDON;A;51486399;-199326;London;England;Hammersmith and Fulham
{01EB45EF-7066-40F3-E063-4704A8C05FDE};980995;12/01/2022;2022;1;1;W6 0DQ;W6;Flat/Maisonette;Leasehold;VERDADERO;LONDON;HAMMERSMITH AND FULHAM;GREATER LONDON;A;51487948;-216535;London;England;Hammersmith and Fulham
{01EB45EF-70BF-40F3-E063-4704A8C05FDE};350000;29/07/2022;2022;7;3;RM2 6PN;RM2;Flat/Maisonette;Leasehold;VERDADERO;ROMFORD;HAVERING;GREATER LONDON;A;51583906;211919;London;England;Havering
{01EB45EF-7171-40F3-E063-4704A8C05FDE};425000;26/05/2023;2023;5;2;W14 9SF;W14;Flat/Maisonette;Leasehold;FALSO;LONDON;HAMMERSMITH AND FULHAM;GREATER LONDON;A;51486582;-206607;London;England;Hammersmith and Fulham
{01EB45EF-717D-40F3-E063-4704A8C05FDE};556000;2/06/2023;2023;6;2;SL6 3PL;SL6;Semi-Detached;Freehold;FALSO;MAIDENHEAD;WINDSOR AND MAIDENHEAD;WINDSOR AND MAIDENHEAD;A;5152585;-759142;South East;England;Windsor and Maidenhead
{01EB45EF-71C3-40F3-E063-4704A8C05FDE};507000;23/06/2023;2023;6;2;RG41 1NU;RG41;Semi-Detached;Freehold;FALSO;WOKINGHAM;WOKINGHAM;WOKINGHAM;A;51411015;-844816;South East;England;Wokingham
{01EB45EF-7331-40F3-E063-4704A8C05FDE};425000;20/01/2023;2023;1;1;RG4 5ED;RG4;Terraced;Freehold;FALSO;READING;READING;READING;A;5147914;-950102;South East;England;Reading
{01EB45EF-7373-40F3-E063-4704A8C05FDE};540000;7/07/2023;2023;7;3;RG12 7GH;RG12;Detached;Freehold;FALSO;BRACKNELL;BRACKNELL FOREST;BRACKNELL FOREST;A;51393641;-761846;South East;England;Bracknell Forest
{01EB45EF-7385-40F3-E063-4704A8C05FDE};500000;4/07/2023;2023;7;3;RG14 6AG;RG14;Detached;Freehold;FALSO;NEWBURY;WEST BERKSHIRE;WEST BERKSHIRE;A;51378728;-1344976;South East;England;West Berkshire
{01EB45EF-73C3-40F3-E063-4704A8C05FDE};470000;18/05/2023;2023;5;2;RG5 3AL;RG5;Semi-Detached;Freehold;FALSO;READING;WOKINGHAM;WOKINGHAM;A;51446634;-900153;South East;England;Wokingham
{01EB45EF-743F-40F3-E063-4704A8C05FDE};500000;23/06/2023;2023;6;2;RG14 7WN;RG14;Terraced;Freehold;FALSO;NEWBURY;WEST BERKSHIRE;WEST BERKSHIRE;A;51378728;-1344976;South East;England;West Berkshire
{01EB45EF-7556-40F3-E063-4704A8C05FDE};285000;15/06/2023;2023;6;2;SL4 1SS;SL4;Flat/Maisonette;Leasehold;FALSO;WINDSOR;WINDSOR AND MAIDENHEAD;WINDSOR AND MAIDENHEAD;A;51477317;-605951;South East;England;Windsor and Maidenhead
{01EB45EF-755D-40F3-E063-4704A8C05FDE};113750;11/08/2022;2022;8;3;RG12 2GS;RG12;Flat/Maisonette;Leasehold;VERDADERO;BRACKNELL;BRACKNELL FOREST;BRACKNELL FOREST;A;51393641;-761846;South East;England;Bracknell Forest
{01EB45EF-7574-40F3-E063-4704A8C05FDE};87500;30/06/2023;2023;6;2;RG14 1JP;RG14;Flat/Maisonette;Leasehold;FALSO;NEWBURY;WEST BERKSHIRE;WEST BERKSHIRE;A;51378728;-1344976;South East;England;West Berkshire
{01EB45EF-7585-40F3-E063-4704A8C05FDE};1054000;26/05/2023;2023;5;2;SL6 8SR;SL6;Detached;Freehold;FALSO;MAIDENHEAD;WINDSOR AND MAIDENHEAD;WINDSOR AND MAIDENHEAD;A;5152585;-759142;South East;England;Windsor and Maidenhead
{01EB45EF-7601-40F3-E063-4704A8C05FDE};750000;16/06/2023;2023;6;2;BS9 4RU;BS9;Semi-Detached;Freehold;FALSO;BRISTOL;CITY OF BRISTOL;CITY OF BRISTOL;A;51480056;-264945;South West;England;Bristol, City of
{01EB45EF-763E-40F3-E063-4704A8C05FDE};240000;11/11/2022;2022;11;4;BS2 8AN;BS2;Flat/Maisonette;Leasehold;FALSO;BRISTOL;CITY OF BRISTOL;CITY OF BRISTOL;A;51470372;-2575554;South West;England;Bristol, City of
{01EB45EF-7702-40F3-E063-4704A8C05FDE};375000;30/06/2023;2023;6;2;BS4 4NR;BS4;Terraced;Freehold;FALSO;BRISTOL;CITY OF BRISTOL;CITY OF BRISTOL;A;51426491;-2575735;South West;England;Bristol, City of
{01EB45EF-775E-40F3-E063-4704A8C05FDE};285000;30/06/2023;2023;6;2;HP13 6AZ;HP13;Semi-Detached;Freehold;FALSO;HIGH WYCOMBE;BUCKINGHAMSHIRE;BUCKINGHAMSHIRE;A;5164267;-721198;South East;England;Buckinghamshire
{01EB45EF-7770-40F3-E063-4704A8C05FDE};670000;22/06/2023;2023;6;2;SL2 4DD;SL2;Detached;Freehold;FALSO;SLOUGH;BUCKINGHAMSHIRE;BUCKINGHAMSHIRE;A;51513189;-594148;South East;England;Slough
{01EB45EF-77DB-40F3-E063-4704A8C05FDE};150000;10/05/2023;2023;5;2;MK46 4AU;MK46;Flat/Maisonette;Leasehold;FALSO;OLNEY;MILTON KEYNES;MILTON KEYNES;A;52158639;-702226;South East;England;Milton Keynes
{01EB45EF-77E6-40F3-E063-4704A8C05FDE};460000;23/06/2023;2023;6;2;SL2 4JR;SL2;Semi-Detached;Freehold;FALSO;SLOUGH;BUCKINGHAMSHIRE;BUCKINGHAMSHIRE;A;51513189;-594148;South East;England;Slough
{01EB45EF-783F-40F3-E063-4704A8C05FDE};240000;23/06/2023;2023;6;2;MK2 2NH;MK2;Terraced;Freehold;FALSO;MILTON KEYNES;MILTON KEYNES;MILTON KEYNES;A;51977389;-727311;South East;England;Milton Keynes
{01EB45EF-78D0-40F3-E063-4704A8C05FDE};383000;2/06/2023;2023;6;2;HP19 9JS;HP19;Semi-Detached;Freehold;FALSO;AYLESBURY;BUCKINGHAMSHIRE;BUCKINGHAMSHIRE;A;5181549;-824273;South East;England;Buckinghamshire
{01EB45EF-7901-40F3-E063-4704A8C05FDE};390000;29/06/2023;2023;6;2;MK3 7QH;MK3;Semi-Detached;Freehold;FALSO;MILTON KEYNES;MILTON KEYNES;MILTON KEYNES;A;52000569;-754274;South East;England;Milton Keynes
{01EB45EF-7913-40F3-E063-4704A8C05FDE};360000;27/06/2023;2023;6;2;MK17 0AN;MK17;Semi-Detached;Freehold;FALSO;MILTON KEYNES;BUCKINGHAMSHIRE;BUCKINGHAMSHIRE;A;52015912;-650851;South East;England;Milton Keynes
{01EB45EF-794C-40F3-E063-4704A8C05FDE};230000;5/06/2023;2023;6;2;HP13 7HT;HP13;Flat/Maisonette;Leasehold;FALSO;HIGH WYCOMBE;BUCKINGHAMSHIRE;BUCKINGHAMSHIRE;A;5164267;-721198;South East;England;Buckinghamshire
{01EB45EF-7A24-40F3-E063-4704A8C05FDE};505000;31/03/2022;2022;3;1;HP22 3BA;HP22;Detached;Freehold;VERDADERO;AYLESBURY;BUCKINGHAMSHIRE;BUCKINGHAMSHIRE;A;51829245;-790378;South East;England;Buckinghamshire
{01EB45EF-7A7B-40F3-E063-4704A8C05FDE};357500;26/11/2021;2021;11;4;MK17 8YW;MK17;Semi-Detached;Freehold;VERDADERO;MILTON KEYNES;MILTON KEYNES;MILTON KEYNES;A;52015912;-650851;South East;England;Milton Keynes
{01EB45EF-7B1A-40F3-E063-4704A8C05FDE};522500;22/06/2023;2023;6;2;HP21 7NU;HP21;Detached;Freehold;FALSO;AYLESBURY;BUCKINGHAMSHIRE;BUCKINGHAMSHIRE;A;51795453;-816746;South East;England;Buckinghamshire
{01EB45EF-7B39-40F3-E063-4704A8C05FDE};500000;7/07/2023;2023;7;3;SL7 3AL;SL7;Terraced;Freehold;FALSO;MARLOW;BUCKINGHAMSHIRE;BUCKINGHAMSHIRE;A;51582479;-77251;South East;England;Buckinghamshire
{01EB45EF-7B5F-40F3-E063-4704A8C05FDE};255000;12/06/2023;2023;6;2;PE29 7AS;PE29;Terraced;Freehold;FALSO;HUNTINGDON;HUNTINGDONSHIRE;CAMBRIDGESHIRE;A;52340114;-175462;East of England;England;Huntingdonshire
{01EB45EF-7BE0-40F3-E063-4704A8C05FDE};149995;16/06/2023;2023;6;2;PE7 1EX;PE7;Terraced;Freehold;FALSO;PETERBOROUGH;FENLAND;CAMBRIDGESHIRE;A;52495016;-312863;East of England;England;Huntingdonshire
{01EB45EF-7BED-40F3-E063-4704A8C05FDE};935000;21/02/2023;2023;2;1;CB23 7AL;CB23;Terraced;Freehold;FALSO;CAMBRIDGE;SOUTH CAMBRIDGESHIRE;CAMBRIDGESHIRE;A;52216323;-83305;East of England;England;South Cambridgeshire
{01EB45EF-7C61-40F3-E063-4704A8C05FDE};267000;7/07/2023;2023;7;3;PE15 8YB;PE15;Detached;Freehold;FALSO;MARCH;FENLAND;CAMBRIDGESHIRE;A;5249922;66045;East of England;England;Fenland
{01EB45EF-7D28-40F3-E063-4704A8C05FDE};155000;28/06/2023;2023;6;2;CB7 5FN;CB7;Flat/Maisonette;Leasehold;FALSO;ELY;EAST CAMBRIDGESHIRE;CAMBRIDGESHIRE;A;52404916;278813;East of England;England;East Cambridgeshire
{01EB45EF-7D92-40F3-E063-4704A8C05FDE};415000;12/05/2023;2023;5;2;PE27 6TB;PE27;Terraced;Freehold;FALSO;ST IVES;HUNTINGDONSHIRE;CAMBRIDGESHIRE;A;52342258;-85895;East of England;England;Huntingdonshire
{01EB45EF-7DC8-40F3-E063-4704A8C05FDE};314995;18/09/2020;2020;9;3;PE29 2BE;PE29;Semi-Detached;Freehold;FALSO;HUNTINGDON;HUNTINGDONSHIRE;CAMBRIDGESHIRE;A;52340114;-175462;East of England;England;Huntingdonshire
{01EB45EF-7E30-40F3-E063-4704A8C05FDE};590000;17/12/2021;2021;12;4;SG19 3EF;SG19;Detached;Freehold;VERDADERO;SANDY;HUNTINGDONSHIRE;CAMBRIDGESHIRE;A;52139887;-287483;East of England;England;Central Bedfordshire
{01EB45EF-7EAB-40F3-E063-4704A8C05FDE};479495;18/07/2022;2022;7;3;PE27 4AG;PE27;Detached;Freehold;VERDADERO;ST IVES;HUNTINGDONSHIRE;CAMBRIDGESHIRE;A;52342258;-85895;East of England;England;Huntingdonshire
{01EB45EF-7F3C-40F3-E063-4704A8C05FDE};255000;26/05/2023;2023;5;2;CB22 4QL;CB22;Terraced;Freehold;FALSO;CAMBRIDGE;SOUTH CAMBRIDGESHIRE;CAMBRIDGESHIRE;A;52154217;135969;East of England;England;South Cambridgeshire
{01EB45EF-7FA6-40F3-E063-4704A8C05FDE};153500;5/05/2023;2023;5;2;TS10 2RU;TS10;Semi-Detached;Freehold;FALSO;REDCAR;REDCAR AND CLEVELAND;REDCAR AND CLEVELAND;B;54617025;-1074039;North East;England;Redcar and Cleveland
{01EB45EF-7FD7-40F3-E063-4704A8C05FDE};81000;16/02/2023;2023;2;1;TS20 1DR;TS20;Flat/Maisonette;Leasehold;FALSO;STOCKTON-ON-TEES;STOCKTON-ON-TEES;STOCKTON-ON-TEES;B;54579001;-1311206;North East;England;Stockton-on-Tees
{01EB45EF-80E9-40F3-E063-4704A8C05FDE};359995;31/03/2022;2022;3;1;TS26 0FW;TS26;Detached;Freehold;VERDADERO;HARTLEPOOL;HARTLEPOOL;HARTLEPOOL;A;54679336;-1218937;North East;England;Hartlepool
{01EB45EF-80EC-40F3-E063-4704A8C05FDE};270746;8/04/2022;2022;4;2;TS26 0FW;TS26;Detached;Freehold;VERDADERO;HARTLEPOOL;HARTLEPOOL;HARTLEPOOL;A;54679336;-1218937;North East;England;Hartlepool
{01EB45EF-814D-40F3-E063-4704A8C05FDE};140000;3/07/2023;2023;7;3;TS25 2LX;TS25;Semi-Detached;Freehold;FALSO;HARTLEPOOL;HARTLEPOOL;HARTLEPOOL;A;54670037;-1222123;North East;England;Hartlepool
{01EB45EF-8163-40F3-E063-4704A8C05FDE};60000;29/07/2022;2022;7;3;TS3 6PD;TS3;Terraced;Freehold;FALSO;MIDDLESBROUGH;MIDDLESBROUGH;MIDDLESBROUGH;A;54554516;-1202104;North East;England;Middlesbrough
{01EB45EF-834F-40F3-E063-4704A8C05FDE};360000;12/01/2023;2023;1;1;WA5 2PZ;WA5;Semi-Detached;Freehold;FALSO;WARRINGTON;WARRINGTON;WARRINGTON;A;53429806;-2660295;North West;England;Warrington
{01EB45EF-842D-40F3-E063-4704A8C05FDE};258000;23/06/2023;2023;6;2;CW8 4BL;CW8;Terraced;Leasehold;FALSO;NORTHWICH;CHESHIRE WEST AND CHESTER;CHESHIRE WEST AND CHESTER;A;53255317;-2524199;North West;England;Cheshire West and Chester
{01EB45EF-8440-40F3-E063-4704A8C05FDE};415000;16/06/2023;2023;6;2;CW5 7SB;CW5;Semi-Detached;Freehold;FALSO;NANTWICH;CHESHIRE EAST;CHESHIRE EAST;A;53068117;-2535311;North West;England;Cheshire East
{01EB45EF-84B4-40F3-E063-4704A8C05FDE};109000;13/06/2023;2023;6;2;WA8 9LW;WA8;Flat/Maisonette;Leasehold;FALSO;WIDNES;HALTON;HALTON;A;53386242;-2727596;North West;England;Halton
{01EB45EF-85B6-40F3-E063-4704A8C05FDE};217000;30/06/2023;2023;6;2;SK10 3GF;SK10;Flat/Maisonette;Leasehold;FALSO;MACCLESFIELD;CHESHIRE EAST;CHESHIRE EAST;A;53291634;-2105076;North West;England;Cheshire East
{01EB45EF-8657-40F3-E063-4704A8C05FDE};130000;20/03/2023;2023;3;1;CW2 5AB;CW2;Detached;Freehold;FALSO;CREWE;CHESHIRE EAST;CHESHIRE EAST;A;53101038;-2482057;North West;England;Cheshire East
{01EB45EF-866C-40F3-E063-4704A8C05FDE};485000;27/01/2023;2023;1;1;CW8 2FH;CW8;Detached;Freehold;FALSO;NORTHWICH;CHESHIRE WEST AND CHESTER;CHESHIRE WEST AND CHESTER;A;53255317;-2524199;North West;England;Cheshire West and Chester
{01EB45EF-8694-40F3-E063-4704A8C05FDE};375000;2/06/2023;2023;6;2;CW11 3JZ;CW11;Detached;Freehold;FALSO;SANDBACH;CHESHIRE EAST;CHESHIRE EAST;A;53143751;-2352229;North West;England;Cheshire East
{01EB45EF-8782-40F3-E063-4704A8C05FDE};224400;6/05/2022;2022;5;2;CW8 4DE;CW8;Semi-Detached;Freehold;VERDADERO;NORTHWICH;CHESHIRE WEST AND CHESTER;CHESHIRE WEST AND CHESTER;A;53255317;-2524199;North West;England;Cheshire West and Chester
{01EB45EF-87A7-40F3-E063-4704A8C05FDE};474995;23/06/2022;2022;6;2;CW1 5AB;CW1;Detached;Freehold;VERDADERO;CREWE;CHESHIRE EAST;CHESHIRE EAST;A;5311644;-2434314;North West;England;Cheshire East
{01EB45EF-87E0-40F3-E063-4704A8C05FDE};367995;22/07/2022;2022;7;3;CH4 7GD;CH4;Detached;Freehold;VERDADERO;CHESTER;CHESHIRE WEST AND CHESTER;CHESHIRE WEST AND CHESTER;A;5317796;-2943864;Wales;Wales;Flintshire
{01EB45EF-886E-40F3-E063-4704A8C05FDE};250000;2/06/2023;2023;6;2;SK10 3PB;SK10;Terraced;Leasehold;FALSO;MACCLESFIELD;CHESHIRE EAST;CHESHIRE EAST;A;53291634;-2105076;North West;England;Cheshire East
{01EB45EF-88CB-40F3-E063-4704A8C05FDE};180000;27/06/2023;2023;6;2;EX23 0ER;EX23;Terraced;Freehold;FALSO;BUDE;CORNWALL;CORNWALL;B;50836682;-4550803;South West;England;Cornwall
{01EB45EF-88D0-40F3-E063-4704A8C05FDE};230000;30/06/2023;2023;6;2;TR15 2SA;TR15;Terraced;Freehold;FALSO;REDRUTH;CORNWALL;CORNWALL;A;50233306;-5233009;South West;England;Cornwall
{01EB45EF-8991-40F3-E063-4704A8C05FDE};340000;9/06/2023;2023;6;2;TR7 3HG;TR7;Terraced;Freehold;FALSO;NEWQUAY;CORNWALL;CORNWALL;A;5041931;-5064554;South West;England;Cornwall
{01EB45EF-8BBF-40F3-E063-4704A8C05FDE};260000;31/05/2023;2023;5;2;PL11 2ND;PL11;Semi-Detached;Freehold;FALSO;TORPOINT;CORNWALL;CORNWALL;A;50375639;-41957;South West;England;Cornwall
{01EB45EF-8EC5-40F3-E063-4704A8C05FDE};135000;28/06/2023;2023;6;2;SA14 9LD;SA14;Terraced;Freehold;FALSO;LLANELLI;CARMARTHENSHIRE;CARMARTHENSHIRE;A;51702886;-4133039;Wales;Wales;Carmarthenshire
{01EB45EF-8F0E-40F3-E063-4704A8C05FDE};390000;12/06/2023;2023;6;2;LD3 7ST;LD3;Detached;Freehold;FALSO;BRECON;POWYS;POWYS;A;51893425;-3242656;Wales;Wales;Powys
{01EB45EF-8F7B-40F3-E063-4704A8C05FDE};290000;23/06/2023;2023;6;2;NP23 5TS;NP23;Detached;Freehold;FALSO;EBBW VALE;BLAENAU GWENT;BLAENAU GWENT;A;51798676;-3187478;Wales;Wales;Blaenau Gwent
{01EB45EF-8F89-40F3-E063-4704A8C05FDE};175000;31/03/2023;2023;3;1;SA1 4NF;SA1;Terraced;Freehold;FALSO;SWANSEA;SWANSEA;SWANSEA;A;51641191;-3908676;Wales;Wales;Swansea
{01EB45EF-905D-40F3-E063-4704A8C05FDE};187500;12/08/2022;2022;8;3;CF10 4BR;CF10;Flat/Maisonette;Leasehold;FALSO;CARDIFF;CARDIFF;CARDIFF;A;51469318;-3160177;Wales;Wales;Cardiff
{01EB45EF-90D0-40F3-E063-4704A8C05FDE};70000;30/06/2023;2023;6;2;LL29 7BJ;LL29;Flat/Maisonette;Leasehold;FALSO;COLWYN BAY;CONWY;CONWY;A;53279024;-3697829;Wales;Wales;Conwy
{01EB45EF-917B-40F3-E063-4704A8C05FDE};210000;30/06/2023;2023;6;2;NP10 0BW;NP10;Terraced;Freehold;FALSO;NEWPORT;NEWPORT;NEWPORT;A;51585015;-3044677;Wales;Wales;Newport
{01EB45EF-9227-40F3-E063-4704A8C05FDE};162500;7/07/2023;2023;7;3;SY21 9DY;SY21;Terraced;Freehold;FALSO;WELSHPOOL;POWYS;POWYS;A;526873;-3077517;Wales;Wales;Powys
{01EB45EF-9237-40F3-E063-4704A8C05FDE};265000;16/06/2023;2023;6;2;SA12 6DN;SA12;Detached;Freehold;FALSO;PORT TALBOT;NEATH PORT TALBOT;NEATH PORT TALBOT;A;51614117;-3773209;Wales;Wales;Neath Port Talbot
{01EB45EF-9248-40F3-E063-4704A8C05FDE};86000;20/01/2023;2023;1;1;SA5 9HT;SA5;Terraced;Freehold;FALSO;SWANSEA;SWANSEA;SWANSEA;A;51639497;-4018024;Wales;Wales;Swansea
{01EB45EF-92C5-40F3-E063-4704A8C05FDE};118000;9/06/2023;2023;6;2;CH7 1JB;CH7;Terraced;Freehold;FALSO;MOLD;FLINTSHIRE;FLINTSHIRE;A;53174204;-3152087;Wales;Wales;Flintshire
{01EB45EF-942B-40F3-E063-4704A8C05FDE};334995;11/03/2022;2022;3;1;LL29 8EJ;LL29;Detached;Freehold;VERDADERO;COLWYN BAY;CONWY;CONWY;A;53279024;-3697829;Wales;Wales;Conwy
{01EB45EF-947A-40F3-E063-4704A8C05FDE};195000;22/03/2022;2022;3;1;LL16 5UT;LL16;Detached;Freehold;FALSO;DENBIGH;DENBIGHSHIRE;DENBIGHSHIRE;A;53192808;-3407586;Wales;Wales;Denbighshire
{01EB45EF-9529-40F3-E063-4704A8C05FDE};318995;29/06/2022;2022;6;2;CF3 6YY;CF3;Detached;Freehold;VERDADERO;CARDIFF;CARDIFF;CARDIFF;A;51533038;-3073072;Wales;Wales;Newport
{01EB45EF-9551-40F3-E063-4704A8C05FDE};250000;8/08/2022;2022;8;3;LL21 0TQ;LL21;Semi-Detached;Freehold;VERDADERO;CORWEN;DENBIGHSHIRE;DENBIGHSHIRE;A;5295605;-3426651;Wales;Wales;Denbighshire
{01EB45EF-9574-40F3-E063-4704A8C05FDE};219950;30/09/2022;2022;9;3;CF44 6TL;CF44;Semi-Detached;Freehold;VERDADERO;ABERDARE;RHONDDA CYNON TAFF;RHONDDA CYNON TAFF;A;51702765;-3409405;Wales;Wales;Rhondda Cynon Taf
{01EB45EF-95C7-40F3-E063-4704A8C05FDE};369995;29/04/2022;2022;4;2;CH4 0TW;CH4;Detached;Freehold;VERDADERO;CHESTER;FLINTSHIRE;FLINTSHIRE;A;5317796;-2943864;Wales;Wales;Flintshire
{01EB45EF-95F7-40F3-E063-4704A8C05FDE};874995;16/12/2022;2022;12;4;CF14 0AH;CF14;Detached;Freehold;VERDADERO;CARDIFF;CARDIFF;CARDIFF;A;51540665;-3193845;Wales;Wales;Cardiff
{01EB45EF-96F2-40F3-E063-4704A8C05FDE};550000;9/06/2023;2023;6;2;EX5 1PD;EX5;Detached;Freehold;FALSO;EXETER;EAST DEVON;DEVON;A;50749262;-3414394;South West;England;East Devon
{01EB45EF-9732-40F3-E063-4704A8C05FDE};347500;7/07/2023;2023;7;3;PL21 0RX;PL21;Detached;Freehold;FALSO;IVYBRIDGE;SOUTH HAMS;DEVON;A;50349756;-3884855;South West;England;South Hams
{01EB45EF-9787-40F3-E063-4704A8C05FDE};150000;28/06/2023;2023;6;2;TQ5 0EX;TQ5;Terraced;Leasehold;FALSO;BRIXHAM;SOUTH HAMS;DEVON;A;50395718;-3510774;South West;England;Torbay
{01EB45EF-978A-40F3-E063-4704A8C05FDE};455000;6/07/2023;2023;7;3;TQ9 7LY;TQ9;Detached;Freehold;FALSO;TOTNES;SOUTH HAMS;DEVON;A;50433663;-3710911;South West;England;South Hams
{01EB45EF-97A7-40F3-E063-4704A8C05FDE};281000;24/03/2023;2023;3;1;PL4 8QT;PL4;Terraced;Freehold;FALSO;PLYMOUTH;CITY OF PLYMOUTH;CITY OF PLYMOUTH;A;50369881;-4120604;South West;England;Plymouth
{01EB45EF-980E-40F3-E063-4704A8C05FDE};280000;16/06/2023;2023;6;2;PL7 4PF;PL7;Terraced;Freehold;FALSO;PLYMOUTH;CITY OF PLYMOUTH;CITY OF PLYMOUTH;A;50393719;-4055368;South West;England;Plymouth
{01EB45EF-985B-40F3-E063-4704A8C05FDE};182000;23/06/2023;2023;6;2;PL2 3RQ;PL2;Semi-Detached;Freehold;FALSO;PLYMOUTH;CITY OF PLYMOUTH;CITY OF PLYMOUTH;A;5038349;-4171304;South West;England;Plymouth
{01EB45EF-993D-40F3-E063-4704A8C05FDE};850000;28/06/2023;2023;6;2;TQ13 9LB;TQ13;Detached;Freehold;FALSO;NEWTON ABBOT;TEIGNBRIDGE;DEVON;A;50517898;-3758813;South West;England;Teignbridge
{01EB45EF-9953-40F3-E063-4704A8C05FDE};425000;21/06/2023;2023;6;2;DT7 3RE;DT7;Terraced;Freehold;FALSO;LYME REGIS;EAST DEVON;DEVON;A;50728908;-2937709;South West;England;Dorset
{01EB45EF-99D7-40F3-E063-4704A8C05FDE};570000;13/07/2023;2023;7;3;TQ4 7PU;TQ4;Terraced;Freehold;FALSO;PAIGNTON;TORBAY;TORBAY;A;50412569;-3575423;South West;England;Torbay
{01EB45EF-99E1-40F3-E063-4704A8C05FDE};225000;21/10/2022;2022;10;4;EX15 1FD;EX15;Terraced;Freehold;FALSO;CULLOMPTON;MID DEVON;DEVON;A;50913127;-3234557;South West;England;Mid Devon
{01EB45EF-9A10-40F3-E063-4704A8C05FDE};705000;15/06/2023;2023;6;2;EX17 4SL;EX17;Detached;Freehold;FALSO;CREDITON;NORTH DEVON;DEVON;A;50814559;-3753128;South West;England;Mid Devon
{01EB45EF-9A40-40F3-E063-4704A8C05FDE};240000;31/03/2023;2023;3;1;EX20 1FN;EX20;Flat/Maisonette;Leasehold;FALSO;OKEHAMPTON;WEST DEVON;DEVON;A;5086815;-411808;South West;England;Torridge
{01EB45EF-9A67-40F3-E063-4704A8C05FDE};285000;23/06/2023;2023;6;2;PL6 7FE;PL6;Semi-Detached;Freehold;FALSO;PLYMOUTH;CITY OF PLYMOUTH;CITY OF PLYMOUTH;A;5040519;-4122841;South West;England;Plymouth
{01EB45EF-9AA7-40F3-E063-4704A8C05FDE};185000;23/06/2023;2023;6;2;TQ4 6HD;TQ4;Flat/Maisonette;Leasehold;FALSO;PAIGNTON;TORBAY;TORBAY;A;50412569;-3575423;South West;England;Torbay
{01EB45EF-9AB4-40F3-E063-4704A8C05FDE};325000;2/06/2023;2023;6;2;EX15 1BA;EX15;Semi-Detached;Freehold;FALSO;CULLOMPTON;MID DEVON;DEVON;A;50913127;-3234557;South West;England;Mid Devon
{01EB45EF-9AC6-40F3-E063-4704A8C05FDE};280000;31/05/2023;2023;5;2;TQ12 1GR;TQ12;Semi-Detached;Freehold;FALSO;NEWTON ABBOT;TEIGNBRIDGE;DEVON;A;50487816;-3640981;South West;England;Teignbridge
{01EB45EF-9B56-40F3-E063-4704A8C05FDE};487000;23/06/2023;2023;6;2;PL5 4EH;PL5;Detached;Freehold;FALSO;PLYMOUTH;SOUTH HAMS;DEVON;A;50397957;-4179268;South West;England;Plymouth
{01EB45EF-9B72-40F3-E063-4704A8C05FDE};562500;28/09/2021;2021;9;3;EX31 4FS;EX31;Detached;Freehold;FALSO;BARNSTAPLE;NORTH DEVON;DEVON;A;51073394;-4119132;South West;England;North Devon
{01EB45EF-9BBE-40F3-E063-4704A8C05FDE};105000;23/07/2021;2021;7;3;PL6 6GD;PL6;Flat/Maisonette;Leasehold;FALSO;PLYMOUTH;CITY OF PLYMOUTH;CITY OF PLYMOUTH;A;5040519;-4122841;South West;England;Plymouth
{01EB45EF-9BBF-40F3-E063-4704A8C05FDE};249950;21/01/2022;2022;1;1;TQ2 6BW;TQ2;Terraced;Freehold;VERDADERO;TORQUAY;TORBAY;TORBAY;B;50456733;-3546402;South West;England;Torbay
{01EB45EF-9BCA-40F3-E063-4704A8C05FDE};240000;22/09/2021;2021;9;3;PL1 3GJ;PL1;Flat/Maisonette;Leasehold;VERDADERO;PLYMOUTH;CITY OF PLYMOUTH;CITY OF PLYMOUTH;A;50367551;-4135912;South West;England;Plymouth
{01EB45EF-9C26-40F3-E063-4704A8C05FDE};710000;29/04/2022;2022;4;2;EX2 7SQ;EX2;Detached;Freehold;VERDADERO;EXETER;EXETER;DEVON;A;50696534;-3528378;South West;England;Exeter
{01EB45EF-9CFB-40F3-E063-4704A8C05FDE};427500;31/05/2023;2023;5;2;TQ12 5AS;TQ12;Semi-Detached;Freehold;FALSO;NEWTON ABBOT;TEIGNBRIDGE;DEVON;A;50487816;-3640981;South West;England;Teignbridge
{01EB45EF-9D97-40F3-E063-4704A8C05FDE};90000;5/07/2023;2023;7;3;BH21 1JX;BH21;Flat/Maisonette;Leasehold;FALSO;WIMBORNE;DORSET;DORSET;A;50810805;-1964302;South West;England;Dorset
{01EB45EF-9DB2-40F3-E063-4704A8C05FDE};400000;29/06/2023;2023;6;2;BH8 9RH;BH8;Semi-Detached;Freehold;FALSO;BOURNEMOUTH;BOURNEMOUTH, CHRISTCHURCH AND POOLE;BOURNEMOUTH, CHRISTCHURCH AND POOLE;A;50736611;-1862951;South West;England;Bournemouth, Christchurch and Poole
{01EB45EF-9E9C-40F3-E063-4704A8C05FDE};305000;31/03/2023;2023;3;1;BH2 5LA;BH2;Flat/Maisonette;Leasehold;FALSO;BOURNEMOUTH;BOURNEMOUTH, CHRISTCHURCH AND POOLE;BOURNEMOUTH, CHRISTCHURCH AND POOLE;A;50721308;-1891257;South West;England;Bournemouth, Christchurch and Poole
{01EB45EF-9F24-40F3-E063-4704A8C05FDE};380000;9/06/2023;2023;6;2;BH10 4FJ;BH10;Detached;Freehold;FALSO;BOURNEMOUTH;BOURNEMOUTH, CHRISTCHURCH AND POOLE;BOURNEMOUTH, CHRISTCHURCH AND POOLE;A;50755442;-1888471;South West;England;Bournemouth, Christchurch and Poole
{01EB45EF-A03F-40F3-E063-4704A8C05FDE};230000;2/11/2021;2021;11;4;BH17 7FS;BH17;Flat/Maisonette;Leasehold;FALSO;POOLE;BOURNEMOUTH, CHRISTCHURCH AND POOLE;BOURNEMOUTH, CHRISTCHURCH AND POOLE;A;50753319;-1951445;South West;England;Bournemouth, Christchurch and Poole
{01EB45EF-A060-40F3-E063-4704A8C05FDE};345000;25/04/2022;2022;4;2;SP8 4YN;SP8;Detached;Freehold;VERDADERO;GILLINGHAM;DORSET;DORSET;A;51036594;-227041;South West;England;Dorset
{01EB45EF-A293-40F3-E063-4704A8C05FDE};210000;29/06/2023;2023;6;2;TS24 9RU;TS24;Semi-Detached;Freehold;FALSO;HARTLEPOOL;HARTLEPOOL;HARTLEPOOL;A;54700444;-1211596;North East;England;Hartlepool
{01EB45EF-A2A3-40F3-E063-4704A8C05FDE};390000;12/09/2022;2022;9;3;DL16 7AT;DL16;Detached;Freehold;FALSO;SPENNYMOOR;COUNTY DURHAM;COUNTY DURHAM;A;546957;-1604127;North East;England;County Durham
{01EB45EF-A300-40F3-E063-4704A8C05FDE};27000;27/06/2023;2023;6;2;DL14 8TP;DL14;Terraced;Freehold;FALSO;BISHOP AUCKLAND;COUNTY DURHAM;COUNTY DURHAM;A;54648299;-1685172;North East;England;County Durham
{01EB45EF-A372-40F3-E063-4704A8C05FDE};185000;17/04/2020;2020;4;2;DL12 9BZ;DL12;Semi-Detached;Freehold;VERDADERO;BARNARD CASTLE;COUNTY DURHAM;COUNTY DURHAM;A;54608698;-2044749;North East;England;County Durham
{01EB45EF-A3CE-40F3-E063-4704A8C05FDE};263995;29/04/2022;2022;4;2;DH2 2FQ;DH2;Detached;Freehold;VERDADERO;CHESTER LE STREET;COUNTY DURHAM;COUNTY DURHAM;A;54864144;-1582851;North East;England;County Durham
{01EB45EF-A3EC-40F3-E063-4704A8C05FDE};264995;11/11/2022;2022;11;4;DH2 2FR;DH2;Detached;Freehold;VERDADERO;CHESTER LE STREET;COUNTY DURHAM;COUNTY DURHAM;A;54864144;-1582851;North East;England;County Durham
{01EB45EF-A3F8-40F3-E063-4704A8C05FDE};41000;16/06/2023;2023;6;2;DH9 7QW;DH9;Terraced;Freehold;FALSO;STANLEY;COUNTY DURHAM;COUNTY DURHAM;A;54854943;-1702835;North East;England;County Durham
{01EB45EF-A449-40F3-E063-4704A8C05FDE};230000;7/07/2023;2023;7;3;DH3 3UF;DH3;Semi-Detached;Freehold;FALSO;CHESTER LE STREET;COUNTY DURHAM;COUNTY DURHAM;A;54905987;-1570737;North East;England;Gateshead
{01EB45EF-A48A-40F3-E063-4704A8C05FDE};475000;16/06/2023;2023;6;2;DH9 0SN;DH9;Detached;Freehold;FALSO;STANLEY;COUNTY DURHAM;COUNTY DURHAM;A;54854943;-1702835;North East;England;County Durham
{01EB45EF-A4C5-40F3-E063-4704A8C05FDE};245000;7/07/2023;2023;7;3;DE1 1GT;DE1;Semi-Detached;Freehold;FALSO;DERBY;CITY OF DERBY;CITY OF DERBY;A;52927413;-1477126;East Midlands;England;Derby
{01EB45EF-A543-40F3-E063-4704A8C05FDE};396000;15/06/2023;2023;6;2;SK22 2NG;SK22;Terraced;Leasehold;FALSO;HIGH PEAK;HIGH PEAK;DERBYSHIRE;A;53370231;-1991378;East Midlands;England;High Peak
{01EB45EF-A5B6-40F3-E063-4704A8C05FDE};180000;7/06/2023;2023;6;2;DE21 2SQ;DE21;Semi-Detached;Freehold;FALSO;DERBY;CITY OF DERBY;CITY OF DERBY;A;52926436;-1459555;East Midlands;England;Derby
{01EB45EF-A6DD-40F3-E063-4704A8C05FDE};218000;5/06/2023;2023;6;2;DE11 8DP;DE11;Detached;Freehold;FALSO;SWADLINCOTE;SOUTH DERBYSHIRE;DERBYSHIRE;A;52769207;-1571714;East Midlands;England;South Derbyshire
{01EB45EF-A73E-40F3-E063-4704A8C05FDE};127500;17/05/2023;2023;5;2;S43 2HJ;S43;Terraced;Freehold;FALSO;CHESTERFIELD;CHESTERFIELD;DERBYSHIRE;A;53249284;-1371838;East Midlands;England;Chesterfield
{01EB45EF-A77E-40F3-E063-4704A8C05FDE};157000;16/06/2023;2023;6;2;DE5 3FW;DE5;Terraced;Freehold;FALSO;RIPLEY;AMBER VALLEY;DERBYSHIRE;A;53059796;-1400279;East Midlands;England;Amber Valley
{01EB45EF-A7BE-40F3-E063-4704A8C05FDE};262500;27/03/2023;2023;3;1;SK13 7RZ;SK13;Terraced;Leasehold;FALSO;GLOSSOP;HIGH PEAK;DERBYSHIRE;A;53470299;-1975569;East Midlands;England;High Peak
{01EB45EF-A8A3-40F3-E063-4704A8C05FDE};514995;25/06/2021;2021;6;2;DE4 5QE;DE4;Detached;Freehold;VERDADERO;MATLOCK;AMBER VALLEY;DERBYSHIRE;A;5311774;-1583832;East Midlands;England;Derbyshire Dales
{01EB45EF-A8E3-40F3-E063-4704A8C05FDE};130000;28/02/2022;2022;2;1;DE21 6SJ;DE21;Semi-Detached;Freehold;FALSO;DERBY;CITY OF DERBY;CITY OF DERBY;A;52926436;-1459555;East Midlands;England;Derby
{01EB45EF-A9EE-40F3-E063-4704A8C05FDE};280000;4/07/2023;2023;7;3;BN22 8EA;BN22;Terraced;Freehold;FALSO;EASTBOURNE;EASTBOURNE;EAST SUSSEX;A;5077529;294543;South East;England;Eastbourne
{01EB45EF-AA77-40F3-E063-4704A8C05FDE};342000;15/06/2023;2023;6;2;RM3 7AF;RM3;Semi-Detached;Freehold;FALSO;ROMFORD;HAVERING;GREATER LONDON;A;5159171;226273;London;England;Havering
{01EB45EF-AB07-40F3-E063-4704A8C05FDE};236000;26/08/2022;2022;8;3;E6 5YX;E6;Flat/Maisonette;Leasehold;FALSO;LONDON;NEWHAM;GREATER LONDON;A;51537873;59643;London;England;Newham
{01EB45EF-AB3D-40F3-E063-4704A8C05FDE};600000;7/07/2023;2023;7;3;EN1 4ND;EN1;Terraced;Freehold;FALSO;ENFIELD;ENFIELD;GREATER LONDON;A;51664558;-73002;London;England;Enfield
{01EB45EF-ACBD-40F3-E063-4704A8C05FDE};920000;17/05/2023;2023;5;2;BN1 6FG;BN1;Terraced;Freehold;FALSO;BRIGHTON;BRIGHTON AND HOVE;BRIGHTON AND HOVE;A;50859799;-104845;South East;England;Brighton and Hove
{01EB45EF-AD2F-40F3-E063-4704A8C05FDE};347000;4/07/2023;2023;7;3;BN41 1LF;BN41;Terraced;Freehold;FALSO;BRIGHTON;BRIGHTON AND HOVE;BRIGHTON AND HOVE;A;5083712;-218675;South East;England;Brighton and Hove
{01EB45EF-AD70-40F3-E063-4704A8C05FDE};653000;9/06/2023;2023;6;2;BN3 7EP;BN3;Semi-Detached;Freehold;FALSO;HOVE;BRIGHTON AND HOVE;BRIGHTON AND HOVE;A;50828916;-198014;South East;England;Brighton and Hove
{01EB45EF-ADFB-40F3-E063-4704A8C05FDE};885000;9/06/2023;2023;6;2;BN8 6HR;BN8;Detached;Freehold;FALSO;LEWES;WEALDEN;EAST SUSSEX;A;50891137;51302;South East;England;Lewes
{01EB45EF-AE60-40F3-E063-4704A8C05FDE};271000;9/12/2022;2022;12;4;BN1 4HD;BN1;Flat/Maisonette;Leasehold;FALSO;BRIGHTON;BRIGHTON AND HOVE;BRIGHTON AND HOVE;A;50859799;-104845;South East;England;Brighton and Hove
{01EB45EF-AE87-40F3-E063-4704A8C05FDE};235000;23/06/2023;2023;6;2;BN21 2BA;BN21;Flat/Maisonette;Leasehold;FALSO;EASTBOURNE;EASTBOURNE;EAST SUSSEX;A;50780413;270364;South East;England;Eastbourne
{01EB45EF-AF80-40F3-E063-4704A8C05FDE};385000;20/08/2020;2020;8;3;BN27 4FP;BN27;Detached;Freehold;VERDADERO;HAILSHAM;WEALDEN;EAST SUSSEX;A;5089056;187086;South East;England;Wealden
{01EB45EF-AFEF-40F3-E063-4704A8C05FDE};385000;23/06/2023;2023;6;2;BN23 7EY;BN23;Detached;Freehold;FALSO;EASTBOURNE;EASTBOURNE;EAST SUSSEX;A;50793822;328329;South East;England;Eastbourne
{01EB45EF-B102-40F3-E063-4704A8C05FDE};370000;24/03/2023;2023;3;1;SS7 4PG;SS7;Semi-Detached;Freehold;FALSO;BENFLEET;CASTLE POINT;ESSEX;A;51554368;620914;East of England;England;Castle Point
{01EB45EF-B11D-40F3-E063-4704A8C05FDE};415000;21/07/2023;2023;7;3;CM9 4YZ;CM9;Detached;Freehold;FALSO;MALDON;MALDON;ESSEX;A;51731796;669463;East of England;England;Maldon
{01EB45EF-B140-40F3-E063-4704A8C05FDE};192000;30/06/2023;2023;6;2;IG9 6LA;IG9;Flat/Maisonette;Leasehold;FALSO;BUCKHURST HILL;EPPING FOREST;ESSEX;A;5162605;48174;East of England;England;Epping Forest
{01EB45EF-B1AE-40F3-E063-4704A8C05FDE};265000;30/06/2023;2023;6;2;CO2 8UW;CO2;Semi-Detached;Freehold;FALSO;COLCHESTER;COLCHESTER;ESSEX;A;5187314;923155;East of England;England;Colchester
{01EB45EF-B2B9-40F3-E063-4704A8C05FDE};470000;3/03/2023;2023;3;1;SS12 0EF;SS12;Detached;Freehold;FALSO;WICKFORD;BASILDON;ESSEX;A;51610012;523167;East of England;England;Basildon
{01EB45EF-B2D8-40F3-E063-4704A8C05FDE};200000;3/07/2023;2023;7;3;CM2 6XN;CM2;Flat/Maisonette;Leasehold;FALSO;CHELMSFORD;CHELMSFORD;ESSEX;A;51736232;489157;East of England;England;Chelmsford
{01EB45EF-B378-40F3-E063-4704A8C05FDE};375000;7/06/2023;2023;6;2;CM11 2RX;CM11;Detached;Freehold;FALSO;BILLERICAY;BASILDON;ESSEX;A;51631631;472069;East of England;England;Chelmsford
{01EB45EF-B42D-40F3-E063-4704A8C05FDE};1525000;16/06/2023;2023;6;2;CM11 1BG;CM11;Detached;Freehold;FALSO;BILLERICAY;BASILDON;ESSEX;A;51631631;472069;East of England;England;Chelmsford
{01EB45EF-B49C-40F3-E063-4704A8C05FDE};355000;30/06/2023;2023;6;2;CM19 5NG;CM19;Terraced;Freehold;FALSO;HARLOW;HARLOW;ESSEX;A;51749838;69591;East of England;England;Harlow
{01EB45EF-B4AE-40F3-E063-4704A8C05FDE};520000;29/06/2023;2023;6;2;CM9 8SN;CM9;Detached;Freehold;FALSO;MALDON;MALDON;ESSEX;A;51731796;669463;East of England;England;Maldon
{01EB45EF-B4BC-40F3-E063-4704A8C05FDE};213000;30/06/2023;2023;6;2;EN9 1QZ;EN9;Flat/Maisonette;Leasehold;FALSO;WALTHAM ABBEY;EPPING FOREST;ESSEX;A;51688372;25783;East of England;England;Epping Forest
{01EB45EF-B4C4-40F3-E063-4704A8C05FDE};230000;14/07/2021;2021;7;3;SS1 2DS;SS1;Flat/Maisonette;Leasehold;FALSO;SOUTHEND-ON-SEA;SOUTHEND-ON-SEA;SOUTHEND-ON-SEA;A;51534933;738178;East of England;England;Southend-on-Sea
{01EB45EF-B4D6-40F3-E063-4704A8C05FDE};750000;23/06/2023;2023;6;2;SS7 1EW;SS7;Detached;Freehold;FALSO;BENFLEET;CASTLE POINT;ESSEX;A;51554368;620914;East of England;England;Castle Point
{01EB45EF-B4EE-40F3-E063-4704A8C05FDE};420000;20/06/2023;2023;6;2;E7 0QX;E7;Terraced;Freehold;FALSO;LONDON;NEWHAM;GREATER LONDON;A;51537922;27964;London;England;Newham
{01EB45EF-B59A-40F3-E063-4704A8C05FDE};340000;7/07/2023;2023;7;3;CM8 1SZ;CM8;Terraced;Freehold;FALSO;WITHAM;BRAINTREE;ESSEX;A;51802881;643603;East of England;England;Braintree
{01EB45EF-B674-40F3-E063-4704A8C05FDE};635000;16/05/2023;2023;5;2;CO16 0ED;CO16;Detached;Freehold;FALSO;CLACTON-ON-SEA;TENDRING;ESSEX;A;51806191;1145399;East of England;England;Tendring
{01EB45EF-B68F-40F3-E063-4704A8C05FDE};392500;7/06/2023;2023;6;2;CM9 8PN;CM9;Semi-Detached;Freehold;FALSO;MALDON;MALDON;ESSEX;A;51731796;669463;East of England;England;Maldon
{01EB45EF-B6D3-40F3-E063-4704A8C05FDE};1435000;30/06/2023;2023;6;2;WA15 9DL;WA15;Detached;Freehold;FALSO;ALTRINCHAM;TRAFFORD;GREATER MANCHESTER;A;53395943;-2309089;North West;England;Trafford
{01EB45EF-B76B-40F3-E063-4704A8C05FDE};240000;5/05/2023;2023;5;2;BL0 0DG;BL0;Terraced;Freehold;FALSO;BURY;BURY;GREATER MANCHESTER;A;53638246;-2331744;North West;England;Bury
{01EB45EF-B786-40F3-E063-4704A8C05FDE};156500;19/07/2023;2023;7;3;SK15 2NS;SK15;Terraced;Freehold;FALSO;STALYBRIDGE;TAMESIDE;GREATER MANCHESTER;A;53487392;-2036989;North West;England;Tameside
{01EB45EF-B8BB-40F3-E063-4704A8C05FDE};69000;12/01/2023;2023;1;1;BL5 3UB;BL5;Flat/Maisonette;Leasehold;FALSO;BOLTON;BOLTON;GREATER MANCHESTER;A;5353628;-2515008;North West;England;Bolton
{01EB45EF-B926-40F3-E063-4704A8C05FDE};115000;22/06/2023;2023;6;2;OL4 5JU;OL4;Terraced;Leasehold;FALSO;OLDHAM;OLDHAM;GREATER MANCHESTER;A;53538735;-208497;North West;England;Oldham
{01EB45EF-B94A-40F3-E063-4704A8C05FDE};414000;16/01/2023;2023;1;1;M33 6PW;M33;Semi-Detached;Leasehold;FALSO;SALE;TRAFFORD;GREATER MANCHESTER;A;53430922;-2317727;North West;England;Trafford
{01EB45EF-BA44-40F3-E063-4704A8C05FDE};220000;6/07/2023;2023;7;3;SK6 6AW;SK6;Flat/Maisonette;Leasehold;FALSO;STOCKPORT;STOCKPORT;GREATER MANCHESTER;A;53401404;-2045427;North West;England;Stockport
{01EB45EF-BAC7-40F3-E063-4704A8C05FDE};345600;12/05/2023;2023;5;2;M33 5FQ;M33;Semi-Detached;Freehold;FALSO;SALE;TRAFFORD;GREATER MANCHESTER;A;53430922;-2317727;North West;England;Trafford
{01EB45EF-BAE1-40F3-E063-4704A8C05FDE};100000;9/06/2023;2023;6;2;BL1 4BL;BL1;Terraced;Leasehold;FALSO;BOLTON;BOLTON;GREATER MANCHESTER;A;53610671;-2425087;North West;England;Bolton
{01EB45EF-BB68-40F3-E063-4704A8C05FDE};190000;26/06/2023;2023;6;2;OL2 5SQ;OL2;Semi-Detached;Freehold;FALSO;OLDHAM;OLDHAM;GREATER MANCHESTER;A;53582818;-2091856;North West;England;Oldham
{01EB45EF-BC46-40F3-E063-4704A8C05FDE};195000;16/06/2023;2023;6;2;M15 4NY;M15;Flat/Maisonette;Leasehold;FALSO;MANCHESTER;MANCHESTER;GREATER MANCHESTER;A;53472441;-2249201;North West;England;Manchester
{01EB45EF-BC61-40F3-E063-4704A8C05FDE};241500;12/05/2023;2023;5;2;M6 8BH;M6;Semi-Detached;Freehold;FALSO;SALFORD;SALFORD;GREATER MANCHESTER;A;53487315;-2293582;North West;England;Salford
{01EB45EF-BE03-40F3-E063-4704A8C05FDE};148500;4/03/2022;2022;3;1;GL1 3NW;GL1;Flat/Maisonette;Leasehold;FALSO;GLOUCESTER;GLOUCESTER;GLOUCESTERSHIRE;A;51855759;-2236414;South West;England;Gloucester
{01EB45EF-BEA0-40F3-E063-4704A8C05FDE};139250;8/08/2022;2022;8;3;GL1 2BL;GL1;Flat/Maisonette;Leasehold;FALSO;GLOUCESTER;GLOUCESTER;GLOUCESTERSHIRE;A;51855759;-2236414;South West;England;Gloucester
{01EB45EF-BEF9-40F3-E063-4704A8C05FDE};325000;9/06/2023;2023;6;2;GL5 3SF;GL5;Semi-Detached;Freehold;FALSO;STROUD;STROUD;GLOUCESTERSHIRE;A;51718346;-2231787;South West;England;Stroud
{01EB45EF-BF58-40F3-E063-4704A8C05FDE};519000;9/12/2022;2022;12;4;GL2 4DD;GL2;Detached;Freehold;FALSO;GLOUCESTER;STROUD;GLOUCESTERSHIRE;A;51879783;-2202531;South West;England;Gloucester
{01EB45EF-BFD9-40F3-E063-4704A8C05FDE};336000;28/05/2021;2021;5;2;BS34 5TZ;BS34;Semi-Detached;Freehold;VERDADERO;BRISTOL;SOUTH GLOUCESTERSHIRE;SOUTH GLOUCESTERSHIRE;A;51525156;-2559021;South West;England;South Gloucestershire
{01EB45EF-C004-40F3-E063-4704A8C05FDE};275000;2/12/2021;2021;12;4;BS35 2FS;BS35;Flat/Maisonette;Leasehold;FALSO;BRISTOL;SOUTH GLOUCESTERSHIRE;SOUTH GLOUCESTERSHIRE;A;51605677;-2507707;South West;England;South Gloucestershire
{01EB45EF-C039-40F3-E063-4704A8C05FDE};205000;18/03/2022;2022;3;1;GL5 4LF;GL5;Flat/Maisonette;Leasehold;FALSO;STROUD;STROUD;GLOUCESTERSHIRE;A;51718346;-2231787;South West;England;Stroud
{01EB45EF-C1D6-40F3-E063-4704A8C05FDE};610000;29/06/2023;2023;6;2;WD7 9DA;WD7;Terraced;Freehold;FALSO;RADLETT;HERTSMERE;HERTFORDSHIRE;A;51675206;-329522;East of England;England;Hertsmere
{01EB45EF-C201-40F3-E063-4704A8C05FDE};490000;9/06/2023;2023;6;2;EN8 8BS;EN8;Terraced;Freehold;FALSO;WALTHAM CROSS;BROXBOURNE;HERTFORDSHIRE;A;517002;-39072;East of England;England;Broxbourne
{01EB45EF-C282-40F3-E063-4704A8C05FDE};500000;30/06/2023;2023;6;2;SG12 9NL;SG12;Terraced;Freehold;FALSO;WARE;EAST HERTFORDSHIRE;HERTFORDSHIRE;A;51820113;-38917;East of England;England;East Hertfordshire
{01EB45EF-C42D-40F3-E063-4704A8C05FDE};76000;28/04/2023;2023;4;2;HP2 4FY;HP2;Flat/Maisonette;Leasehold;FALSO;HEMEL HEMPSTEAD;DACORUM;HERTFORDSHIRE;A;51758615;-469315;East of England;England;Dacorum
{01EB45EF-C465-40F3-E063-4704A8C05FDE};315000;27/06/2023;2023;6;2;WD17 2RB;WD17;Flat/Maisonette;Leasehold;FALSO;WATFORD;WATFORD;HERTFORDSHIRE;A;51683174;-425224;East of England;England;Watford
{01EB45EF-C4D0-40F3-E063-4704A8C05FDE};185000;28/02/2023;2023;2;1;EN11 0NU;EN11;Flat/Maisonette;Leasehold;FALSO;HODDESDON;BROXBOURNE;HERTFORDSHIRE;A;51768675;-12074;East of England;England;Broxbourne
{01EB45EF-C4D9-40F3-E063-4704A8C05FDE};114750;31/05/2023;2023;5;2;SG6 1GU;SG6;Flat/Maisonette;Leasehold;FALSO;LETCHWORTH GARDEN CITY;NORTH HERTFORDSHIRE;HERTFORDSHIRE;A;51972816;-215121;East of England;England;North Hertfordshire
{01EB45EF-C4EF-40F3-E063-4704A8C05FDE};440000;26/01/2023;2023;1;1;HP23 4FP;HP23;Terraced;Freehold;FALSO;TRING;DACORUM;HERTFORDSHIRE;A;51800243;-652625;East of England;England;Dacorum
{01EB45EF-C750-40F3-E063-4704A8C05FDE};642500;10/07/2023;2023;7;3;BH25 7QG;BH25;Detached;Freehold;FALSO;NEW MILTON;NEW FOREST;HAMPSHIRE;A;50743868;-1653541;South East;England;New Forest
{01EB45EF-C899-40F3-E063-4704A8C05FDE};325000;16/06/2023;2023;6;2;SO30 4EU;SO30;Semi-Detached;Freehold;FALSO;SOUTHAMPTON;EASTLEIGH;HAMPSHIRE;A;50904896;-1301378;South East;England;Eastleigh
{01EB45EF-C901-40F3-E063-4704A8C05FDE};348000;24/05/2023;2023;5;2;GU11 3NZ;GU11;Terraced;Freehold;FALSO;ALDERSHOT;RUSHMOOR;HAMPSHIRE;A;51247607;-765441;South East;England;Rushmoor
{01EB45EF-C9E7-40F3-E063-4704A8C05FDE};245000;3/02/2023;2023;2;1;SO30 3RF;SO30;Semi-Detached;Leasehold;FALSO;SOUTHAMPTON;EASTLEIGH;HAMPSHIRE;A;50904896;-1301378;South East;England;Eastleigh
{01EB45EF-CA1C-40F3-E063-4704A8C05FDE};635000;27/01/2023;2023;1;1;SO41 9HT;SO41;Semi-Detached;Freehold;FALSO;LYMINGTON;NEW FOREST;HAMPSHIRE;A;50789604;-1610529;South East;England;New Forest
{01EB45EF-CB10-40F3-E063-4704A8C05FDE};220000;13/06/2023;2023;6;2;SP6 1AL;SP6;Flat/Maisonette;Leasehold;FALSO;FORDINGBRIDGE;NEW FOREST;HAMPSHIRE;A;50914486;-1828364;South West;England;Dorset
{01EB45EF-CB25-40F3-E063-4704A8C05FDE};425000;23/06/2023;2023;6;2;RG23 7LB;RG23;Semi-Detached;Freehold;FALSO;BASINGSTOKE;BASINGSTOKE AND DEANE;HAMPSHIRE;A;51243093;-1174018;South East;England;Basingstoke and Deane
{01EB45EF-CB89-40F3-E063-4704A8C05FDE};165000;30/05/2022;2022;5;2;SO14 3HL;SO14;Flat/Maisonette;Leasehold;FALSO;SOUTHAMPTON;SOUTHAMPTON;SOUTHAMPTON;A;50905719;-1399244;South East;England;Southampton
{01EB45EF-CC3E-40F3-E063-4704A8C05FDE};340000;22/12/2022;2022;12;4;SP11 6UL;SP11;Terraced;Freehold;FALSO;ANDOVER;TEST VALLEY;HAMPSHIRE;A;51254675;-1606512;South West;England;Wiltshire
{01EB45EF-CD0B-40F3-E063-4704A8C05FDE};178000;30/06/2023;2023;6;2;SO18 1JB;SO18;Flat/Maisonette;Leasehold;FALSO;SOUTHAMPTON;SOUTHAMPTON;SOUTHAMPTON;A;50927396;-1353119;South East;England;Eastleigh
{01EB45EF-CEF9-40F3-E063-4704A8C05FDE};160000;2/06/2023;2023;6;2;HU13 9EJ;HU13;Terraced;Freehold;FALSO;HESSLE;EAST RIDING OF YORKSHIRE;EAST RIDING OF YORKSHIRE;A;53728728;-428162;Yorkshire and The Humber;England;East Riding of Yorkshire
{01EB45EF-CF54-40F3-E063-4704A8C05FDE};157000;26/06/2023;2023;6;2;DN14 6RL;DN14;Semi-Detached;Freehold;FALSO;GOOLE;EAST RIDING OF YORKSHIRE;EAST RIDING OF YORKSHIRE;A;5370676;-861201;Yorkshire and The Humber;England;East Riding of Yorkshire
{01EB45EF-D048-40F3-E063-4704A8C05FDE};195000;11/05/2023;2023;5;2;DN33 3HD;DN33;Semi-Detached;Freehold;FALSO;GRIMSBY;NORTH EAST LINCOLNSHIRE;NORTH EAST LINCOLNSHIRE;A;53545821;-89157;Yorkshire and The Humber;England;North East Lincolnshire
{01EB45EF-D07A-40F3-E063-4704A8C05FDE};137500;16/05/2023;2023;5;2;DN40 1BJ;DN40;Semi-Detached;Freehold;FALSO;IMMINGHAM;NORTH EAST LINCOLNSHIRE;NORTH EAST LINCOLNSHIRE;A;53615352;-23229;Yorkshire and The Humber;England;North East Lincolnshire
{01EB45EF-D2EC-40F3-E063-4704A8C05FDE};250000;16/06/2023;2023;6;2;WR11 4QQ;WR11;Terraced;Freehold;FALSO;EVESHAM;WYCHAVON;WORCESTERSHIRE;A;52095134;-1930245;West Midlands;England;Wychavon
{01EB45EF-D534-40F3-E063-4704A8C05FDE};460000;23/06/2023;2023;6;2;DA2 6NL;DA2;Terraced;Freehold;FALSO;DARTFORD;DARTFORD;KENT;A;51442356;241698;South East;England;Dartford
{01EB45EF-D54A-40F3-E063-4704A8C05FDE};340000;6/01/2023;2023;1;1;CT7 0DN;CT7;Semi-Detached;Freehold;FALSO;BIRCHINGTON;THANET;KENT;B;51377054;1280391;South East;England;Thanet
{01EB45EF-D5E4-40F3-E063-4704A8C05FDE};445000;9/02/2023;2023;2;1;CT7 9JG;CT7;Detached;Freehold;FALSO;BIRCHINGTON;THANET;KENT;A;51377054;1280391;South East;England;Thanet
{01EB45EF-D5E6-40F3-E063-4704A8C05FDE};150000;5/06/2023;2023;6;2;CT20 3PT;CT20;Semi-Detached;Freehold;FALSO;FOLKESTONE;FOLKESTONE AND HYTHE;KENT;A;51082797;1160654;South East;England;Folkestone and Hythe
{01EB45EF-D61C-40F3-E063-4704A8C05FDE};480000;23/01/2023;2023;1;1;CT21 6QN;CT21;Semi-Detached;Freehold;FALSO;HYTHE;FOLKESTONE AND HYTHE;KENT;A;51070783;1068379;South East;England;Folkestone and Hythe
{01EB45EF-D6B0-40F3-E063-4704A8C05FDE};668000;3/07/2023;2023;7;3;CT5 4QA;CT5;Detached;Freehold;FALSO;WHITSTABLE;CANTERBURY;KENT;A;51357186;1046616;South East;England;Canterbury
{01EB45EF-D6F9-40F3-E063-4704A8C05FDE};360000;13/01/2023;2023;1;1;CT10 2BT;CT10;Terraced;Freehold;FALSO;BROADSTAIRS;THANET;KENT;A;51355077;1432334;South East;England;Thanet
{01EB45EF-D71F-40F3-E063-4704A8C05FDE};390000;3/07/2023;2023;7;3;DA4 9AA;DA4;Terraced;Freehold;FALSO;DARTFORD;DARTFORD;KENT;A;51403075;248676;South East;England;Sevenoaks
{01EB45EF-D786-40F3-E063-4704A8C05FDE};350000;13/04/2023;2023;4;2;CT3 4AE;CT3;Flat/Maisonette;Leasehold;FALSO;CANTERBURY;CANTERBURY;KENT;A;5122499;1204927;South East;England;Dover
{01EB45EF-D7C5-40F3-E063-4704A8C05FDE};310000;16/06/2023;2023;6;2;TN10 3JT;TN10;Terraced;Freehold;FALSO;TONBRIDGE;TONBRIDGE AND MALLING;KENT;A;51208056;289831;South East;England;Tonbridge and Malling
{01EB45EF-D7C9-40F3-E063-4704A8C05FDE};220000;2/06/2023;2023;6;2;TN23 4YY;TN23;Terraced;Freehold;FALSO;ASHFORD;ASHFORD;KENT;A;5113807;830999;South East;England;Ashford
{01EB45EF-D836-40F3-E063-4704A8C05FDE};300000;2/06/2023;2023;6;2;ME5 8UT;ME5;Semi-Detached;Freehold;FALSO;CHATHAM;MEDWAY;MEDWAY;A;51334501;540699;South East;England;Medway
{01EB45EF-D88B-40F3-E063-4704A8C05FDE};505000;23/06/2023;2023;6;2;CT16 3LU;CT16;Detached;Freehold;FALSO;DOVER;DOVER;KENT;A;51165853;1292516;South East;England;Dover
{01EB45EF-D8F1-40F3-E063-4704A8C05FDE};299000;5/06/2023;2023;6;2;CT21 6ED;CT21;Flat/Maisonette;Leasehold;FALSO;HYTHE;FOLKESTONE AND HYTHE;KENT;A;51070783;1068379;South East;England;Folkestone and Hythe
{01EB45EF-D900-40F3-E063-4704A8C05FDE};470000;15/06/2023;2023;6;2;DA2 6HA;DA2;Terraced;Freehold;FALSO;DARTFORD;DARTFORD;KENT;A;51442356;241698;South East;England;Dartford
{01EB45EF-D91C-40F3-E063-4704A8C05FDE};440000;16/06/2023;2023;6;2;DA4 9EY;DA4;Semi-Detached;Freehold;FALSO;DARTFORD;DARTFORD;KENT;A;51403075;248676;South East;England;Sevenoaks
{01EB45EF-D96C-40F3-E063-4704A8C05FDE};475000;30/06/2023;2023;6;2;ME4 3HP;ME4;Detached;Freehold;FALSO;CHATHAM;MEDWAY;MEDWAY;A;51366995;525746;South East;England;Medway
{01EB45EF-D97B-40F3-E063-4704A8C05FDE};360000;10/02/2023;2023;2;1;TN2 3US;TN2;Flat/Maisonette;Leasehold;FALSO;TUNBRIDGE WELLS;TUNBRIDGE WELLS;KENT;A;51150947;286144;South East;England;Tunbridge Wells
{01EB45EF-D991-40F3-E063-4704A8C05FDE};382500;30/05/2022;2022;5;2;ME2 4GX;ME2;Terraced;Freehold;FALSO;ROCHESTER;MEDWAY;MEDWAY;A;51399751;495028;South East;England;Medway
{01EB45EF-DA54-40F3-E063-4704A8C05FDE};843600;21/06/2023;2023;6;2;TN11 9LQ;TN11;Detached;Freehold;FALSO;TONBRIDGE;TONBRIDGE AND MALLING;KENT;A;51217191;243529;South East;England;Tonbridge and Malling
{01EB45EF-DB21-40F3-E063-4704A8C05FDE};70000;23/06/2023;2023;6;2;OL16 2LE;OL16;Terraced;Leasehold;FALSO;ROCHDALE;ROCHDALE;GREATER MANCHESTER;A;53610358;-2112245;North West;England;Rochdale
{01EB45EF-DBAE-40F3-E063-4704A8C05FDE};86000;22/06/2023;2023;6;2;L27 5RJ;L27;Terraced;Freehold;FALSO;LIVERPOOL;LIVERPOOL;MERSEYSIDE;A;5338221;-2826299;North West;England;Liverpool
{01EB45EF-DBB1-40F3-E063-4704A8C05FDE};85000;30/06/2023;2023;6;2;L27 5RL;L27;Terraced;Freehold;FALSO;LIVERPOOL;LIVERPOOL;MERSEYSIDE;A;5338221;-2826299;North West;England;Liverpool
{01EB45EF-DC69-40F3-E063-4704A8C05FDE};130000;23/06/2023;2023;6;2;BB2 7DT;BB2;Semi-Detached;Freehold;FALSO;BLACKBURN;BLACKBURN WITH DARWEN;BLACKBURN WITH DARWEN;A;53732527;-2509398;North West;England;Blackburn with Darwen
{01EB45EF-DD67-40F3-E063-4704A8C05FDE};179950;9/06/2023;2023;6;2;FY2 9TG;FY2;Semi-Detached;Freehold;FALSO;BLACKPOOL;BLACKPOOL;BLACKPOOL;A;53847706;-3044123;North West;England;Blackpool
{01EB45EF-DF3C-40F3-E063-4704A8C05FDE};282500;23/06/2023;2023;6;2;BB5 3QY;BB5;Detached;Leasehold;FALSO;ACCRINGTON;HYNDBURN;LANCASHIRE;A;53753894;-2344699;North West;England;Hyndburn
{01EB45EF-DF48-40F3-E063-4704A8C05FDE};65000;23/06/2023;2023;6;2;BB12 8PX;BB12;Flat/Maisonette;Leasehold;FALSO;BURNLEY;BURNLEY;LANCASHIRE;A;53797879;-227612;North West;England;Burnley
{01EB45EF-DF77-40F3-E063-4704A8C05FDE};135000;5/05/2023;2023;5;2;BB1 1DN;BB1;Terraced;Freehold;FALSO;BLACKBURN;BLACKBURN WITH DARWEN;BLACKBURN WITH DARWEN;A;53787998;-2481779;North West;England;Ribble Valley
{01EB45EF-E03F-40F3-E063-4704A8C05FDE};260000;16/06/2023;2023;6;2;BB4 8SR;BB4;Semi-Detached;Freehold;FALSO;ROSSENDALE;ROSSENDALE;LANCASHIRE;A;53724688;-2281019;North West;England;Rossendale
{01EB45EF-E04A-40F3-E063-4704A8C05FDE};154000;23/06/2023;2023;6;2;FY6 7RR;FY6;Terraced;Freehold;FALSO;POULTON-LE-FYLDE;WYRE;LANCASHIRE;A;53927594;-2994213;North West;England;Wyre
{01EB45EF-E07B-40F3-E063-4704A8C05FDE};165800;15/05/2023;2023;5;2;LA3 1JE;LA3;Semi-Detached;Freehold;FALSO;MORECAMBE;LANCASTER;LANCASHIRE;A;54062999;-287615;North West;England;Lancaster
{01EB45EF-E0C7-40F3-E063-4704A8C05FDE};140000;14/07/2023;2023;7;3;FY5 2NJ;FY5;Semi-Detached;Freehold;FALSO;THORNTON-CLEVELEYS;WYRE;LANCASHIRE;A;53861768;-3028081;North West;England;Blackpool
{01EB45EF-E1E9-40F3-E063-4704A8C05FDE};142500;17/04/2023;2023;4;2;FY7 7LH;FY7;Terraced;Freehold;FALSO;FLEETWOOD;WYRE;LANCASHIRE;A;53915076;-3030166;North West;England;Wyre
{01EB45EF-E32B-40F3-E063-4704A8C05FDE};279995;28/07/2022;2022;7;3;BB12 6ES;BB12;Detached;Freehold;VERDADERO;BURNLEY;BURNLEY;LANCASHIRE;A;53797879;-227612;North West;England;Burnley
{01EB45EF-E360-40F3-E063-4704A8C05FDE};167000;6/09/2022;2022;9;3;PR2 7BG;PR2;Terraced;Freehold;VERDADERO;PRESTON;PRESTON;LANCASHIRE;A;53779934;-2654823;North West;England;Preston
{01EB45EF-E3A1-40F3-E063-4704A8C05FDE};76000;7/07/2023;2023;7;3;BB10 3ES;BB10;Terraced;Leasehold;FALSO;BURNLEY;BURNLEY;LANCASHIRE;A;53804914;-2235078;North West;England;Burnley
{01EB45EF-E48A-40F3-E063-4704A8C05FDE};105000;15/07/2022;2022;7;3;LN4 4QX;LN4;Terraced;Freehold;FALSO;LINCOLN;EAST LINDSEY;LINCOLNSHIRE;B;53112047;-324217;East Midlands;England;North Kesteven
{01EB45EF-E573-40F3-E063-4704A8C05FDE};147000;26/06/2023;2023;6;2;LN2 2DR;LN2;Semi-Detached;Freehold;FALSO;LINCOLN;LINCOLN;LINCOLNSHIRE;A;53243161;-51514;East Midlands;England;Lincoln
{01EB45EF-E5AF-40F3-E063-4704A8C05FDE};114000;30/06/2023;2023;6;2;PE11 2TY;PE11;Flat/Maisonette;Leasehold;FALSO;SPALDING;SOUTH HOLLAND;LINCOLNSHIRE;A;52780328;-155067;East Midlands;England;South Holland
{01EB45EF-E5DD-40F3-E063-4704A8C05FDE};180000;16/06/2023;2023;6;2;PE11 3PA;PE11;Detached;Freehold;FALSO;SPALDING;SOUTH HOLLAND;LINCOLNSHIRE;A;52780328;-155067;East Midlands;England;South Holland
{01EB45EF-E5F4-40F3-E063-4704A8C05FDE};340000;9/06/2023;2023;6;2;PE10 0AN;PE10;Terraced;Freehold;FALSO;BOURNE;SOUTH KESTEVEN;LINCOLNSHIRE;A;52770663;-377152;East Midlands;England;South Kesteven
{01EB45EF-E697-40F3-E063-4704A8C05FDE};375000;11/11/2021;2021;11;4;PE11 3UE;PE11;Detached;Freehold;FALSO;SPALDING;SOUTH HOLLAND;LINCOLNSHIRE;A;52780328;-155067;East Midlands;England;South Holland
{01EB45EF-E6F4-40F3-E063-4704A8C05FDE};255000;4/04/2022;2022;4;2;PE24 5JT;PE24;Detached;Freehold;FALSO;SKEGNESS;EAST LINDSEY;LINCOLNSHIRE;A;53106258;239494;East Midlands;England;East Lindsey
{01EB45EF-E759-40F3-E063-4704A8C05FDE};585000;13/01/2023;2023;1;1;PE10 0NL;PE10;Detached;Freehold;FALSO;BOURNE;SOUTH KESTEVEN;LINCOLNSHIRE;A;52770663;-377152;East Midlands;England;South Kesteven
{01EB45EF-E86B-40F3-E063-4704A8C05FDE};960000;25/05/2023;2023;5;2;SE9 6PU;SE9;Semi-Detached;Freehold;FALSO;LONDON;GREENWICH;GREATER LONDON;A;51424094;48423;London;England;Bromley
{01EB45EF-E92A-40F3-E063-4704A8C05FDE};350000;19/06/2023;2023;6;2;LE4 4LL;LE4;Terraced;Freehold;FALSO;LEICESTER;CHARNWOOD;LEICESTERSHIRE;A;52668154;-1139471;East Midlands;England;Leicester
{01EB45EF-E959-40F3-E063-4704A8C05FDE};240000;14/06/2023;2023;6;2;LE3 2US;LE3;Semi-Detached;Freehold;FALSO;LEICESTER;BLABY;LEICESTERSHIRE;A;52626733;-1152826;East Midlands;England;Leicester
{01EB45EF-E9FB-40F3-E063-4704A8C05FDE};189500;31/08/2022;2022;8;3;LE11 1LE;LE11;Terraced;Freehold;FALSO;LOUGHBOROUGH;CHARNWOOD;LEICESTERSHIRE;A;52783622;-1239843;East Midlands;England;Charnwood
{01EB45EF-EA93-40F3-E063-4704A8C05FDE};280000;25/05/2023;2023;5;2;LE14 2NN;LE14;Semi-Detached;Freehold;FALSO;MELTON MOWBRAY;MELTON;LEICESTERSHIRE;A;52828823;-841517;East Midlands;England;Melton
{01EB45EF-EB12-40F3-E063-4704A8C05FDE};1330000;6/04/2023;2023;4;2;LE2 2HH;LE2;Detached;Freehold;FALSO;LEICESTER;OADBY AND WIGSTON;LEICESTERSHIRE;A;5263624;-1115227;East Midlands;England;Leicester
{01EB45EF-EBD7-40F3-E063-4704A8C05FDE};257000;29/06/2023;2023;6;2;LE7 9HX;LE7;Semi-Detached;Freehold;FALSO;LEICESTER;HARBOROUGH;LEICESTERSHIRE;A;52700189;-1089444;East Midlands;England;Charnwood
{01EB45EF-EC14-40F3-E063-4704A8C05FDE};550000;20/01/2022;2022;1;1;LE67 8AQ;LE67;Detached;Freehold;VERDADERO;COALVILLE;NORTH WEST LEICESTERSHIRE;LEICESTERSHIRE;A;52689993;-130905;East Midlands;England;Hinckley and Bosworth
{01EB45EF-ECB0-40F3-E063-4704A8C05FDE};274500;29/07/2022;2022;7;3;LE4 2BX;LE4;Semi-Detached;Freehold;VERDADERO;LEICESTER;LEICESTER;LEICESTER;A;52668154;-1139471;East Midlands;England;Leicester
{01EB45EF-ED48-40F3-E063-4704A8C05FDE};335819;19/02/2021;2021;2;1;LE65 2WA;LE65;Detached;Freehold;VERDADERO;ASHBY-DE-LA-ZOUCH;NORTH WEST LEICESTERSHIRE;LEICESTERSHIRE;A;52747716;-1473911;East Midlands;England;North West Leicestershire
{01EB45EF-EDA1-40F3-E063-4704A8C05FDE};172000;25/01/2023;2023;1;1;OL3 6FL;OL3;Flat/Maisonette;Leasehold;FALSO;OLDHAM;OLDHAM;GREATER MANCHESTER;A;53549085;-2003416;North West;England;Oldham
{01EB45EF-EE7D-40F3-E063-4704A8C05FDE};87500;8/06/2023;2023;6;2;M27 4FQ;M27;Semi-Detached;Leasehold;FALSO;MANCHESTER;SALFORD;GREATER MANCHESTER;A;53501876;-2344035;North West;England;Salford
{01EB45EF-EEB2-40F3-E063-4704A8C05FDE};140000;19/12/2022;2022;12;4;M22 1GG;M22;Flat/Maisonette;Leasehold;FALSO;MANCHESTER;MANCHESTER;GREATER MANCHESTER;A;53390764;-2248274;North West;England;Manchester
{01EB45EF-EFEA-40F3-E063-4704A8C05FDE};269995;30/07/2021;2021;7;3;WN6 0ZW;WN6;Detached;Freehold;VERDADERO;WIGAN;WIGAN;GREATER MANCHESTER;A;;;;;
{01EB45EF-F068-40F3-E063-4704A8C05FDE};424375;10/12/2021;2021;12;4;M15 4TQ;M15;Flat/Maisonette;Leasehold;VERDADERO;MANCHESTER;MANCHESTER;GREATER MANCHESTER;A;53472441;-2249201;North West;England;Manchester
{01EB45EF-F13D-40F3-E063-4704A8C05FDE};250000;22/06/2023;2023;6;2;WA15 7LH;WA15;Flat/Maisonette;Leasehold;FALSO;ALTRINCHAM;TRAFFORD;GREATER MANCHESTER;A;53395943;-2309089;North West;England;Trafford
{01EB45EF-F1F9-40F3-E063-4704A8C05FDE};225000;9/06/2023;2023;6;2;M27 5WW;M27;Semi-Detached;Freehold;FALSO;MANCHESTER;SALFORD;GREATER MANCHESTER;A;53501876;-2344035;North West;England;Salford
{01EB45EF-F24E-40F3-E063-4704A8C05FDE};100000;19/05/2023;2023;5;2;M31 4NZ;M31;Flat/Maisonette;Leasehold;FALSO;MANCHESTER;TRAFFORD;GREATER MANCHESTER;A;53418405;-2433459;North West;England;Trafford
{01EB45EF-F350-40F3-E063-4704A8C05FDE};286995;4/11/2021;2021;11;4;B38 9AT;B38;Terraced;Freehold;VERDADERO;BIRMINGHAM;BIRMINGHAM;WEST MIDLANDS;A;52409288;-1934106;West Midlands;England;Birmingham
{01EB45EF-F42B-40F3-E063-4704A8C05FDE};345000;2/09/2022;2022;9;3;WS3 3NP;WS3;Semi-Detached;Freehold;FALSO;WALSALL;WALSALL;WEST MIDLANDS;A;52615995;-2002255;West Midlands;England;Walsall
{01EB45EF-F435-40F3-E063-4704A8C05FDE};255000;24/03/2022;2022;3;1;B23 7BQ;B23;Semi-Detached;Freehold;VERDADERO;BIRMINGHAM;BIRMINGHAM;WEST MIDLANDS;B;52515717;-185038;West Midlands;England;Birmingham
{01EB45EF-F4A6-40F3-E063-4704A8C05FDE};165000;23/05/2023;2023;5;2;B44 9AB;B44;Semi-Detached;Freehold;FALSO;BIRMINGHAM;BIRMINGHAM;WEST MIDLANDS;A;52538504;-1889064;West Midlands;England;Birmingham
{01EB45EF-F4DC-40F3-E063-4704A8C05FDE};325000;24/02/2023;2023;2;1;B70 9UN;B70;Detached;Freehold;FALSO;WEST BROMWICH;SANDWELL;WEST MIDLANDS;A;52509222;-1998875;West Midlands;England;Sandwell
{01EB45EF-F4E9-40F3-E063-4704A8C05FDE};280000;26/06/2023;2023;6;2;B19 2AP;B19;Detached;Freehold;FALSO;BIRMINGHAM;BIRMINGHAM;WEST MIDLANDS;A;52507018;-1906838;West Midlands;England;Birmingham
{01EB45EF-F579-40F3-E063-4704A8C05FDE};243000;26/05/2023;2023;5;2;L36 1TX;L36;Semi-Detached;Freehold;FALSO;LIVERPOOL;KNOWSLEY;MERSEYSIDE;A;53420711;-2861685;North West;England;Knowsley
{01EB45EF-F661-40F3-E063-4704A8C05FDE};225000;8/06/2023;2023;6;2;WA12 8PX;WA12;Semi-Detached;Freehold;FALSO;NEWTON-LE-WILLOWS;ST HELENS;MERSEYSIDE;A;53456596;-2619326;North West;England;St. Helens
{01EB45EF-F6B3-40F3-E063-4704A8C05FDE};86500;20/12/2022;2022;12;4;CH42 5NZ;CH42;Terraced;Freehold;FALSO;BIRKENHEAD;WIRRAL;MERSEYSIDE;A;53372701;-3008663;North West;England;Wirral
{01EB45EF-F6C8-40F3-E063-4704A8C05FDE};265000;31/01/2023;2023;1;1;CH48 4DJ;CH48;Flat/Maisonette;Leasehold;FALSO;WIRRAL;WIRRAL;MERSEYSIDE;A;53365854;-3157929;North West;England;Wirral
{01EB45EF-F6FF-40F3-E063-4704A8C05FDE};51000;15/12/2022;2022;12;4;CH62 2EJ;CH62;Flat/Maisonette;Leasehold;FALSO;WIRRAL;WIRRAL;MERSEYSIDE;A;53327324;-2981781;North West;England;Wirral
{01EB45EF-F762-40F3-E063-4704A8C05FDE};82000;2/06/2023;2023;6;2;WA11 0BD;WA11;Terraced;Leasehold;FALSO;ST HELENS;ST HELENS;MERSEYSIDE;A;5347211;-2674044;North West;England;St. Helens
{01EB45EF-F8D2-40F3-E063-4704A8C05FDE};1200000;14/02/2023;2023;2;1;CH48 2HX;CH48;Detached;Freehold;FALSO;WIRRAL;WIRRAL;MERSEYSIDE;A;53365854;-3157929;North West;England;Wirral
{01EB45EF-F948-40F3-E063-4704A8C05FDE};225000;14/07/2023;2023;7;3;CH47 9SE;CH47;Semi-Detached;Freehold;FALSO;WIRRAL;WIRRAL;MERSEYSIDE;A;53394617;-3177522;North West;England;Wirral
{01EB45EF-F9D7-40F3-E063-4704A8C05FDE};240000;11/02/2022;2022;2;1;L12 8QX;L12;Semi-Detached;Freehold;FALSO;LIVERPOOL;LIVERPOOL;MERSEYSIDE;A;53445133;-2904381;North West;England;Liverpool
{01EB45EF-FAFB-40F3-E063-4704A8C05FDE};1780000;29/06/2023;2023;6;2;TW11 8DA;TW11;Terraced;Freehold;FALSO;TEDDINGTON;RICHMOND UPON THAMES;GREATER LONDON;A;51427439;-343552;London;England;Richmond upon Thames
{01EB45EF-FC0B-40F3-E063-4704A8C05FDE};950000;4/07/2023;2023;7;3;HA5 1TU;HA5;Semi-Detached;Freehold;FALSO;PINNER;HILLINGDON;GREATER LONDON;A;51585392;-376456;London;England;Harrow
{01EB45EF-FDBE-40F3-E063-4704A8C05FDE};200500;15/06/2023;2023;6;2;NE61 5QY;NE61;Semi-Detached;Leasehold;FALSO;MORPETH;NORTHUMBERLAND;NORTHUMBERLAND;A;55161368;-1695212;North East;England;Northumberland
{01EB45EF-FDCD-40F3-E063-4704A8C05FDE};140000;13/12/2021;2021;12;4;NE23 6EH;NE23;Semi-Detached;Leasehold;FALSO;CRAMLINGTON;NORTHUMBERLAND;NORTHUMBERLAND;A;55074495;-1583316;North East;England;Northumberland
{01EB45EF-FE5A-40F3-E063-4704A8C05FDE};355000;26/01/2023;2023;1;1;NE20 9NT;NE20;Detached;Freehold;FALSO;NEWCASTLE UPON TYNE;NORTHUMBERLAND;NORTHUMBERLAND;A;55046761;-1729091;North East;England;Northumberland
{01EB45EF-FE8F-40F3-E063-4704A8C05FDE};570000;14/06/2023;2023;6;2;E11 4DR;E11;Terraced;Freehold;FALSO;LONDON;WALTHAM FOREST;GREATER LONDON;A;51563984;22689;London;England;Redbridge
{01EB45EF-FF36-40F3-E063-4704A8C05FDE};1525000;29/06/2023;2023;6;2;NW10 3QD;NW10;Semi-Detached;Freehold;FALSO;LONDON;BRENT;GREATER LONDON;A;51531378;-283207;London;England;Brent
{01EB45EF-FF4B-40F3-E063-4704A8C05FDE};1350000;30/06/2023;2023;6;2;HA9 9HG;HA9;Detached;Freehold;FALSO;WEMBLEY;BRENT;GREATER LONDON;A;51561098;-274571;London;England;Brent
{01EB45EF-FF59-40F3-E063-4704A8C05FDE};1611000;7/07/2023;2023;7;3;W11 2PL;W11;Flat/Maisonette;Leasehold;FALSO;LONDON;KENSINGTON AND CHELSEA;GREATER LONDON;A;51513302;-202084;London;England;Kensington and Chelsea
{01EB45EF-FFE7-40F3-E063-4704A8C05FDE};417000;24/02/2023;2023;2;1;W12 9SW;W12;Terraced;Freehold;FALSO;LONDON;HAMMERSMITH AND FULHAM;GREATER LONDON;A;51508008;-239025;London;England;Hammersmith and Fulham
{01EB45EF-FFE9-40F3-E063-4704A8C05FDE};339000;6/03/2023;2023;3;1;UB5 4ED;UB5;Flat/Maisonette;Leasehold;FALSO;NORTHOLT;EALING;GREATER LONDON;A;51537794;-373767;London;England;Ealing
{01EB45F0-0200-40F3-E063-4704A8C05FDE};260000;24/02/2023;2023;2;1;NR7 0AR;NR7;Semi-Detached;Freehold;FALSO;NORWICH;BROADLAND;NORFOLK;A;52661231;1322772;East of England;England;Broadland
{01EB45F0-0213-40F3-E063-4704A8C05FDE};124750;11/09/2015;2015;9;3;NR27 9DS;NR27;Terraced;Freehold;FALSO;CROMER;NORTH NORFOLK;NORFOLK;A;52929582;1244478;East of England;England;North Norfolk
{01EB45F0-024F-40F3-E063-4704A8C05FDE};217000;26/01/2023;2023;1;1;NR11 6HR;NR11;Terraced;Freehold;FALSO;NORWICH;BROADLAND;NORFOLK;A;52789714;12314;East of England;England;Broadland
{01EB45F0-02B1-40F3-E063-4704A8C05FDE};420000;14/07/2023;2023;7;3;NR31 6EF;NR31;Terraced;Freehold;FALSO;GREAT YARMOUTH;GREAT YARMOUTH;NORFOLK;A;52561502;1727079;East of England;England;Great Yarmouth
{01EB45F0-0474-40F3-E063-4704A8C05FDE};108000;21/06/2023;2023;6;2;NR18 0WU;NR18;Terraced;Leasehold;FALSO;WYMONDHAM;SOUTH NORFOLK;NORFOLK;A;52585213;1138367;East of England;England;South Norfolk
{01EB45F0-04B8-40F3-E063-4704A8C05FDE};270000;14/07/2023;2023;7;3;NR11 6DP;NR11;Semi-Detached;Freehold;FALSO;NORWICH;BROADLAND;NORFOLK;A;52789714;12314;East of England;England;Broadland
{01EB45F0-051E-40F3-E063-4704A8C05FDE};450000;26/01/2023;2023;1;1;NR18 0FY;NR18;Detached;Freehold;FALSO;WYMONDHAM;SOUTH NORFOLK;NORFOLK;A;52585213;1138367;East of England;England;South Norfolk
{01EB45F0-054C-40F3-E063-4704A8C05FDE};395000;24/09/2021;2021;9;3;PE34 4AF;PE34;Detached;Freehold;VERDADERO;KING'S LYNN;KING'S LYNN AND WEST NORFOLK;NORFOLK;A;52759061;289352;East of England;England;King's Lynn and West Norfolk
{01EB45F0-062D-40F3-E063-4704A8C05FDE};525000;15/10/2020;2020;10;4;NR21 0QS;NR21;Terraced;Freehold;FALSO;FAKENHAM;NORTH NORFOLK;NORFOLK;A;52840611;841926;East of England;England;North Norfolk
{01EB45F0-077D-40F3-E063-4704A8C05FDE};400000;13/06/2023;2023;6;2;NN13 7AR;NN13;Detached;Freehold;FALSO;BRACKLEY;WEST NORTHAMPTONSHIRE;WEST NORTHAMPTONSHIRE;A;52027692;-1155158;East Midlands;England;West Northamptonshire
{01EB45F0-0808-40F3-E063-4704A8C05FDE};200000;27/06/2023;2023;6;2;PE8 4LL;PE8;Terraced;Freehold;FALSO;PETERBOROUGH;NORTH NORTHAMPTONSHIRE;NORTH NORTHAMPTONSHIRE;A;52477586;-366996;East Midlands;England;North Northamptonshire
{01EB45F0-083A-40F3-E063-4704A8C05FDE};155000;15/06/2023;2023;6;2;NN8 2FE;NN8;Flat/Maisonette;Leasehold;FALSO;WELLINGBOROUGH;NORTH NORTHAMPTONSHIRE;NORTH NORTHAMPTONSHIRE;A;52302877;-685432;East Midlands;England;North Northamptonshire
{01EB45F0-0992-40F3-E063-4704A8C05FDE};148000;29/09/2021;2021;9;3;NN3 2LL;NN3;Flat/Maisonette;Leasehold;FALSO;NORTHAMPTON;WEST NORTHAMPTONSHIRE;WEST NORTHAMPTONSHIRE;A;52268232;-817676;East Midlands;England;West Northamptonshire
{01EB45F0-0A04-40F3-E063-4704A8C05FDE};242000;15/05/2023;2023;5;2;NN3 2QG;NN3;Semi-Detached;Freehold;FALSO;NORTHAMPTON;WEST NORTHAMPTONSHIRE;WEST NORTHAMPTONSHIRE;A;52268232;-817676;East Midlands;England;West Northamptonshire
{01EB45F0-0A32-40F3-E063-4704A8C05FDE};225000;22/12/2022;2022;12;4;NN10 9PF;NN10;Semi-Detached;Freehold;FALSO;RUSHDEN;NORTH NORTHAMPTONSHIRE;NORTH NORTHAMPTONSHIRE;A;52292513;-610974;East Midlands;England;North Northamptonshire
{01EB45F0-0B2A-40F3-E063-4704A8C05FDE};180000;29/11/2022;2022;11;4;NG18 5NQ;NG18;Semi-Detached;Freehold;FALSO;MANSFIELD;MANSFIELD;NOTTINGHAMSHIRE;A;53136892;-1193955;East Midlands;England;Mansfield
{01EB45F0-0B64-40F3-E063-4704A8C05FDE};220000;16/06/2023;2023;6;2;NG22 9AZ;NG22;Semi-Detached;Freehold;FALSO;NEWARK;NEWARK AND SHERWOOD;NOTTINGHAMSHIRE;A;53232856;-886169;East Midlands;England;Bassetlaw
{01EB45F0-0BCD-40F3-E063-4704A8C05FDE};155000;26/05/2023;2023;5;2;NG11 9FS;NG11;Terraced;Freehold;FALSO;NOTTINGHAM;CITY OF NOTTINGHAM;CITY OF NOTTINGHAM;A;52915357;-1163748;East Midlands;England;Nottingham
{01EB45F0-0C31-40F3-E063-4704A8C05FDE};268000;27/01/2023;2023;1;1;NG5 8EP;NG5;Detached;Freehold;FALSO;NOTTINGHAM;GEDLING;NOTTINGHAMSHIRE;A;53010165;-1109872;East Midlands;England;Gedling
{01EB45F0-0CB6-40F3-E063-4704A8C05FDE};185000;10/03/2022;2022;3;1;NG1 1JP;NG1;Flat/Maisonette;Leasehold;FALSO;NOTTINGHAM;CITY OF NOTTINGHAM;CITY OF NOTTINGHAM;A;5295257;-1141746;East Midlands;England;Nottingham
{01EB45F0-0CBA-40F3-E063-4704A8C05FDE};288000;30/06/2023;2023;6;2;NG25 0UW;NG25;Semi-Detached;Freehold;FALSO;SOUTHWELL;NEWARK AND SHERWOOD;NOTTINGHAMSHIRE;A;53081118;-954939;East Midlands;England;Newark and Sherwood
{01EB45F0-0CC7-40F3-E063-4704A8C05FDE};160000;10/05/2023;2023;5;2;NG1 5AG;NG1;Flat/Maisonette;Leasehold;FALSO;NOTTINGHAM;CITY OF NOTTINGHAM;CITY OF NOTTINGHAM;B;5295257;-1141746;East Midlands;England;Nottingham
{01EB45F0-0D14-40F3-E063-4704A8C05FDE};300000;30/06/2023;2023;6;2;NG24 4SG;NG24;Flat/Maisonette;Leasehold;FALSO;NEWARK;NEWARK AND SHERWOOD;NOTTINGHAMSHIRE;A;53051412;-775347;East Midlands;England;Newark and Sherwood
{01EB45F0-0D21-40F3-E063-4704A8C05FDE};190000;9/06/2023;2023;6;2;DN22 7NJ;DN22;Semi-Detached;Freehold;FALSO;RETFORD;BASSETLAW;NOTTINGHAMSHIRE;A;5333053;-823128;East Midlands;England;Bassetlaw
{01EB45F0-0D32-40F3-E063-4704A8C05FDE};117000;10/02/2023;2023;2;1;NG2 3BX;NG2;Flat/Maisonette;Leasehold;FALSO;NOTTINGHAM;CITY OF NOTTINGHAM;CITY OF NOTTINGHAM;A;52920057;-1122309;East Midlands;England;Rushcliffe
{01EB45F0-0D67-40F3-E063-4704A8C05FDE};187000;30/06/2023;2023;6;2;NG18 4BR;NG18;Terraced;Freehold;FALSO;MANSFIELD;MANSFIELD;NOTTINGHAMSHIRE;A;53136892;-1193955;East Midlands;England;Mansfield
{01EB45F0-0D91-40F3-E063-4704A8C05FDE};165000;30/06/2023;2023;6;2;DN10 4DY;DN10;Terraced;Freehold;FALSO;DONCASTER;BASSETLAW;NOTTINGHAMSHIRE;A;53409517;-897494;East Midlands;England;Bassetlaw
{01EB45F0-0DEB-40F3-E063-4704A8C05FDE};200000;30/06/2023;2023;6;2;NG4 2EP;NG4;Terraced;Freehold;FALSO;NOTTINGHAM;GEDLING;NOTTINGHAMSHIRE;A;52973636;-1113988;East Midlands;England;Gedling
{01EB45F0-0E22-40F3-E063-4704A8C05FDE};275000;23/06/2023;2023;6;2;NG19 8RJ;NG19;Detached;Freehold;FALSO;MANSFIELD;MANSFIELD;NOTTINGHAMSHIRE;A;53151788;-1159029;East Midlands;England;Mansfield
{01EB45F0-0F71-40F3-E063-4704A8C05FDE};209995;17/06/2022;2022;6;2;NG15 6XB;NG15;Semi-Detached;Freehold;VERDADERO;NOTTINGHAM;ASHFIELD;NOTTINGHAMSHIRE;A;53090894;-1164098;East Midlands;England;Gedling
{01EB45F0-0F9D-40F3-E063-4704A8C05FDE};174995;15/07/2022;2022;7;3;DN11 8FP;DN11;Terraced;Freehold;VERDADERO;DONCASTER;BASSETLAW;NOTTINGHAMSHIRE;A;53478863;-1082197;Yorkshire and The Humber;England;Doncaster
{01EB45F0-0FC9-40F3-E063-4704A8C05FDE};200995;24/06/2022;2022;6;2;NG22 9XW;NG22;Detached;Freehold;VERDADERO;NEWARK;NEWARK AND SHERWOOD;NOTTINGHAMSHIRE;A;53232856;-886169;East Midlands;England;Bassetlaw
{01EB45F0-1072-40F3-E063-4704A8C05FDE};320000;5/07/2023;2023;7;3;NG8 3LT;NG8;Detached;Freehold;FALSO;NOTTINGHAM;CITY OF NOTTINGHAM;CITY OF NOTTINGHAM;A;52981993;-1205315;East Midlands;England;Nottingham
{01EB45F0-110C-40F3-E063-4704A8C05FDE};540000;11/05/2023;2023;5;2;BD24 9BT;BD24;Detached;Freehold;FALSO;SETTLE;NORTH YORKSHIRE;NORTH YORKSHIRE;A;54067761;-2280769;Yorkshire and The Humber;England;North Yorkshire
{01EB45F0-11A9-40F3-E063-4704A8C05FDE};256000;5/06/2023;2023;6;2;HG1 2RT;HG1;Flat/Maisonette;Leasehold;FALSO;HARROGATE;NORTH YORKSHIRE;NORTH YORKSHIRE;A;53993275;-1529254;Yorkshire and The Humber;England;North Yorkshire
{01EB45F0-123A-40F3-E063-4704A8C05FDE};163000;7/07/2023;2023;7;3;YO12 7LR;YO12;Terraced;Freehold;FALSO;SCARBOROUGH;NORTH YORKSHIRE;NORTH YORKSHIRE;A;54282606;-412063;Yorkshire and The Humber;England;North Yorkshire
{01EB45F0-12D5-40F3-E063-4704A8C05FDE};395000;1/06/2023;2023;6;2;YO13 0NB;YO13;Semi-Detached;Freehold;FALSO;SCARBOROUGH;NORTH YORKSHIRE;NORTH YORKSHIRE;A;54299319;-458122;Yorkshire and The Humber;England;North Yorkshire
{01EB45F0-12F4-40F3-E063-4704A8C05FDE};260000;10/07/2023;2023;7;3;YO22 5BU;YO22;Semi-Detached;Freehold;FALSO;WHITBY;NORTH YORKSHIRE;NORTH YORKSHIRE;A;54488591;-611905;Yorkshire and The Humber;England;North Yorkshire
{01EB45F0-13BB-40F3-E063-4704A8C05FDE};193995;17/12/2021;2021;12;4;YO11 3WG;YO11;Semi-Detached;Freehold;VERDADERO;SCARBOROUGH;NORTH YORKSHIRE;NORTH YORKSHIRE;A;54232877;-37784;Yorkshire and The Humber;England;North Yorkshire
{01EB45F0-14B6-40F3-E063-4704A8C05FDE};250000;29/07/2022;2022;7;3;HG3 2QT;HG3;Semi-Detached;Freehold;VERDADERO;HARROGATE;NORTH YORKSHIRE;NORTH YORKSHIRE;A;54005762;-1576076;Yorkshire and The Humber;England;North Yorkshire
{01EB45F0-1517-40F3-E063-4704A8C05FDE};498533;19/12/2022;2022;12;4;YO60 7DN;YO60;Detached;Freehold;FALSO;YORK;NORTH YORKSHIRE;NORTH YORKSHIRE;A;54088978;-999908;Yorkshire and The Humber;England;North Yorkshire
{01EB45F0-1651-40F3-E063-4704A8C05FDE};765000;14/06/2023;2023;6;2;GL7 3QT;GL7;Detached;Freehold;FALSO;LECHLADE;WEST OXFORDSHIRE;OXFORDSHIRE;A;5167188;-1772894;South West;England;Cotswold
{01EB45F0-165F-40F3-E063-4704A8C05FDE};195000;26/05/2023;2023;5;2;OX18 1HA;OX18;Flat/Maisonette;Leasehold;FALSO;CARTERTON;WEST OXFORDSHIRE;OXFORDSHIRE;A;51770993;-1585169;South East;England;West Oxfordshire
{01EB45F0-16F0-40F3-E063-4704A8C05FDE};950000;3/07/2023;2023;7;3;OX5 2SF;OX5;Detached;Freehold;FALSO;KIDLINGTON;CHERWELL;OXFORDSHIRE;A;5183087;-1301219;South East;England;Cherwell
{01EB45F0-177A-40F3-E063-4704A8C05FDE};156000;2/06/2021;2021;6;2;OX10 0BQ;OX10;Flat/Maisonette;Leasehold;FALSO;WALLINGFORD;SOUTH OXFORDSHIRE;OXFORDSHIRE;A;51625343;-1086167;South East;England;South Oxfordshire
{01EB45F0-178E-40F3-E063-4704A8C05FDE};439995;28/06/2021;2021;6;2;OX12 0GL;OX12;Detached;Freehold;VERDADERO;WANTAGE;VALE OF WHITE HORSE;OXFORDSHIRE;A;51600284;-1424007;South East;England;Vale of White Horse
{01EB45F0-1839-40F3-E063-4704A8C05FDE};565000;30/06/2022;2022;6;2;SN7 8FX;SN7;Detached;Freehold;VERDADERO;FARINGDON;VALE OF WHITE HORSE;OXFORDSHIRE;A;51636567;-1505131;South East;England;Vale of White Horse
{01EB45F0-18F3-40F3-E063-4704A8C05FDE};380000;3/07/2023;2023;7;3;OX5 1SG;OX5;Terraced;Freehold;FALSO;KIDLINGTON;CHERWELL;OXFORDSHIRE;A;5183087;-1301219;South East;England;Cherwell
{01EB45F0-191B-40F3-E063-4704A8C05FDE};375000;16/06/2023;2023;6;2;OX11 8LD;OX11;Semi-Detached;Freehold;FALSO;DIDCOT;SOUTH OXFORDSHIRE;OXFORDSHIRE;A;51609152;-1254776;South East;England;South Oxfordshire
{01EB45F0-19BE-40F3-E063-4704A8C05FDE};245000;30/06/2023;2023;6;2;PO6 3HS;PO6;Terraced;Freehold;FALSO;PORTSMOUTH;PORTSMOUTH;PORTSMOUTH;A;50845876;-1056881;South East;England;Portsmouth
{01EB45F0-1A1A-40F3-E063-4704A8C05FDE};130000;15/06/2023;2023;6;2;WS15 1NW;WS15;Semi-Detached;Freehold;FALSO;RUGELEY;CANNOCK CHASE;STAFFORDSHIRE;A;52764187;-1946335;West Midlands;England;Cannock Chase
{01EB45F0-1A8C-40F3-E063-4704A8C05FDE};115000;21/06/2023;2023;6;2;WS2 9SS;WS2;Terraced;Freehold;FALSO;WALSALL;WALSALL;WEST MIDLANDS;A;52589816;-1994726;West Midlands;England;Walsall
{01EB45F0-1B11-40F3-E063-4704A8C05FDE};280000;8/02/2023;2023;2;1;WV6 9ES;WV6;Semi-Detached;Freehold;FALSO;WOLVERHAMPTON;WOLVERHAMPTON;WEST MIDLANDS;A;52612853;-2162363;West Midlands;England;Wolverhampton
{01EB45F0-1B2C-40F3-E063-4704A8C05FDE};320000;31/05/2023;2023;5;2;ST19 9NF;ST19;Semi-Detached;Freehold;FALSO;STAFFORD;SOUTH STAFFORDSHIRE;STAFFORDSHIRE;A;52710217;-2224893;West Midlands;England;South Staffordshire
{01EB45F0-1B80-40F3-E063-4704A8C05FDE};182500;26/06/2023;2023;6;2;B77 2JU;B77;Semi-Detached;Freehold;FALSO;TAMWORTH;TAMWORTH;STAFFORDSHIRE;A;52627163;-1677238;West Midlands;England;Tamworth
{01EB45F0-1CF4-40F3-E063-4704A8C05FDE};132000;30/06/2023;2023;6;2;ST5 0AQ;ST5;Terraced;Freehold;FALSO;NEWCASTLE;NEWCASTLE-UNDER-LYME;STAFFORDSHIRE;B;53006881;-2218567;West Midlands;England;Newcastle-under-Lyme
{01EB45F0-1D92-40F3-E063-4704A8C05FDE};125000;6/04/2023;2023;4;2;ST6 5PR;ST6;Semi-Detached;Freehold;FALSO;STOKE-ON-TRENT;STOKE-ON-TRENT;STOKE-ON-TRENT;A;53070174;-2197711;West Midlands;England;Stoke-on-Trent
{01EB45F0-1E10-40F3-E063-4704A8C05FDE};151000;16/06/2023;2023;6;2;WS7 3RQ;WS7;Flat/Maisonette;Leasehold;FALSO;BURNTWOOD;LICHFIELD;STAFFORDSHIRE;A;52669638;-1936482;West Midlands;England;Lichfield
{01EB45F0-1F74-40F3-E063-4704A8C05FDE};326950;10/06/2022;2022;6;2;ST19 9FF;ST19;Semi-Detached;Freehold;VERDADERO;STAFFORD;SOUTH STAFFORDSHIRE;STAFFORDSHIRE;A;52710217;-2224893;West Midlands;England;South Staffordshire
{01EB45F0-206E-40F3-E063-4704A8C05FDE};550000;16/06/2023;2023;6;2;CR8 1HX;CR8;Semi-Detached;Freehold;FALSO;PURLEY;CROYDON;GREATER LONDON;A;5133776;-118166;London;England;Croydon
{01EB45F0-20BA-40F3-E063-4704A8C05FDE};620000;23/06/2023;2023;6;2;BR3 4TZ;BR3;Terraced;Freehold;FALSO;BECKENHAM;BROMLEY;GREATER LONDON;A;51406882;-27073;London;England;Bromley
{01EB45F0-20C4-40F3-E063-4704A8C05FDE};310000;18/11/2022;2022;11;4;SE20 7YG;SE20;Flat/Maisonette;Freehold;FALSO;LONDON;BROMLEY;GREATER LONDON;A;51417881;-58916;London;England;Bromley
{01EB45F0-20E4-40F3-E063-4704A8C05FDE};600000;2/12/2022;2022;12;4;DA7 4SE;DA7;Terraced;Freehold;FALSO;BEXLEYHEATH;BEXLEY;GREATER LONDON;A;5146191;133616;London;England;Bexley
{01EB45F0-211F-40F3-E063-4704A8C05FDE};605000;23/06/2023;2023;6;2;SW16 5AB;SW16;Terraced;Freehold;FALSO;LONDON;LAMBETH;GREATER LONDON;A;51425463;-143319;London;England;Wandsworth
{01EB45F0-2126-40F3-E063-4704A8C05FDE};305000;30/06/2023;2023;6;2;SW19 4JB;SW19;Flat/Maisonette;Leasehold;FALSO;LONDON;MERTON;GREATER LONDON;A;51422466;-194978;London;England;Merton
{01EB45F0-21F9-40F3-E063-4704A8C05FDE};820000;27/06/2023;2023;6;2;SE26 6HP;SE26;Semi-Detached;Freehold;FALSO;LONDON;LEWISHAM;GREATER LONDON;A;51422636;-53378;London;England;Bromley
{01EB45F0-226B-40F3-E063-4704A8C05FDE};495000;17/07/2023;2023;7;3;CR0 8YS;CR0;Terraced;Freehold;FALSO;CROYDON;CROYDON;GREATER LONDON;A;51373138;-116486;London;England;Croydon
{01EB45F0-226C-40F3-E063-4704A8C05FDE};250000;17/02/2023;2023;2;1;BR4 0QD;BR4;Flat/Maisonette;Leasehold;FALSO;WEST WICKHAM;BROMLEY;GREATER LONDON;A;51382035;-2144;London;England;Bromley
{01EB45F0-228C-40F3-E063-4704A8C05FDE};220000;31/03/2023;2023;3;1;CR7 8AA;CR7;Flat/Maisonette;Leasehold;FALSO;THORNTON HEATH;CROYDON;GREATER LONDON;A;51395865;-115509;London;England;Croydon
{01EB45F0-234A-40F3-E063-4704A8C05FDE};1197000;3/07/2023;2023;7;3;SW2 3RR;SW2;Terraced;Freehold;FALSO;LONDON;LAMBETH;GREATER LONDON;A;51446122;-12373;London;England;Lambeth
{01EB45F0-234B-40F3-E063-4704A8C05FDE};315000;24/05/2023;2023;5;2;TN16 3SR;TN16;Flat/Maisonette;Leasehold;FALSO;WESTERHAM;BROMLEY;GREATER LONDON;A;51313218;31027;London;England;Bromley
{01EB45F0-23BD-40F3-E063-4704A8C05FDE};220000;30/06/2023;2023;6;2;CR2 7DX;CR2;Flat/Maisonette;Leasehold;FALSO;SOUTH CROYDON;CROYDON;GREATER LONDON;A;51345234;-74508;London;England;Croydon
{01EB45F0-2452-40F3-E063-4704A8C05FDE};735000;15/06/2023;2023;6;2;CR5 3FT;CR5;Detached;Freehold;FALSO;COULSDON;CROYDON;GREATER LONDON;A;51301944;-117234;London;England;Croydon
{01EB45F0-24E4-40F3-E063-4704A8C05FDE};310000;13/07/2021;2021;7;3;CR4 4FQ;CR4;Flat/Maisonette;Leasehold;VERDADERO;MITCHAM;SUTTON;GREATER LONDON;A;51404074;-157327;London;England;Merton
{01EB45F0-24FE-40F3-E063-4704A8C05FDE};330000;7/08/2020;2020;8;3;CR8 1DH;CR8;Flat/Maisonette;Leasehold;FALSO;PURLEY;CROYDON;GREATER LONDON;A;5133776;-118166;London;England;Croydon
{01EB45F0-2507-40F3-E063-4704A8C05FDE};450000;24/09/2021;2021;9;3;CR5 2HH;CR5;Flat/Maisonette;Leasehold;VERDADERO;COULSDON;CROYDON;GREATER LONDON;A;51301944;-117234;London;England;Croydon
{01EB45F0-2528-40F3-E063-4704A8C05FDE};720000;17/12/2021;2021;12;4;CR5 2FP;CR5;Terraced;Freehold;FALSO;COULSDON;CROYDON;GREATER LONDON;A;51301944;-117234;London;England;Croydon
{01EB45F0-2642-40F3-E063-4704A8C05FDE};520000;16/06/2023;2023;6;2;PO8 9TQ;PO8;Detached;Freehold;FALSO;WATERLOOVILLE;EAST HAMPSHIRE;HAMPSHIRE;A;50902483;-1023724;South East;England;Havant
{01EB45F0-26A1-40F3-E063-4704A8C05FDE};375000;25/02/2022;2022;2;1;GU35 0UL;GU35;Terraced;Freehold;VERDADERO;BORDON;EAST HAMPSHIRE;HAMPSHIRE;A;51110702;-855419;South East;England;East Hampshire
{01EB45F0-26F2-40F3-E063-4704A8C05FDE};385000;31/05/2023;2023;5;2;IP30 9EB;IP30;Detached;Freehold;FALSO;BURY ST EDMUNDS;MID SUFFOLK;SUFFOLK;A;52234472;910248;East of England;England;Mid Suffolk
{01EB45F0-278E-40F3-E063-4704A8C05FDE};500000;28/06/2023;2023;6;2;CB8 9BE;CB8;Detached;Freehold;FALSO;NEWMARKET;WEST SUFFOLK;SUFFOLK;A;52243285;39898;East of England;England;West Suffolk
{01EB45F0-2843-40F3-E063-4704A8C05FDE};320000;2/05/2023;2023;5;2;IP12 2GL;IP12;Terraced;Freehold;FALSO;WOODBRIDGE;EAST SUFFOLK;SUFFOLK;A;52138029;1525472;East of England;England;East Suffolk
{01EB45F0-2883-40F3-E063-4704A8C05FDE};281000;30/06/2023;2023;6;2;CB8 0SU;CB8;Terraced;Freehold;FALSO;NEWMARKET;WEST SUFFOLK;SUFFOLK;A;52243285;39898;East of England;England;West Suffolk
{01EB45F0-2933-40F3-E063-4704A8C05FDE};396000;26/11/2021;2021;11;4;NR35 1BE;NR35;Detached;Freehold;FALSO;BUNGAY;EAST SUFFOLK;SUFFOLK;A;52455258;1438913;East of England;England;East Suffolk
{01EB45F0-294F-40F3-E063-4704A8C05FDE};230000;14/01/2022;2022;1;1;IP16 4JW;IP16;Semi-Detached;Freehold;FALSO;LEISTON;EAST SUFFOLK;SUFFOLK;A;52207758;1579164;East of England;England;East Suffolk
{01EB45F0-29A2-40F3-E063-4704A8C05FDE};325000;27/05/2022;2022;5;2;IP5 1LT;IP5;Semi-Detached;Freehold;FALSO;IPSWICH;EAST SUFFOLK;SUFFOLK;A;52061734;1255201;East of England;England;East Suffolk
{01EB45F0-29D9-40F3-E063-4704A8C05FDE};580000;7/10/2022;2022;10;4;CB8 8UJ;CB8;Detached;Freehold;FALSO;NEWMARKET;WEST SUFFOLK;SUFFOLK;A;52243285;39898;East of England;England;West Suffolk
{01EB45F0-2AB8-40F3-E063-4704A8C05FDE};227000;23/06/2023;2023;6;2;TF9 3QT;TF9;Semi-Detached;Freehold;FALSO;MARKET DRAYTON;SHROPSHIRE;SHROPSHIRE;A;5289943;-2500493;West Midlands;England;Shropshire
{01EB45F0-2AE8-40F3-E063-4704A8C05FDE};160000;23/06/2023;2023;6;2;TF1 1LT;TF1;Flat/Maisonette;Leasehold;FALSO;TELFORD;WREKIN;WREKIN;A;52707115;-2483649;West Midlands;England;Telford and Wrekin
{01EB45F0-2B90-40F3-E063-4704A8C05FDE};240000;6/01/2023;2023;1;1;TF11 8FR;TF11;Terraced;Freehold;FALSO;SHIFNAL;SHROPSHIRE;SHROPSHIRE;A;52673138;-2367194;West Midlands;England;Shropshire
{01EB45F0-2C59-40F3-E063-4704A8C05FDE};385000;24/06/2022;2022;6;2;TF4 3GS;TF4;Detached;Freehold;VERDADERO;TELFORD;WREKIN;WREKIN;A;52674069;-2472178;West Midlands;England;Telford and Wrekin
{01EB45F0-2C65-40F3-E063-4704A8C05FDE};255600;15/07/2022;2022;7;3;TF4 3GX;TF4;Semi-Detached;Freehold;VERDADERO;TELFORD;WREKIN;WREKIN;A;52674069;-2472178;West Midlands;England;Telford and Wrekin
{01EB45F0-2CD7-40F3-E063-4704A8C05FDE};450000;9/06/2023;2023;6;2;SY8 2NG;SY8;Semi-Detached;Freehold;FALSO;LUDLOW;SHROPSHIRE;SHROPSHIRE;A;52373373;-2713635;West Midlands;England;Shropshire
{01EB45F0-2DB3-40F3-E063-4704A8C05FDE};560000;30/06/2023;2023;6;2;BS21 7UQ;BS21;Semi-Detached;Freehold;FALSO;CLEVEDON;NORTH SOMERSET;NORTH SOMERSET;A;51428713;-2857751;South West;England;North Somerset
{01EB45F0-2E09-40F3-E063-4704A8C05FDE};523000;26/01/2023;2023;1;1;BS23 2LP;BS23;Detached;Freehold;FALSO;WESTON-SUPER-MARE;NORTH SOMERSET;NORTH SOMERSET;A;51345358;-2965043;South West;England;North Somerset
{01EB45F0-2EA6-40F3-E063-4704A8C05FDE};256000;9/06/2023;2023;6;2;BS24 7FW;BS24;Terraced;Freehold;FALSO;WESTON-SUPER-MARE;NORTH SOMERSET;NORTH SOMERSET;A;51349384;-2925395;South West;England;North Somerset
{01EB45F0-2EE4-40F3-E063-4704A8C05FDE};285000;30/11/2022;2022;11;4;TA2 6EY;TA2;Terraced;Freehold;FALSO;TAUNTON;SOMERSET;SOMERSET;A;51026267;-3110892;South West;England;Somerset
{01EB45F0-2EE5-40F3-E063-4704A8C05FDE};306000;4/08/2021;2021;8;3;TA21 8FD;TA21;Semi-Detached;Freehold;FALSO;WELLINGTON;SOMERSET;SOMERSET;A;50975887;-3275677;South West;England;Somerset
{01EB45F0-2F92-40F3-E063-4704A8C05FDE};1200000;20/06/2022;2022;6;2;BS48 4AA;BS48;Semi-Detached;Freehold;FALSO;BRISTOL;NORTH SOMERSET;NORTH SOMERSET;A;51425526;-2774384;South West;England;North Somerset
{01EB45F0-3063-40F3-E063-4704A8C05FDE};545000;12/06/2023;2023;6;2;BA5 2TT;BA5;Detached;Freehold;FALSO;WELLS;SOMERSET;SOMERSET;A;5118588;-2680103;South West;England;Somerset
{01EB45F0-3089-40F3-E063-4704A8C05FDE};595000;20/06/2023;2023;6;2;BN43 5NS;BN43;Semi-Detached;Freehold;FALSO;SHOREHAM-BY-SEA;ADUR;WEST SUSSEX;A;50830458;-256361;South East;England;Adur
{01EB45F0-30AE-40F3-E063-4704A8C05FDE};2450000;20/06/2023;2023;6;2;PO18 8ET;PO18;Detached;Freehold;FALSO;CHICHESTER;CHICHESTER;WEST SUSSEX;A;50843666;-814551;South East;England;Chichester
{01EB45F0-30D7-40F3-E063-4704A8C05FDE};467500;23/02/2023;2023;2;1;BN41 2HN;BN41;Terraced;Freehold;FALSO;BRIGHTON;BRIGHTON AND HOVE;BRIGHTON AND HOVE;A;5083712;-218675;South East;England;Brighton and Hove
{01EB45F0-3171-40F3-E063-4704A8C05FDE};495000;6/07/2023;2023;7;3;BN8 4HH;BN8;Detached;Freehold;FALSO;LEWES;LEWES;EAST SUSSEX;A;50891137;51302;South East;England;Lewes
{01EB45F0-31D6-40F3-E063-4704A8C05FDE};2200000;7/07/2023;2023;7;3;KT7 0HX;KT7;Semi-Detached;Freehold;FALSO;THAMES DITTON;ELMBRIDGE;SURREY;A;51391666;-333403;South East;England;Elmbridge
{01EB45F0-3203-40F3-E063-4704A8C05FDE};740000;26/06/2023;2023;6;2;KT19 9UD;KT19;Semi-Detached;Freehold;FALSO;EPSOM;EPSOM AND EWELL;SURREY;A;51348095;-27243;South East;England;Epsom and Ewell
{01EB45F0-3266-40F3-E063-4704A8C05FDE};525000;29/06/2023;2023;6;2;SM5 3ST;SM5;Semi-Detached;Freehold;FALSO;CARSHALTON;SUTTON;GREATER LONDON;A;51373457;-170698;London;England;Sutton
{01EB45F0-32E7-40F3-E063-4704A8C05FDE};425000;15/06/2023;2023;6;2;KT12 4QX;KT12;Semi-Detached;Freehold;FALSO;WALTON-ON-THAMES;ELMBRIDGE;SURREY;A;51390925;-420144;South East;England;Elmbridge
{01EB45F0-3304-40F3-E063-4704A8C05FDE};485000;4/07/2023;2023;7;3;GU12 5EL;GU12;Detached;Freehold;FALSO;ALDERSHOT;GUILDFORD;SURREY;A;51239667;-705572;South East;England;Guildford
{01EB45F0-334D-40F3-E063-4704A8C05FDE};826000;6/07/2023;2023;7;3;TW15 2JW;TW15;Detached;Freehold;FALSO;ASHFORD;SPELTHORNE;SURREY;A;51427565;-47898;South East;England;Spelthorne
{01EB45F0-335B-40F3-E063-4704A8C05FDE};542000;22/05/2023;2023;5;2;GU2 7SX;GU2;Semi-Detached;Freehold;FALSO;GUILDFORD;GUILDFORD;SURREY;A;51236217;-583292;South East;England;Guildford
{01EB45F0-336F-40F3-E063-4704A8C05FDE};600000;7/07/2023;2023;7;3;TW17 0DU;TW17;Semi-Detached;Freehold;FALSO;SHEPPERTON;SPELTHORNE;SURREY;A;51399823;-458955;South East;England;Spelthorne
{01EB45F0-3464-40F3-E063-4704A8C05FDE};2600000;19/08/2022;2022;8;3;KT12 1JL;KT12;Detached;Freehold;FALSO;WALTON-ON-THAMES;ELMBRIDGE;SURREY;A;51390925;-420144;South East;England;Elmbridge
{01EB45F0-3477-40F3-E063-4704A8C05FDE};320000;3/07/2023;2023;7;3;GU7 1YF;GU7;Terraced;Freehold;FALSO;GODALMING;WAVERLEY;SURREY;A;51188292;-601648;South East;England;Waverley
{01EB45F0-3490-40F3-E063-4704A8C05FDE};1090000;28/06/2023;2023;6;2;RH5 5BG;RH5;Detached;Freehold;FALSO;DORKING;MOLE VALLEY;SURREY;A;51194105;-325854;South East;England;Mole Valley
{01EB45F0-34D9-40F3-E063-4704A8C05FDE};268000;9/12/2022;2022;12;4;CR3 0BW;CR3;Flat/Maisonette;Leasehold;FALSO;WHYTELEAFE;TANDRIDGE;SURREY;A;51286162;-77998;South East;England;Tandridge
{01EB45F0-36E3-40F3-E063-4704A8C05FDE};1270000;31/03/2021;2021;3;1;KT22 0HG;KT22;Semi-Detached;Freehold;FALSO;LEATHERHEAD;ELMBRIDGE;SURREY;A;51293954;-326601;South East;England;Mole Valley
{01EB45F0-3790-40F3-E063-4704A8C05FDE};570000;12/05/2022;2022;5;2;GU9 0FJ;GU9;Detached;Freehold;VERDADERO;FARNHAM;WAVERLEY;SURREY;A;5121479;-804032;South East;England;Waverley
{01EB45F0-3899-40F3-E063-4704A8C05FDE};195000;30/05/2023;2023;5;2;S62 6JF;S62;Semi-Detached;Freehold;FALSO;ROTHERHAM;ROTHERHAM;SOUTH YORKSHIRE;A;53462791;-1339765;Yorkshire and The Humber;England;Rotherham
{01EB45F0-3A0C-40F3-E063-4704A8C05FDE};165000;22/05/2023;2023;5;2;S13 9ZB;S13;Terraced;Leasehold;FALSO;SHEFFIELD;ROTHERHAM;SOUTH YORKSHIRE;A;53362868;-1414774;Yorkshire and The Humber;England;Sheffield
{01EB45F0-3A6B-40F3-E063-4704A8C05FDE};362500;30/06/2023;2023;6;2;S36 2NE;S36;Detached;Freehold;FALSO;SHEFFIELD;SHEFFIELD;SOUTH YORKSHIRE;A;53526286;-1667048;Yorkshire and The Humber;England;Barnsley
{01EB45F0-3AD1-40F3-E063-4704A8C05FDE};350000;11/07/2023;2023;7;3;S60 3LU;S60;Detached;Freehold;FALSO;ROTHERHAM;ROTHERHAM;SOUTH YORKSHIRE;A;5341378;-1335558;Yorkshire and The Humber;England;Rotherham
{01EB45F0-3AF0-40F3-E063-4704A8C05FDE};90000;18/10/2022;2022;10;4;S20 8NL;S20;Terraced;Freehold;FALSO;SHEFFIELD;SHEFFIELD;SOUTH YORKSHIRE;A;53335831;-1329501;Yorkshire and The Humber;England;Sheffield
{01EB45F0-3B00-40F3-E063-4704A8C05FDE};860500;7/07/2023;2023;7;3;S66 1AN;S66;Detached;Freehold;FALSO;ROTHERHAM;ROTHERHAM;SOUTH YORKSHIRE;A;53423025;-1262715;Yorkshire and The Humber;England;Rotherham
{01EB45F0-3BD4-40F3-E063-4704A8C05FDE};70000;23/06/2023;2023;6;2;S60 5SG;S60;Terraced;Freehold;FALSO;ROTHERHAM;ROTHERHAM;SOUTH YORKSHIRE;A;5341378;-1335558;Yorkshire and The Humber;England;Rotherham
{01EB45F0-3CF1-40F3-E063-4704A8C05FDE};474999;22/12/2021;2021;12;4;S25 4DP;S25;Detached;Freehold;VERDADERO;SHEFFIELD;ROTHERHAM;SOUTH YORKSHIRE;A;5337494;-1230747;Yorkshire and The Humber;England;Rotherham
{01EB45F0-3D68-40F3-E063-4704A8C05FDE};160000;17/05/2022;2022;5;2;S2 5DY;S2;Flat/Maisonette;Leasehold;VERDADERO;SHEFFIELD;SHEFFIELD;SOUTH YORKSHIRE;A;5336847;-147125;Yorkshire and The Humber;England;Sheffield
{01EB45F0-3D87-40F3-E063-4704A8C05FDE};209995;1/07/2022;2022;7;3;DN2 4FB;DN2;Semi-Detached;Freehold;VERDADERO;DONCASTER;DONCASTER;SOUTH YORKSHIRE;A;53534937;-111222;Yorkshire and The Humber;England;Doncaster
{01EB45F0-3E35-40F3-E063-4704A8C05FDE};86500;28/04/2023;2023;4;2;DN8 4LR;DN8;Terraced;Freehold;FALSO;DONCASTER;DONCASTER;SOUTH YORKSHIRE;A;53613875;-961385;Yorkshire and The Humber;England;Doncaster
{01EB45F0-3EB8-40F3-E063-4704A8C05FDE};470000;1/06/2023;2023;6;2;SW16 2BB;SW16;Flat/Maisonette;Leasehold;FALSO;LONDON;LAMBETH;GREATER LONDON;A;51425463;-143319;London;England;Wandsworth
{01EB45F0-3ED7-40F3-E063-4704A8C05FDE};640000;21/07/2023;2023;7;3;SW11 3DU;SW11;Flat/Maisonette;Leasehold;FALSO;LONDON;WANDSWORTH;GREATER LONDON;A;51475587;-152864;London;England;Wandsworth
{01EB45F0-3F03-40F3-E063-4704A8C05FDE};255000;14/10/2022;2022;10;4;SE14 5BU;SE14;Flat/Maisonette;Leasehold;FALSO;LONDON;LEWISHAM;GREATER LONDON;B;51474559;-46748;London;England;Lewisham
{01EB45F0-4036-40F3-E063-4704A8C05FDE};295000;6/06/2023;2023;6;2;TW1 1EU;TW1;Flat/Maisonette;Leasehold;FALSO;TWICKENHAM;RICHMOND UPON THAMES;GREATER LONDON;A;51447108;-326665;London;England;Richmond upon Thames
{01EB45F0-4138-40F3-E063-4704A8C05FDE};680000;15/06/2023;2023;6;2;SW18 4GU;SW18;Flat/Maisonette;Leasehold;FALSO;LONDON;WANDSWORTH;GREATER LONDON;A;51442657;-191635;London;England;Wandsworth
{01EB45F0-4224-40F3-E063-4704A8C05FDE};465000;18/03/2021;2021;3;1;SE16 3FT;SE16;Flat/Maisonette;Leasehold;FALSO;LONDON;SOUTHWARK;GREATER LONDON;A;5149914;-48593;London;England;Southwark
{01EB45F0-4245-40F3-E063-4704A8C05FDE};550990;25/06/2021;2021;6;2;SW12 9HZ;SW12;Flat/Maisonette;Leasehold;FALSO;LONDON;WANDSWORTH;GREATER LONDON;A;51444054;-150883;London;England;Wandsworth
{01EB45F0-42E7-40F3-E063-4704A8C05FDE};574380;26/11/2021;2021;11;4;SE14 5SB;SE14;Flat/Maisonette;Leasehold;FALSO;LONDON;LEWISHAM;GREATER LONDON;A;51474559;-46748;London;England;Lewisham
{01EB45F0-42F4-40F3-E063-4704A8C05FDE};530000;26/05/2023;2023;5;2;SE21 8DT;SE21;Flat/Maisonette;Leasehold;FALSO;LONDON;LAMBETH;GREATER LONDON;A;51430196;-76046;London;England;Southwark
{01EB45F0-434C-40F3-E063-4704A8C05FDE};542500;7/07/2023;2023;7;3;KT3 3HF;KT3;Semi-Detached;Freehold;FALSO;NEW MALDEN;KINGSTON UPON THAMES;GREATER LONDON;A;5140737;-261198;London;England;Kingston upon Thames
{01EB45F0-4358-40F3-E063-4704A8C05FDE};296800;16/06/2023;2023;6;2;E12 6JN;E12;Flat/Maisonette;Leasehold;FALSO;LONDON;NEWHAM;GREATER LONDON;A;51553429;60273;London;England;Newham
{01EB45F0-44B3-40F3-E063-4704A8C05FDE};385000;3/12/2021;2021;12;4;ME17 4XS;ME17;Semi-Detached;Freehold;VERDADERO;MAIDSTONE;MAIDSTONE;KENT;A;5123836;719035;South East;England;Maidstone
{01EB45F0-44DC-40F3-E063-4704A8C05FDE};565000;10/01/2022;2022;1;1;CT3 1EW;CT3;Flat/Maisonette;Leasehold;VERDADERO;CANTERBURY;DOVER;KENT;A;5122499;1204927;South East;England;Dover
{01EB45F0-45F5-40F3-E063-4704A8C05FDE};584995;13/10/2022;2022;10;4;ME13 8UW;ME13;Detached;Freehold;VERDADERO;FAVERSHAM;SWALE;KENT;A;51315863;892097;South East;England;Swale
{01EB45F0-4612-40F3-E063-4704A8C05FDE};450995;27/10/2022;2022;10;4;ME13 8UW;ME13;Detached;Freehold;VERDADERO;FAVERSHAM;SWALE;KENT;A;51315863;892097;South East;England;Swale
{01EB45F0-46E5-40F3-E063-4704A8C05FDE};470000;30/03/2022;2022;3;1;DA1 5UG;DA1;Terraced;Freehold;FALSO;DARTFORD;DARTFORD;KENT;A;51438429;201229;South East;England;Dartford
{01EB45F0-476D-40F3-E063-4704A8C05FDE};133000;30/06/2023;2023;6;2;NE7 7DQ;NE7;Terraced;Freehold;FALSO;NEWCASTLE UPON TYNE;NEWCASTLE UPON TYNE;TYNE AND WEAR;A;54996133;-1562245;North East;England;Newcastle upon Tyne
{01EB45F0-49C2-40F3-E063-4704A8C05FDE};153000;19/05/2023;2023;5;2;NE6 5AA;NE6;Flat/Maisonette;Leasehold;FALSO;NEWCASTLE UPON TYNE;NEWCASTLE UPON TYNE;TYNE AND WEAR;A;54966343;-1572298;North East;England;Newcastle upon Tyne
{01EB45F0-4A1B-40F3-E063-4704A8C05FDE};70000;24/06/2022;2022;6;2;SR2 8JP;SR2;Flat/Maisonette;Leasehold;FALSO;SUNDERLAND;SUNDERLAND;TYNE AND WEAR;A;54869384;-1365354;North East;England;Sunderland
{01EB45F0-4C2F-40F3-E063-4704A8C05FDE};190000;14/06/2023;2023;6;2;SR2 7JJ;SR2;Terraced;Freehold;FALSO;SUNDERLAND;SUNDERLAND;TYNE AND WEAR;A;54869384;-1365354;North East;England;Sunderland
{01EB45F0-4C6A-40F3-E063-4704A8C05FDE};121750;8/06/2023;2023;6;2;NE35 9ES;NE35;Semi-Detached;Freehold;FALSO;BOLDON COLLIERY;SOUTH TYNESIDE;TYNE AND WEAR;A;54946121;-1460516;North East;England;South Tyneside
{01EB45F0-4D00-40F3-E063-4704A8C05FDE};715000;29/06/2023;2023;6;2;CF5 6TY;CF5;Detached;Freehold;FALSO;CARDIFF;THE VALE OF GLAMORGAN;THE VALE OF GLAMORGAN;A;51492249;-3222079;Wales;Wales;Cardiff
{01EB45F0-4D26-40F3-E063-4704A8C05FDE};182500;13/06/2023;2023;6;2;NP20 3JQ;NP20;Terraced;Freehold;FALSO;NEWPORT;NEWPORT;NEWPORT;A;51613537;-3008691;Wales;Wales;Newport
{01EB45F0-4E0E-40F3-E063-4704A8C05FDE};169000;30/06/2023;2023;6;2;NP12 1GP;NP12;Terraced;Freehold;FALSO;BLACKWOOD;CAERPHILLY;CAERPHILLY;A;5164887;-3200269;Wales;Wales;Caerphilly
{01EB45F0-4E1F-40F3-E063-4704A8C05FDE};304000;31/05/2023;2023;5;2;CF35 6RJ;CF35;Semi-Detached;Freehold;FALSO;BRIDGEND;BRIDGEND;BRIDGEND;A;51526928;-3494183;Wales;Wales;Bridgend
{01EB45F0-4E75-40F3-E063-4704A8C05FDE};86100;22/06/2023;2023;6;2;CH5 4AZ;CH5;Terraced;Freehold;FALSO;DEESIDE;FLINTSHIRE;FLINTSHIRE;A;53224506;-3071442;Wales;Wales;Flintshire
{01EB45F0-4EEA-40F3-E063-4704A8C05FDE};370000;26/06/2023;2023;6;2;CF15 8RS;CF15;Detached;Freehold;FALSO;CARDIFF;CARDIFF;CARDIFF;A;51530633;-3252142;Wales;Wales;Cardiff
{01EB45F0-4F44-40F3-E063-4704A8C05FDE};185000;30/06/2023;2023;6;2;SA16 0BS;SA16;Detached;Freehold;FALSO;BURRY PORT;CARMARTHENSHIRE;CARMARTHENSHIRE;A;51684685;-4255286;Wales;Wales;Carmarthenshire
{01EB45F0-4FAA-40F3-E063-4704A8C05FDE};101500;5/06/2023;2023;6;2;CF44 9PD;CF44;Terraced;Freehold;FALSO;ABERDARE;RHONDDA CYNON TAFF;RHONDDA CYNON TAFF;A;51702765;-3409405;Wales;Wales;Rhondda Cynon Taf
{01EB45F0-4FE0-40F3-E063-4704A8C05FDE};220000;30/06/2023;2023;6;2;CF72 8QE;CF72;Semi-Detached;Freehold;FALSO;PONTYCLUN;RHONDDA CYNON TAFF;RHONDDA CYNON TAFF;A;51533635;-3459251;Wales;Wales;Rhondda Cynon Taf
{01EB45F0-512E-40F3-E063-4704A8C05FDE};153000;21/06/2023;2023;6;2;SA17 5DQ;SA17;Terraced;Freehold;FALSO;KIDWELLY;CARMARTHENSHIRE;CARMARTHENSHIRE;A;5174114;-4313243;Wales;Wales;Carmarthenshire
{01EB45F0-51B0-40F3-E063-4704A8C05FDE};302500;23/06/2023;2023;6;2;CH8 7XP;CH8;Detached;Freehold;FALSO;HOLYWELL;FLINTSHIRE;FLINTSHIRE;A;53285807;-3219097;Wales;Wales;Flintshire
{01EB45F0-5201-40F3-E063-4704A8C05FDE};230000;3/07/2023;2023;7;3;LD6 5BT;LD6;Terraced;Freehold;FALSO;RHAYADER;POWYS;POWYS;A;52294537;-3515452;Wales;Wales;Powys
{01EB45F0-5208-40F3-E063-4704A8C05FDE};295000;15/06/2023;2023;6;2;SY21 7UL;SY21;Detached;Freehold;FALSO;WELSHPOOL;POWYS;POWYS;A;526873;-3077517;Wales;Wales;Powys
{01EB45F0-5328-40F3-E063-4704A8C05FDE};260000;22/06/2023;2023;6;2;CF48 2LF;CF48;Detached;Freehold;FALSO;MERTHYR TYDFIL;MERTHYR TYDFIL;MERTHYR TYDFIL;A;51752437;-3418947;Wales;Wales;Merthyr Tydfil
{01EB45F0-5358-40F3-E063-4704A8C05FDE};290000;14/06/2023;2023;6;2;B27 6DT;B27;Semi-Detached;Freehold;FALSO;BIRMINGHAM;BIRMINGHAM;WEST MIDLANDS;A;52430657;-1820649;West Midlands;England;Birmingham
{01EB45F0-537F-40F3-E063-4704A8C05FDE};232500;26/05/2023;2023;5;2;B23 6NG;B23;Terraced;Freehold;FALSO;BIRMINGHAM;BIRMINGHAM;WEST MIDLANDS;A;52515717;-185038;West Midlands;England;Birmingham
{01EB45F0-5439-40F3-E063-4704A8C05FDE};315000;9/06/2023;2023;6;2;CV32 7SP;CV32;Semi-Detached;Freehold;FALSO;LEAMINGTON SPA;WARWICK;WARWICKSHIRE;A;52290049;-1542665;West Midlands;England;Warwick
{01EB45F0-543B-40F3-E063-4704A8C05FDE};248000;20/06/2023;2023;6;2;CV32 7PJ;CV32;Semi-Detached;Freehold;FALSO;LEAMINGTON SPA;WARWICK;WARWICKSHIRE;A;52290049;-1542665;West Midlands;England;Warwick
{01EB45F0-54B7-40F3-E063-4704A8C05FDE};575000;16/06/2023;2023;6;2;CV22 6EG;CV22;Detached;Freehold;FALSO;RUGBY;RUGBY;WARWICKSHIRE;A;52360616;-1291257;West Midlands;England;Rugby
{01EB45F0-5537-40F3-E063-4704A8C05FDE};220000;17/03/2023;2023;3;1;CV11 4XN;CV11;Semi-Detached;Freehold;FALSO;NUNEATON;NUNEATON AND BEDWORTH;WARWICKSHIRE;A;52517144;-1467796;West Midlands;England;Nuneaton and Bedworth
{01EB45F0-5631-40F3-E063-4704A8C05FDE};427500;12/01/2023;2023;1;1;B80 7NU;B80;Detached;Freehold;FALSO;STUDLEY;STRATFORD-ON-AVON;WARWICKSHIRE;A;52268987;-190685;West Midlands;England;Stratford-on-Avon
{01EB45F0-5647-40F3-E063-4704A8C05FDE};1050000;11/12/2019;2019;12;4;CV37 8PS;CV37;Detached;Freehold;FALSO;STRATFORD-UPON-AVON;STRATFORD-ON-AVON;WARWICKSHIRE;A;52205167;-1724406;West Midlands;England;Stratford-on-Avon
{01EB45F0-5674-40F3-E063-4704A8C05FDE};619950;29/09/2021;2021;9;3;CV31 1WG;CV31;Detached;Freehold;VERDADERO;LEAMINGTON SPA;WARWICK;WARWICKSHIRE;A;52278285;-1532424;West Midlands;England;Warwick
{01EB45F0-56EF-40F3-E063-4704A8C05FDE};435000;29/04/2022;2022;4;2;CV47 2ED;CV47;Semi-Detached;Freehold;VERDADERO;SOUTHAM;STRATFORD-ON-AVON;WARWICKSHIRE;A;52219276;-1428705;West Midlands;England;Stratford-on-Avon
{01EB45F0-56FA-40F3-E063-4704A8C05FDE};539950;26/05/2022;2022;5;2;CV37 5AA;CV37;Detached;Freehold;VERDADERO;STRATFORD-UPON-AVON;STRATFORD-ON-AVON;WARWICKSHIRE;A;52205167;-1724406;West Midlands;England;Stratford-on-Avon
{01EB45F0-579B-40F3-E063-4704A8C05FDE};180000;17/03/2023;2023;3;1;CV10 0LT;CV10;Semi-Detached;Freehold;FALSO;NUNEATON;NORTH WARWICKSHIRE;WARWICKSHIRE;A;52506975;-1465532;West Midlands;England;Nuneaton and Bedworth
{01EB45F0-59AA-40F3-E063-4704A8C05FDE};175000;31/05/2023;2023;5;2;B34 6QR;B34;Terraced;Freehold;FALSO;BIRMINGHAM;BIRMINGHAM;WEST MIDLANDS;A;52497328;-1793834;West Midlands;England;Birmingham
{01EB45F0-59BD-40F3-E063-4704A8C05FDE};160000;14/06/2023;2023;6;2;WV14 8NR;WV14;Terraced;Freehold;FALSO;BILSTON;SANDWELL;WEST MIDLANDS;A;52575979;-2081892;West Midlands;England;Wolverhampton
{01EB45F0-5A85-40F3-E063-4704A8C05FDE};357500;30/06/2023;2023;6;2;CV2 5LA;CV2;Semi-Detached;Freehold;FALSO;COVENTRY;COVENTRY;WEST MIDLANDS;A;52409953;-1489726;West Midlands;England;Coventry
{01EB45F0-5A96-40F3-E063-4704A8C05FDE};375000;14/06/2023;2023;6;2;B36 9DQ;B36;Detached;Freehold;FALSO;BIRMINGHAM;SOLIHULL;WEST MIDLANDS;A;52499908;-1821252;West Midlands;England;Birmingham
{01EB45F0-5AEA-40F3-E063-4704A8C05FDE};140000;17/02/2023;2023;2;1;B65 0SQ;B65;Detached;Freehold;FALSO;ROWLEY REGIS;SANDWELL;WEST MIDLANDS;A;52486438;-2026782;West Midlands;England;Sandwell
{01EB45F0-5AFF-40F3-E063-4704A8C05FDE};170000;13/06/2023;2023;6;2;DY4 0SF;DY4;Semi-Detached;Freehold;FALSO;TIPTON;SANDWELL;WEST MIDLANDS;A;52526434;-2071644;West Midlands;England;Sandwell
{01EB45F0-5B43-40F3-E063-4704A8C05FDE};226500;26/05/2023;2023;5;2;B27 7AJ;B27;Terraced;Freehold;FALSO;BIRMINGHAM;SOLIHULL;WEST MIDLANDS;A;52430657;-1820649;West Midlands;England;Birmingham
{01EB45F0-5BCF-40F3-E063-4704A8C05FDE};170000;21/06/2023;2023;6;2;B66 2BU;B66;Terraced;Freehold;FALSO;SMETHWICK;SANDWELL;WEST MIDLANDS;A;52474417;-1967944;West Midlands;England;Sandwell
{01EB45F0-5BD5-40F3-E063-4704A8C05FDE};185750;26/05/2023;2023;5;2;WV10 8DE;WV10;Semi-Detached;Freehold;FALSO;WOLVERHAMPTON;WOLVERHAMPTON;WEST MIDLANDS;A;52618523;-2143241;West Midlands;England;Wolverhampton
{01EB45F0-5BE2-40F3-E063-4704A8C05FDE};182000;24/02/2023;2023;2;1;B33 0RQ;B33;Terraced;Freehold;FALSO;BIRMINGHAM;BIRMINGHAM;WEST MIDLANDS;A;52484166;-1793307;West Midlands;England;Birmingham
{01EB45F0-5BF5-40F3-E063-4704A8C05FDE};220000;5/05/2023;2023;5;2;DY1 1SZ;DY1;Semi-Detached;Freehold;FALSO;DUDLEY;DUDLEY;WEST MIDLANDS;A;52521476;-2089985;West Midlands;England;Dudley
{01EB45F0-5C63-40F3-E063-4704A8C05FDE};150000;13/06/2023;2023;6;2;WV1 4BE;WV1;Flat/Maisonette;Leasehold;FALSO;WOLVERHAMPTON;WOLVERHAMPTON;WEST MIDLANDS;A;52582509;-2089269;West Midlands;England;Wolverhampton
{01EB45F0-5CDF-40F3-E063-4704A8C05FDE};117500;5/06/2023;2023;6;2;WS3 4LJ;WS3;Flat/Maisonette;Leasehold;FALSO;WALSALL;WALSALL;WEST MIDLANDS;A;52615995;-2002255;West Midlands;England;Walsall
{01EB45F0-5CFB-40F3-E063-4704A8C05FDE};137000;22/06/2023;2023;6;2;B24 9JX;B24;Flat/Maisonette;Leasehold;FALSO;BIRMINGHAM;BIRMINGHAM;WEST MIDLANDS;A;52510029;-185286;West Midlands;England;Birmingham
{01EB45F0-5D60-40F3-E063-4704A8C05FDE};235000;21/10/2022;2022;10;4;B91 3DE;B91;Flat/Maisonette;Leasehold;FALSO;SOLIHULL;SOLIHULL;WEST MIDLANDS;A;52415723;-1782143;West Midlands;England;Solihull
{01EB45F0-5FF6-40F3-E063-4704A8C05FDE};81000;1/06/2023;2023;6;2;BA5 2HR;BA5;Terraced;Leasehold;FALSO;WELLS;SOMERSET;SOMERSET;A;5118588;-2680103;South West;England;Somerset
{01EB45F0-6095-40F3-E063-4704A8C05FDE};445000;19/06/2023;2023;6;2;RH11 0HY;RH11;Terraced;Freehold;FALSO;CRAWLEY;CRAWLEY;WEST SUSSEX;A;51102505;-219477;South East;England;Crawley
{01EB45F0-61FC-40F3-E063-4704A8C05FDE};330000;26/05/2023;2023;5;2;PO19 6US;PO19;Detached;Freehold;FALSO;CHICHESTER;CHICHESTER;WEST SUSSEX;A;50836629;-758718;South East;England;Chichester
{01EB45F0-6346-40F3-E063-4704A8C05FDE};834995;25/11/2021;2021;11;4;BN6 9YN;BN6;Detached;Freehold;VERDADERO;HASSOCKS;MID SUSSEX;WEST SUSSEX;A;50933589;-178786;South East;England;Mid Sussex
{01EB45F0-6488-40F3-E063-4704A8C05FDE};420000;16/06/2023;2023;6;2;BN6 8JZ;BN6;Detached;Freehold;FALSO;HASSOCKS;MID SUSSEX;WEST SUSSEX;A;50933589;-178786;South East;England;Mid Sussex
{01EB45F0-648C-40F3-E063-4704A8C05FDE};525000;20/06/2023;2023;6;2;BN14 7EF;BN14;Terraced;Freehold;FALSO;WORTHING;WORTHING;WEST SUSSEX;A;50835564;-370071;South East;England;Worthing
{01EB45F0-64B8-40F3-E063-4704A8C05FDE};230000;26/05/2023;2023;5;2;SN15 4TE;SN15;Terraced;Freehold;FALSO;CHIPPENHAM;WILTSHIRE;WILTSHIRE;A;51479401;-213035;South West;England;Wiltshire
{01EB45F0-64CF-40F3-E063-4704A8C05FDE};400000;2/06/2023;2023;6;2;SN13 9XG;SN13;Semi-Detached;Freehold;FALSO;CORSHAM;WILTSHIRE;WILTSHIRE;A;51426568;-2193486;South West;England;Wiltshire
{01EB45F0-64DC-40F3-E063-4704A8C05FDE};320000;4/07/2023;2023;7;3;SN5 6NE;SN5;Detached;Freehold;FALSO;SWINDON;SWINDON;SWINDON;A;5157028;-1834318;South West;England;Swindon
{01EB45F0-6550-40F3-E063-4704A8C05FDE};660000;5/06/2023;2023;6;2;SP4 6LZ;SP4;Detached;Freehold;FALSO;SALISBURY;WILTSHIRE;WILTSHIRE;A;51162165;-1764034;South West;England;Wiltshire
{01EB45F0-6585-40F3-E063-4704A8C05FDE};170000;30/06/2021;2021;6;2;SN14 8QE;SN14;Semi-Detached;Freehold;FALSO;CHIPPENHAM;WILTSHIRE;WILTSHIRE;A;51458033;-2141559;South West;England;Wiltshire
{01EB45F0-65C8-40F3-E063-4704A8C05FDE};420000;28/02/2023;2023;2;1;SN25 2JP;SN25;Detached;Freehold;FALSO;SWINDON;SWINDON;SWINDON;A;51603237;-1812654;South West;England;Swindon
{01EB45F0-65ED-40F3-E063-4704A8C05FDE};195000;27/10/2022;2022;10;4;SN1 2LL;SN1;Flat/Maisonette;Leasehold;FALSO;SWINDON;SWINDON;SWINDON;A;51549795;-1793174;South West;England;Swindon
{01EB45F0-661A-40F3-E063-4704A8C05FDE};360000;12/06/2023;2023;6;2;BA12 6AS;BA12;Detached;Freehold;FALSO;WARMINSTER;WILTSHIRE;WILTSHIRE;A;5120234;-2161597;South West;England;Wiltshire
{01EB45F0-661D-40F3-E063-4704A8C05FDE};129000;24/03/2022;2022;3;1;SN3 3FJ;SN3;Flat/Maisonette;Leasehold;FALSO;SWINDON;SWINDON;SWINDON;A;51561817;-1743061;South West;England;Swindon
{01EB45F0-667B-40F3-E063-4704A8C05FDE};495000;12/07/2023;2023;7;3;SN25 1QH;SN25;Detached;Freehold;FALSO;SWINDON;SWINDON;SWINDON;A;51603237;-1812654;South West;England;Swindon
{01EB45F0-66F2-40F3-E063-4704A8C05FDE};430000;11/07/2023;2023;7;3;SP2 0PP;SP2;Detached;Freehold;FALSO;SALISBURY;WILTSHIRE;WILTSHIRE;A;51053364;-1789714;South West;England;Wiltshire
{01EB45F0-670E-40F3-E063-4704A8C05FDE};205000;15/09/2021;2021;9;3;SP2 7LA;SP2;Terraced;Freehold;FALSO;SALISBURY;WILTSHIRE;WILTSHIRE;A;51053364;-1789714;South West;England;Wiltshire
{01EB45F0-6747-40F3-E063-4704A8C05FDE};272000;22/06/2023;2023;6;2;SN11 0FH;SN11;Semi-Detached;Freehold;FALSO;CALNE;WILTSHIRE;WILTSHIRE;A;51440701;-199511;South West;England;Wiltshire
{01EB45F0-675E-40F3-E063-4704A8C05FDE};438500;18/02/2022;2022;2;1;SN6 6NJ;SN6;Detached;Freehold;VERDADERO;SWINDON;WILTSHIRE;WILTSHIRE;A;51629315;-171549;South West;England;Swindon
{01EB45F0-67E2-40F3-E063-4704A8C05FDE};205000;22/12/2022;2022;12;4;SN1 2FB;SN1;Flat/Maisonette;Leasehold;FALSO;SWINDON;SWINDON;SWINDON;A;51549795;-1793174;South West;England;Swindon
{01EB45F0-6886-40F3-E063-4704A8C05FDE};410000;4/07/2023;2023;7;3;SP2 8LX;SP2;Semi-Detached;Freehold;FALSO;SALISBURY;WILTSHIRE;WILTSHIRE;A;51053364;-1789714;South West;England;Wiltshire
{01EB45F0-68A9-40F3-E063-4704A8C05FDE};181000;30/06/2023;2023;6;2;WF17 8DZ;WF17;Semi-Detached;Freehold;FALSO;BATLEY;KIRKLEES;WEST YORKSHIRE;A;53712222;-164442;Yorkshire and The Humber;England;Kirklees
{01EB45F0-6947-40F3-E063-4704A8C05FDE};90000;26/05/2023;2023;5;2;HX3 0QA;HX3;Terraced;Freehold;FALSO;HALIFAX;CALDERDALE;WEST YORKSHIRE;A;53733293;-1865585;Yorkshire and The Humber;England;Calderdale
{01EB45F0-6A08-40F3-E063-4704A8C05FDE};165000;22/06/2023;2023;6;2;HD8 0DP;HD8;Semi-Detached;Freehold;FALSO;HUDDERSFIELD;KIRKLEES;WEST YORKSHIRE;A;53597868;-1701135;Yorkshire and The Humber;England;Kirklees
{01EB45F0-6A9F-40F3-E063-4704A8C05FDE};180000;23/06/2023;2023;6;2;HD9 7AL;HD9;Semi-Detached;Freehold;FALSO;HOLMFIRTH;KIRKLEES;WEST YORKSHIRE;A;53598854;-1793632;Yorkshire and The Humber;England;Kirklees
{01EB45F0-6BDD-40F3-E063-4704A8C05FDE};198000;28/06/2023;2023;6;2;WF15 6QG;WF15;Terraced;Freehold;FALSO;LIVERSEDGE;KIRKLEES;WEST YORKSHIRE;A;53711287;-1710771;Yorkshire and The Humber;England;Kirklees
{01EB45F0-6C00-40F3-E063-4704A8C05FDE};111000;19/06/2023;2023;6;2;WF10 1QH;WF10;Semi-Detached;Freehold;FALSO;CASTLEFORD;WAKEFIELD;WEST YORKSHIRE;A;53720072;-1339079;Yorkshire and The Humber;England;Wakefield
{01EB45F0-6C3C-40F3-E063-4704A8C05FDE};320000;10/07/2023;2023;7;3;OL14 5LZ;OL14;Semi-Detached;Leasehold;FALSO;TODMORDEN;CALDERDALE;WEST YORKSHIRE;A;53721966;-2109288;Yorkshire and The Humber;England;Calderdale
{01EB45F0-6D72-40F3-E063-4704A8C05FDE};185000;7/06/2023;2023;6;2;HX3 6AP;HX3;Semi-Detached;Freehold;FALSO;HALIFAX;CALDERDALE;WEST YORKSHIRE;A;53733293;-1865585;Yorkshire and The Humber;England;Calderdale
{01EB45F0-6E06-40F3-E063-4704A8C05FDE};195000;3/07/2023;2023;7;3;LS12 2QY;LS12;Detached;Freehold;FALSO;LEEDS;LEEDS;WEST YORKSHIRE;A;53791344;-1577524;Yorkshire and The Humber;England;Leeds
{01EB45F0-6EB7-40F3-E063-4704A8C05FDE};147500;19/05/2023;2023;5;2;HD4 7PU;HD4;Terraced;Leasehold;FALSO;HUDDERSFIELD;KIRKLEES;WEST YORKSHIRE;A;5362206;-1798039;Yorkshire and The Humber;England;Kirklees
{01EB45F0-6EB9-40F3-E063-4704A8C05FDE};120000;23/06/2023;2023;6;2;WF13 4QH;WF13;Terraced;Freehold;FALSO;DEWSBURY;KIRKLEES;WEST YORKSHIRE;A;53702153;-1646777;Yorkshire and The Humber;England;Kirklees
{01EB45F0-6F0B-40F3-E063-4704A8C05FDE};60000;21/02/2023;2023;2;1;WF10 4PP;WF10;Flat/Maisonette;Leasehold;FALSO;CASTLEFORD;WAKEFIELD;WEST YORKSHIRE;A;53720072;-1339079;Yorkshire and The Humber;England;Wakefield
{01EB45F0-6F0F-40F3-E063-4704A8C05FDE};145000;23/06/2023;2023;6;2;BD19 4SH;BD19;Semi-Detached;Freehold;FALSO;CLECKHEATON;KIRKLEES;WEST YORKSHIRE;A;53723505;-1715916;Yorkshire and The Humber;England;Kirklees
{01EB45F0-6F26-40F3-E063-4704A8C05FDE};72000;10/07/2023;2023;7;3;HD1 3UQ;HD1;Terraced;Leasehold;FALSO;HUDDERSFIELD;KIRKLEES;WEST YORKSHIRE;A;53650403;-1805847;Yorkshire and The Humber;England;Kirklees
{01EB45F0-6FBE-40F3-E063-4704A8C05FDE};177000;4/05/2022;2022;5;2;YO16 6RA;YO16;Semi-Detached;Freehold;FALSO;BRIDLINGTON;EAST RIDING OF YORKSHIRE;EAST RIDING OF YORKSHIRE;A;54084673;-203649;Yorkshire and The Humber;England;East Riding of Yorkshire
{01EB45F0-6FE9-40F3-E063-4704A8C05FDE};175950;25/11/2022;2022;11;4;HU17 5AF;HU17;Terraced;Freehold;VERDADERO;BEVERLEY;EAST RIDING OF YORKSHIRE;EAST RIDING OF YORKSHIRE;A;53843016;-438586;Yorkshire and The Humber;England;East Riding of Yorkshire
{01EB45F0-6FEF-40F3-E063-4704A8C05FDE};187950;30/11/2022;2022;11;4;HU17 5AD;HU17;Terraced;Freehold;VERDADERO;BEVERLEY;EAST RIDING OF YORKSHIRE;EAST RIDING OF YORKSHIRE;A;53843016;-438586;Yorkshire and The Humber;England;East Riding of Yorkshire
{01EB45F0-7077-40F3-E063-4704A8C05FDE};95000;31/05/2023;2023;5;2;YO16 4PJ;YO16;Flat/Maisonette;Leasehold;FALSO;BRIDLINGTON;EAST RIDING OF YORKSHIRE;EAST RIDING OF YORKSHIRE;A;54084673;-203649;Yorkshire and The Humber;England;East Riding of Yorkshire
{01EB45F0-70C6-40F3-E063-4704A8C05FDE};497500;26/10/2021;2021;10;4;YO25 4UH;YO25;Detached;Freehold;FALSO;DRIFFIELD;EAST RIDING OF YORKSHIRE;EAST RIDING OF YORKSHIRE;A;54000871;-444985;Yorkshire and The Humber;England;East Riding of Yorkshire
{01EB45F0-70EC-40F3-E063-4704A8C05FDE};120000;11/05/2023;2023;5;2;HU16 4AG;HU16;Flat/Maisonette;Freehold;FALSO;COTTINGHAM;EAST RIDING OF YORKSHIRE;EAST RIDING OF YORKSHIRE;A;53790456;-406881;Yorkshire and The Humber;England;East Riding of Yorkshire
{01EB45F0-7149-40F3-E063-4704A8C05FDE};180000;3/07/2023;2023;7;3;S6 1TL;S6;Terraced;Leasehold;FALSO;SHEFFIELD;SHEFFIELD;SOUTH YORKSHIRE;A;5340497;-1506208;Yorkshire and The Humber;England;Sheffield
{01EB45F0-71D6-40F3-E063-4704A8C05FDE};290000;22/06/2023;2023;6;2;LS4 2SA;LS4;Semi-Detached;Freehold;FALSO;LEEDS;LEEDS;WEST YORKSHIRE;A;53810661;-159086;Yorkshire and The Humber;England;Leeds
{01EB45F0-72D1-40F3-E063-4704A8C05FDE};157000;24/06/2022;2022;6;2;WF10 5ZF;WF10;Terraced;Freehold;VERDADERO;CASTLEFORD;WAKEFIELD;WEST YORKSHIRE;A;53720072;-1339079;Yorkshire and The Humber;England;Wakefield
{01EB45F0-72DD-40F3-E063-4704A8C05FDE};159000;1/07/2022;2022;7;3;WF10 5ZF;WF10;Terraced;Freehold;VERDADERO;CASTLEFORD;WAKEFIELD;WEST YORKSHIRE;A;53720072;-1339079;Yorkshire and The Humber;England;Wakefield
{01EB45F0-7326-40F3-E063-4704A8C05FDE};359950;19/12/2022;2022;12;4;HD8 9ZB;HD8;Detached;Freehold;VERDADERO;HUDDERSFIELD;KIRKLEES;WEST YORKSHIRE;A;53597868;-1701135;Yorkshire and The Humber;England;Kirklees
{01EB45F0-737E-40F3-E063-4704A8C05FDE};93000;26/05/2023;2023;5;2;LS12 4LQ;LS12;Flat/Maisonette;Leasehold;FALSO;LEEDS;LEEDS;WEST YORKSHIRE;B;53791344;-1577524;Yorkshire and The Humber;England;Leeds
{01EB45F0-73C9-40F3-E063-4704A8C05FDE};220000;19/03/2021;2021;3;1;HD3 3ZG;HD3;Semi-Detached;Leasehold;FALSO;HUDDERSFIELD;KIRKLEES;WEST YORKSHIRE;A;5365048;-18086;Yorkshire and The Humber;England;Kirklees
{01EB45F0-7478-40F3-E063-4704A8C05FDE};350000;30/10/2020;2020;10;4;CO15 4BQ;CO15;Other;Freehold;FALSO;CLACTON-ON-SEA;TENDRING;ESSEX;B;51794295;1140553;East of England;England;Tendring
{01EB45F0-751C-40F3-E063-4704A8C05FDE};285000;1/06/2023;2023;6;2;TW7 6BJ;TW7;Flat/Maisonette;Leasehold;FALSO;ISLEWORTH;HOUNSLOW;GREATER LONDON;B;51466465;-339706;London;England;Hounslow
{01EB45F0-75A0-40F3-E063-4704A8C05FDE};740000;13/01/2023;2023;1;1;EN2 8FW;EN2;Terraced;Freehold;FALSO;ENFIELD;ENFIELD;GREATER LONDON;B;5165949;-93618;London;England;Enfield
{01EB45F0-75A9-40F3-E063-4704A8C05FDE};129999;15/06/2023;2023;6;2;W5 4QA;W5;Flat/Maisonette;Leasehold;FALSO;LONDON;EALING;GREATER LONDON;B;51494584;-306977;London;England;Ealing
{01EB45F0-75D5-40F3-E063-4704A8C05FDE};310000;1/07/2021;2021;7;3;W5 1BL;W5;Flat/Maisonette;Leasehold;VERDADERO;LONDON;EALING;GREATER LONDON;B;51494584;-306977;London;England;Ealing
{01EB45F0-7729-40F3-E063-4704A8C05FDE};180000;27/05/2022;2022;5;2;SG18 0AP;SG18;Flat/Maisonette;Leasehold;FALSO;BIGGLESWADE;CENTRAL BEDFORDSHIRE;CENTRAL BEDFORDSHIRE;B;52095103;-25397;East of England;England;Central Bedfordshire
{01EB45F0-778B-40F3-E063-4704A8C05FDE};700000;5/11/2021;2021;11;4;SW6 2UF;SW6;Flat/Maisonette;Leasehold;FALSO;LONDON;HAMMERSMITH AND FULHAM;GREATER LONDON;B;51486399;-199326;London;England;Hammersmith and Fulham
{01EB45F0-77CE-40F3-E063-4704A8C05FDE};397600;9/02/2023;2023;2;1;SL6 6BL;SL6;Terraced;Freehold;FALSO;MAIDENHEAD;WINDSOR AND MAIDENHEAD;WINDSOR AND MAIDENHEAD;B;5152585;-759142;South East;England;Windsor and Maidenhead
{01EB45F0-7962-40F3-E063-4704A8C05FDE};270000;8/09/2021;2021;9;3;HP12 3AW;HP12;Flat/Maisonette;Leasehold;FALSO;HIGH WYCOMBE;BUCKINGHAMSHIRE;BUCKINGHAMSHIRE;B;51616832;-786806;South East;England;Buckinghamshire
{01EB45F0-796B-40F3-E063-4704A8C05FDE};383000;25/05/2023;2023;5;2;HP13 6PD;HP13;Other;Freehold;FALSO;HIGH WYCOMBE;BUCKINGHAMSHIRE;BUCKINGHAMSHIRE;B;5164267;-721198;South East;England;Buckinghamshire
{01EB45F0-79D7-40F3-E063-4704A8C05FDE};159250;29/07/2022;2022;7;3;CB22 5LZ;CB22;Other;Leasehold;FALSO;CAMBRIDGE;SOUTH CAMBRIDGESHIRE;CAMBRIDGESHIRE;B;52154217;135969;East of England;England;South Cambridgeshire
{01EB45F0-7A37-40F3-E063-4704A8C05FDE};350000;26/06/2023;2023;6;2;TS23 1PT;TS23;Detached;Freehold;FALSO;BILLINGHAM;STOCKTON-ON-TEES;STOCKTON-ON-TEES;B;54610083;-1295061;North East;England;Stockton-on-Tees
{01EB45F0-7A5D-40F3-E063-4704A8C05FDE};70000;12/01/2023;2023;1;1;TS24 9NG;TS24;Terraced;Freehold;FALSO;HARTLEPOOL;HARTLEPOOL;HARTLEPOOL;B;54700444;-1211596;North East;England;Hartlepool
{01EB45F0-7B4C-40F3-E063-4704A8C05FDE};325000;27/06/2023;2023;6;2;SK9 6BT;SK9;Semi-Detached;Freehold;FALSO;WILMSLOW;CHESHIRE EAST;CHESHIRE EAST;B;53338194;-2218412;North West;England;Cheshire East
{01EB45F0-7B5A-40F3-E063-4704A8C05FDE};95000;13/06/2023;2023;6;2;WA8 7PU;WA8;Terraced;Freehold;FALSO;WIDNES;HALTON;HALTON;B;53386242;-2727596;North West;England;Halton
{01EB45F0-7B6B-40F3-E063-4704A8C05FDE};117000;19/06/2023;2023;6;2;CH41 9DG;CH41;Other;Freehold;FALSO;BIRKENHEAD;WIRRAL;MERSEYSIDE;B;5339424;-3014977;North West;England;Wirral
{01EB45F0-7BE6-40F3-E063-4704A8C05FDE};950;12/08/2021;2021;8;3;WA16 8EJ;WA16;Other;Freehold;FALSO;KNUTSFORD;CHESHIRE EAST;CHESHIRE EAST;B;53334654;-2449066;North West;England;Cheshire East
{01EB45F0-7C3E-40F3-E063-4704A8C05FDE};285000;31/01/2023;2023;1;1;CH1 4BU;CH1;Terraced;Freehold;FALSO;CHESTER;CHESHIRE WEST AND CHESTER;CHESHIRE WEST AND CHESTER;B;53195856;-2903438;North West;England;Cheshire West and Chester
{01EB45F0-7C45-40F3-E063-4704A8C05FDE};247000;1/06/2023;2023;6;2;PL13 1HU;PL13;Terraced;Freehold;FALSO;LOOE;CORNWALL;CORNWALL;B;50385927;-4561928;South West;England;Cornwall
{01EB45F0-7CB5-40F3-E063-4704A8C05FDE};190000;26/05/2023;2023;5;2;PL14 3SX;PL14;Terraced;Freehold;FALSO;LISKEARD;CORNWALL;CORNWALL;B;50456853;-4466637;South West;England;Cornwall
{01EB45F0-7CD4-40F3-E063-4704A8C05FDE};97000;19/03/2019;2019;3;1;TR14 9AL;TR14;Other;Freehold;FALSO;CAMBORNE;CORNWALL;CORNWALL;B;5017689;-5309985;South West;England;Cornwall
{01EB45F0-7D1E-40F3-E063-4704A8C05FDE};1170000;4/07/2023;2023;7;3;CA14 4JF;CA14;Other;Freehold;FALSO;WORKINGTON;CUMBERLAND;CUMBERLAND;B;54612687;-354557;North West;England;Cumberland
{01EB45F0-7D3B-40F3-E063-4704A8C05FDE};28000;24/08/2021;2021;8;3;LA23 2JP;LA23;Other;Freehold;FALSO;WINDERMERE;WESTMORLAND AND FURNESS;WESTMORLAND AND FURNESS;B;54364244;-2919663;North West;England;Westmorland and Furness
{01EB45F0-7D65-40F3-E063-4704A8C05FDE};45000;5/07/2023;2023;7;3;LA14 5SE;LA14;Terraced;Freehold;FALSO;BARROW-IN-FURNESS;WESTMORLAND AND FURNESS;WESTMORLAND AND FURNESS;B;54113206;-3231744;North West;England;Westmorland and Furness
{01EB45F0-7DD5-40F3-E063-4704A8C05FDE};350000;10/02/2023;2023;2;1;SA44 5NT;SA44;Other;Freehold;FALSO;LLANDYSUL;CEREDIGION;CEREDIGION;B;52136996;-4381035;Wales;Wales;Ceredigion
{01EB45F0-7E7A-40F3-E063-4704A8C05FDE};240000;20/09/2019;2019;9;3;CH7 3PZ;CH7;Other;Freehold;FALSO;BUCKLEY;FLINTSHIRE;FLINTSHIRE;B;53174204;-3152087;Wales;Wales;Flintshire
{01EB45F0-7ED6-40F3-E063-4704A8C05FDE};540000;17/07/2020;2020;7;3;SY17 5AZ;SY17;Other;Freehold;FALSO;LLANDINAM;POWYS;POWYS;B;52521213;-3533191;Wales;Wales;Powys
{01EB45F0-7EE0-40F3-E063-4704A8C05FDE};70000;21/01/2020;2020;1;1;LL11 1AB;LL11;Flat/Maisonette;Leasehold;VERDADERO;WREXHAM;WREXHAM;WREXHAM;B;53054875;-3001477;Wales;Wales;Wrexham
{01EB45F0-7F81-40F3-E063-4704A8C05FDE};515863;25/05/2020;2020;5;2;CH5 3XA;CH5;Other;Leasehold;FALSO;DEESIDE;FLINTSHIRE;FLINTSHIRE;B;53224506;-3071442;Wales;Wales;Flintshire
{01EB45F0-7FB4-40F3-E063-4704A8C05FDE};90000;11/08/2017;2017;8;3;EX33 1JN;EX33;Other;Freehold;FALSO;BRAUNTON;NORTH DEVON;DEVON;B;5113046;-4207004;South West;England;North Devon
{01EB45F0-810D-40F3-E063-4704A8C05FDE};515000;27/06/2023;2023;6;2;DT8 3AW;DT8;Other;Freehold;FALSO;BEAMINSTER;DORSET;DORSET;B;50809362;-2739804;South West;England;Dorset
{01EB45F0-813B-40F3-E063-4704A8C05FDE};90000;20/12/2021;2021;12;4;BH31 6AX;BH31;Other;Freehold;FALSO;VERWOOD;DORSET;DORSET;B;50871797;-1854442;South West;England;Dorset
{01EB45F0-82AA-40F3-E063-4704A8C05FDE};150000;15/06/2023;2023;6;2;DE21 6FX;DE21;Detached;Freehold;FALSO;DERBY;CITY OF DERBY;CITY OF DERBY;B;52926436;-1459555;East Midlands;England;Derby
{01EB45F0-834C-40F3-E063-4704A8C05FDE};91221;24/02/2022;2022;2;1;DE4 5QB;DE4;Semi-Detached;Freehold;VERDADERO;MATLOCK;AMBER VALLEY;DERBYSHIRE;B;5311774;-1583832;East Midlands;England;Derbyshire Dales
{01EB45F0-83B8-40F3-E063-4704A8C05FDE};700000;6/07/2023;2023;7;3;IG2 6YE;IG2;Semi-Detached;Freehold;FALSO;ILFORD;REDBRIDGE;GREATER LONDON;B;51577293;80764;London;England;Redbridge
{01EB45F0-8662-40F3-E063-4704A8C05FDE};70000;26/05/2023;2023;5;2;M26 2UG;M26;Other;Leasehold;FALSO;MANCHESTER;BURY;GREATER MANCHESTER;B;53562516;-2322907;North West;England;Bury
{01EB45F0-867C-40F3-E063-4704A8C05FDE};145000;20/01/2023;2023;1;1;M24 4LY;M24;Terraced;Freehold;FALSO;MANCHESTER;ROCHDALE;GREATER MANCHESTER;B;5355785;-2205895;North West;England;Rochdale
{01EB45F0-8693-40F3-E063-4704A8C05FDE};92000;7/07/2023;2023;7;3;M26 3GP;M26;Terraced;Leasehold;FALSO;MANCHESTER;BURY;GREATER MANCHESTER;B;53562516;-2322907;North West;England;Bury
{01EB45F0-86EE-40F3-E063-4704A8C05FDE};160000;6/06/2023;2023;6;2;SK3 8LS;SK3;Terraced;Freehold;FALSO;STOCKPORT;STOCKPORT;GREATER MANCHESTER;B;53404024;-2182514;North West;England;Stockport
{01EB45F0-87FE-40F3-E063-4704A8C05FDE};250000;23/06/2023;2023;6;2;GL51 9LG;GL51;Terraced;Freehold;FALSO;CHELTENHAM;CHELTENHAM;GLOUCESTERSHIRE;B;5191687;-210809;South West;England;Cheltenham
{01EB45F0-8817-40F3-E063-4704A8C05FDE};59400;17/08/2021;2021;8;3;GL51 6UP;GL51;Other;Leasehold;FALSO;CHELTENHAM;CHELTENHAM;GLOUCESTERSHIRE;B;5191687;-210809;South West;England;Cheltenham
{01EB45F0-8836-40F3-E063-4704A8C05FDE};310000;7/04/2022;2022;4;2;GL6 8LT;GL6;Other;Freehold;FALSO;STROUD;STROUD;GLOUCESTERSHIRE;B;51679471;-2234178;South West;England;Stroud
{01EB45F0-88AA-40F3-E063-4704A8C05FDE};285000;26/05/2023;2023;5;2;SG7 6HP;SG7;Other;Leasehold;FALSO;BALDOCK;NORTH HERTFORDSHIRE;HERTFORDSHIRE;B;51990853;-173418;East of England;England;North Hertfordshire
{01EB45F0-89F1-40F3-E063-4704A8C05FDE};850000;21/03/2023;2023;3;1;SO53 1JF;SO53;Detached;Freehold;FALSO;EASTLEIGH;EASTLEIGH;HAMPSHIRE;B;5098442;-1388413;South East;England;Eastleigh
{01EB45F0-8AAE-40F3-E063-4704A8C05FDE};110000;21/03/2023;2023;3;1;HU10 6SG;HU10;Terraced;Freehold;FALSO;HULL;EAST RIDING OF YORKSHIRE;EAST RIDING OF YORKSHIRE;B;53747501;-440034;Yorkshire and The Humber;England;East Riding of Yorkshire
{01EB45F0-8B0B-40F3-E063-4704A8C05FDE};33000;12/05/2023;2023;5;2;DN31 2BA;DN31;Terraced;Freehold;FALSO;GRIMSBY;NORTH EAST LINCOLNSHIRE;NORTH EAST LINCOLNSHIRE;B;53567535;-105802;Yorkshire and The Humber;England;North East Lincolnshire
{01EB45F0-8B2A-40F3-E063-4704A8C05FDE};116000;9/06/2023;2023;6;2;HU6 7YG;HU6;Semi-Detached;Freehold;FALSO;HULL;CITY OF KINGSTON UPON HULL;CITY OF KINGSTON UPON HULL;B;537866;-360214;Yorkshire and The Humber;England;Kingston upon Hull, City of
{01EB45F0-8B38-40F3-E063-4704A8C05FDE};215000;28/06/2023;2023;6;2;HR9 6BX;HR9;Other;Freehold;FALSO;ROSS-ON-WYE;HEREFORDSHIRE;HEREFORDSHIRE;B;51914603;-2581175;West Midlands;England;Herefordshire, County of
{01EB45F0-8B49-40F3-E063-4704A8C05FDE};575000;3/07/2023;2023;7;3;WR3 7SW;WR3;Detached;Freehold;FALSO;WORCESTER;WORCESTER;WORCESTERSHIRE;B;52207146;-2218418;West Midlands;England;Worcester
{01EB45F0-8C09-40F3-E063-4704A8C05FDE};230000;16/06/2023;2023;6;2;ME7 5NA;ME7;Terraced;Freehold;FALSO;GILLINGHAM;MEDWAY;MEDWAY;B;5137479;55365;South East;England;Medway
{01EB45F0-8D1E-40F3-E063-4704A8C05FDE};87000;25/05/2023;2023;5;2;L13 6QU;L13;Terraced;Freehold;FALSO;LIVERPOOL;LIVERPOOL;MERSEYSIDE;B;53414875;-291051;North West;England;Liverpool
{01EB45F0-8D31-40F3-E063-4704A8C05FDE};305000;29/07/2022;2022;7;3;FY4 1HJ;FY4;Semi-Detached;Freehold;FALSO;BLACKPOOL;BLACKPOOL;BLACKPOOL;B;537932;-3020272;North West;England;Blackpool
{01EB45F0-8D6C-40F3-E063-4704A8C05FDE};45000;28/06/2023;2023;6;2;BB3 2BJ;BB3;Terraced;Freehold;FALSO;DARWEN;BLACKBURN WITH DARWEN;BLACKBURN WITH DARWEN;B;53723198;-2462881;North West;England;Blackburn with Darwen
{01EB45F0-8D9B-40F3-E063-4704A8C05FDE};340000;18/07/2022;2022;7;3;FY2 9PE;FY2;Semi-Detached;Freehold;FALSO;BLACKPOOL;BLACKPOOL;BLACKPOOL;B;53847706;-3044123;North West;England;Blackpool
{01EB45F0-8DC6-40F3-E063-4704A8C05FDE};127200;22/06/2023;2023;6;2;L39 2YT;L39;Other;Freehold;FALSO;ORMSKIRK;WEST LANCASHIRE;LANCASHIRE;B;53573024;-2896039;North West;England;West Lancashire
{01EB45F0-8E54-40F3-E063-4704A8C05FDE};1100000;16/05/2023;2023;5;2;BB8 7LS;BB8;Detached;Freehold;FALSO;COLNE;PENDLE;LANCASHIRE;B;53851815;-2176817;North West;England;Pendle
{01EB45F0-8E60-40F3-E063-4704A8C05FDE};163500;19/06/2023;2023;6;2;LA1 4NP;LA1;Terraced;Freehold;FALSO;LANCASTER;LANCASTER;LANCASHIRE;B;54036607;-2797782;North West;England;Lancaster
{01EB45F0-8EB8-40F3-E063-4704A8C05FDE};375000;2/05/2023;2023;5;2;FY1 6BP;FY1;Other;Freehold;FALSO;BLACKPOOL;BLACKPOOL;BLACKPOOL;B;53825721;-3044093;North West;England;Blackpool
{01EB45F0-8F31-40F3-E063-4704A8C05FDE};63000;19/05/2023;2023;5;2;DN21 1JZ;DN21;Terraced;Freehold;FALSO;GAINSBOROUGH;WEST LINDSEY;LINCOLNSHIRE;B;53437086;-560237;East Midlands;England;West Lindsey
{01EB45F0-8F89-40F3-E063-4704A8C05FDE};92000;30/06/2017;2017;6;2;NG31 8NQ;NG31;Other;Freehold;FALSO;GRANTHAM;SOUTH KESTEVEN;LINCOLNSHIRE;B;52926;-641553;East Midlands;England;South Kesteven
{01EB45F0-8FA0-40F3-E063-4704A8C05FDE};144354;19/11/2021;2021;11;4;LN10 6WP;LN10;Flat/Maisonette;Leasehold;VERDADERO;WOODHALL SPA;EAST LINDSEY;LINCOLNSHIRE;B;53153343;-202997;East Midlands;England;East Lindsey
{01EB45F0-9027-40F3-E063-4704A8C05FDE};310000;9/06/2023;2023;6;2;LE3 0HH;LE3;Terraced;Freehold;FALSO;LEICESTER;LEICESTER;LEICESTER;B;52626733;-1152826;East Midlands;England;Leicester
{01EB45F0-908E-40F3-E063-4704A8C05FDE};200000;29/04/2022;2022;4;2;LE18 1FX;LE18;Semi-Detached;Freehold;FALSO;WIGSTON;OADBY AND WIGSTON;LEICESTERSHIRE;B;52596261;-1117626;East Midlands;England;Oadby and Wigston
{01EB45F0-90AD-40F3-E063-4704A8C05FDE};186000;20/06/2023;2023;6;2;LE2 6UB;LE2;Semi-Detached;Freehold;FALSO;LEICESTER;LEICESTER;LEICESTER;B;5263624;-1115227;East Midlands;England;Leicester
{01EB45F0-91DB-40F3-E063-4704A8C05FDE};100;22/11/2021;2021;11;4;OL4 5ES;OL4;Other;Leasehold;FALSO;OLDHAM;OLDHAM;GREATER MANCHESTER;B;53538735;-208497;North West;England;Oldham
{01EB45F0-9211-40F3-E063-4704A8C05FDE};307580;22/04/2022;2022;4;2;M4 4GR;M4;Flat/Maisonette;Leasehold;VERDADERO;MANCHESTER;MANCHESTER;GREATER MANCHESTER;B;53483624;-2230098;North West;England;Manchester
{01EB45F0-926F-40F3-E063-4704A8C05FDE};201450;26/05/2023;2023;5;2;M27 5BD;M27;Semi-Detached;Freehold;VERDADERO;MANCHESTER;SALFORD;GREATER MANCHESTER;B;53501876;-2344035;North West;England;Salford
{01EB45F0-928A-40F3-E063-4704A8C05FDE};185000;7/10/2022;2022;10;4;WA15 6TS;WA15;Flat/Maisonette;Leasehold;FALSO;ALTRINCHAM;TRAFFORD;GREATER MANCHESTER;B;53395943;-2309089;North West;England;Trafford
{01EB45F0-92FC-40F3-E063-4704A8C05FDE};130273;14/09/2022;2022;9;3;CV5 9QB;CV5;Other;Freehold;VERDADERO;COVENTRY;COVENTRY;WEST MIDLANDS;B;52417185;-1572657;West Midlands;England;Coventry
{01EB45F0-935D-40F3-E063-4704A8C05FDE};110000;23/06/2023;2023;6;2;L30 0PH;L30;Terraced;Freehold;FALSO;BOOTLE;SEFTON;MERSEYSIDE;B;53490467;-2968167;North West;England;Sefton
{01EB45F0-939F-40F3-E063-4704A8C05FDE};839000;25/04/2023;2023;4;2;L21 8JB;L21;Terraced;Freehold;FALSO;LIVERPOOL;SEFTON;MERSEYSIDE;B;53485715;-299618;North West;England;Sefton
{01EB45F0-9446-40F3-E063-4704A8C05FDE};86500;21/06/2023;2023;6;2;WA10 4JD;WA10;Terraced;Leasehold;FALSO;ST HELENS;ST HELENS;MERSEYSIDE;B;53454076;-2745666;North West;England;St. Helens
{01EB45F0-9476-40F3-E063-4704A8C05FDE};705000;7/07/2023;2023;7;3;L7 5NG;L7;Flat/Maisonette;Leasehold;FALSO;LIVERPOOL;LIVERPOOL;MERSEYSIDE;B;53409201;-2949984;North West;England;Liverpool
{01EB45F0-954F-40F3-E063-4704A8C05FDE};640000;16/06/2023;2023;6;2;TW3 4AJ;TW3;Terraced;Freehold;FALSO;HOUNSLOW;HOUNSLOW;GREATER LONDON;B;51475624;-381868;London;England;Hounslow
{01EB45F0-9591-40F3-E063-4704A8C05FDE};75000;30/06/2023;2023;6;2;NE66 1JG;NE66;Other;Leasehold;FALSO;ALNWICK;NORTHUMBERLAND;NORTHUMBERLAND;B;55429768;-1615046;North East;England;Northumberland
{01EB45F0-95EE-40F3-E063-4704A8C05FDE};350000;31/03/2023;2023;3;1;E18 2RF;E18;Flat/Maisonette;Leasehold;FALSO;LONDON;REDBRIDGE;GREATER LONDON;B;51593167;18902;London;England;Redbridge
{01EB45F0-9637-40F3-E063-4704A8C05FDE};7332821;22/12/2021;2021;12;4;W3 8DJ;W3;Other;Freehold;FALSO;LONDON;EALING;GREATER LONDON;B;51510303;-273018;London;England;Ealing
{01EB45F0-9662-40F3-E063-4704A8C05FDE};515000;24/01/2017;2017;1;1;SW3 3EL;SW3;Flat/Maisonette;Leasehold;FALSO;LONDON;KENSINGTON AND CHELSEA;GREATER LONDON;B;5149198;-160888;London;England;Kensington and Chelsea
{01EB45F0-970D-40F3-E063-4704A8C05FDE};260000;30/06/2023;2023;6;2;NR2 3QY;NR2;Semi-Detached;Freehold;FALSO;NORWICH;NORWICH;NORFOLK;B;52628526;1269934;East of England;England;Norwich
{01EB45F0-972B-40F3-E063-4704A8C05FDE};518000;30/06/2023;2023;6;2;NR20 3HX;NR20;Other;Freehold;FALSO;DEREHAM;BRECKLAND;NORFOLK;B;52677174;955707;East of England;England;Breckland
{01EB45F0-9788-40F3-E063-4704A8C05FDE};450000;10/12/2021;2021;12;4;NR15 2YQ;NR15;Other;Freehold;FALSO;NORWICH;SOUTH NORFOLK;NORFOLK;B;52451667;1175436;East of England;England;South Norfolk
{01EB45F0-98F8-40F3-E063-4704A8C05FDE};185000;2/06/2023;2023;6;2;S81 8JE;S81;Other;Freehold;FALSO;WORKSOP;BASSETLAW;NOTTINGHAMSHIRE;B;53355487;-1120007;East Midlands;England;Bassetlaw
{01EB45F0-9995-40F3-E063-4704A8C05FDE};300900;19/12/2022;2022;12;4;YO12 5DT;YO12;Other;Freehold;FALSO;SCARBOROUGH;NORTH YORKSHIRE;NORTH YORKSHIRE;B;54282606;-412063;Yorkshire and The Humber;England;North Yorkshire
{01EB45F0-9A56-40F3-E063-4704A8C05FDE};120000;16/06/2023;2023;6;2;YO14 9DG;YO14;Other;Freehold;FALSO;FILEY;NORTH YORKSHIRE;NORTH YORKSHIRE;B;54206599;-2986;Yorkshire and The Humber;England;North Yorkshire
{01EB45F0-9A5B-40F3-E063-4704A8C05FDE};375000;17/08/2022;2022;8;3;YO31 7UU;YO31;Flat/Maisonette;Leasehold;VERDADERO;YORK;YORK;YORK;B;53965487;-1050149;Yorkshire and The Humber;England;York
{01EB45F0-9AED-40F3-E063-4704A8C05FDE};157681;8/06/2022;2022;6;2;OX16 9UJ;OX16;Semi-Detached;Freehold;VERDADERO;BANBURY;CHERWELL;OXFORDSHIRE;B;52077936;-1354833;South East;England;Cherwell
{01EB45F0-9B85-40F3-E063-4704A8C05FDE};127500;30/06/2023;2023;6;2;WS6 7ED;WS6;Other;Freehold;FALSO;WALSALL;SOUTH STAFFORDSHIRE;STAFFORDSHIRE;B;52652042;-2019581;West Midlands;England;South Staffordshire
{01EB45F0-9C4B-40F3-E063-4704A8C05FDE};161500;28/06/2021;2021;6;2;B78 3EZ;B78;Semi-Detached;Freehold;VERDADERO;TAMWORTH;TAMWORTH;STAFFORDSHIRE;B;52612406;-1609942;West Midlands;England;North Warwickshire
{01EB45F0-9CE6-40F3-E063-4704A8C05FDE};541834;16/12/2022;2022;12;4;BR3 4AP;BR3;Semi-Detached;Freehold;FALSO;BECKENHAM;BROMLEY;GREATER LONDON;B;51406882;-27073;London;England;Bromley
{01EB45F0-9CEB-40F3-E063-4704A8C05FDE};400000;3/07/2023;2023;7;3;KT5 9ET;KT5;Semi-Detached;Freehold;FALSO;SURBITON;KINGSTON UPON THAMES;GREATER LONDON;B;51386552;-27518;London;England;Kingston upon Thames
{01EB45F0-9CFA-40F3-E063-4704A8C05FDE};1725000;10/02/2023;2023;2;1;SE10 8RF;SE10;Other;Freehold;FALSO;LONDON;GREENWICH;GREATER LONDON;B;51474939;-15858;London;England;Greenwich
{01EB45F0-9D65-40F3-E063-4704A8C05FDE};237000;4/03/2023;2023;3;1;SE19 3EH;SE19;Flat/Maisonette;Leasehold;FALSO;LONDON;CROYDON;GREATER LONDON;B;51418992;-89274;London;England;Croydon
{01EB45F0-9DD6-40F3-E063-4704A8C05FDE};90000;15/03/2023;2023;3;1;IP27 9DE;IP27;Terraced;Freehold;FALSO;BRANDON;WEST SUFFOLK;SUFFOLK;B;52448819;625521;East of England;England;West Suffolk
{01EB45F0-9DED-40F3-E063-4704A8C05FDE};236000;20/03/2023;2023;3;1;IP1 1SL;IP1;Other;Freehold;FALSO;IPSWICH;IPSWICH;SUFFOLK;B;52066056;1136714;East of England;England;Ipswich
{01EB45F0-9DF1-40F3-E063-4704A8C05FDE};195000;17/12/2021;2021;12;4;IP5 2PW;IP5;Terraced;Freehold;FALSO;IPSWICH;EAST SUFFOLK;SUFFOLK;B;52061734;1255201;East of England;England;East Suffolk
{01EB45F0-9E39-40F3-E063-4704A8C05FDE};295000;1/02/2022;2022;2;1;IP33 3PE;IP33;Flat/Maisonette;Leasehold;VERDADERO;BURY ST EDMUNDS;WEST SUFFOLK;SUFFOLK;B;52248687;667635;East of England;England;West Suffolk
{01EB45F0-9E60-40F3-E063-4704A8C05FDE};200000;17/05/2023;2023;5;2;IP4 1EG;IP4;Other;Freehold;FALSO;IPSWICH;IPSWICH;SUFFOLK;B;52072161;1172038;East of England;England;Ipswich
{01EB45F0-9EE8-40F3-E063-4704A8C05FDE};439995;19/03/2021;2021;3;1;SY5 6LS;SY5;Other;Freehold;FALSO;SHREWSBURY;SHROPSHIRE;SHROPSHIRE;B;52632079;-2602825;West Midlands;England;Shropshire
{01EB45F0-A0BE-40F3-E063-4704A8C05FDE};1176000;28/03/2023;2023;3;1;GU21 2PG;GU21;Other;Freehold;FALSO;WOKING;WOKING;SURREY;B;51326203;-541268;South East;England;Woking
{01EB45F0-A0C2-40F3-E063-4704A8C05FDE};90000;12/06/2023;2023;6;2;DN4 8PR;DN4;Other;Freehold;FALSO;DONCASTER;DONCASTER;SOUTH YORKSHIRE;B;53499899;-1184259;Yorkshire and The Humber;England;Doncaster
{01EB45F0-A0CF-40F3-E063-4704A8C05FDE};62500;22/06/2023;2023;6;2;DN11 0PJ;DN11;Terraced;Freehold;FALSO;DONCASTER;DONCASTER;SOUTH YORKSHIRE;B;53478863;-1082197;Yorkshire and The Humber;England;Doncaster
{01EB45F0-A11C-40F3-E063-4704A8C05FDE};200000;2/06/2023;2023;6;2;S17 4QX;S17;Other;Freehold;FALSO;SHEFFIELD;SHEFFIELD;SOUTH YORKSHIRE;B;5332001;-1533472;Yorkshire and The Humber;England;Sheffield
{01EB45F0-A527-40F3-E063-4704A8C05FDE};74950;23/05/2023;2023;5;2;NE8 4PT;NE8;Other;Leasehold;FALSO;GATESHEAD;GATESHEAD;TYNE AND WEAR;B;54955635;-1633903;North East;England;Gateshead
{01EB45F0-A5E8-40F3-E063-4704A8C05FDE};550000;6/06/2023;2023;6;2;LL28 5HB;LL28;Other;Freehold;FALSO;COLWYN BAY;CONWY;CONWY;B;53314622;-3752051;Wales;Wales;Conwy
{01EB45F0-A66B-40F3-E063-4704A8C05FDE};111000;10/03/2023;2023;3;1;SA14 9HA;SA14;Terraced;Freehold;FALSO;LLANELLI;CARMARTHENSHIRE;CARMARTHENSHIRE;B;51702886;-4133039;Wales;Wales;Carmarthenshire
{01EB45F0-A6FE-40F3-E063-4704A8C05FDE};300000;7/10/2021;2021;10;4;CV22 5QB;CV22;Other;Freehold;FALSO;RUGBY;RUGBY;WARWICKSHIRE;B;52360616;-1291257;West Midlands;England;Rugby
{01EB45F0-A724-40F3-E063-4704A8C05FDE};245000;29/06/2023;2023;6;2;CV47 9AG;CV47;Terraced;Freehold;FALSO;SOUTHAM;STRATFORD-ON-AVON;WARWICKSHIRE;B;52219276;-1428705;West Midlands;England;Stratford-on-Avon
{01EB45F0-A74A-40F3-E063-4704A8C05FDE};298000;1/04/2022;2022;4;2;CV34 7DG;CV34;Semi-Detached;Freehold;VERDADERO;WARWICK;WARWICK;WARWICKSHIRE;B;52294903;-15943;West Midlands;England;Warwick
{01EB45F0-A763-40F3-E063-4704A8C05FDE};120000;10/11/2022;2022;11;4;B18 7AA;B18;Other;Leasehold;FALSO;BIRMINGHAM;BIRMINGHAM;WEST MIDLANDS;B;52490344;-1909863;West Midlands;England;Birmingham
{01EB45F0-A847-40F3-E063-4704A8C05FDE};35452601;14/10/2021;2021;10;4;CV6 7NS;CV6;Other;Freehold;FALSO;COVENTRY;COVENTRY;WEST MIDLANDS;B;5243714;-1522304;West Midlands;England;Coventry
{01EB45F0-AB4B-40F3-E063-4704A8C05FDE};90000;21/06/2023;2023;6;2;HD8 9BB;HD8;Terraced;Freehold;FALSO;HUDDERSFIELD;KIRKLEES;WEST YORKSHIRE;B;53597868;-1701135;Yorkshire and The Humber;England;Kirklees
{01EB45F0-AB9F-40F3-E063-4704A8C05FDE};39000;14/06/2023;2023;6;2;BD9 5BD;BD9;Flat/Maisonette;Leasehold;FALSO;BRADFORD;BRADFORD;WEST YORKSHIRE;B;53816416;-1797064;Yorkshire and The Humber;England;Bradford
{01EB45F0-ABED-40F3-E063-4704A8C05FDE};90000;28/06/2021;2021;6;2;HU13 0HG;HU13;Flat/Maisonette;Leasehold;FALSO;HESSLE;EAST RIDING OF YORKSHIRE;EAST RIDING OF YORKSHIRE;B;53728728;-428162;Yorkshire and The Humber;England;East Riding of Yorkshire
{01EB45F0-AC7B-40F3-E063-4704A8C05FDE};245000;13/10/2022;2022;10;4;LS27 0HQ;LS27;Detached;Freehold;VERDADERO;LEEDS;LEEDS;WEST YORKSHIRE;B;53743672;-1601473;Yorkshire and The Humber;England;Leeds
{01F4E3E7-A7D5-433E-BD63-316C19F28A89};187000;26/05/2015;2015;5;2;DA12 1RG;DA12;Detached;Freehold;FALSO;GRAVESEND;GRAVESHAM;KENT;A;51432388;390251;South East;England;Gravesham
{01FDD193-E97F-44F5-B8E0-F9CD8C12B794};492000;23/01/2015;2015;1;1;TN14 7TS;TN14;Detached;Freehold;VERDADERO;SEVENOAKS;SEVENOAKS;KENT;A;51337885;179596;South East;England;Sevenoaks
{020D49E8-9542-4BC7-8C93-C853A0B6E0BD};234500;20/02/2015;2015;2;1;SK17 9RT;SK17;Detached;Leasehold;FALSO;BUXTON;HIGH PEAK;DERBYSHIRE;A;53143908;-1810733;East Midlands;England;Derbyshire Dales
{021C4794-CAA5-4496-A2C5-47D9C82A7418};87500;29/05/2015;2015;5;2;MK12 5FL;MK12;Flat/Maisonette;Leasehold;FALSO;MILTON KEYNES;MILTON KEYNES;MILTON KEYNES;A;52054883;-810579;South East;England;Milton Keynes
{0231ACE3-793D-46E7-AC59-8EE7A591D602};100000;25/03/2015;2015;3;1;S26 5LL;S26;Semi-Detached;Leasehold;FALSO;SHEFFIELD;ROTHERHAM;SOUTH YORKSHIRE;A;53360417;-1329791;Yorkshire and The Humber;England;Rotherham
{0235CEC0-705D-4518-A9E8-E757E13155FF};173000;29/05/2015;2015;5;2;ME3 9FN;ME3;Terraced;Freehold;FALSO;ROCHESTER;MEDWAY;MEDWAY;A;51411471;514304;South East;England;Medway
{023627A9-A65C-470D-91C0-6DAEBCC1967F};142000;17/08/2015;2015;8;3;S3 9AF;S3;Semi-Detached;Leasehold;FALSO;SHEFFIELD;SHEFFIELD;SOUTH YORKSHIRE;A;53385973;-1471756;Yorkshire and The Humber;England;Sheffield
{024693FC-3AE0-4393-A797-9E39B342A5AB};545000;10/07/2015;2015;7;3;NR13 4TW;NR13;Detached;Freehold;FALSO;NORWICH;BROADLAND;NORFOLK;A;52666868;1512619;East of England;England;Broadland
{0249FA82-E72C-4926-85B0-618D5C4BF9C1};525000;27/03/2015;2015;3;1;HP13 5YP;HP13;Detached;Freehold;FALSO;HIGH WYCOMBE;WYCOMBE;BUCKINGHAMSHIRE;A;5164267;-721198;South East;England;Buckinghamshire
{025817E0-4E8D-4F17-AD5B-BE4F0404F427};119000;2/09/2015;2015;9;3;CF24 1NW;CF24;Terraced;Freehold;FALSO;CARDIFF;CARDIFF;CARDIFF;A;51498204;-3179652;Wales;Wales;Cardiff
{026E5088-A6DB-4EF4-8296-8E19C491398E};446000;8/01/2015;2015;1;1;RG14 7QH;RG14;Semi-Detached;Freehold;FALSO;NEWBURY;WEST BERKSHIRE;WEST BERKSHIRE;A;51378728;-1344976;South East;England;West Berkshire
{0278EF7A-409E-4C76-A8A6-14A9938DE80C};115000;24/07/2015;2015;7;3;B69 2DN;B69;Semi-Detached;Freehold;FALSO;OLDBURY;SANDWELL;WEST MIDLANDS;A;52510206;-2055882;West Midlands;England;Sandwell
{02928D13-92E5-44FB-903E-DE701CBAF072};163000;23/04/2015;2015;4;2;CV3 6JS;CV3;Terraced;Freehold;FALSO;COVENTRY;COVENTRY;WEST MIDLANDS;A;52388396;-1513675;West Midlands;England;Coventry
{0298B649-89AF-4EDC-BBB1-AD33907BDFE3};715000;12/02/2015;2015;2;1;N1 8DZ;N1;Flat/Maisonette;Leasehold;FALSO;LONDON;ISLINGTON;GREATER LONDON;A;51530946;-94451;London;England;Hackney
{029ACB87-9496-4A45-B8E3-31CF0DD2F463};650000;3/07/2015;2015;7;3;HA8 8JH;HA8;Semi-Detached;Freehold;FALSO;EDGWARE;BARNET;GREATER LONDON;A;51623247;-288294;London;England;Barnet
{02A27609-113C-4D9C-9FC8-0071D56C8B32};285000;20/03/2015;2015;3;1;CM6 1XU;CM6;Detached;Freehold;VERDADERO;DUNMOW;UTTLESFORD;ESSEX;A;51960925;345371;East of England;England;Uttlesford
{02C3D01F-899D-49DB-B572-0BFB413DDDB6};103000;13/06/2015;2015;6;2;NN18 8LL;NN18;Semi-Detached;Freehold;FALSO;CORBY;CORBY;NORTHAMPTONSHIRE;A;52489271;-717928;East Midlands;England;North Northamptonshire
{02C44284-FC26-43C2-8EF9-C0A4B8DEAEFA};171500;13/03/2015;2015;3;1;LE3 2WB;LE3;Detached;Freehold;FALSO;LEICESTER;BLABY;LEICESTERSHIRE;A;52626733;-1152826;East Midlands;England;Leicester
{02D48B1B-4E22-4B7F-95AF-79849652EB71};295250;30/01/2015;2015;1;1;LN5 0EX;LN5;Detached;Freehold;FALSO;LINCOLN;NORTH KESTEVEN;LINCOLNSHIRE;A;53100174;-529249;East Midlands;England;North Kesteven
{02E36C98-9B71-4D43-95A4-10F16C4511F5};140000;22/05/2015;2015;5;2;NE35 9LH;NE35;Terraced;Leasehold;FALSO;BOLDON COLLIERY;SOUTH TYNESIDE;TYNE AND WEAR;A;54946121;-1460516;North East;England;South Tyneside
{02E55494-AE1F-4E60-B907-0CB19D6FA0AB};194000;15/05/2015;2015;5;2;MK19 6HA;MK19;Semi-Detached;Freehold;FALSO;MILTON KEYNES;SOUTH NORTHAMPTONSHIRE;NORTHAMPTONSHIRE;A;52053636;-895815;East Midlands;England;West Northamptonshire
{02E7418C-8595-4A6A-8A3E-54FDF1733D15};350000;24/04/2015;2015;4;2;CB2 1LB;CB2;Flat/Maisonette;Leasehold;FALSO;CAMBRIDGE;CAMBRIDGE;CAMBRIDGESHIRE;A;5217899;124518;East of England;England;Cambridge
{03166FB0-722A-4F27-8EF9-EC72088B82BC};113000;4/03/2015;2015;3;1;SK22 4HN;SK22;Semi-Detached;Freehold;FALSO;HIGH PEAK;HIGH PEAK;DERBYSHIRE;A;53370231;-1991378;East Midlands;England;High Peak
{031E82E3-7FB8-4308-B902-ABD6432CCE6F};183000;5/08/2015;2015;8;3;HP21 8BY;HP21;Terraced;Freehold;FALSO;AYLESBURY;AYLESBURY VALE;BUCKINGHAMSHIRE;A;51795453;-816746;South East;England;Buckinghamshire
{036361B2-1426-423E-A2D5-724926D38861};419950;27/07/2015;2015;7;3;KT14 7NN;KT14;Semi-Detached;Freehold;FALSO;WEST BYFLEET;WOKING;SURREY;A;51336284;-510556;South East;England;Woking
{0364EABF-961D-4834-B1D6-F9DDBDEB3D3E};320000;4/09/2015;2015;9;3;SM4 6NL;SM4;Terraced;Freehold;FALSO;MORDEN;SUTTON;GREATER LONDON;A;5139347;-187207;London;England;Merton
{03658D58-5020-4214-BC59-77B5C0D547DB};194000;29/05/2015;2015;5;2;LE67 9XJ;LE67;Detached;Freehold;VERDADERO;MARKFIELD;HINCKLEY AND BOSWORTH;LEICESTERSHIRE;A;52689993;-130905;East Midlands;England;Hinckley and Bosworth
{03669436-B0AB-4096-ADE1-67BCCCBA3BC5};155000;23/07/2015;2015;7;3;NR3 1SP;NR3;Flat/Maisonette;Leasehold;VERDADERO;NORWICH;NORWICH;NORFOLK;A;5264302;1284367;East of England;England;Norwich
{03686FAA-3F64-4D6A-855E-F91E7D824A47};295950;5/06/2015;2015;6;2;NN15 6WP;NN15;Detached;Freehold;VERDADERO;KETTERING;KETTERING;NORTHAMPTONSHIRE;A;52390401;-722145;East Midlands;England;North Northamptonshire
{036B6B08-F1FF-4DD0-9408-0DD057D2D4B6};158500;22/05/2015;2015;5;2;BS37 4LZ;BS37;Terraced;Leasehold;FALSO;BRISTOL;SOUTH GLOUCESTERSHIRE;SOUTH GLOUCESTERSHIRE;A;51544313;-2427797;South West;England;South Gloucestershire
{03720EF7-FC6D-4C50-BA92-74CAC21DCB42};223500;30/03/2015;2015;3;1;BN26 6FB;BN26;Terraced;Freehold;FALSO;POLEGATE;WEALDEN;EAST SUSSEX;A;50821117;192443;South East;England;Wealden
{0393E5A9-348A-425A-A383-55F5D2B38C06};77000;16/03/2015;2015;3;1;CV6 5NA;CV6;Terraced;Freehold;FALSO;COVENTRY;COVENTRY;WEST MIDLANDS;A;5243714;-1522304;West Midlands;England;Coventry
{0396C377-479C-463F-934E-0BC3D065E8EE};116000;15/05/2015;2015;5;2;CH7 1PD;CH7;Semi-Detached;Freehold;FALSO;MOLD;FLINTSHIRE;FLINTSHIRE;A;53174204;-3152087;Wales;Wales;Flintshire
{039EE510-5898-4EEA-85E0-E6ADFCD68C52};535000;6/02/2015;2015;2;1;IP16 4RL;IP16;Detached;Freehold;FALSO;LEISTON;SUFFOLK COASTAL;SUFFOLK;A;52207758;1579164;East of England;England;East Suffolk
{03B3A15A-C52B-4CEA-B947-8259E2C64B3C};135500;27/05/2015;2015;5;2;SA44 6DA;SA44;Terraced;Freehold;FALSO;LLANDYSUL;CEREDIGION;CEREDIGION;A;52136996;-4381035;Wales;Wales;Ceredigion
{03CC54D9-A8BB-40B6-90BB-2A6CF876AD1A};435000;4/09/2015;2015;9;3;BA1 3JX;BA1;Terraced;Freehold;FALSO;BATH;BATH AND NORTH EAST SOMERSET;BATH AND NORTH EAST SOMERSET;A;5139085;-2355423;South West;England;Bath and North East Somerset
{03E38EE4-FC10-4A86-B542-77C5798AD3A4};240000;22/05/2015;2015;5;2;NP26 3NA;NP26;Detached;Freehold;FALSO;CALDICOT;MONMOUTHSHIRE;MONMOUTHSHIRE;A;51584833;-2826006;Wales;Wales;Monmouthshire
{03ECFD0A-6D6E-4303-A2DE-2DC871F78D75};265000;22/07/2015;2015;7;3;SE13 7XG;SE13;Flat/Maisonette;Leasehold;FALSO;LONDON;LEWISHAM;GREATER LONDON;A;51465778;-22921;London;England;Lewisham
{03F4976E-C49F-4D05-81A0-391540F56D62};155000;20/02/2015;2015;2;1;NE9 5EN;NE9;Flat/Maisonette;Leasehold;VERDADERO;GATESHEAD;GATESHEAD;TYNE AND WEAR;A;54919028;-1551363;North East;England;Sunderland
{03F5217C-46C0-420D-9517-B75BE7EC3936};165000;20/05/2015;2015;5;2;B43 7DL;B43;Semi-Detached;Freehold;FALSO;BIRMINGHAM;WALSALL;WEST MIDLANDS;A;52535116;-1940451;West Midlands;England;Sandwell
{03F980F3-32FE-47AF-A2CA-A857F54F9E0B};118500;23/07/2015;2015;7;3;BN20 9NP;BN20;Flat/Maisonette;Leasehold;FALSO;EASTBOURNE;WEALDEN;EAST SUSSEX;A;50808007;250864;South East;England;Wealden
{03F9A2AA-C972-49D0-A761-0AB96D38E705};95000;5/05/2015;2015;5;2;BL3 1JY;BL3;Semi-Detached;Freehold;FALSO;BOLTON;BOLTON;GREATER MANCHESTER;A;53555905;-2459272;North West;England;Bolton
{03FB9504-ABF7-4F94-865A-20D398BDA2FD};215000;13/03/2015;2015;3;1;GU35 9BP;GU35;Terraced;Freehold;FALSO;BORDON;EAST HAMPSHIRE;HAMPSHIRE;A;51110702;-855419;South East;England;East Hampshire
{04135AA9-B88E-4CDA-9BD4-239A19827F78};200000;28/08/2015;2015;8;3;GL13 9DF;GL13;Terraced;Freehold;FALSO;BERKELEY;STROUD;GLOUCESTERSHIRE;A;51728531;-2442335;South West;England;Stroud
{04202026-81AA-4F6E-865A-70F766C8AC7A};175000;28/05/2015;2015;5;2;RG18 3AW;RG18;Flat/Maisonette;Leasehold;FALSO;THATCHAM;WEST BERKSHIRE;WEST BERKSHIRE;A;51410201;-1263288;South East;England;West Berkshire
{04429787-2FD7-4DA7-87CF-9D66C709E680};117000;31/07/2015;2015;7;3;GL14 2LN;GL14;Semi-Detached;Freehold;FALSO;CINDERFORD;FOREST OF DEAN;GLOUCESTERSHIRE;A;51820897;-2483893;South West;England;Forest of Dean
{0443483E-5763-49CA-A30D-41A463EA9F78};117000;8/05/2015;2015;5;2;ST5 7QB;ST5;Semi-Detached;Freehold;FALSO;NEWCASTLE;NEWCASTLE-UNDER-LYME;STAFFORDSHIRE;A;53006881;-2218567;West Midlands;England;Newcastle-under-Lyme
{045002F7-4576-4340-91D4-E5C90D33AD8B};630000;30/01/2015;2015;1;1;N10 3RD;N10;Terraced;Freehold;FALSO;LONDON;HARINGEY;GREATER LONDON;A;51602737;-145715;London;England;Barnet
{04536660-96EB-44AC-A176-F8F214BE5C21};240000;16/01/2015;2015;1;1;CM1 6UD;CM1;Semi-Detached;Freehold;FALSO;CHELMSFORD;CHELMSFORD;ESSEX;A;51751738;495849;East of England;England;Chelmsford
{045A1898-3F9A-9A24-E063-4804A8C048EA};875000;18/08/2023;2023;8;3;CM0 8HA;CM0;Detached;Freehold;FALSO;BURNHAM-ON-CROUCH;MALDON;ESSEX;A;51641626;816849;East of England;England;Maldon
{045A1898-40A8-9A24-E063-4804A8C048EA};330000;24/06/2022;2022;6;2;CO7 8GN;CO7;Semi-Detached;Freehold;VERDADERO;COLCHESTER;TENDRING;ESSEX;A;51882055;998824;East of England;England;Tendring
{045A1898-40CF-9A24-E063-4804A8C048EA};1350000;11/11/2022;2022;11;4;CM6 1JD;CM6;Detached;Freehold;FALSO;DUNMOW;UTTLESFORD;ESSEX;A;51960925;345371;East of England;England;Uttlesford
{045A1898-4114-9A24-E063-4804A8C048EA};690000;14/04/2023;2023;4;2;SS3 0NB;SS3;Terraced;Freehold;FALSO;SOUTHEND-ON-SEA;ROCHFORD;ESSEX;A;51554338;800775;East of England;England;Rochford
{045A1898-411B-9A24-E063-4804A8C048EA};499995;6/04/2023;2023;4;2;CM0 8GQ;CM0;Detached;Freehold;VERDADERO;BURNHAM-ON-CROUCH;MALDON;ESSEX;A;51641626;816849;East of England;England;Maldon
{045A1898-414B-9A24-E063-4804A8C048EA};1100000;4/08/2023;2023;8;3;W4 2BE;W4;Semi-Detached;Freehold;FALSO;LONDON;HOUNSLOW;GREATER LONDON;A;51496494;-270832;London;England;Ealing
{045A1898-41CF-9A24-E063-4804A8C048EA};547000;24/09/2021;2021;9;3;N3 2HY;N3;Flat/Maisonette;Leasehold;FALSO;LONDON;BARNET;GREATER LONDON;A;51593606;-198596;London;England;Barnet
{045A1898-42CE-9A24-E063-4804A8C048EA};600000;4/08/2023;2023;8;3;E8 3QW;E8;Flat/Maisonette;Leasehold;FALSO;LONDON;HACKNEY;GREATER LONDON;A;51546744;-56537;London;England;Hackney
{045A1898-4300-9A24-E063-4804A8C048EA};455000;20/07/2023;2023;7;3;E17 5BA;E17;Flat/Maisonette;Leasehold;FALSO;LONDON;WALTHAM FOREST;GREATER LONDON;A;51579004;-31909;London;England;Waltham Forest
{045A1898-4386-9A24-E063-4804A8C048EA};765000;20/06/2023;2023;6;2;NW2 2PD;NW2;Flat/Maisonette;Leasehold;FALSO;LONDON;BARNET;GREATER LONDON;A;51562283;-251961;London;England;Brent
{045A1898-43F1-9A24-E063-4804A8C048EA};625000;2/03/2021;2021;3;1;N16 0ST;N16;Flat/Maisonette;Leasehold;FALSO;LONDON;HACKNEY;GREATER LONDON;A;51566842;-82678;London;England;Hackney
{045A1898-4471-9A24-E063-4804A8C048EA};675000;17/12/2021;2021;12;4;NW4 3PY;NW4;Flat/Maisonette;Leasehold;FALSO;LONDON;BARNET;GREATER LONDON;A;51577902;-217806;London;England;Barnet
{045A1898-4559-9A24-E063-4804A8C048EA};430000;19/08/2022;2022;8;3;NW7 1TP;NW7;Flat/Maisonette;Leasehold;VERDADERO;LONDON;BARNET;GREATER LONDON;A;51606201;-23862;London;England;Barnet
{045A1898-4569-9A24-E063-4804A8C048EA};553908;28/06/2022;2022;6;2;NW7 1UQ;NW7;Flat/Maisonette;Leasehold;VERDADERO;LONDON;BARNET;GREATER LONDON;A;51606201;-23862;London;England;Barnet
{045A1898-4637-9A24-E063-4804A8C048EA};415000;3/07/2023;2023;7;3;W4 4HE;W4;Flat/Maisonette;Leasehold;FALSO;LONDON;HOUNSLOW;GREATER LONDON;A;51496494;-270832;London;England;Ealing
{045A1898-4688-9A24-E063-4804A8C048EA};150000;8/08/2023;2023;8;3;BS23 2PJ;BS23;Flat/Maisonette;Leasehold;FALSO;WESTON-SUPER-MARE;NORTH SOMERSET;NORTH SOMERSET;A;51345358;-2965043;South West;England;North Somerset
{045A1898-46E8-9A24-E063-4804A8C048EA};242500;17/07/2023;2023;7;3;BS32 9AE;BS32;Terraced;Freehold;FALSO;BRISTOL;SOUTH GLOUCESTERSHIRE;SOUTH GLOUCESTERSHIRE;A;51541137;-25452;South West;England;South Gloucestershire
{045A1898-474B-9A24-E063-4804A8C048EA};249000;11/08/2023;2023;8;3;BA3 2DL;BA3;Terraced;Freehold;FALSO;RADSTOCK;BATH AND NORTH EAST SOMERSET;BATH AND NORTH EAST SOMERSET;A;51282672;-2469337;South West;England;Bath and North East Somerset
{045A1898-4752-9A24-E063-4804A8C048EA};440000;10/03/2023;2023;3;1;BS16 6TJ;BS16;Detached;Freehold;FALSO;BRISTOL;SOUTH GLOUCESTERSHIRE;SOUTH GLOUCESTERSHIRE;A;51502204;-2521266;South West;England;South Gloucestershire
{045A1898-47DF-9A24-E063-4804A8C048EA};415000;21/03/2023;2023;3;1;BS34 8UN;BS34;Terraced;Freehold;FALSO;BRISTOL;SOUTH GLOUCESTERSHIRE;SOUTH GLOUCESTERSHIRE;A;51525156;-2559021;South West;England;South Gloucestershire
{045A1898-4824-9A24-E063-4804A8C048EA};350000;10/09/2021;2021;9;3;NW2 3SE;NW2;Flat/Maisonette;Leasehold;FALSO;LONDON;CAMDEN;GREATER LONDON;B;51562283;-251961;London;England;Brent
{045A1898-482B-9A24-E063-4804A8C048EA};1148400;14/10/2021;2021;10;4;WC1X 0BU;WC1X;Flat/Maisonette;Leasehold;VERDADERO;LONDON;CAMDEN;GREATER LONDON;A;51524144;-115926;London;England;Camden
{045A1898-4902-9A24-E063-4804A8C048EA};315000;21/07/2023;2023;7;3;LU2 0RL;LU2;Semi-Detached;Freehold;FALSO;LUTON;LUTON;LUTON;A;5189175;-399907;East of England;England;Luton
{045A1898-492C-9A24-E063-4804A8C048EA};785000;8/08/2023;2023;8;3;MK43 9BB;MK43;Detached;Freehold;FALSO;BEDFORD;BEDFORD;BEDFORD;A;52062518;-544636;East of England;England;Central Bedfordshire
{045A1898-49DA-9A24-E063-4804A8C048EA};320000;26/07/2023;2023;7;3;MK42 0DA;MK42;Semi-Detached;Freehold;FALSO;BEDFORD;BEDFORD;BEDFORD;A;52111701;-493135;East of England;England;Bedford
{045A1898-49FD-9A24-E063-4804A8C048EA};555000;18/07/2023;2023;7;3;SG5 4HX;SG5;Semi-Detached;Freehold;FALSO;HITCHIN;CENTRAL BEDFORDSHIRE;CENTRAL BEDFORDSHIRE;A;51950769;-274351;East of England;England;North Hertfordshire
{045A1898-4A06-9A24-E063-4804A8C048EA};140000;29/03/2023;2023;3;1;MK40 1EQ;MK40;Flat/Maisonette;Leasehold;FALSO;BEDFORD;BEDFORD;BEDFORD;A;52144142;-452158;East of England;England;Bedford
{045A1898-4A44-9A24-E063-4804A8C048EA};263950;15/10/2021;2021;10;4;SG16 6HW;SG16;Terraced;Freehold;VERDADERO;HENLOW;CENTRAL BEDFORDSHIRE;CENTRAL BEDFORDSHIRE;A;52008055;-297047;East of England;England;Central Bedfordshire
{045A1898-4A95-9A24-E063-4804A8C048EA};1100000;17/12/2021;2021;12;4;MK45 3RD;MK45;Detached;Freehold;FALSO;BEDFORD;CENTRAL BEDFORDSHIRE;CENTRAL BEDFORDSHIRE;A;52081023;-446037;East of England;England;Bedford
{045A1898-4ABB-9A24-E063-4804A8C048EA};245000;10/12/2021;2021;12;4;LU2 0GH;LU2;Flat/Maisonette;Leasehold;VERDADERO;LUTON;LUTON;LUTON;A;5189175;-399907;East of England;England;Luton
{045A1898-4B3F-9A24-E063-4804A8C048EA};410700;16/12/2022;2022;12;4;MK44 1FL;MK44;Detached;Freehold;VERDADERO;BEDFORD;BEDFORD;BEDFORD;A;52294067;-518368;East of England;England;Bedford
{045A1898-4C7A-9A24-E063-4804A8C048EA};230500;12/01/2021;2021;1;1;E11 3RZ;E11;Flat/Maisonette;Leasehold;FALSO;LONDON;REDBRIDGE;GREATER LONDON;A;51563984;22689;London;England;Redbridge
{045A1898-4C9D-9A24-E063-4804A8C048EA};1046203;14/03/2022;2022;3;1;W6 0JR;W6;Flat/Maisonette;Leasehold;VERDADERO;LONDON;HAMMERSMITH AND FULHAM;GREATER LONDON;A;51487948;-216535;London;England;Hammersmith and Fulham
{045A1898-4D4C-9A24-E063-4804A8C048EA};833000;22/06/2023;2023;6;2;SW5 9TT;SW5;Flat/Maisonette;Leasehold;FALSO;LONDON;KENSINGTON AND CHELSEA;GREATER LONDON;A;51492332;-194511;London;England;Kensington and Chelsea
{045A1898-4DCC-9A24-E063-4804A8C048EA};785000;18/07/2023;2023;7;3;RG10 9QT;RG10;Detached;Freehold;FALSO;READING;WOKINGHAM;WOKINGHAM;A;51478527;-888442;South East;England;Wokingham
{045A1898-4E58-9A24-E063-4804A8C048EA};521000;28/09/2022;2022;9;3;RG31 7EA;RG31;Detached;Freehold;FALSO;READING;WEST BERKSHIRE;WEST BERKSHIRE;A;51439826;-1052322;South East;England;West Berkshire
{045A1898-4ED1-9A24-E063-4804A8C048EA};425000;21/07/2023;2023;7;3;RG12 9YA;RG12;Terraced;Freehold;FALSO;BRACKNELL;BRACKNELL FOREST;BRACKNELL FOREST;A;51393641;-761846;South East;England;Bracknell Forest
{045A1898-4EEB-9A24-E063-4804A8C048EA};185000;14/07/2023;2023;7;3;RG30 2EZ;RG30;Flat/Maisonette;Leasehold;FALSO;READING;READING;READING;A;51462181;-1027258;South East;England;Reading
{045A1898-4F36-9A24-E063-4804A8C048EA};1150000;5/07/2022;2022;7;3;SL4 3HS;SL4;Detached;Freehold;FALSO;WINDSOR;WINDSOR AND MAIDENHEAD;WINDSOR AND MAIDENHEAD;A;51477317;-605951;South East;England;Windsor and Maidenhead
{045A1898-4FD4-9A24-E063-4804A8C048EA};2000000;10/07/2023;2023;7;3;SL5 9HW;SL5;Detached;Freehold;FALSO;ASCOT;WINDSOR AND MAIDENHEAD;WINDSOR AND MAIDENHEAD;A;51403458;-657954;South East;England;Windsor and Maidenhead
{045A1898-4FEE-9A24-E063-4804A8C048EA};235000;25/07/2023;2023;7;3;RG7 5FF;RG7;Flat/Maisonette;Leasehold;FALSO;READING;WEST BERKSHIRE;WEST BERKSHIRE;A;51392991;-960554;South East;England;Wokingham
{045A1898-5049-9A24-E063-4804A8C048EA};370000;21/07/2023;2023;7;3;SL1 1GN;SL1;Flat/Maisonette;Leasehold;FALSO;SLOUGH;SLOUGH;SLOUGH;A;51518776;-643225;South East;England;Slough
{045A1898-5089-9A24-E063-4804A8C048EA};565000;24/09/2021;2021;9;3;RG17 0UQ;RG17;Detached;Freehold;VERDADERO;HUNGERFORD;WEST BERKSHIRE;WEST BERKSHIRE;A;5141476;-1518025;South East;England;West Berkshire
{045A1898-50F5-9A24-E063-4804A8C048EA};610000;18/03/2022;2022;3;1;SL6 6QT;SL6;Terraced;Freehold;FALSO;MAIDENHEAD;WINDSOR AND MAIDENHEAD;WINDSOR AND MAIDENHEAD;A;5152585;-759142;South East;England;Windsor and Maidenhead
{045A1898-5102-9A24-E063-4804A8C048EA};261600;10/05/2022;2022;5;2;SL1 3GN;SL1;Flat/Maisonette;Leasehold;VERDADERO;SLOUGH;SLOUGH;SLOUGH;A;51518776;-643225;South East;England;Slough
{045A1898-510E-9A24-E063-4804A8C048EA};799450;14/04/2022;2022;4;2;RG42 4GZ;RG42;Detached;Freehold;VERDADERO;BRACKNELL;BRACKNELL FOREST;BRACKNELL FOREST;A;51430806;-791151;South East;England;Bracknell Forest
{045A1898-5193-9A24-E063-4804A8C048EA};540000;7/04/2021;2021;4;2;GU47 8HA;GU47;Detached;Freehold;FALSO;SANDHURST;BRACKNELL FOREST;BRACKNELL FOREST;A;51343459;-786301;South East;England;Bracknell Forest
{045A1898-52BE-9A24-E063-4804A8C048EA};156000;26/10/2021;2021;10;4;BS16 3RS;BS16;Flat/Maisonette;Leasehold;FALSO;BRISTOL;CITY OF BRISTOL;CITY OF BRISTOL;A;51502204;-2521266;South West;England;South Gloucestershire
{045A1898-537C-9A24-E063-4804A8C048EA};290000;2/02/2023;2023;2;1;MK5 7AJ;MK5;Semi-Detached;Freehold;FALSO;MILTON KEYNES;MILTON KEYNES;MILTON KEYNES;A;52016491;-805361;South East;England;Milton Keynes
{045A1898-53FC-9A24-E063-4804A8C048EA};390000;10/02/2023;2023;2;1;LU7 0SD;LU7;Semi-Detached;Freehold;FALSO;LEIGHTON BUZZARD;BUCKINGHAMSHIRE;BUCKINGHAMSHIRE;A;5191991;-660256;East of England;England;Central Bedfordshire
{045A1898-5403-9A24-E063-4804A8C048EA};332500;3/07/2023;2023;7;3;HP7 9JR;HP7;Terraced;Freehold;FALSO;AMERSHAM;BUCKINGHAMSHIRE;BUCKINGHAMSHIRE;A;51670285;-574361;South East;England;Buckinghamshire
{045A1898-544A-9A24-E063-4804A8C048EA};300000;14/08/2023;2023;8;3;MK19 7LQ;MK19;Terraced;Freehold;FALSO;MILTON KEYNES;MILTON KEYNES;MILTON KEYNES;A;52053636;-895815;East Midlands;England;West Northamptonshire
{045A1898-5467-9A24-E063-4804A8C048EA};1010000;12/07/2023;2023;7;3;HP5 1AT;HP5;Detached;Freehold;FALSO;CHESHAM;BUCKINGHAMSHIRE;BUCKINGHAMSHIRE;A;51710852;-607678;South East;England;Buckinghamshire
{045A1898-54C7-9A24-E063-4804A8C048EA};265500;9/08/2023;2023;8;3;HP13 6AP;HP13;Flat/Maisonette;Leasehold;FALSO;HIGH WYCOMBE;BUCKINGHAMSHIRE;BUCKINGHAMSHIRE;A;5164267;-721198;South East;England;Buckinghamshire
{045A1898-5561-9A24-E063-4804A8C048EA};94000;1/03/2023;2023;3;1;MK3 5GA;MK3;Flat/Maisonette;Leasehold;FALSO;MILTON KEYNES;MILTON KEYNES;MILTON KEYNES;A;52000569;-754274;South East;England;Milton Keynes
{045A1898-55A8-9A24-E063-4804A8C048EA};200000;4/08/2023;2023;8;3;HP27 9AG;HP27;Flat/Maisonette;Leasehold;FALSO;PRINCES RISBOROUGH;BUCKINGHAMSHIRE;BUCKINGHAMSHIRE;A;51723792;-87482;South East;England;Buckinghamshire
{045A1898-56AB-9A24-E063-4804A8C048EA};315000;31/03/2022;2022;3;1;MK46 5GA;MK46;Terraced;Freehold;VERDADERO;OLNEY;MILTON KEYNES;MILTON KEYNES;A;52158639;-702226;South East;England;Milton Keynes
{045A1898-56E3-9A24-E063-4804A8C048EA};605000;17/06/2022;2022;6;2;SL6 0AA;SL6;Detached;Freehold;FALSO;MAIDENHEAD;BUCKINGHAMSHIRE;BUCKINGHAMSHIRE;A;5152585;-759142;South East;England;Windsor and Maidenhead
{045A1898-57FB-9A24-E063-4804A8C048EA};240000;27/02/2023;2023;2;1;HP19 7QR;HP19;Terraced;Freehold;FALSO;AYLESBURY;BUCKINGHAMSHIRE;BUCKINGHAMSHIRE;A;5181549;-824273;South East;England;Buckinghamshire
{045A1898-5868-9A24-E063-4804A8C048EA};260000;27/03/2023;2023;3;1;CB6 2NF;CB6;Detached;Freehold;FALSO;ELY;EAST CAMBRIDGESHIRE;CAMBRIDGESHIRE;A;52388297;196731;East of England;England;East Cambridgeshire
{045A1898-594D-9A24-E063-4804A8C048EA};400000;8/08/2023;2023;8;3;PE16 6UR;PE16;Detached;Freehold;FALSO;CHATTERIS;FENLAND;CAMBRIDGESHIRE;A;5244647;45139;East of England;England;Fenland
{045A1898-5964-9A24-E063-4804A8C048EA};275000;29/06/2023;2023;6;2;PE19 2BW;PE19;Terraced;Freehold;FALSO;ST NEOTS;HUNTINGDONSHIRE;CAMBRIDGESHIRE;A;52242331;-266742;East of England;England;Huntingdonshire
{045A1898-5992-9A24-E063-4804A8C048EA};282000;28/11/2022;2022;11;4;PE29 1WX;PE29;Detached;Freehold;FALSO;HUNTINGDON;HUNTINGDONSHIRE;CAMBRIDGESHIRE;A;52340114;-175462;East of England;England;Huntingdonshire
{045A1898-5AB4-9A24-E063-4804A8C048EA};487000;4/08/2023;2023;8;3;CB8 9EG;CB8;Detached;Freehold;FALSO;NEWMARKET;EAST CAMBRIDGESHIRE;CAMBRIDGESHIRE;A;52243285;39898;East of England;England;West Suffolk
{045A1898-5B0B-9A24-E063-4804A8C048EA};808000;8/04/2022;2022;4;2;CB24 4RR;CB24;Detached;Freehold;FALSO;CAMBRIDGE;SOUTH CAMBRIDGESHIRE;CAMBRIDGESHIRE;A;52242524;162386;East of England;England;South Cambridgeshire
{045A1898-5C0F-9A24-E063-4804A8C048EA};285000;29/06/2023;2023;6;2;CB24 5HY;CB24;Semi-Detached;Freehold;FALSO;CAMBRIDGE;SOUTH CAMBRIDGESHIRE;CAMBRIDGESHIRE;A;52242524;162386;East of England;England;South Cambridgeshire
{045A1898-5C43-9A24-E063-4804A8C048EA};165000;24/07/2023;2023;7;3;CB1 7HF;CB1;Flat/Maisonette;Leasehold;FALSO;CAMBRIDGE;CAMBRIDGE;CAMBRIDGESHIRE;A;52184514;174212;East of England;England;Cambridge
{045A1898-5C92-9A24-E063-4804A8C048EA};120000;3/03/2023;2023;3;1;TS24 0UF;TS24;Detached;Freehold;FALSO;HARTLEPOOL;HARTLEPOOL;HARTLEPOOL;A;54700444;-1211596;North East;England;Hartlepool
{045A1898-5CFB-9A24-E063-4804A8C048EA};167000;27/07/2023;2023;7;3;TS5 7PY;TS5;Semi-Detached;Freehold;FALSO;MIDDLESBROUGH;MIDDLESBROUGH;MIDDLESBROUGH;A;54532518;-1268024;North East;England;Middlesbrough
{045A1898-5EB2-9A24-E063-4804A8C048EA};100000;17/07/2023;2023;7;3;TS5 5BW;TS5;Terraced;Freehold;FALSO;MIDDLESBROUGH;MIDDLESBROUGH;MIDDLESBROUGH;A;54532518;-1268024;North East;England;Middlesbrough
{045A1898-5ED5-9A24-E063-4804A8C048EA};310000;10/03/2021;2021;3;1;TS16 0QY;TS16;Detached;Freehold;FALSO;STOCKTON-ON-TEES;STOCKTON-ON-TEES;STOCKTON-ON-TEES;A;54526087;-1353983;North East;England;Stockton-on-Tees
{045A1898-5EDB-9A24-E063-4804A8C048EA};129000;14/07/2023;2023;7;3;TS19 7EL;TS19;Terraced;Freehold;FALSO;STOCKTON-ON-TEES;STOCKTON-ON-TEES;STOCKTON-ON-TEES;A;54586491;-1352797;North East;England;Stockton-on-Tees
{045A1898-5EEB-9A24-E063-4804A8C048EA};49000;4/08/2023;2023;8;3;TS3 6ET;TS3;Terraced;Freehold;FALSO;MIDDLESBROUGH;MIDDLESBROUGH;MIDDLESBROUGH;A;54554516;-1202104;North East;England;Middlesbrough
{045A1898-5F5A-9A24-E063-4804A8C048EA};190000;28/07/2023;2023;7;3;CW8 1QX;CW8;Terraced;Freehold;FALSO;NORTHWICH;CHESHIRE WEST AND CHESTER;CHESHIRE WEST AND CHESTER;A;53255317;-2524199;North West;England;Cheshire West and Chester
{045A1898-60F3-9A24-E063-4804A8C048EA};185000;9/06/2023;2023;6;2;ST7 2YH;ST7;Terraced;Freehold;FALSO;STOKE-ON-TRENT;CHESHIRE EAST;CHESHIRE EAST;A;53091416;-2222057;West Midlands;England;Newcastle-under-Lyme
{045A1898-61B2-9A24-E063-4804A8C048EA};115000;27/01/2023;2023;1;1;WA8 6LN;WA8;Terraced;Freehold;FALSO;WIDNES;HALTON;HALTON;A;53386242;-2727596;North West;England;Halton
{045A1898-61C6-9A24-E063-4804A8C048EA};420000;11/01/2023;2023;1;1;WA13 0PB;WA13;Semi-Detached;Freehold;FALSO;LYMM;WARRINGTON;WARRINGTON;A;5338282;-2473568;North West;England;Warrington
{045A1898-61E2-9A24-E063-4804A8C048EA};220000;8/08/2023;2023;8;3;SK11 7QS;SK11;Terraced;Freehold;FALSO;MACCLESFIELD;CHESHIRE EAST;CHESHIRE EAST;A;532432;-215018;North West;England;Cheshire East
{045A1898-62D6-9A24-E063-4804A8C048EA};210000;3/07/2023;2023;7;3;WA7 2PL;WA7;Semi-Detached;Freehold;FALSO;RUNCORN;HALTON;HALTON;A;53326997;-2714006;North West;England;Halton
{045A1898-63C3-9A24-E063-4804A8C048EA};268995;5/11/2021;2021;11;4;CH65 3DG;CH65;Detached;Freehold;VERDADERO;ELLESMERE PORT;CHESHIRE WEST AND CHESTER;CHESHIRE WEST AND CHESTER;A;53276939;-2892593;North West;England;Cheshire West and Chester
{045A1898-63CE-9A24-E063-4804A8C048EA};755000;1/04/2022;2022;4;2;WA16 9GJ;WA16;Detached;Freehold;VERDADERO;KNUTSFORD;CHESHIRE WEST AND CHESTER;CHESHIRE WEST AND CHESTER;A;53334654;-2449066;North West;England;Cheshire East
{045A1898-63FE-9A24-E063-4804A8C048EA};182995;10/06/2022;2022;6;2;ST7 2EX;ST7;Terraced;Freehold;VERDADERO;STOKE-ON-TRENT;CHESHIRE EAST;CHESHIRE EAST;A;53091416;-2222057;West Midlands;England;Newcastle-under-Lyme
{045A1898-64D9-9A24-E063-4804A8C048EA};180000;4/08/2023;2023;8;3;CH42 6QZ;CH42;Semi-Detached;Freehold;FALSO;BIRKENHEAD;WIRRAL;MERSEYSIDE;A;53372701;-3008663;North West;England;Wirral
{045A1898-6530-9A24-E063-4804A8C048EA};300000;5/11/2018;2018;11;4;TR3 6JH;TR3;Detached;Freehold;FALSO;TRURO;CORNWALL;CORNWALL;A;50261854;-5113385;South West;England;Cornwall
{045A1898-65E3-9A24-E063-4804A8C048EA};250000;22/07/2022;2022;7;3;TR11 4BZ;TR11;Flat/Maisonette;Leasehold;FALSO;FALMOUTH;CORNWALL;CORNWALL;A;50157012;-5074317;South West;England;Cornwall
{045A1898-6625-9A24-E063-4804A8C048EA};230000;4/08/2023;2023;8;3;TR15 1DW;TR15;Detached;Freehold;FALSO;REDRUTH;CORNWALL;CORNWALL;A;50233306;-5233009;South West;England;Cornwall
{045A1898-6687-9A24-E063-4804A8C048EA};280000;13/07/2023;2023;7;3;TR27 4LN;TR27;Terraced;Freehold;FALSO;HAYLE;CORNWALL;CORNWALL;A;50203262;-5374843;South West;England;Cornwall
{045A1898-678F-9A24-E063-4804A8C048EA};217000;8/08/2023;2023;8;3;TR11 2PU;TR11;Terraced;Freehold;FALSO;FALMOUTH;CORNWALL;CORNWALL;A;50157012;-5074317;South West;England;Cornwall
{045A1898-67D7-9A24-E063-4804A8C048EA};205000;5/07/2023;2023;7;3;PL13 2NH;PL13;Semi-Detached;Freehold;FALSO;LOOE;CORNWALL;CORNWALL;A;50385927;-4561928;South West;England;Cornwall
{045A1898-690C-9A24-E063-4804A8C048EA};360000;3/08/2023;2023;8;3;CA28 9BH;CA28;Detached;Freehold;FALSO;WHITEHAVEN;CUMBERLAND;CUMBERLAND;A;54549073;-3589022;North West;England;Cumberland
{045A1898-696A-9A24-E063-4804A8C048EA};90000;17/02/2023;2023;2;1;LA18 4BN;LA18;Terraced;Freehold;FALSO;MILLOM;CUMBERLAND;CUMBERLAND;A;54218764;-3346616;North West;England;Cumberland
{045A1898-69F6-9A24-E063-4804A8C048EA};165000;3/08/2023;2023;8;3;CA2 4RY;CA2;Detached;Freehold;FALSO;CARLISLE;CUMBERLAND;CUMBERLAND;A;54887978;-2941412;North West;England;Cumberland
{045A1898-69FD-9A24-E063-4804A8C048EA};129000;21/07/2023;2023;7;3;LA11 7QE;LA11;Terraced;Freehold;FALSO;GRANGE-OVER-SANDS;WESTMORLAND AND FURNESS;WESTMORLAND AND FURNESS;A;54182851;-2921712;North West;England;Westmorland and Furness
{045A1898-6B20-9A24-E063-4804A8C048EA};175000;24/03/2023;2023;3;1;NP4 8QA;NP4;Terraced;Freehold;FALSO;PONTYPOOL;TORFAEN;TORFAEN;A;51681972;-3022203;Wales;Wales;Torfaen
{045A1898-6BC4-9A24-E063-4804A8C048EA};280000;13/07/2023;2023;7;3;NP10 8AG;NP10;Terraced;Freehold;FALSO;NEWPORT;NEWPORT;NEWPORT;A;51585015;-3044677;Wales;Wales;Newport
{045A1898-6C4F-9A24-E063-4804A8C048EA};102000;4/08/2023;2023;8;3;CF40 2LD;CF40;Terraced;Freehold;FALSO;TONYPANDY;RHONDDA CYNON TAFF;RHONDDA CYNON TAFF;A;51619313;-3441672;Wales;Wales;Rhondda Cynon Taf
{045A1898-6C9D-9A24-E063-4804A8C048EA};61000;31/03/2023;2023;3;1;SA1 1RL;SA1;Flat/Maisonette;Leasehold;FALSO;SWANSEA;SWANSEA;SWANSEA;A;51641191;-3908676;Wales;Wales;Swansea
{045A1898-6D8F-9A24-E063-4804A8C048EA};175000;7/07/2023;2023;7;3;CF35 6FU;CF35;Terraced;Freehold;FALSO;BRIDGEND;BRIDGEND;BRIDGEND;A;51526928;-3494183;Wales;Wales;Bridgend
{045A1898-6E28-9A24-E063-4804A8C048EA};105000;10/02/2023;2023;2;1;NP13 2QD;NP13;Terraced;Freehold;FALSO;ABERTILLERY;BLAENAU GWENT;BLAENAU GWENT;A;51736577;-3133006;Wales;Wales;Blaenau Gwent
{045A1898-6E37-9A24-E063-4804A8C048EA};297000;14/07/2023;2023;7;3;CF5 3DR;CF5;Terraced;Freehold;FALSO;CARDIFF;CARDIFF;CARDIFF;A;51492249;-3222079;Wales;Wales;Cardiff
{045A1898-6EA1-9A24-E063-4804A8C048EA};195000;19/05/2023;2023;5;2;SA33 6AJ;SA33;Detached;Freehold;FALSO;CARMARTHEN;CARMARTHENSHIRE;CARMARTHENSHIRE;A;51894384;-4370716;Wales;Wales;Carmarthenshire
{045A1898-6F81-9A24-E063-4804A8C048EA};170000;28/04/2022;2022;4;2;SY23 1NZ;SY23;Terraced;Freehold;FALSO;ABERYSTWYTH;CEREDIGION;CEREDIGION;A;52289575;-4050153;Wales;Wales;Ceredigion
{045A1898-6FA2-9A24-E063-4804A8C048EA};265000;13/05/2022;2022;5;2;SY23 5AQ;SY23;Detached;Freehold;VERDADERO;LLANON;CEREDIGION;CEREDIGION;A;52289575;-4050153;Wales;Wales;Ceredigion
{045A1898-6FC8-9A24-E063-4804A8C048EA};291995;30/06/2022;2022;6;2;CF5 6GG;CF5;Semi-Detached;Freehold;VERDADERO;CARDIFF;CARDIFF;CARDIFF;A;51492249;-3222079;Wales;Wales;Cardiff
{045A1898-7007-9A24-E063-4804A8C048EA};355000;22/04/2022;2022;4;2;CF11 9LS;CF11;Flat/Maisonette;Leasehold;VERDADERO;CARDIFF;CARDIFF;CARDIFF;A;51480204;-3189211;Wales;Wales;Cardiff
{045A1898-702C-9A24-E063-4804A8C048EA};58000;14/10/2022;2022;10;4;CF45 4EB;CF45;Terraced;Freehold;FALSO;MOUNTAIN ASH;RHONDDA CYNON TAFF;RHONDDA CYNON TAFF;A;51686794;-3378443;Wales;Wales;Rhondda Cynon Taf
{045A1898-7030-9A24-E063-4804A8C048EA};394995;24/10/2022;2022;10;4;NP7 6PX;NP7;Detached;Freehold;VERDADERO;ABERGAVENNY;MONMOUTHSHIRE;MONMOUTHSHIRE;A;51833356;-3019807;Wales;Wales;Monmouthshire
{045A1898-71D2-9A24-E063-4804A8C048EA};190000;5/07/2023;2023;7;3;TQ14 9BS;TQ14;Semi-Detached;Freehold;FALSO;TEIGNMOUTH;TEIGNBRIDGE;DEVON;A;50549731;-3495986;South West;England;Teignbridge
{045A1898-7348-9A24-E063-4804A8C048EA};297500;14/07/2023;2023;7;3;EX15 1UJ;EX15;Detached;Freehold;FALSO;CULLOMPTON;MID DEVON;DEVON;A;50913127;-3234557;South West;England;Mid Devon
{045A1898-7368-9A24-E063-4804A8C048EA};525000;2/08/2023;2023;8;3;EX12 2TZ;EX12;Terraced;Freehold;FALSO;SEATON;EAST DEVON;DEVON;A;50714401;-3066461;South West;England;East Devon
{045A1898-738F-9A24-E063-4804A8C048EA};450000;7/07/2023;2023;7;3;EX21 5EY;EX21;Detached;Freehold;FALSO;BEAWORTHY;TORRIDGE;DEVON;A;50862921;-4214693;South West;England;Torridge
{045A1898-73AB-9A24-E063-4804A8C048EA};795000;18/07/2023;2023;7;3;PL21 0NJ;PL21;Detached;Freehold;FALSO;IVYBRIDGE;SOUTH HAMS;DEVON;A;50349756;-3884855;South West;England;South Hams
{045A1898-73EB-9A24-E063-4804A8C048EA};300000;20/06/2023;2023;6;2;EX39 4LB;EX39;Semi-Detached;Freehold;FALSO;BIDEFORD;NORTH DEVON;DEVON;A;51012491;-4193526;South West;England;Torridge
{045A1898-7415-9A24-E063-4804A8C048EA};475000;21/07/2023;2023;7;3;EX34 8NG;EX34;Detached;Freehold;FALSO;ILFRACOMBE;NORTH DEVON;DEVON;A;51157764;-412201;South West;England;North Devon
{045A1898-741A-9A24-E063-4804A8C048EA};439000;4/07/2023;2023;7;3;EX34 0PL;EX34;Detached;Freehold;FALSO;ILFRACOMBE;NORTH DEVON;DEVON;A;51157764;-412201;South West;England;North Devon
{045A1898-74CB-9A24-E063-4804A8C048EA};263000;21/07/2023;2023;7;3;EX16 4QR;EX16;Semi-Detached;Freehold;FALSO;TIVERTON;MID DEVON;DEVON;A;50891109;-3487079;South West;England;Mid Devon
{045A1898-74F2-9A24-E063-4804A8C048EA};305000;4/01/2023;2023;1;1;TQ12 6GP;TQ12;Semi-Detached;Freehold;FALSO;NEWTON ABBOT;TEIGNBRIDGE;DEVON;A;50487816;-3640981;South West;England;Teignbridge
{045A1898-7559-9A24-E063-4804A8C048EA};260000;20/03/2023;2023;3;1;PL5 3SY;PL5;Semi-Detached;Freehold;FALSO;PLYMOUTH;CITY OF PLYMOUTH;CITY OF PLYMOUTH;A;50397957;-4179268;South West;England;Plymouth
{045A1898-756E-9A24-E063-4804A8C048EA};275000;28/07/2023;2023;7;3;EX7 0FU;EX7;Terraced;Freehold;FALSO;DAWLISH;TEIGNBRIDGE;DEVON;A;50591689;-3463818;South West;England;Teignbridge
{045A1898-75C3-9A24-E063-4804A8C048EA};178500;24/07/2023;2023;7;3;TQ12 2EY;TQ12;Flat/Maisonette;Leasehold;FALSO;NEWTON ABBOT;TEIGNBRIDGE;DEVON;A;50487816;-3640981;South West;England;Teignbridge
{045A1898-75C9-9A24-E063-4804A8C048EA};240000;28/07/2023;2023;7;3;PL5 3FG;PL5;Terraced;Freehold;FALSO;PLYMOUTH;CITY OF PLYMOUTH;CITY OF PLYMOUTH;A;50397957;-4179268;South West;England;Plymouth
{045A1898-76AE-9A24-E063-4804A8C048EA};245000;22/04/2022;2022;4;2;EX5 7HZ;EX5;Semi-Detached;Freehold;VERDADERO;EXETER;EAST DEVON;DEVON;A;50749262;-3414394;South West;England;East Devon
{045A1898-76FA-9A24-E063-4804A8C048EA};299995;27/05/2022;2022;5;2;EX14 3FE;EX14;Terraced;Freehold;VERDADERO;HONITON;EAST DEVON;DEVON;A;50788608;-320463;South West;England;East Devon
{045A1898-7722-9A24-E063-4804A8C048EA};380000;15/06/2022;2022;6;2;EX1 3HU;EX1;Detached;Freehold;VERDADERO;EXETER;EAST DEVON;DEVON;A;50748107;-3463533;South West;England;East Devon
{045A1898-7767-9A24-E063-4804A8C048EA};188500;13/03/2020;2020;3;1;PL2 2LG;PL2;Semi-Detached;Freehold;FALSO;PLYMOUTH;CITY OF PLYMOUTH;CITY OF PLYMOUTH;A;5038349;-4171304;South West;England;Plymouth
{045A1898-77D1-9A24-E063-4804A8C048EA};210000;24/07/2023;2023;7;3;BH14 8TE;BH14;Flat/Maisonette;Leasehold;FALSO;POOLE;BOURNEMOUTH, CHRISTCHURCH AND POOLE;BOURNEMOUTH, CHRISTCHURCH AND POOLE;A;50707787;-1948447;South West;England;Bournemouth, Christchurch and Poole
{045A1898-7893-9A24-E063-4804A8C048EA};300000;2/08/2023;2023;8;3;BH15 3LS;BH15;Semi-Detached;Freehold;FALSO;POOLE;BOURNEMOUTH, CHRISTCHURCH AND POOLE;BOURNEMOUTH, CHRISTCHURCH AND POOLE;A;50722211;-197379;South West;England;Bournemouth, Christchurch and Poole
{045A1898-78C8-9A24-E063-4804A8C048EA};327000;14/06/2023;2023;6;2;BH20 7LP;BH20;Detached;Freehold;FALSO;WAREHAM;DORSET;DORSET;A;50677698;-2234586;South West;England;Dorset
{045A1898-78E2-9A24-E063-4804A8C048EA};400000;19/07/2023;2023;7;3;BH21 4BL;BH21;Detached;Freehold;FALSO;WIMBORNE;DORSET;DORSET;A;50810805;-1964302;South West;England;Dorset
{045A1898-79F4-9A24-E063-4804A8C048EA};275000;31/07/2023;2023;7;3;DT9 6AD;DT9;Terraced;Freehold;FALSO;SHERBORNE;DORSET;DORSET;A;50947247;-251207;South West;England;Dorset
{045A1898-7A3B-9A24-E063-4804A8C048EA};210000;14/07/2023;2023;7;3;DT1 3AZ;DT1;Flat/Maisonette;Leasehold;FALSO;DORCHESTER;DORSET;DORSET;A;50709528;-2438475;South West;England;Dorset
{045A1898-7A99-9A24-E063-4804A8C048EA};365000;4/04/2023;2023;4;2;BH14 0LP;BH14;Flat/Maisonette;Leasehold;FALSO;POOLE;BOURNEMOUTH, CHRISTCHURCH AND POOLE;BOURNEMOUTH, CHRISTCHURCH AND POOLE;A;50707787;-1948447;South West;England;Bournemouth, Christchurch and Poole
{045A1898-7B74-9A24-E063-4804A8C048EA};295000;11/08/2023;2023;8;3;DT4 0EA;DT4;Detached;Freehold;FALSO;WEYMOUTH;DORSET;DORSET;A;50627557;-2457207;South West;England;Dorset
{045A1898-7BB6-9A24-E063-4804A8C048EA};58000;11/08/2023;2023;8;3;DL1 5PB;DL1;Flat/Maisonette;Leasehold;FALSO;DARLINGTON;DARLINGTON;DARLINGTON;A;54530419;-1538817;North East;England;Darlington
{045A1898-7C05-9A24-E063-4804A8C048EA};43000;11/05/2023;2023;5;2;DL14 8RS;DL14;Terraced;Freehold;FALSO;BISHOP AUCKLAND;COUNTY DURHAM;COUNTY DURHAM;A;54648299;-1685172;North East;England;County Durham
{045A1898-7C3C-9A24-E063-4804A8C048EA};90000;10/02/2023;2023;2;1;DH7 7PU;DH7;Semi-Detached;Freehold;FALSO;DURHAM;COUNTY DURHAM;COUNTY DURHAM;A;54825027;-1630431;North East;England;County Durham
{045A1898-7C5B-9A24-E063-4804A8C048EA};177500;16/06/2023;2023;6;2;DL13 1JE;DL13;Detached;Freehold;FALSO;BISHOP AUCKLAND;COUNTY DURHAM;COUNTY DURHAM;A;54605822;-1813308;North East;England;County Durham
{045A1898-7CF6-9A24-E063-4804A8C048EA};81500;13/07/2023;2023;7;3;DH2 2EJ;DH2;Semi-Detached;Freehold;FALSO;CHESTER LE STREET;COUNTY DURHAM;COUNTY DURHAM;A;54864144;-1582851;North East;England;County Durham
{045A1898-7D5E-9A24-E063-4804A8C048EA};180000;25/08/2023;2023;8;3;DH2 2ET;DH2;Detached;Leasehold;FALSO;CHESTER LE STREET;COUNTY DURHAM;COUNTY DURHAM;A;54864144;-1582851;North East;England;County Durham
{045A1898-7D66-9A24-E063-4804A8C048EA};147000;24/07/2023;2023;7;3;DH1 5BX;DH1;Flat/Maisonette;Leasehold;FALSO;DURHAM;COUNTY DURHAM;COUNTY DURHAM;A;54785945;-1529169;North East;England;County Durham
{045A1898-7D71-9A24-E063-4804A8C048EA};135000;30/06/2023;2023;6;2;DL3 0TP;DL3;Semi-Detached;Freehold;FALSO;DARLINGTON;DARLINGTON;DARLINGTON;A;54530884;-1559966;North East;England;Darlington
{045A1898-7D9E-9A24-E063-4804A8C048EA};125000;28/07/2023;2023;7;3;DH1 3SA;DH1;Terraced;Freehold;FALSO;DURHAM;COUNTY DURHAM;COUNTY DURHAM;A;54785945;-1529169;North East;England;County Durham
{045A1898-7DFF-9A24-E063-4804A8C048EA};139950;30/03/2021;2021;3;1;SR7 7FA;SR7;Terraced;Freehold;VERDADERO;SEAHAM;COUNTY DURHAM;COUNTY DURHAM;A;5483087;-133884;North East;England;County Durham
{045A1898-7E7D-9A24-E063-4804A8C048EA};45500;1/08/2023;2023;8;3;DL17 0DA;DL17;Terraced;Freehold;FALSO;FERRYHILL;COUNTY DURHAM;COUNTY DURHAM;A;54699665;-1519927;North East;England;County Durham
{045A1898-7F44-9A24-E063-4804A8C048EA};149500;10/07/2023;2023;7;3;S41 9HQ;S41;Semi-Detached;Freehold;FALSO;CHESTERFIELD;CHESTERFIELD;DERBYSHIRE;A;53257485;-1430047;East Midlands;England;Chesterfield
{045A1898-7F94-9A24-E063-4804A8C048EA};700000;14/07/2023;2023;7;3;SK17 8LS;SK17;Detached;Freehold;FALSO;BUXTON;DERBYSHIRE DALES;DERBYSHIRE;A;53143908;-1810733;East Midlands;England;Derbyshire Dales
{045A1898-7FF6-9A24-E063-4804A8C048EA};330000;6/03/2023;2023;3;1;S44 5UR;S44;Semi-Detached;Freehold;FALSO;CHESTERFIELD;NORTH EAST DERBYSHIRE;DERBYSHIRE;A;53222408;-1290591;East Midlands;England;Bolsover
{045A1898-812C-9A24-E063-4804A8C048EA};70000;8/08/2023;2023;8;3;SK23 0HJ;SK23;Flat/Maisonette;Leasehold;FALSO;HIGH PEAK;HIGH PEAK;DERBYSHIRE;A;53327118;-1914184;East Midlands;England;High Peak
{045A1898-8141-9A24-E063-4804A8C048EA};320000;26/07/2023;2023;7;3;DE21 4QY;DE21;Detached;Freehold;FALSO;DERBY;CITY OF DERBY;CITY OF DERBY;A;52926436;-1459555;East Midlands;England;Derby
{045A1898-8185-9A24-E063-4804A8C048EA};170000;31/07/2023;2023;7;3;S44 6FF;S44;Terraced;Freehold;FALSO;CHESTERFIELD;BOLSOVER;DERBYSHIRE;A;53222408;-1290591;East Midlands;England;Bolsover
{045A1898-819A-9A24-E063-4804A8C048EA};196000;28/04/2023;2023;4;2;DE11 7LN;DE11;Semi-Detached;Freehold;FALSO;SWADLINCOTE;SOUTH DERBYSHIRE;DERBYSHIRE;A;52769207;-1571714;East Midlands;England;South Derbyshire
{045A1898-81B6-9A24-E063-4804A8C048EA};87500;28/07/2023;2023;7;3;S21 4GS;S21;Flat/Maisonette;Leasehold;FALSO;SHEFFIELD;NORTH EAST DERBYSHIRE;DERBYSHIRE;A;53318201;-132724;East Midlands;England;North East Derbyshire
{045A1898-8376-9A24-E063-4804A8C048EA};272000;28/10/2022;2022;10;4;S42 6GG;S42;Detached;Freehold;VERDADERO;CHESTERFIELD;NORTH EAST DERBYSHIRE;DERBYSHIRE;A;53199904;-1393776;East Midlands;England;North East Derbyshire
{045A1898-83DD-9A24-E063-4804A8C048EA};155000;4/08/2023;2023;8;3;NG10 4GT;NG10;Semi-Detached;Freehold;FALSO;NOTTINGHAM;EREWASH;DERBYSHIRE;A;52903797;-1277737;East Midlands;England;Erewash
{045A1898-8443-9A24-E063-4804A8C048EA};325000;28/07/2023;2023;7;3;BN22 7PZ;BN22;Terraced;Freehold;FALSO;EASTBOURNE;EASTBOURNE;EAST SUSSEX;A;5077529;294543;South East;England;Eastbourne
{045A1898-84FD-9A24-E063-4804A8C048EA};225000;30/06/2023;2023;6;2;RM3 9AA;RM3;Flat/Maisonette;Leasehold;FALSO;ROMFORD;HAVERING;GREATER LONDON;A;5159171;226273;London;England;Havering
{045A1898-859D-9A24-E063-4804A8C048EA};250000;16/06/2023;2023;6;2;RM2 5BN;RM2;Flat/Maisonette;Leasehold;FALSO;ROMFORD;HAVERING;GREATER LONDON;A;51583906;211919;London;England;Havering
{045A1898-85A3-9A24-E063-4804A8C048EA};377000;11/05/2023;2023;5;2;RM7 0QS;RM7;Terraced;Freehold;FALSO;ROMFORD;HAVERING;GREATER LONDON;A;51589887;162706;London;England;Havering
{045A1898-8618-9A24-E063-4804A8C048EA};216000;27/07/2023;2023;7;3;IG11 7AB;IG11;Terraced;Leasehold;FALSO;BARKING;BARKING AND DAGENHAM;GREATER LONDON;A;51533175;75205;London;England;Barking and Dagenham
{045A1898-86A8-9A24-E063-4804A8C048EA};380000;27/07/2022;2022;7;3;RM12 5NX;RM12;Semi-Detached;Freehold;FALSO;HORNCHURCH;HAVERING;GREATER LONDON;A;51542535;211154;London;England;Havering
{045A1898-86D8-9A24-E063-4804A8C048EA};537000;19/07/2023;2023;7;3;TN39 4PR;TN39;Detached;Freehold;FALSO;BEXHILL-ON-SEA;ROTHER;EAST SUSSEX;A;50844347;455288;South East;England;Rother
{045A1898-8740-9A24-E063-4804A8C048EA};1325000;9/12/2021;2021;12;4;TN6 2XB;TN6;Detached;Freehold;FALSO;CROWBOROUGH;WEALDEN;EAST SUSSEX;A;51055784;175998;South East;England;Wealden
{045A1898-87A9-9A24-E063-4804A8C048EA};700000;31/07/2023;2023;7;3;BN1 2PG;BN1;Terraced;Freehold;FALSO;BRIGHTON;BRIGHTON AND HOVE;BRIGHTON AND HOVE;A;50859799;-104845;South East;England;Brighton and Hove
{045A1898-8934-9A24-E063-4804A8C048EA};254995;27/05/2022;2022;5;2;BN10 8GF;BN10;Flat/Maisonette;Leasehold;VERDADERO;PEACEHAVEN;LEWES;EAST SUSSEX;A;50795219;-18402;South East;England;Lewes
{045A1898-8A48-9A24-E063-4804A8C048EA};425000;13/07/2023;2023;7;3;SS0 0NR;SS0;Semi-Detached;Freehold;FALSO;WESTCLIFF-ON-SEA;SOUTHEND-ON-SEA;SOUTHEND-ON-SEA;A;51543262;702085;East of England;England;Southend-on-Sea
{045A1898-8A66-9A24-E063-4804A8C048EA};262000;17/03/2023;2023;3;1;CM18 6UL;CM18;Terraced;Freehold;FALSO;HARLOW;HARLOW;ESSEX;A;51746859;100645;East of England;England;Harlow
{045A1898-8B0B-9A24-E063-4804A8C048EA};845000;28/07/2023;2023;7;3;IG7 5DR;IG7;Semi-Detached;Freehold;FALSO;CHIGWELL;EPPING FOREST;ESSEX;A;51608104;85769;East of England;England;Epping Forest
{045A1898-8B6A-9A24-E063-4804A8C048EA};390000;14/07/2023;2023;7;3;EN9 3EU;EN9;Semi-Detached;Freehold;FALSO;WALTHAM ABBEY;EPPING FOREST;ESSEX;A;51688372;25783;East of England;England;Epping Forest
{045A1898-8C3F-9A24-E063-4804A8C048EA};175000;16/08/2023;2023;8;3;CM11 2JB;CM11;Flat/Maisonette;Leasehold;FALSO;BILLERICAY;BASILDON;ESSEX;A;51631631;472069;East of England;England;Chelmsford
{045A1898-8C6E-9A24-E063-4804A8C048EA};235000;24/02/2023;2023;2;1;CM1 4YY;CM1;Flat/Maisonette;Leasehold;FALSO;CHELMSFORD;CHELMSFORD;ESSEX;A;51751738;495849;East of England;England;Chelmsford
{045A1898-8D0E-9A24-E063-4804A8C048EA};210000;14/07/2023;2023;7;3;CO9 2DW;CO9;Terraced;Freehold;FALSO;HALSTEAD;BRAINTREE;ESSEX;A;51938103;627981;East of England;England;Braintree
{045A1898-8DAB-9A24-E063-4804A8C048EA};423500;24/07/2023;2023;7;3;CO4 5WB;CO4;Detached;Freehold;FALSO;COLCHESTER;COLCHESTER;ESSEX;A;51909632;894976;East of England;England;Colchester
{045A1898-8E6F-9A24-E063-4804A8C048EA};247500;20/06/2023;2023;6;2;RM16 6AZ;RM16;Flat/Maisonette;Leasehold;FALSO;GRAYS;THURROCK;THURROCK;A;51491885;297228;East of England;England;Thurrock
{045A1898-8E7B-9A24-E063-4804A8C048EA};180000;21/07/2023;2023;7;3;SS4 1UY;SS4;Flat/Maisonette;Leasehold;FALSO;ROCHFORD;ROCHFORD;ESSEX;A;51571305;706361;East of England;England;Rochford
{045A1898-8F64-9A24-E063-4804A8C048EA};168000;28/06/2023;2023;6;2;SS1 2AY;SS1;Flat/Maisonette;Leasehold;FALSO;SOUTHEND-ON-SEA;SOUTHEND-ON-SEA;SOUTHEND-ON-SEA;A;51534933;738178;East of England;England;Southend-on-Sea
{045A1898-8FC4-9A24-E063-4804A8C048EA};550000;2/03/2023;2023;3;1;CM9 8DH;CM9;Detached;Freehold;FALSO;MALDON;MALDON;ESSEX;A;51731796;669463;East of England;England;Maldon
{045A1898-9176-9A24-E063-4804A8C048EA};225000;30/06/2023;2023;6;2;OL2 7DF;OL2;Semi-Detached;Leasehold;FALSO;OLDHAM;OLDHAM;GREATER MANCHESTER;A;53582818;-2091856;North West;England;Oldham
{045A1898-925E-9A24-E063-4804A8C048EA};230000;17/07/2023;2023;7;3;M29 7FW;M29;Detached;Freehold;FALSO;MANCHESTER;WIGAN;GREATER MANCHESTER;A;53491844;-247748;North West;England;Wigan
{045A1898-926A-9A24-E063-4804A8C048EA};75000;30/08/2023;2023;8;3;OL15 0BG;OL15;Terraced;Leasehold;FALSO;LITTLEBOROUGH;ROCHDALE;GREATER MANCHESTER;A;5364234;-2100034;North West;England;Rochdale
{045A1898-92F4-9A24-E063-4804A8C048EA};165000;4/11/2022;2022;11;4;M20 2WH;M20;Flat/Maisonette;Leasehold;FALSO;MANCHESTER;MANCHESTER;GREATER MANCHESTER;A;534208;-2245319;North West;England;Manchester
{045A1898-92FB-9A24-E063-4804A8C048EA};170000;12/05/2023;2023;5;2;BL9 9PT;BL9;Semi-Detached;Leasehold;FALSO;BURY;BURY;GREATER MANCHESTER;A;53600024;-2291566;North West;England;Bury
{045A1898-93DE-9A24-E063-4804A8C048EA};120000;18/02/2022;2022;2;1;BL6 7BF;BL6;Terraced;Freehold;FALSO;BOLTON;BOLTON;GREATER MANCHESTER;A;53589673;-2531081;North West;England;Bolton
{045A1898-942C-9A24-E063-4804A8C048EA};200000;21/07/2023;2023;7;3;OL15 0BQ;OL15;Terraced;Leasehold;FALSO;LITTLEBOROUGH;ROCHDALE;GREATER MANCHESTER;A;5364234;-2100034;North West;England;Rochdale
{045A1898-9459-9A24-E063-4804A8C048EA};170000;12/07/2023;2023;7;3;M26 1HR;M26;Semi-Detached;Freehold;FALSO;MANCHESTER;BOLTON;GREATER MANCHESTER;A;53562516;-2322907;North West;England;Bury
{045A1898-94A8-9A24-E063-4804A8C048EA};60000;27/07/2023;2023;7;3;M9 5SH;M9;Flat/Maisonette;Leasehold;FALSO;MANCHESTER;MANCHESTER;GREATER MANCHESTER;A;53531682;-2202207;North West;England;Manchester
{045A1898-9506-9A24-E063-4804A8C048EA};135000;21/07/2023;2023;7;3;M15 5WB;M15;Flat/Maisonette;Leasehold;FALSO;MANCHESTER;MANCHESTER;GREATER MANCHESTER;A;53472441;-2249201;North West;England;Manchester
{045A1898-9589-9A24-E063-4804A8C048EA};130000;24/07/2023;2023;7;3;BL2 2PF;BL2;Semi-Detached;Leasehold;FALSO;BOLTON;BOLTON;GREATER MANCHESTER;A;53589386;-2407273;North West;England;Bolton
{045A1898-95B5-9A24-E063-4804A8C048EA};105400;4/08/2023;2023;8;3;WN7 2RW;WN7;Flat/Maisonette;Leasehold;FALSO;LEIGH;WIGAN;GREATER MANCHESTER;A;53484098;-2530152;North West;England;Wigan
{045A1898-9685-9A24-E063-4804A8C048EA};394000;14/07/2023;2023;7;3;WR12 7PH;WR12;Detached;Freehold;FALSO;BROADWAY;COTSWOLD;GLOUCESTERSHIRE;A;52035692;-1862783;West Midlands;England;Wychavon
{045A1898-96DE-9A24-E063-4804A8C048EA};172500;16/06/2023;2023;6;2;GL14 2PG;GL14;Terraced;Freehold;FALSO;CINDERFORD;FOREST OF DEAN;GLOUCESTERSHIRE;A;51820897;-2483893;South West;England;Forest of Dean
{045A1898-97A6-9A24-E063-4804A8C048EA};227000;9/08/2023;2023;8;3;GL2 5FB;GL2;Semi-Detached;Freehold;FALSO;GLOUCESTER;GLOUCESTER;GLOUCESTERSHIRE;A;51879783;-2202531;South West;England;Gloucester
{045A1898-98E0-9A24-E063-4804A8C048EA};770000;10/12/2021;2021;12;4;BS37 9XX;BS37;Detached;Freehold;FALSO;BRISTOL;SOUTH GLOUCESTERSHIRE;SOUTH GLOUCESTERSHIRE;A;51544313;-2427797;South West;England;South Gloucestershire
{045A1898-993D-9A24-E063-4804A8C048EA};875000;26/04/2022;2022;4;2;GL55 6BH;GL55;Detached;Freehold;VERDADERO;CHIPPING CAMPDEN;COTSWOLD;GLOUCESTERSHIRE;A;52047952;-1782735;South West;England;Cotswold
{045A1898-9998-9A24-E063-4804A8C048EA};549995;22/12/2021;2021;12;4;GL12 8FP;GL12;Detached;Freehold;VERDADERO;WOTTON-UNDER-EDGE;SOUTH GLOUCESTERSHIRE;SOUTH GLOUCESTERSHIRE;A;51638191;-245732;South West;England;South Gloucestershire
{045A1898-99C1-9A24-E063-4804A8C048EA};515000;14/10/2022;2022;10;4;BS35 1BX;BS35;Detached;Freehold;VERDADERO;BRISTOL;SOUTH GLOUCESTERSHIRE;SOUTH GLOUCESTERSHIRE;A;51605677;-2507707;South West;England;South Gloucestershire
{045A1898-99D9-9A24-E063-4804A8C048EA};511995;2/11/2022;2022;11;4;GL10 3RG;GL10;Detached;Freehold;VERDADERO;STONEHOUSE;STROUD;GLOUCESTERSHIRE;A;51745823;-2292358;South West;England;Stroud
{045A1898-9A27-9A24-E063-4804A8C048EA};390000;24/07/2023;2023;7;3;BS30 9BN;BS30;Detached;Freehold;FALSO;BRISTOL;SOUTH GLOUCESTERSHIRE;SOUTH GLOUCESTERSHIRE;A;51450876;-2488575;South West;England;South Gloucestershire
{045A1898-9ABE-9A24-E063-4804A8C048EA};410000;4/08/2023;2023;8;3;HP2 5AP;HP2;Terraced;Freehold;FALSO;HEMEL HEMPSTEAD;DACORUM;HERTFORDSHIRE;A;51758615;-469315;East of England;England;Dacorum
{045A1898-9AC4-9A24-E063-4804A8C048EA};395000;14/07/2023;2023;7;3;SG4 0QR;SG4;Semi-Detached;Freehold;FALSO;HITCHIN;NORTH HERTFORDSHIRE;HERTFORDSHIRE;A;51851954;-232992;East of England;England;North Hertfordshire
{045A1898-9B18-9A24-E063-4804A8C048EA};450000;2/08/2023;2023;8;3;SG7 6RY;SG7;Detached;Freehold;FALSO;BALDOCK;NORTH HERTFORDSHIRE;HERTFORDSHIRE;A;51990853;-173418;East of England;England;North Hertfordshire
{045A1898-9BA9-9A24-E063-4804A8C048EA};310000;18/08/2023;2023;8;3;SG7 6TR;SG7;Terraced;Freehold;FALSO;BALDOCK;NORTH HERTFORDSHIRE;HERTFORDSHIRE;A;51990853;-173418;East of England;England;North Hertfordshire
{045A1898-9C04-9A24-E063-4804A8C048EA};290000;4/08/2023;2023;8;3;SG2 7DZ;SG2;Terraced;Freehold;FALSO;STEVENAGE;STEVENAGE;HERTFORDSHIRE;A;51883208;-16811;East of England;England;Stevenage
{045A1898-9D04-9A24-E063-4804A8C048EA};110000;21/07/2023;2023;7;3;EN8 8LZ;EN8;Flat/Maisonette;Leasehold;FALSO;WALTHAM CROSS;BROXBOURNE;HERTFORDSHIRE;A;517002;-39072;East of England;England;Broxbourne
{045A1898-9D47-9A24-E063-4804A8C048EA};158000;24/02/2023;2023;2;1;SG5 1EJ;SG5;Flat/Maisonette;Leasehold;FALSO;HITCHIN;NORTH HERTFORDSHIRE;HERTFORDSHIRE;A;51950769;-274351;East of England;England;North Hertfordshire
{045A1898-9DB6-9A24-E063-4804A8C048EA};210000;7/07/2023;2023;7;3;WD24 5GS;WD24;Flat/Maisonette;Leasehold;FALSO;WATFORD;WATFORD;HERTFORDSHIRE;A;51672404;-389022;East of England;England;Watford
{045A1898-9DDD-9A24-E063-4804A8C048EA};300000;30/09/2022;2022;9;3;AL10 0SH;AL10;Flat/Maisonette;Leasehold;FALSO;HATFIELD;WELWYN HATFIELD;HERTFORDSHIRE;A;51755044;-232808;East of England;England;Welwyn Hatfield
{045A1898-9E8D-9A24-E063-4804A8C048EA};1250000;31/01/2022;2022;1;1;AL9 7BL;AL9;Semi-Detached;Freehold;FALSO;HATFIELD;WELWYN HATFIELD;HERTFORDSHIRE;A;51736999;-221101;East of England;England;Welwyn Hatfield
{045A1898-9EE7-9A24-E063-4804A8C048EA};295000;23/05/2022;2022;5;2;SG6 3EP;SG6;Flat/Maisonette;Leasehold;VERDADERO;LETCHWORTH GARDEN CITY;NORTH HERTFORDSHIRE;HERTFORDSHIRE;A;51972816;-215121;East of England;England;North Hertfordshire
{045A1898-9FD2-9A24-E063-4804A8C048EA};475000;14/07/2023;2023;7;3;WD24 7LU;WD24;Semi-Detached;Freehold;FALSO;WATFORD;WATFORD;HERTFORDSHIRE;A;51672404;-389022;East of England;England;Watford
{045A1898-A0BA-9A24-E063-4804A8C048EA};565000;25/07/2023;2023;7;3;BH23 8NA;BH23;Detached;Freehold;FALSO;CHRISTCHURCH;NEW FOREST;HAMPSHIRE;A;50748049;-1794572;South West;England;Bournemouth, Christchurch and Poole
{045A1898-A0F0-9A24-E063-4804A8C048EA};232500;15/02/2023;2023;2;1;PO4 9HH;PO4;Terraced;Freehold;FALSO;SOUTHSEA;PORTSMOUTH;PORTSMOUTH;A;50796785;-1059415;South East;England;Portsmouth
{045A1898-A107-9A24-E063-4804A8C048EA};248000;21/07/2023;2023;7;3;PO9 5HX;PO9;Semi-Detached;Freehold;FALSO;HAVANT;HAVANT;HAMPSHIRE;A;50860794;-1009065;South East;England;Havant
{045A1898-A290-9A24-E063-4804A8C048EA};627000;17/08/2023;2023;8;3;SO32 2TZ;SO32;Detached;Freehold;FALSO;SOUTHAMPTON;WINCHESTER;HAMPSHIRE;A;50928452;-1281317;South East;England;Eastleigh
{045A1898-A3B3-9A24-E063-4804A8C048EA};340000;21/07/2023;2023;7;3;PO37 7EH;PO37;Detached;Freehold;FALSO;SHANKLIN;ISLE OF WIGHT;ISLE OF WIGHT;A;5063398;-1182637;South East;England;Isle of Wight
{045A1898-A3B4-9A24-E063-4804A8C048EA};230000;10/07/2023;2023;7;3;PO2 9BP;PO2;Terraced;Freehold;FALSO;PORTSMOUTH;PORTSMOUTH;PORTSMOUTH;A;50819348;-1075061;South East;England;Portsmouth
{045A1898-A436-9A24-E063-4804A8C048EA};270000;15/01/2016;2016;1;1;RG24 7AN;RG24;Terraced;Freehold;FALSO;BASINGSTOKE;BASINGSTOKE AND DEANE;HAMPSHIRE;A;51290139;-1082024;South East;England;Basingstoke and Deane
{045A1898-A68B-9A24-E063-4804A8C048EA};259995;26/11/2021;2021;11;4;SP11 6NE;SP11;Semi-Detached;Freehold;VERDADERO;ANDOVER;TEST VALLEY;HAMPSHIRE;A;51254675;-1606512;South West;England;Wiltshire
{045A1898-A6BC-9A24-E063-4804A8C048EA};405000;4/02/2022;2022;2;1;GU52 6HJ;GU52;Semi-Detached;Freehold;FALSO;FLEET;HART;HAMPSHIRE;A;51252418;-834681;South East;England;Hart
{045A1898-A79C-9A24-E063-4804A8C048EA};158000;31/07/2023;2023;7;3;HU9 3BE;HU9;Terraced;Freehold;FALSO;HULL;CITY OF KINGSTON UPON HULL;CITY OF KINGSTON UPON HULL;A;53751435;-271902;Yorkshire and The Humber;England;Kingston upon Hull, City of
{045A1898-A79D-9A24-E063-4804A8C048EA};170000;16/06/2023;2023;6;2;DN37 9RA;DN37;Semi-Detached;Freehold;FALSO;GRIMSBY;NORTH EAST LINCOLNSHIRE;NORTH EAST LINCOLNSHIRE;A;53518687;-100817;Yorkshire and The Humber;England;North East Lincolnshire
{045A1898-A806-9A24-E063-4804A8C048EA};79000;21/07/2023;2023;7;3;DN31 2JW;DN31;Terraced;Freehold;FALSO;GRIMSBY;NORTH EAST LINCOLNSHIRE;NORTH EAST LINCOLNSHIRE;A;53567535;-105802;Yorkshire and The Humber;England;North East Lincolnshire
{045A1898-A86B-9A24-E063-4804A8C048EA};180000;7/07/2023;2023;7;3;HU6 7EB;HU6;Semi-Detached;Freehold;FALSO;HULL;CITY OF KINGSTON UPON HULL;CITY OF KINGSTON UPON HULL;A;537866;-360214;Yorkshire and The Humber;England;Kingston upon Hull, City of
{045A1898-A88C-9A24-E063-4804A8C048EA};301000;31/07/2023;2023;7;3;DN35 0QE;DN35;Detached;Freehold;FALSO;CLEETHORPES;NORTH EAST LINCOLNSHIRE;NORTH EAST LINCOLNSHIRE;A;53559217;-32599;Yorkshire and The Humber;England;North East Lincolnshire
{045A1898-A8B0-9A24-E063-4804A8C048EA};50000;14/06/2023;2023;6;2;DN31 2JP;DN31;Terraced;Freehold;FALSO;GRIMSBY;NORTH EAST LINCOLNSHIRE;NORTH EAST LINCOLNSHIRE;A;53567535;-105802;Yorkshire and The Humber;England;North East Lincolnshire
{045A1898-A95F-9A24-E063-4804A8C048EA};148500;30/06/2023;2023;6;2;DN17 4DL;DN17;Semi-Detached;Freehold;FALSO;SCUNTHORPE;NORTH LINCOLNSHIRE;NORTH LINCOLNSHIRE;A;53569536;-655546;Yorkshire and The Humber;England;North Lincolnshire
{045A1898-AA5F-9A24-E063-4804A8C048EA};82000;23/06/2023;2023;6;2;DN35 7LG;DN35;Terraced;Freehold;FALSO;CLEETHORPES;NORTH EAST LINCOLNSHIRE;NORTH EAST LINCOLNSHIRE;A;53559217;-32599;Yorkshire and The Humber;England;North East Lincolnshire
{045A1898-AAB2-9A24-E063-4804A8C048EA};217500;27/07/2023;2023;7;3;HU6 7YG;HU6;Detached;Freehold;FALSO;HULL;CITY OF KINGSTON UPON HULL;CITY OF KINGSTON UPON HULL;A;537866;-360214;Yorkshire and The Humber;England;Kingston upon Hull, City of
{045A1898-AABC-9A24-E063-4804A8C048EA};85000;15/06/2023;2023;6;2;DN35 7AT;DN35;Terraced;Freehold;FALSO;CLEETHORPES;NORTH EAST LINCOLNSHIRE;NORTH EAST LINCOLNSHIRE;A;53559217;-32599;Yorkshire and The Humber;England;North East Lincolnshire
{045A1898-AAD2-9A24-E063-4804A8C048EA};128000;7/07/2023;2023;7;3;HU6 7LY;HU6;Terraced;Freehold;FALSO;HULL;CITY OF KINGSTON UPON HULL;CITY OF KINGSTON UPON HULL;A;537866;-360214;Yorkshire and The Humber;England;Kingston upon Hull, City of
{045A1898-AB2D-9A24-E063-4804A8C048EA};156500;1/08/2023;2023;8;3;HR6 8UP;HR6;Terraced;Freehold;FALSO;LEOMINSTER;HEREFORDSHIRE;HEREFORDSHIRE;A;52228676;-2740595;West Midlands;England;Herefordshire, County of
{045A1898-AB30-9A24-E063-4804A8C048EA};277000;31/07/2023;2023;7;3;B98 8HF;B98;Semi-Detached;Freehold;FALSO;REDDITCH;REDDITCH;WORCESTERSHIRE;A;52305549;-1894512;West Midlands;England;Redditch
{045A1898-AC76-9A24-E063-4804A8C048EA};135000;31/07/2023;2023;7;3;PO30 5JD;PO30;Terraced;Freehold;FALSO;NEWPORT;ISLE OF WIGHT;ISLE OF WIGHT;A;50641165;-1356108;South East;England;Isle of Wight
{045A1898-AD8F-9A24-E063-4804A8C048EA};360000;14/07/2023;2023;7;3;CT5 2JH;CT5;Semi-Detached;Freehold;FALSO;WHITSTABLE;CANTERBURY;KENT;A;51357186;1046616;South East;England;Canterbury
{045A1898-ADAA-9A24-E063-4804A8C048EA};315000;28/07/2023;2023;7;3;CT2 8JP;CT2;Semi-Detached;Freehold;FALSO;CANTERBURY;CANTERBURY;KENT;A;51287712;1083366;South East;England;Canterbury
{045A1898-AE1C-9A24-E063-4804A8C048EA};1100000;17/07/2023;2023;7;3;TN4 0UX;TN4;Detached;Freehold;FALSO;TUNBRIDGE WELLS;TUNBRIDGE WELLS;KENT;A;51137046;258696;South East;England;Tunbridge Wells
{045A1898-AE9A-9A24-E063-4804A8C048EA};350000;10/07/2023;2023;7;3;ME5 0SX;ME5;Semi-Detached;Freehold;FALSO;CHATHAM;MEDWAY;MEDWAY;A;51334501;540699;South East;England;Medway
{045A1898-AEDE-9A24-E063-4804A8C048EA};270000;18/07/2023;2023;7;3;CT14 9PD;CT14;Semi-Detached;Freehold;FALSO;DEAL;DOVER;KENT;A;51256369;1346774;South East;England;Dover
{045A1898-AF10-9A24-E063-4804A8C048EA};720000;23/06/2023;2023;6;2;BR2 7EU;BR2;Semi-Detached;Freehold;FALSO;BROMLEY;BROMLEY;GREATER LONDON;A;51391531;9999;London;England;Bromley
{045A1898-AF6B-9A24-E063-4804A8C048EA};385000;26/07/2023;2023;7;3;ME20 7HX;ME20;Semi-Detached;Freehold;FALSO;AYLESFORD;TONBRIDGE AND MALLING;KENT;A;51298408;448312;South East;England;Tonbridge and Malling
{045A1898-AFB6-9A24-E063-4804A8C048EA};167000;28/07/2023;2023;7;3;TN23 4XY;TN23;Flat/Maisonette;Leasehold;FALSO;ASHFORD;ASHFORD;KENT;A;5113807;830999;South East;England;Ashford
{045A1898-AFD5-9A24-E063-4804A8C048EA};370000;28/07/2023;2023;7;3;ME2 4PF;ME2;Semi-Detached;Freehold;FALSO;ROCHESTER;MEDWAY;MEDWAY;A;51399751;495028;South East;England;Medway
{045A1898-AFEC-9A24-E063-4804A8C048EA};875000;20/07/2023;2023;7;3;ME13 7BE;ME13;Detached;Freehold;FALSO;FAVERSHAM;SWALE;KENT;A;51315863;892097;South East;England;Swale
{045A1898-B009-9A24-E063-4804A8C048EA};405000;21/10/2022;2022;10;4;ME1 2RY;ME1;Terraced;Freehold;FALSO;ROCHESTER;MEDWAY;MEDWAY;A;5136729;507789;South East;England;Medway
{045A1898-B078-9A24-E063-4804A8C048EA};708000;16/08/2023;2023;8;3;TN14 7JB;TN14;Semi-Detached;Freehold;FALSO;SEVENOAKS;SEVENOAKS;KENT;A;51337885;179596;South East;England;Sevenoaks
{045A1898-B109-9A24-E063-4804A8C048EA};1050000;30/09/2021;2021;9;3;TN27 0PU;TN27;Detached;Freehold;FALSO;ASHFORD;ASHFORD;KENT;A;51186351;713839;South East;England;Ashford
{045A1898-B13D-9A24-E063-4804A8C048EA};250000;14/07/2023;2023;7;3;DA9 9PR;DA9;Flat/Maisonette;Leasehold;FALSO;GREENHITHE;DARTFORD;KENT;A;51448441;266146;South East;England;Dartford
{045A1898-B1A8-9A24-E063-4804A8C048EA};490000;18/08/2023;2023;8;3;CT12 4AE;CT12;Detached;Freehold;FALSO;RAMSGATE;THANET;KENT;A;51335229;1369031;South East;England;Thanet
{045A1898-B1BC-9A24-E063-4804A8C048EA};385000;1/08/2023;2023;8;3;CT18 7QD;CT18;Detached;Freehold;FALSO;FOLKESTONE;FOLKESTONE AND HYTHE;KENT;A;51111129;11614;South East;England;Folkestone and Hythe
{045A1898-B2B4-9A24-E063-4804A8C048EA};157500;28/07/2023;2023;7;3;M19 3GF;M19;Terraced;Freehold;FALSO;MANCHESTER;MANCHESTER;GREATER MANCHESTER;A;53431946;-2202336;North West;England;Manchester
{045A1898-B39B-9A24-E063-4804A8C048EA};192500;28/06/2023;2023;6;2;L17 6DD;L17;Terraced;Freehold;FALSO;LIVERPOOL;LIVERPOOL;MERSEYSIDE;A;53378961;-295134;North West;England;Liverpool
{045A1898-B3BE-9A24-E063-4804A8C048EA};135000;1/08/2023;2023;8;3;OL16 5LG;OL16;Semi-Detached;Leasehold;FALSO;ROCHDALE;ROCHDALE;GREATER MANCHESTER;A;53610358;-2112245;North West;England;Rochdale
{045A1898-B43A-9A24-E063-4804A8C048EA};140000;14/07/2023;2023;7;3;PR2 2SQ;PR2;Terraced;Freehold;FALSO;PRESTON;PRESTON;LANCASHIRE;A;53779934;-2654823;North West;England;Preston
{045A1898-B43B-9A24-E063-4804A8C048EA};93000;9/12/2022;2022;12;4;BB12 7AX;BB12;Terraced;Leasehold;FALSO;BURNLEY;BURNLEY;LANCASHIRE;A;53797879;-227612;North West;England;Burnley
{045A1898-B43F-9A24-E063-4804A8C048EA};95000;1/09/2022;2022;9;3;FY1 6RB;FY1;Semi-Detached;Freehold;FALSO;BLACKPOOL;BLACKPOOL;BLACKPOOL;A;53825721;-3044093;North West;England;Blackpool
{045A1898-B47D-9A24-E063-4804A8C048EA};195000;9/08/2023;2023;8;3;FY4 2AN;FY4;Detached;Freehold;FALSO;BLACKPOOL;BLACKPOOL;BLACKPOOL;A;537932;-3020272;North West;England;Blackpool
{045A1898-B4DE-9A24-E063-4804A8C048EA};146000;21/07/2023;2023;7;3;PR2 1YS;PR2;Terraced;Freehold;FALSO;PRESTON;PRESTON;LANCASHIRE;A;53779934;-2654823;North West;England;Preston
{045A1898-B674-9A24-E063-4804A8C048EA};60000;24/07/2023;2023;7;3;PR2 8FB;PR2;Flat/Maisonette;Leasehold;FALSO;PRESTON;PRESTON;LANCASHIRE;A;53779934;-2654823;North West;England;Preston
{045A1898-B69B-9A24-E063-4804A8C048EA};315000;21/07/2023;2023;7;3;BB7 9UG;BB7;Semi-Detached;Freehold;FALSO;CLITHEROE;RIBBLE VALLEY;LANCASHIRE;A;53812432;-2405214;North West;England;Hyndburn
{045A1898-B6CC-9A24-E063-4804A8C048EA};265000;7/07/2023;2023;7;3;L39 3NP;L39;Semi-Detached;Freehold;FALSO;ORMSKIRK;WEST LANCASHIRE;LANCASHIRE;A;53573024;-2896039;North West;England;West Lancashire
{045A1898-B706-9A24-E063-4804A8C048EA};254000;6/07/2023;2023;7;3;PR2 5BJ;PR2;Detached;Freehold;FALSO;PRESTON;PRESTON;LANCASHIRE;A;53779934;-2654823;North West;England;Preston
{045A1898-B725-9A24-E063-4804A8C048EA};220000;13/07/2023;2023;7;3;BB7 1DY;BB7;Semi-Detached;Leasehold;FALSO;CLITHEROE;RIBBLE VALLEY;LANCASHIRE;A;53812432;-2405214;North West;England;Hyndburn
{045A1898-B760-9A24-E063-4804A8C048EA};180000;11/08/2023;2023;8;3;PR1 9HY;PR1;Semi-Detached;Freehold;FALSO;PRESTON;SOUTH RIBBLE;LANCASHIRE;A;5373961;-272862;North West;England;South Ribble
{045A1898-B790-9A24-E063-4804A8C048EA};720000;20/07/2023;2023;7;3;BB7 3LE;BB7;Detached;Freehold;FALSO;CLITHEROE;RIBBLE VALLEY;LANCASHIRE;A;53812432;-2405214;North West;England;Hyndburn
{045A1898-B816-9A24-E063-4804A8C048EA};219000;31/07/2023;2023;7;3;BB7 1PE;BB7;Detached;Freehold;FALSO;CLITHEROE;RIBBLE VALLEY;LANCASHIRE;A;53812432;-2405214;North West;England;Hyndburn
{045A1898-B82F-9A24-E063-4804A8C048EA};185000;30/06/2023;2023;6;2;M6 7WN;M6;Terraced;Freehold;FALSO;SALFORD;SALFORD;GREATER MANCHESTER;A;53487315;-2293582;North West;England;Salford
{045A1898-B8AE-9A24-E063-4804A8C048EA};244500;24/07/2023;2023;7;3;FY8 3FJ;FY8;Semi-Detached;Leasehold;FALSO;LYTHAM ST ANNES;FYLDE;LANCASHIRE;A;537533;-3001045;North West;England;Fylde
{045A1898-B96D-9A24-E063-4804A8C048EA};186000;27/01/2022;2022;1;1;FY4 2NG;FY4;Semi-Detached;Freehold;FALSO;BLACKPOOL;BLACKPOOL;BLACKPOOL;A;537932;-3020272;North West;England;Blackpool
{045A1898-B9ED-9A24-E063-4804A8C048EA};185000;24/05/2022;2022;5;2;BB18 6PB;BB18;Semi-Detached;Freehold;FALSO;BARNOLDSWICK;PENDLE;LANCASHIRE;A;53918795;-2186495;North West;England;Pendle
{045A1898-BB8C-9A24-E063-4804A8C048EA};335000;28/07/2023;2023;7;3;LN8 3PA;LN8;Detached;Freehold;FALSO;MARKET RASEN;WEST LINDSEY;LINCOLNSHIRE;A;5339444;-337965;East Midlands;England;West Lindsey
{045A1898-BBB0-9A24-E063-4804A8C048EA};285000;11/08/2023;2023;8;3;NG34 9TY;NG34;Detached;Freehold;FALSO;SLEAFORD;NORTH KESTEVEN;LINCOLNSHIRE;A;52990969;-408108;East Midlands;England;North Kesteven
{045A1898-BBC6-9A24-E063-4804A8C048EA};214995;30/06/2023;2023;6;2;PE11 3RQ;PE11;Semi-Detached;Freehold;FALSO;SPALDING;SOUTH HOLLAND;LINCOLNSHIRE;A;52780328;-155067;East Midlands;England;South Holland
{045A1898-BC46-9A24-E063-4804A8C048EA};135000;5/05/2023;2023;5;2;LN5 8QT;LN5;Terraced;Freehold;FALSO;LINCOLN;LINCOLN;LINCOLNSHIRE;A;53100174;-529249;East Midlands;England;North Kesteven
{045A1898-BC8F-9A24-E063-4804A8C048EA};141000;4/08/2023;2023;8;3;LN1 3TG;LN1;Semi-Detached;Freehold;FALSO;LINCOLN;LINCOLN;LINCOLNSHIRE;A;53240553;-543522;East Midlands;England;Lincoln
{045A1898-BCAA-9A24-E063-4804A8C048EA};135000;16/12/2022;2022;12;4;NG31 7BU;NG31;Flat/Maisonette;Leasehold;FALSO;GRANTHAM;SOUTH KESTEVEN;LINCOLNSHIRE;A;52926;-641553;East Midlands;England;South Kesteven
{045A1898-BD5F-9A24-E063-4804A8C048EA};175000;14/07/2023;2023;7;3;LN2 5JE;LN2;Terraced;Freehold;FALSO;LINCOLN;LINCOLN;LINCOLNSHIRE;A;53243161;-51514;East Midlands;England;Lincoln
{045A1898-BE0B-9A24-E063-4804A8C048EA};169000;22/04/2022;2022;4;2;PE12 7NW;PE12;Semi-Detached;Freehold;VERDADERO;SPALDING;SOUTH HOLLAND;LINCOLNSHIRE;A;52742281;-127103;East Midlands;England;South Holland
{045A1898-BE22-9A24-E063-4804A8C048EA};400000;18/05/2022;2022;5;2;PE6 0GS;PE6;Detached;Freehold;FALSO;PETERBOROUGH;SOUTH HOLLAND;LINCOLNSHIRE;A;5270144;-330878;East Midlands;England;South Kesteven
{045A1898-BE4A-9A24-E063-4804A8C048EA};254950;13/07/2022;2022;7;3;LN2 3TA;LN2;Terraced;Freehold;VERDADERO;LINCOLN;WEST LINDSEY;LINCOLNSHIRE;A;53243161;-51514;East Midlands;England;Lincoln
{045A1898-BE97-9A24-E063-4804A8C048EA};570000;31/10/2022;2022;10;4;LN10 6UY;LN10;Detached;Freehold;VERDADERO;WOODHALL SPA;EAST LINDSEY;LINCOLNSHIRE;A;53153343;-202997;East Midlands;England;East Lindsey
{045A1898-BED0-9A24-E063-4804A8C048EA};220000;31/03/2023;2023;3;1;PE9 2LW;PE9;Flat/Maisonette;Leasehold;FALSO;STAMFORD;SOUTH KESTEVEN;LINCOLNSHIRE;A;52685547;-471044;East Midlands;England;Rutland
{045A1898-BEF5-9A24-E063-4804A8C048EA};200000;30/06/2023;2023;6;2;LN4 1UG;LN4;Semi-Detached;Freehold;FALSO;LINCOLN;NORTH KESTEVEN;LINCOLNSHIRE;A;53112047;-324217;East Midlands;England;North Kesteven
{045A1898-C068-9A24-E063-4804A8C048EA};361000;29/06/2021;2021;6;2;CV9 3NN;CV9;Semi-Detached;Freehold;FALSO;ATHERSTONE;HINCKLEY AND BOSWORTH;LEICESTERSHIRE;A;52575663;-1543894;West Midlands;England;North Warwickshire
{045A1898-C0F1-9A24-E063-4804A8C048EA};240000;11/08/2023;2023;8;3;LE16 9QZ;LE16;Terraced;Freehold;FALSO;MARKET HARBOROUGH;HARBOROUGH;LEICESTERSHIRE;A;52473684;-905185;East Midlands;England;Harborough
{045A1898-C1CC-9A24-E063-4804A8C048EA};685000;6/10/2022;2022;10;4;LE9 6PR;LE9;Detached;Freehold;FALSO;LEICESTER;HARBOROUGH;LEICESTERSHIRE;A;52577143;-1303046;East Midlands;England;Hinckley and Bosworth
{045A1898-C1E7-9A24-E063-4804A8C048EA};510000;20/02/2023;2023;2;1;LE17 6HT;LE17;Detached;Freehold;FALSO;LUTTERWORTH;HARBOROUGH;LEICESTERSHIRE;A;52453164;-119989;East Midlands;England;Harborough
{045A1898-C267-9A24-E063-4804A8C048EA};220000;7/11/2022;2022;11;4;LE2 7AS;LE2;Detached;Freehold;FALSO;LEICESTER;LEICESTER;LEICESTER;A;5263624;-1115227;East Midlands;England;Leicester
{045A1898-C2AA-9A24-E063-4804A8C048EA};255000;30/06/2023;2023;6;2;LE16 9GQ;LE16;Semi-Detached;Freehold;FALSO;MARKET HARBOROUGH;HARBOROUGH;LEICESTERSHIRE;A;52473684;-905185;East Midlands;England;Harborough
{045A1898-C2F1-9A24-E063-4804A8C048EA};455000;20/07/2023;2023;7;3;LE67 6QN;LE67;Detached;Freehold;FALSO;IBSTOCK;NORTH WEST LEICESTERSHIRE;LEICESTERSHIRE;A;52689993;-130905;East Midlands;England;Hinckley and Bosworth
{045A1898-C30F-9A24-E063-4804A8C048EA};460000;6/01/2022;2022;1;1;LE17 6NG;LE17;Detached;Freehold;FALSO;LUTTERWORTH;HARBOROUGH;LEICESTERSHIRE;A;52453164;-119989;East Midlands;England;Harborough
{045A1898-C345-9A24-E063-4804A8C048EA};225995;15/12/2021;2021;12;4;LE16 7BP;LE16;Semi-Detached;Freehold;VERDADERO;MARKET HARBOROUGH;HARBOROUGH;LEICESTERSHIRE;A;52473684;-905185;East Midlands;England;Harborough
{045A1898-C395-9A24-E063-4804A8C048EA};358995;6/06/2022;2022;6;2;LE19 4BH;LE19;Terraced;Freehold;VERDADERO;LEICESTER;BLABY;LEICESTERSHIRE;A;52565847;-1201105;East Midlands;England;Blaby
{045A1898-C499-9A24-E063-4804A8C048EA};167500;30/06/2023;2023;6;2;M26 4PY;M26;Terraced;Leasehold;FALSO;MANCHESTER;BURY;GREATER MANCHESTER;A;53562516;-2322907;North West;England;Bury
{045A1898-C4FB-9A24-E063-4804A8C048EA};265000;24/07/2023;2023;7;3;M43 7NA;M43;Detached;Freehold;FALSO;MANCHESTER;TAMESIDE;GREATER MANCHESTER;A;53478101;-2154597;North West;England;Tameside
{045A1898-C53D-9A24-E063-4804A8C048EA};292000;31/05/2023;2023;5;2;M27 4FT;M27;Semi-Detached;Leasehold;FALSO;MANCHESTER;SALFORD;GREATER MANCHESTER;A;53501876;-2344035;North West;England;Salford
{045A1898-C64A-9A24-E063-4804A8C048EA};263400;14/07/2023;2023;7;3;SK6 3FL;SK6;Flat/Maisonette;Leasehold;FALSO;STOCKPORT;STOCKPORT;GREATER MANCHESTER;A;53401404;-2045427;North West;England;Stockport
{045A1898-C68F-9A24-E063-4804A8C048EA};271995;18/09/2020;2020;9;3;M29 8SD;M29;Detached;Freehold;VERDADERO;MANCHESTER;WIGAN;GREATER MANCHESTER;A;53491844;-247748;North West;England;Wigan
{045A1898-C6F4-9A24-E063-4804A8C048EA};189000;22/10/2021;2021;10;4;M32 0GX;M32;Flat/Maisonette;Leasehold;VERDADERO;MANCHESTER;TRAFFORD;GREATER MANCHESTER;A;53444116;-2311366;North West;England;Trafford
{045A1898-C713-9A24-E063-4804A8C048EA};157000;15/10/2021;2021;10;4;M32 0GX;M32;Flat/Maisonette;Leasehold;VERDADERO;MANCHESTER;TRAFFORD;GREATER MANCHESTER;A;53444116;-2311366;North West;England;Trafford
{045A1898-C71C-9A24-E063-4804A8C048EA};262995;14/01/2022;2022;1;1;M6 6LJ;M6;Semi-Detached;Freehold;FALSO;SALFORD;SALFORD;GREATER MANCHESTER;A;53487315;-2293582;North West;England;Salford
{045A1898-C805-9A24-E063-4804A8C048EA};91000;25/07/2022;2022;7;3;BL3 4BX;BL3;Terraced;Freehold;FALSO;BOLTON;BOLTON;GREATER MANCHESTER;A;53555905;-2459272;North West;England;Bolton
{045A1898-C890-9A24-E063-4804A8C048EA};220000;26/07/2023;2023;7;3;M44 6AG;M44;Semi-Detached;Freehold;FALSO;MANCHESTER;SALFORD;GREATER MANCHESTER;A;53443062;-2412602;North West;England;Salford
{045A1898-C9E9-9A24-E063-4804A8C048EA};248000;4/03/2022;2022;3;1;B93 9EB;B93;Semi-Detached;Freehold;FALSO;SOLIHULL;SOLIHULL;WEST MIDLANDS;A;52391539;-1733196;West Midlands;England;Solihull
{045A1898-C9F2-9A24-E063-4804A8C048EA};209950;22/04/2022;2022;4;2;CV3 2HX;CV3;Terraced;Freehold;FALSO;COVENTRY;COVENTRY;WEST MIDLANDS;A;52388396;-1513675;West Midlands;England;Coventry
{045A1898-CAB4-9A24-E063-4804A8C048EA};120000;26/07/2023;2023;7;3;WV6 0EQ;WV6;Terraced;Freehold;FALSO;WOLVERHAMPTON;WOLVERHAMPTON;WEST MIDLANDS;A;52612853;-2162363;West Midlands;England;Wolverhampton
{045A1898-CBB8-9A24-E063-4804A8C048EA};278000;21/07/2023;2023;7;3;CH48 6DA;CH48;Semi-Detached;Freehold;FALSO;WIRRAL;WIRRAL;MERSEYSIDE;A;53365854;-3157929;North West;England;Wirral
{045A1898-CD1E-9A24-E063-4804A8C048EA};242500;14/07/2023;2023;7;3;L15 5BR;L15;Semi-Detached;Freehold;FALSO;LIVERPOOL;LIVERPOOL;MERSEYSIDE;A;53400438;-2923513;North West;England;Liverpool
{045A1898-CD67-9A24-E063-4804A8C048EA};220000;10/08/2023;2023;8;3;L12 8QP;L12;Semi-Detached;Freehold;FALSO;LIVERPOOL;LIVERPOOL;MERSEYSIDE;A;53445133;-2904381;North West;England;Liverpool
{045A1898-CD73-9A24-E063-4804A8C048EA};270000;23/06/2023;2023;6;2;L12 9JE;L12;Semi-Detached;Freehold;FALSO;LIVERPOOL;LIVERPOOL;MERSEYSIDE;A;53445133;-2904381;North West;England;Liverpool
{045A1898-CE6C-9A24-E063-4804A8C048EA};282000;26/05/2023;2023;5;2;WA11 8NR;WA11;Semi-Detached;Freehold;FALSO;ST HELENS;ST HELENS;MERSEYSIDE;A;5347211;-2674044;North West;England;St. Helens
{045A1898-CEAB-9A24-E063-4804A8C048EA};707500;3/03/2023;2023;3;1;CH60 1XH;CH60;Detached;Freehold;FALSO;WIRRAL;WIRRAL;MERSEYSIDE;A;53334659;-3100182;North West;England;Wirral
{045A1898-CFBB-9A24-E063-4804A8C048EA};70000;6/01/2023;2023;1;1;WA9 3PS;WA9;Terraced;Leasehold;FALSO;ST HELENS;ST HELENS;MERSEYSIDE;A;53437652;-2719636;North West;England;St. Helens
{045A1898-D040-9A24-E063-4804A8C048EA};1670000;17/07/2023;2023;7;3;NW4 2QS;NW4;Detached;Freehold;FALSO;LONDON;BARNET;GREATER LONDON;A;51577902;-217806;London;England;Barnet
{045A1898-D07C-9A24-E063-4804A8C048EA};2550000;15/06/2023;2023;6;2;W5 2LA;W5;Detached;Freehold;FALSO;LONDON;EALING;GREATER LONDON;A;51494584;-306977;London;England;Ealing
{045A1898-D0CF-9A24-E063-4804A8C048EA};797050;14/07/2023;2023;7;3;NW10 2BX;NW10;Semi-Detached;Freehold;FALSO;LONDON;BRENT;GREATER LONDON;A;51531378;-283207;London;England;Brent
{045A1898-D125-9A24-E063-4804A8C048EA};560000;21/07/2023;2023;7;3;HA3 7EP;HA3;Semi-Detached;Freehold;FALSO;HARROW;HARROW;GREATER LONDON;A;51588931;-314948;London;England;Harrow
{045A1898-D1F9-9A24-E063-4804A8C048EA};94000;28/07/2023;2023;7;3;NE49 9HY;NE49;Semi-Detached;Freehold;FALSO;HALTWHISTLE;NORTHUMBERLAND;NORTHUMBERLAND;A;54969;-2462195;North East;England;Northumberland
{045A1898-D23F-9A24-E063-4804A8C048EA};322000;7/07/2023;2023;7;3;NE47 6DF;NE47;Detached;Freehold;FALSO;HEXHAM;NORTHUMBERLAND;NORTHUMBERLAND;A;5490424;-2307715;North East;England;Northumberland
{045A1898-D27F-9A24-E063-4804A8C048EA};55000;26/11/2021;2021;11;4;NE22 5QD;NE22;Flat/Maisonette;Leasehold;FALSO;BEDLINGTON;NORTHUMBERLAND;NORTHUMBERLAND;A;55115011;-1624408;North East;England;Northumberland
{045A1898-D36E-9A24-E063-4804A8C048EA};115000;20/07/2023;2023;7;3;NE61 6SY;NE61;Terraced;Freehold;FALSO;MORPETH;NORTHUMBERLAND;NORTHUMBERLAND;A;55161368;-1695212;North East;England;Northumberland
{045A1898-D374-9A24-E063-4804A8C048EA};205000;25/08/2023;2023;8;3;NE65 0BX;NE65;Detached;Freehold;FALSO;MORPETH;NORTHUMBERLAND;NORTHUMBERLAND;A;55305396;-1796672;North East;England;Northumberland
{045A1898-D43C-9A24-E063-4804A8C048EA};666000;1/08/2023;2023;8;3;N15 3ER;N15;Terraced;Freehold;FALSO;LONDON;HARINGEY;GREATER LONDON;A;5157972;-70128;London;England;Haringey
{045A1898-D475-9A24-E063-4804A8C048EA};1890000;28/07/2023;2023;7;3;N2 0DF;N2;Semi-Detached;Freehold;FALSO;LONDON;BARNET;GREATER LONDON;A;51582578;-180326;London;England;Barnet
{045A1898-D4A0-9A24-E063-4804A8C048EA};397000;31/05/2023;2023;5;2;UB4 9PB;UB4;Semi-Detached;Freehold;FALSO;HAYES;HILLINGDON;GREATER LONDON;A;5152124;-403301;London;England;Hillingdon
{045A1898-D5FB-9A24-E063-4804A8C048EA};840000;28/07/2023;2023;7;3;SW1V 4DB;SW1V;Flat/Maisonette;Leasehold;FALSO;LONDON;CITY OF WESTMINSTER;GREATER LONDON;A;51491687;-136583;London;England;Westminster
{045A1898-D635-9A24-E063-4804A8C048EA};385000;4/08/2023;2023;8;3;WC1E 7BS;WC1E;Flat/Maisonette;Leasehold;FALSO;LONDON;CAMDEN;GREATER LONDON;A;51522399;-131653;London;England;Camden
{045A1898-D64A-9A24-E063-4804A8C048EA};575000;14/07/2023;2023;7;3;NW6 3DY;NW6;Flat/Maisonette;Leasehold;FALSO;LONDON;CAMDEN;GREATER LONDON;A;51544167;-20988;London;England;Brent
{045A1898-D69F-9A24-E063-4804A8C048EA};397500;28/07/2023;2023;7;3;NW1 7RE;NW1;Flat/Maisonette;Leasehold;FALSO;LONDON;CAMDEN;GREATER LONDON;A;5151906;-167984;London;England;Westminster
{045A1898-D6BB-9A24-E063-4804A8C048EA};680000;20/07/2023;2023;7;3;NW5 2SD;NW5;Flat/Maisonette;Leasehold;FALSO;LONDON;CAMDEN;GREATER LONDON;A;51549627;-154827;London;England;Camden
{045A1898-D733-9A24-E063-4804A8C048EA};111000;14/08/2023;2023;8;3;PE30 4HL;PE30;Flat/Maisonette;Leasehold;FALSO;KING'S LYNN;KING'S LYNN AND WEST NORFOLK;NORFOLK;A;5274312;394955;East of England;England;King's Lynn and West Norfolk
{045A1898-D9CB-9A24-E063-4804A8C048EA};285000;27/01/2022;2022;1;1;NR13 6TB;NR13;Terraced;Freehold;FALSO;NORWICH;BROADLAND;NORFOLK;A;52666868;1512619;East of England;England;Broadland
{045A1898-D9CC-9A24-E063-4804A8C048EA};267000;21/07/2023;2023;7;3;NR7 8UJ;NR7;Semi-Detached;Freehold;FALSO;NORWICH;BROADLAND;NORFOLK;A;52661231;1322772;East of England;England;Broadland
{045A1898-D9E4-9A24-E063-4804A8C048EA};280000;4/08/2023;2023;8;3;NR7 8FY;NR7;Terraced;Freehold;FALSO;NORWICH;BROADLAND;NORFOLK;A;52661231;1322772;East of England;England;Broadland
{045A1898-DA7E-9A24-E063-4804A8C048EA};315000;29/04/2022;2022;4;2;PE34 4AF;PE34;Detached;Freehold;VERDADERO;KING'S LYNN;KING'S LYNN AND WEST NORFOLK;NORFOLK;A;52759061;289352;East of England;England;King's Lynn and West Norfolk
{045A1898-DA82-9A24-E063-4804A8C048EA};116500;16/03/2022;2022;3;1;NR9 4RG;NR9;Semi-Detached;Freehold;FALSO;NORWICH;SOUTH NORFOLK;NORFOLK;A;52599166;117496;East of England;England;South Norfolk
{045A1898-DACE-9A24-E063-4804A8C048EA};215000;30/09/2022;2022;9;3;NR4 6FY;NR4;Semi-Detached;Freehold;VERDADERO;NORWICH;SOUTH NORFOLK;NORFOLK;A;52590637;1257807;East of England;England;South Norfolk
{045A1898-DAD6-9A24-E063-4804A8C048EA};275000;30/06/2022;2022;6;2;NR13 3FT;NR13;Semi-Detached;Freehold;VERDADERO;NORWICH;BROADLAND;NORFOLK;A;52666868;1512619;East of England;England;Broadland
{045A1898-DB1A-9A24-E063-4804A8C048EA};350000;12/07/2023;2023;7;3;NR4 7TF;NR4;Semi-Detached;Freehold;FALSO;NORWICH;NORWICH;NORFOLK;A;52590637;1257807;East of England;England;South Norfolk
{045A1898-DB8F-9A24-E063-4804A8C048EA};185000;21/08/2023;2023;8;3;NN17 2JA;NN17;Terraced;Freehold;FALSO;CORBY;NORTH NORTHAMPTONSHIRE;NORTH NORTHAMPTONSHIRE;A;52494522;-642931;East Midlands;England;North Northamptonshire
{045A1898-DBF7-9A24-E063-4804A8C048EA};290000;14/07/2023;2023;7;3;NN1 4LR;NN1;Terraced;Freehold;FALSO;NORTHAMPTON;WEST NORTHAMPTONSHIRE;WEST NORTHAMPTONSHIRE;A;52239612;-893465;East Midlands;England;West Northamptonshire
{045A1898-DCB1-9A24-E063-4804A8C048EA};205000;24/02/2023;2023;2;1;NN9 6JU;NN9;Terraced;Freehold;FALSO;WELLINGBOROUGH;NORTH NORTHAMPTONSHIRE;NORTH NORTHAMPTONSHIRE;A;52337451;-658546;East Midlands;England;North Northamptonshire
{045A1898-DCC1-9A24-E063-4804A8C048EA};140000;21/04/2021;2021;4;2;NN2 8PW;NN2;Flat/Maisonette;Leasehold;FALSO;NORTHAMPTON;WEST NORTHAMPTONSHIRE;WEST NORTHAMPTONSHIRE;A;52267926;-912105;East Midlands;England;West Northamptonshire
{045A1898-DD11-9A24-E063-4804A8C048EA};230000;24/07/2023;2023;7;3;NN8 2PN;NN8;Semi-Detached;Freehold;FALSO;WELLINGBOROUGH;NORTH NORTHAMPTONSHIRE;NORTH NORTHAMPTONSHIRE;A;52302877;-685432;East Midlands;England;North Northamptonshire
{045A1898-DDAA-9A24-E063-4804A8C048EA};175700;21/07/2023;2023;7;3;NN15 7LN;NN15;Flat/Maisonette;Leasehold;FALSO;KETTERING;NORTH NORTHAMPTONSHIRE;NORTH NORTHAMPTONSHIRE;A;52390401;-722145;East Midlands;England;North Northamptonshire
{045A1898-DE73-9A24-E063-4804A8C048EA};404950;30/06/2022;2022;6;2;NN12 6PN;NN12;Detached;Freehold;VERDADERO;TOWCESTER;WEST NORTHAMPTONSHIRE;WEST NORTHAMPTONSHIRE;A;52102167;-951616;East Midlands;England;West Northamptonshire
{045A1898-DF10-9A24-E063-4804A8C048EA};202500;3/02/2023;2023;2;1;NN3 8HH;NN3;Terraced;Freehold;FALSO;NORTHAMPTON;WEST NORTHAMPTONSHIRE;WEST NORTHAMPTONSHIRE;A;52268232;-817676;East Midlands;England;West Northamptonshire
{045A1898-DF17-9A24-E063-4804A8C048EA};265000;12/07/2023;2023;7;3;NN3 6NZ;NN3;Semi-Detached;Freehold;FALSO;NORTHAMPTON;WEST NORTHAMPTONSHIRE;WEST NORTHAMPTONSHIRE;A;52268232;-817676;East Midlands;England;West Northamptonshire
{045A1898-DF3C-9A24-E063-4804A8C048EA};425000;4/08/2023;2023;8;3;NN12 6QY;NN12;Detached;Freehold;FALSO;TOWCESTER;WEST NORTHAMPTONSHIRE;WEST NORTHAMPTONSHIRE;A;52102167;-951616;East Midlands;England;West Northamptonshire
{045A1898-DFBD-9A24-E063-4804A8C048EA};141000;7/08/2023;2023;8;3;NG7 3FJ;NG7;Terraced;Freehold;FALSO;NOTTINGHAM;CITY OF NOTTINGHAM;CITY OF NOTTINGHAM;B;52951378;-1179068;East Midlands;England;Nottingham
{045A1898-E00C-9A24-E063-4804A8C048EA};145000;1/08/2023;2023;8;3;NG24 4LU;NG24;Semi-Detached;Freehold;FALSO;NEWARK;NEWARK AND SHERWOOD;NOTTINGHAMSHIRE;A;53051412;-775347;East Midlands;England;Newark and Sherwood
{045A1898-E0A4-9A24-E063-4804A8C048EA};169500;21/06/2023;2023;6;2;NG3 2LS;NG3;Semi-Detached;Freehold;FALSO;NOTTINGHAM;CITY OF NOTTINGHAM;CITY OF NOTTINGHAM;A;5296734;-1118449;East Midlands;England;Gedling
{045A1898-E1EC-9A24-E063-4804A8C048EA};110000;1/02/2023;2023;2;1;NG5 5UR;NG5;Flat/Maisonette;Leasehold;FALSO;NOTTINGHAM;CITY OF NOTTINGHAM;CITY OF NOTTINGHAM;A;53010165;-1109872;East Midlands;England;Gedling
{045A1898-E261-9A24-E063-4804A8C048EA};300000;1/08/2023;2023;8;3;NG25 0BT;NG25;Detached;Freehold;FALSO;SOUTHWELL;NEWARK AND SHERWOOD;NOTTINGHAMSHIRE;A;53081118;-954939;East Midlands;England;Newark and Sherwood
{045A1898-E2BB-9A24-E063-4804A8C048EA};160000;8/04/2022;2022;4;2;NG8 6EH;NG8;Terraced;Freehold;FALSO;NOTTINGHAM;CITY OF NOTTINGHAM;CITY OF NOTTINGHAM;A;52981993;-1205315;East Midlands;England;Nottingham
{045A1898-E323-9A24-E063-4804A8C048EA};230000;21/07/2023;2023;7;3;NG6 8RQ;NG6;Semi-Detached;Freehold;FALSO;NOTTINGHAM;CITY OF NOTTINGHAM;CITY OF NOTTINGHAM;A;52987107;-1197147;East Midlands;England;Nottingham
{045A1898-E336-9A24-E063-4804A8C048EA};210000;8/04/2021;2021;4;2;NG15 6XF;NG15;Terraced;Freehold;VERDADERO;NOTTINGHAM;ASHFIELD;NOTTINGHAMSHIRE;A;53090894;-1164098;East Midlands;England;Gedling
{045A1898-E3CC-9A24-E063-4804A8C048EA};621995;10/12/2021;2021;12;4;NG13 7AG;NG13;Detached;Freehold;VERDADERO;NOTTINGHAM;RUSHCLIFFE;NOTTINGHAMSHIRE;A;52949575;-962279;East Midlands;England;Rushcliffe
{045A1898-E3F6-9A24-E063-4804A8C048EA};167995;4/04/2022;2022;4;2;NG22 8GB;NG22;Semi-Detached;Freehold;VERDADERO;NEWARK;NEWARK AND SHERWOOD;NOTTINGHAMSHIRE;A;53232856;-886169;East Midlands;England;Bassetlaw
{045A1898-E440-9A24-E063-4804A8C048EA};331995;30/06/2022;2022;6;2;S81 7SS;S81;Detached;Freehold;VERDADERO;WORKSOP;BASSETLAW;NOTTINGHAMSHIRE;A;53355487;-1120007;East Midlands;England;Bassetlaw
{045A1898-E4DC-9A24-E063-4804A8C048EA};352995;29/09/2022;2022;9;3;NG9 1NX;NG9;Semi-Detached;Freehold;VERDADERO;NOTTINGHAM;BROXTOWE;NOTTINGHAMSHIRE;A;52921358;-1205159;East Midlands;England;Broxtowe
{045A1898-E556-9A24-E063-4804A8C048EA};320000;2/08/2023;2023;8;3;NG9 2PH;NG9;Semi-Detached;Freehold;FALSO;NOTTINGHAM;BROXTOWE;NOTTINGHAMSHIRE;A;52921358;-1205159;East Midlands;England;Broxtowe
{045A1898-E59E-9A24-E063-4804A8C048EA};650000;29/06/2023;2023;6;2;HG3 3DS;HG3;Detached;Freehold;FALSO;HARROGATE;NORTH YORKSHIRE;NORTH YORKSHIRE;A;54005762;-1576076;Yorkshire and The Humber;England;North Yorkshire
{045A1898-E5E8-9A24-E063-4804A8C048EA};525000;12/07/2023;2023;7;3;YO60 7PD;YO60;Detached;Freehold;FALSO;YORK;NORTH YORKSHIRE;NORTH YORKSHIRE;A;54088978;-999908;Yorkshire and The Humber;England;North Yorkshire
{045A1898-E6C5-9A24-E063-4804A8C048EA};240000;24/07/2023;2023;7;3;YO17 7FG;YO17;Semi-Detached;Freehold;FALSO;MALTON;NORTH YORKSHIRE;NORTH YORKSHIRE;A;54124513;-52102;Yorkshire and The Humber;England;North Yorkshire
{045A1898-E828-9A24-E063-4804A8C048EA};200000;21/07/2023;2023;7;3;YO21 1JG;YO21;Detached;Freehold;FALSO;WHITBY;NORTH YORKSHIRE;NORTH YORKSHIRE;A;5448105;-61659;Yorkshire and The Humber;England;North Yorkshire
{045A1898-E893-9A24-E063-4804A8C048EA};300000;24/06/2019;2019;6;2;HG3 2FB;HG3;Semi-Detached;Freehold;FALSO;HARROGATE;NORTH YORKSHIRE;NORTH YORKSHIRE;A;54005762;-1576076;Yorkshire and The Humber;England;North Yorkshire
{045A1898-E932-9A24-E063-4804A8C048EA};379950;5/08/2022;2022;8;3;HG5 0FU;HG5;Detached;Freehold;VERDADERO;KNARESBOROUGH;NORTH YORKSHIRE;NORTH YORKSHIRE;A;54017907;-1466036;Yorkshire and The Humber;England;North Yorkshire
{045A1898-EA74-9A24-E063-4804A8C048EA};285000;15/02/2023;2023;2;1;OX29 0RP;OX29;Terraced;Freehold;FALSO;WITNEY;WEST OXFORDSHIRE;OXFORDSHIRE;A;51820984;-1392935;South East;England;West Oxfordshire
{045A1898-EAED-9A24-E063-4804A8C048EA};332500;30/03/2022;2022;3;1;RG9 1UN;RG9;Flat/Maisonette;Leasehold;FALSO;HENLEY-ON-THAMES;SOUTH OXFORDSHIRE;OXFORDSHIRE;A;5153062;-917549;South East;England;South Oxfordshire
{045A1898-EB3A-9A24-E063-4804A8C048EA};352000;21/08/2023;2023;8;3;OX4 4PT;OX4;Terraced;Freehold;FALSO;OXFORD;OXFORD;OXFORDSHIRE;A;51726026;-1221655;South East;England;Oxford
{045A1898-EC90-9A24-E063-4804A8C048EA};364995;29/07/2022;2022;7;3;OX29 7DD;OX29;Semi-Detached;Freehold;VERDADERO;WITNEY;WEST OXFORDSHIRE;OXFORDSHIRE;A;51820984;-1392935;South East;England;West Oxfordshire
{045A1898-ECFB-9A24-E063-4804A8C048EA};420000;7/07/2023;2023;7;3;OX1 2DF;OX1;Flat/Maisonette;Leasehold;FALSO;OXFORD;OXFORD;OXFORDSHIRE;A;51738234;-1254639;South East;England;Oxford
{045A1898-ED09-9A24-E063-4804A8C048EA};1550000;21/07/2023;2023;7;3;OX2 7BA;OX2;Semi-Detached;Freehold;FALSO;OXFORD;OXFORD;OXFORDSHIRE;A;51745626;-1297204;South East;England;Vale of White Horse
{045A1898-ED60-9A24-E063-4804A8C048EA};1022500;20/07/2023;2023;7;3;RG8 7QQ;RG8;Detached;Freehold;FALSO;READING;SOUTH OXFORDSHIRE;OXFORDSHIRE;A;5148201;-104275;South East;England;West Berkshire
{045A1898-EDF3-9A24-E063-4804A8C048EA};325000;25/07/2023;2023;7;3;PO6 4BP;PO6;Semi-Detached;Freehold;FALSO;PORTSMOUTH;PORTSMOUTH;PORTSMOUTH;A;50845876;-1056881;South East;England;Portsmouth
{045A1898-EEA9-9A24-E063-4804A8C048EA};265000;21/08/2023;2023;8;3;WV5 8JZ;WV5;Semi-Detached;Freehold;FALSO;WOLVERHAMPTON;SOUTH STAFFORDSHIRE;STAFFORDSHIRE;A;52533166;-2181424;West Midlands;England;South Staffordshire
{045A1898-EEC9-9A24-E063-4804A8C048EA};175000;24/07/2023;2023;7;3;DY4 9NB;DY4;Semi-Detached;Freehold;FALSO;TIPTON;SANDWELL;WEST MIDLANDS;A;52526434;-2071644;West Midlands;England;Sandwell
{045A1898-EEEB-9A24-E063-4804A8C048EA};72000;31/07/2023;2023;7;3;ST6 6LF;ST6;Terraced;Freehold;FALSO;STOKE-ON-TRENT;STOKE-ON-TRENT;STOKE-ON-TRENT;A;53070174;-2197711;West Midlands;England;Stoke-on-Trent
{045A1898-EF1B-9A24-E063-4804A8C048EA};355000;17/03/2023;2023;3;1;WS15 4PH;WS15;Detached;Freehold;FALSO;RUGELEY;LICHFIELD;STAFFORDSHIRE;A;52764187;-1946335;West Midlands;England;Cannock Chase
{045A1898-EF48-9A24-E063-4804A8C048EA};150000;20/07/2023;2023;7;3;ST14 7HG;ST14;Terraced;Freehold;FALSO;UTTOXETER;EAST STAFFORDSHIRE;STAFFORDSHIRE;A;52892285;-1873438;West Midlands;England;East Staffordshire
{045A1898-F013-9A24-E063-4804A8C048EA};260000;14/07/2023;2023;7;3;ST6 8TU;ST6;Semi-Detached;Freehold;FALSO;STOKE-ON-TRENT;STAFFORDSHIRE MOORLANDS;STAFFORDSHIRE;A;53070174;-2197711;West Midlands;England;Stoke-on-Trent
{045A1898-F0F9-9A24-E063-4804A8C048EA};182000;30/06/2023;2023;6;2;ST16 3HB;ST16;Terraced;Freehold;FALSO;STAFFORD;STAFFORD;STAFFORDSHIRE;A;52801047;-2120645;West Midlands;England;Stafford
{045A1898-F245-9A24-E063-4804A8C048EA};97500;28/07/2023;2023;7;3;ST19 5SQ;ST19;Terraced;Leasehold;FALSO;STAFFORD;SOUTH STAFFORDSHIRE;STAFFORDSHIRE;A;52710217;-2224893;West Midlands;England;South Staffordshire
{045A1898-F2B5-9A24-E063-4804A8C048EA};274950;1/03/2022;2022;3;1;WS14 0DY;WS14;Semi-Detached;Freehold;VERDADERO;LICHFIELD;LICHFIELD;STAFFORDSHIRE;A;52674873;-1823748;West Midlands;England;Lichfield
{045A1898-F349-9A24-E063-4804A8C048EA};439995;31/08/2022;2022;8;3;ST17 4FW;ST17;Detached;Freehold;VERDADERO;STAFFORD;STAFFORD;STAFFORDSHIRE;A;52788398;-212964;West Midlands;England;Stafford
{045A1898-F3BB-9A24-E063-4804A8C048EA};265000;27/07/2023;2023;7;3;ST13 8NA;ST13;Semi-Detached;Freehold;FALSO;LEEK;STAFFORDSHIRE MOORLANDS;STAFFORDSHIRE;A;53114223;-2007008;West Midlands;England;Staffordshire Moorlands
{045A1898-F3D6-9A24-E063-4804A8C048EA};178000;28/07/2023;2023;7;3;WV2 2BJ;WV2;Semi-Detached;Freehold;FALSO;WOLVERHAMPTON;WOLVERHAMPTON;WEST MIDLANDS;A;52571769;-2108074;West Midlands;England;Wolverhampton
{045A1898-F456-9A24-E063-4804A8C048EA};420000;28/06/2023;2023;6;2;SE18 7BG;SE18;Terraced;Freehold;FALSO;LONDON;GREENWICH;GREATER LONDON;A;51494899;71752;London;England;Greenwich
{045A1898-F4C3-9A24-E063-4804A8C048EA};850000;20/07/2023;2023;7;3;SE7 7NT;SE7;Terraced;Freehold;FALSO;LONDON;GREENWICH;GREATER LONDON;A;51479819;28999;London;England;Greenwich
{045A1898-F4CB-9A24-E063-4804A8C048EA};375000;21/07/2023;2023;7;3;SM5 1BU;SM5;Terraced;Freehold;FALSO;CARSHALTON;SUTTON;GREATER LONDON;A;51373457;-170698;London;England;Sutton
{045A1898-F4F1-9A24-E063-4804A8C048EA};660000;19/07/2023;2023;7;3;SE19 3PW;SE19;Terraced;Freehold;FALSO;LONDON;CROYDON;GREATER LONDON;A;51418992;-89274;London;England;Croydon
{045A1898-F5A8-9A24-E063-4804A8C048EA};450000;7/07/2023;2023;7;3;DA14 4NP;DA14;Semi-Detached;Freehold;FALSO;SIDCUP;BEXLEY;GREATER LONDON;A;5142639;91063;London;England;Bexley
{045A1898-F6EB-9A24-E063-4804A8C048EA};235000;7/07/2023;2023;7;3;CR0 5LT;CR0;Flat/Maisonette;Leasehold;FALSO;CROYDON;CROYDON;GREATER LONDON;A;51373138;-116486;London;England;Croydon
{045A1898-F717-9A24-E063-4804A8C048EA};255000;21/07/2023;2023;7;3;CR0 5NB;CR0;Flat/Maisonette;Leasehold;FALSO;CROYDON;CROYDON;GREATER LONDON;A;51373138;-116486;London;England;Croydon
{045A1898-F81F-9A24-E063-4804A8C048EA};173000;29/06/2021;2021;6;2;SM2 5SL;SM2;Flat/Maisonette;Leasehold;FALSO;SUTTON;SUTTON;GREATER LONDON;A;51358342;-192888;London;England;Sutton
{045A1898-F911-9A24-E063-4804A8C048EA};930000;2/08/2023;2023;8;3;SE26 5DE;SE26;Semi-Detached;Freehold;FALSO;LONDON;BROMLEY;GREATER LONDON;A;51422636;-53378;London;England;Bromley
{045A1898-FA13-9A24-E063-4804A8C048EA};455000;2/03/2023;2023;3;1;NR35 1EZ;NR35;Terraced;Freehold;FALSO;BUNGAY;EAST SUFFOLK;SUFFOLK;A;52455258;1438913;East of England;England;East Suffolk
{045A1898-FA1A-9A24-E063-4804A8C048EA};205000;30/01/2023;2023;1;1;IP32 6NF;IP32;Semi-Detached;Freehold;FALSO;BURY ST EDMUNDS;WEST SUFFOLK;SUFFOLK;A;52256417;695501;East of England;England;West Suffolk
{045A1898-FAE0-9A24-E063-4804A8C048EA};345000;4/07/2023;2023;7;3;CO10 1BL;CO10;Detached;Freehold;FALSO;SUDBURY;BABERGH;SUFFOLK;A;52041557;727426;East of England;England;Babergh
{045A1898-FAED-9A24-E063-4804A8C048EA};465000;1/08/2023;2023;8;3;IP12 4PW;IP12;Detached;Freehold;FALSO;WOODBRIDGE;EAST SUFFOLK;SUFFOLK;A;52138029;1525472;East of England;England;East Suffolk
{045A1898-FB4E-9A24-E063-4804A8C048EA};333000;24/07/2023;2023;7;3;IP4 2QS;IP4;Semi-Detached;Freehold;FALSO;IPSWICH;IPSWICH;SUFFOLK;A;52072161;1172038;East of England;England;Ipswich
{045A1898-FC72-9A24-E063-4804A8C048EA};375000;18/02/2022;2022;2;1;IP6 8FT;IP6;Detached;Freehold;VERDADERO;IPSWICH;MID SUFFOLK;SUFFOLK;A;52146097;1055093;East of England;England;Mid Suffolk
{045A1898-FD20-9A24-E063-4804A8C048EA};247500;30/10/2020;2020;10;4;IP32 6AE;IP32;Flat/Maisonette;Leasehold;VERDADERO;BURY ST EDMUNDS;WEST SUFFOLK;SUFFOLK;B;52256417;695501;East of England;England;West Suffolk
{045A1898-FD7D-9A24-E063-4804A8C048EA};375000;20/07/2023;2023;7;3;CO10 0YY;CO10;Detached;Freehold;FALSO;SUDBURY;BABERGH;SUFFOLK;A;52041557;727426;East of England;England;Babergh
{045A1898-FDA0-9A24-E063-4804A8C048EA};280000;14/07/2023;2023;7;3;IP4 1NP;IP4;Terraced;Freehold;FALSO;IPSWICH;IPSWICH;SUFFOLK;A;52072161;1172038;East of England;England;Ipswich
{045A1898-FE43-9A24-E063-4804A8C048EA};220000;28/07/2023;2023;7;3;SY11 1SE;SY11;Detached;Freehold;FALSO;OSWESTRY;SHROPSHIRE;SHROPSHIRE;A;52862893;-3057221;West Midlands;England;Shropshire
{045A1898-FE78-9A24-E063-4804A8C048EA};305000;25/07/2023;2023;7;3;SY7 8BN;SY7;Semi-Detached;Freehold;FALSO;LYDBURY NORTH;SHROPSHIRE;SHROPSHIRE;A;52441954;-2841823;West Midlands;England;Shropshire
{045A1898-FED7-9A24-E063-4804A8C048EA};400000;26/07/2023;2023;7;3;WV5 7DF;WV5;Semi-Detached;Freehold;FALSO;WOLVERHAMPTON;SHROPSHIRE;SHROPSHIRE;A;52533166;-2181424;West Midlands;England;South Staffordshire
{045A1898-FEEA-9A24-E063-4804A8C048EA};283500;26/01/2022;2022;1;1;SY10 8HQ;SY10;Detached;Freehold;FALSO;OSWESTRY;SHROPSHIRE;SHROPSHIRE;A;52886964;-303214;West Midlands;England;Shropshire
{045A1898-FF52-9A24-E063-4804A8C048EA};280000;30/06/2023;2023;6;2;DY14 0RG;DY14;Detached;Freehold;FALSO;KIDDERMINSTER;SHROPSHIRE;SHROPSHIRE;A;5237677;-2487713;West Midlands;England;Shropshire
{045A1898-FFD2-9A24-E063-4804A8C048EA};625000;1/08/2023;2023;8;3;SY4 3LD;SY4;Detached;Freehold;FALSO;SHREWSBURY;SHROPSHIRE;SHROPSHIRE;A;5286152;-2726757;West Midlands;England;Shropshire
{045A1899-00D6-9A24-E063-4804A8C048EA};270000;14/07/2023;2023;7;3;TA21 9AW;TA21;Semi-Detached;Freehold;FALSO;WELLINGTON;SOMERSET;SOMERSET;A;50975887;-3275677;South West;England;Somerset
{045A1899-00DF-9A24-E063-4804A8C048EA};735000;25/07/2023;2023;7;3;BA3 3LW;BA3;Detached;Freehold;FALSO;RADSTOCK;BATH AND NORTH EAST SOMERSET;BATH AND NORTH EAST SOMERSET;A;51282672;-2469337;South West;England;Bath and North East Somerset
{045A1899-00E8-9A24-E063-4804A8C048EA};670000;21/07/2023;2023;7;3;BS23 2NG;BS23;Detached;Freehold;FALSO;WESTON-SUPER-MARE;NORTH SOMERSET;NORTH SOMERSET;A;51345358;-2965043;South West;England;North Somerset
{045A1899-01BA-9A24-E063-4804A8C048EA};720000;9/12/2021;2021;12;4;BS48 3BZ;BS48;Detached;Freehold;FALSO;BRISTOL;NORTH SOMERSET;NORTH SOMERSET;A;51425526;-2774384;South West;England;North Somerset
{045A1899-01C7-9A24-E063-4804A8C048EA};330000;22/05/2023;2023;5;2;TA2 8FW;TA2;Semi-Detached;Freehold;FALSO;TAUNTON;SOMERSET;SOMERSET;A;51026267;-3110892;South West;England;Somerset
{045A1899-02A8-9A24-E063-4804A8C048EA};497500;28/10/2022;2022;10;4;BS49 4GE;BS49;Detached;Freehold;VERDADERO;BRISTOL;NORTH SOMERSET;NORTH SOMERSET;A;51375327;-2798105;South West;England;North Somerset
{045A1899-0357-9A24-E063-4804A8C048EA};375000;14/07/2023;2023;7;3;TA1 5EG;TA1;Terraced;Freehold;FALSO;TAUNTON;SOMERSET;SOMERSET;A;5101506;-3117738;South West;England;Somerset
{045A1899-0473-9A24-E063-4804A8C048EA};830000;14/07/2023;2023;7;3;KT15 1EF;KT15;Detached;Freehold;FALSO;ADDLESTONE;RUNNYMEDE;SURREY;A;51383112;-494697;South East;England;Runnymede
{045A1899-0537-9A24-E063-4804A8C048EA};817500;10/07/2023;2023;7;3;KT12 4JF;KT12;Semi-Detached;Freehold;FALSO;WALTON-ON-THAMES;ELMBRIDGE;SURREY;A;51390925;-420144;South East;England;Elmbridge
{045A1899-0563-9A24-E063-4804A8C048EA};400000;2/12/2022;2022;12;4;GU7 1JR;GU7;Terraced;Freehold;FALSO;GODALMING;WAVERLEY;SURREY;A;51188292;-601648;South East;England;Waverley
{045A1899-05C1-9A24-E063-4804A8C048EA};1450000;18/07/2023;2023;7;3;SW13 0AS;SW13;Terraced;Freehold;FALSO;LONDON;RICHMOND UPON THAMES;GREATER LONDON;A;51472947;-248684;London;England;Richmond upon Thames
{045A1899-065D-9A24-E063-4804A8C048EA};812000;7/07/2023;2023;7;3;KT17 2LJ;KT17;Detached;Freehold;FALSO;EPSOM;EPSOM AND EWELL;SURREY;A;51356634;-246787;South East;England;Epsom and Ewell
{045A1899-065F-9A24-E063-4804A8C048EA};655000;3/07/2023;2023;7;3;KT21 1RH;KT21;Terraced;Freehold;FALSO;ASHTEAD;MOLE VALLEY;SURREY;A;51312477;-312066;South East;England;Mole Valley
{045A1899-0742-9A24-E063-4804A8C048EA};400500;2/08/2023;2023;8;3;KT20 5HD;KT20;Terraced;Freehold;FALSO;TADWORTH;REIGATE AND BANSTEAD;SURREY;A;51300682;-233068;South East;England;Reigate and Banstead
{045A1899-07BE-9A24-E063-4804A8C048EA};200000;3/08/2023;2023;8;3;GU2 8GG;GU2;Flat/Maisonette;Leasehold;FALSO;GUILDFORD;GUILDFORD;SURREY;A;51236217;-583292;South East;England;Guildford
{045A1899-080B-9A24-E063-4804A8C048EA};515000;11/08/2023;2023;8;3;GU24 8RL;GU24;Semi-Detached;Freehold;FALSO;WOKING;SURREY HEATH;SURREY;A;51346028;-602125;South East;England;Surrey Heath
{045A1899-0910-9A24-E063-4804A8C048EA};1628000;14/06/2023;2023;6;2;GU3 2BA;GU3;Detached;Freehold;FALSO;GUILDFORD;GUILDFORD;SURREY;A;51283055;-622821;South East;England;Guildford
{045A1899-091A-9A24-E063-4804A8C048EA};340300;7/07/2023;2023;7;3;RH6 9JA;RH6;Detached;Freehold;FALSO;HORLEY;REIGATE AND BANSTEAD;SURREY;A;51177052;-166134;South East;England;Reigate and Banstead
{045A1899-098C-9A24-E063-4804A8C048EA};1350000;21/06/2023;2023;6;2;GU1 2BU;GU1;Detached;Freehold;FALSO;GUILDFORD;GUILDFORD;SURREY;A;51236855;-558175;South East;England;Guildford
{045A1899-0A1A-9A24-E063-4804A8C048EA};725000;28/01/2022;2022;1;1;GU21 6AT;GU21;Terraced;Freehold;FALSO;WOKING;WOKING;SURREY;A;51326203;-541268;South East;England;Woking
{045A1899-0A54-9A24-E063-4804A8C048EA};320000;31/03/2022;2022;3;1;TW15 1HZ;TW15;Flat/Maisonette;Leasehold;VERDADERO;ASHFORD;SPELTHORNE;SURREY;A;51427565;-47898;South East;England;Spelthorne
{045A1899-0AAE-9A24-E063-4804A8C048EA};282000;1/08/2022;2022;8;3;TW15 1HY;TW15;Flat/Maisonette;Leasehold;VERDADERO;ASHFORD;SPELTHORNE;SURREY;A;51427565;-47898;South East;England;Spelthorne
{045A1899-0B49-9A24-E063-4804A8C048EA};88000;30/06/2023;2023;6;2;S61 1LF;S61;Terraced;Freehold;FALSO;ROTHERHAM;ROTHERHAM;SOUTH YORKSHIRE;A;53459911;-1429844;Yorkshire and The Humber;England;Rotherham
{045A1899-0BFD-9A24-E063-4804A8C048EA};167000;28/07/2023;2023;7;3;DN10 6RL;DN10;Semi-Detached;Freehold;FALSO;DONCASTER;DONCASTER;SOUTH YORKSHIRE;A;53409517;-897494;East Midlands;England;Bassetlaw
{045A1899-0D64-9A24-E063-4804A8C048EA};133000;21/07/2023;2023;7;3;DN12 2LB;DN12;Semi-Detached;Freehold;FALSO;DONCASTER;DONCASTER;SOUTH YORKSHIRE;A;53479381;-1237842;Yorkshire and The Humber;England;Doncaster
{045A1899-0D97-9A24-E063-4804A8C048EA};89000;30/06/2023;2023;6;2;S66 7DX;S66;Semi-Detached;Freehold;FALSO;ROTHERHAM;ROTHERHAM;SOUTH YORKSHIRE;A;53423025;-1262715;Yorkshire and The Humber;England;Rotherham
{045A1899-0DDD-9A24-E063-4804A8C048EA};440000;14/03/2023;2023;3;1;S6 1RW;S6;Detached;Freehold;FALSO;SHEFFIELD;SHEFFIELD;SOUTH YORKSHIRE;A;5340497;-1506208;Yorkshire and The Humber;England;Sheffield
{045A1899-0E46-9A24-E063-4804A8C048EA};262000;1/08/2023;2023;8;3;DN3 2FS;DN3;Detached;Freehold;FALSO;DONCASTER;DONCASTER;SOUTH YORKSHIRE;A;53540066;-1064535;Yorkshire and The Humber;England;Doncaster
{045A1899-0E89-9A24-E063-4804A8C048EA};135000;13/07/2023;2023;7;3;S71 1LR;S71;Semi-Detached;Freehold;FALSO;BARNSLEY;BARNSLEY;SOUTH YORKSHIRE;A;53557729;-143854;Yorkshire and The Humber;England;Barnsley
{045A1899-0F31-9A24-E063-4804A8C048EA};314950;14/03/2023;2023;3;1;S7 2AG;S7;Flat/Maisonette;Leasehold;FALSO;SHEFFIELD;SHEFFIELD;SOUTH YORKSHIRE;A;53360475;-1486736;Yorkshire and The Humber;England;Sheffield
{045A1899-1014-9A24-E063-4804A8C048EA};233995;30/09/2022;2022;9;3;S20 4AB;S20;Semi-Detached;Freehold;VERDADERO;SHEFFIELD;SHEFFIELD;SOUTH YORKSHIRE;A;53335831;-1329501;Yorkshire and The Humber;England;Sheffield
{045A1899-1476-9A24-E063-4804A8C048EA};350000;19/05/2023;2023;5;2;TW4 5NA;TW4;Flat/Maisonette;Leasehold;FALSO;HOUNSLOW;RICHMOND UPON THAMES;GREATER LONDON;A;51463345;-383468;London;England;Hounslow
{045A1899-1480-9A24-E063-4804A8C048EA};695000;22/12/2021;2021;12;4;E20 1GW;E20;Flat/Maisonette;Leasehold;VERDADERO;LONDON;NEWHAM;GREATER LONDON;A;51549225;-1189;London;England;Newham
{045A1899-14D3-9A24-E063-4804A8C048EA};1200000;8/04/2022;2022;4;2;SE15 3DT;SE15;Terraced;Freehold;FALSO;LONDON;SOUTHWARK;GREATER LONDON;A;51466812;-73138;London;England;Southwark
{045A1899-1580-9A24-E063-4804A8C048EA};550000;19/01/2023;2023;1;1;SE1 5DE;SE1;Flat/Maisonette;Leasehold;VERDADERO;LONDON;SOUTHWARK;GREATER LONDON;A;51496767;-77494;London;England;Southwark
{045A1899-15CA-9A24-E063-4804A8C048EA};410000;22/06/2023;2023;6;2;SM4 6HF;SM4;Terraced;Freehold;FALSO;MORDEN;MERTON;GREATER LONDON;A;5139347;-187207;London;England;Merton
{045A1899-170A-9A24-E063-4804A8C048EA};217000;23/03/2022;2022;3;1;ME10 3RT;ME10;Terraced;Freehold;FALSO;SITTINGBOURNE;SWALE;KENT;A;51336186;745039;South East;England;Swale
{045A1899-17AA-9A24-E063-4804A8C048EA};430000;29/04/2022;2022;4;2;ME19 4XF;ME19;Semi-Detached;Freehold;VERDADERO;WEST MALLING;TONBRIDGE AND MALLING;KENT;A;51273591;415592;South East;England;Tonbridge and Malling
{045A1899-18A2-9A24-E063-4804A8C048EA};191500;15/08/2023;2023;8;3;ME4 4ZF;ME4;Flat/Maisonette;Leasehold;FALSO;CHATHAM;MEDWAY;MEDWAY;A;51366995;525746;South East;England;Medway
{045A1899-18B2-9A24-E063-4804A8C048EA};405000;24/07/2023;2023;7;3;DA2 7BF;DA2;Terraced;Freehold;FALSO;DARTFORD;DARTFORD;KENT;A;51442356;241698;South East;England;Dartford
{045A1899-1951-9A24-E063-4804A8C048EA};275000;4/08/2023;2023;8;3;NE38 7TU;NE38;Detached;Freehold;FALSO;WASHINGTON;SUNDERLAND;TYNE AND WEAR;A;54882405;-1548091;North East;England;Sunderland
{045A1899-196A-9A24-E063-4804A8C048EA};235000;14/07/2023;2023;7;3;NE13 7ND;NE13;Terraced;Freehold;FALSO;NEWCASTLE UPON TYNE;NEWCASTLE UPON TYNE;TYNE AND WEAR;A;55029521;-1646466;North East;England;Newcastle upon Tyne
{045A1899-1A74-9A24-E063-4804A8C048EA};90000;22/08/2023;2023;8;3;NE23 7AE;NE23;Flat/Maisonette;Leasehold;FALSO;CRAMLINGTON;NORTH TYNESIDE;TYNE AND WEAR;A;55074495;-1583316;North East;England;Northumberland
{045A1899-1B48-9A24-E063-4804A8C048EA};102000;31/05/2023;2023;5;2;SR1 2LH;SR1;Semi-Detached;Freehold;FALSO;SUNDERLAND;SUNDERLAND;TYNE AND WEAR;A;54902819;-1376587;North East;England;Sunderland
{045A1899-1BA1-9A24-E063-4804A8C048EA};176500;14/07/2023;2023;7;3;NE33 3LF;NE33;Terraced;Freehold;FALSO;SOUTH SHIELDS;SOUTH TYNESIDE;TYNE AND WEAR;A;54994931;-1439729;North East;England;South Tyneside
{045A1899-1BCB-9A24-E063-4804A8C048EA};140000;14/07/2023;2023;7;3;NE21 5GA;NE21;Terraced;Freehold;FALSO;BLAYDON-ON-TYNE;GATESHEAD;TYNE AND WEAR;A;54972289;-1731122;North East;England;Gateshead
{045A1899-1CDA-9A24-E063-4804A8C048EA};314995;14/04/2022;2022;4;2;NE13 9EX;NE13;Detached;Freehold;VERDADERO;NEWCASTLE UPON TYNE;NEWCASTLE UPON TYNE;TYNE AND WEAR;A;55029521;-1646466;North East;England;Newcastle upon Tyne
{045A1899-1CFF-9A24-E063-4804A8C048EA};277995;27/05/2022;2022;5;2;NE5 1BW;NE5;Detached;Freehold;VERDADERO;NEWCASTLE UPON TYNE;NEWCASTLE UPON TYNE;TYNE AND WEAR;A;5499607;-1660736;North East;England;Newcastle upon Tyne
{045A1899-1E00-9A24-E063-4804A8C048EA};74500;24/03/2023;2023;3;1;SA11 5HA;SA11;Terraced;Freehold;FALSO;NEATH;NEATH PORT TALBOT;NEATH PORT TALBOT;A;5170681;-3716289;Wales;Wales;Neath Port Talbot
{045A1899-1E4E-9A24-E063-4804A8C048EA};180000;17/07/2023;2023;7;3;NP20 5FF;NP20;Semi-Detached;Freehold;FALSO;NEWPORT;NEWPORT;NEWPORT;A;51613537;-3008691;Wales;Wales;Newport
{045A1899-1EBF-9A24-E063-4804A8C048EA};210000;20/07/2023;2023;7;3;CF61 1YP;CF61;Detached;Freehold;FALSO;LLANTWIT MAJOR;THE VALE OF GLAMORGAN;THE VALE OF GLAMORGAN;A;51415378;-3497617;Wales;Wales;Vale of Glamorgan
{045A1899-2032-9A24-E063-4804A8C048EA};125000;28/06/2023;2023;6;2;NP44 3NA;NP44;Detached;Freehold;FALSO;CWMBRAN;TORFAEN;TORFAEN;A;51644069;-3032869;Wales;Wales;Torfaen
{045A1899-20A2-9A24-E063-4804A8C048EA};115000;13/07/2023;2023;7;3;SA12 6HB;SA12;Terraced;Freehold;FALSO;PORT TALBOT;NEATH PORT TALBOT;NEATH PORT TALBOT;A;51614117;-3773209;Wales;Wales;Neath Port Talbot
{045A1899-213D-9A24-E063-4804A8C048EA};124000;17/07/2023;2023;7;3;SA15 4NS;SA15;Semi-Detached;Freehold;FALSO;LLANELLI;CARMARTHENSHIRE;CARMARTHENSHIRE;A;51676294;-4157174;Wales;Wales;Carmarthenshire
{045A1899-2218-9A24-E063-4804A8C048EA};85000;4/08/2023;2023;8;3;LL14 6AS;LL14;Terraced;Freehold;FALSO;WREXHAM;WREXHAM;WREXHAM;A;53011013;-3048573;Wales;Wales;Wrexham
{045A1899-2233-9A24-E063-4804A8C048EA};120000;7/07/2023;2023;7;3;SA1 8HP;SA1;Terraced;Freehold;FALSO;SWANSEA;SWANSEA;SWANSEA;A;51641191;-3908676;Wales;Wales;Swansea
{045A1899-2285-9A24-E063-4804A8C048EA};775000;14/07/2023;2023;7;3;CF23 5PJ;CF23;Semi-Detached;Freehold;FALSO;CARDIFF;CARDIFF;CARDIFF;A;51498215;-3170504;Wales;Wales;Cardiff
{045A1899-22D1-9A24-E063-4804A8C048EA};296000;3/08/2023;2023;8;3;CF23 8NG;CF23;Terraced;Freehold;FALSO;CARDIFF;CARDIFF;CARDIFF;A;51498215;-3170504;Wales;Wales;Cardiff
{045A1899-22E4-9A24-E063-4804A8C048EA};212000;16/12/2022;2022;12;4;LL18 6PE;LL18;Detached;Freehold;FALSO;RHYL;FLINTSHIRE;FLINTSHIRE;A;53304265;-3417193;Wales;Wales;Denbighshire
{045A1899-2387-9A24-E063-4804A8C048EA};325000;14/08/2023;2023;8;3;SA73 1NU;SA73;Detached;Freehold;FALSO;MILFORD HAVEN;PEMBROKESHIRE;PEMBROKESHIRE;A;51723267;-5035855;Wales;Wales;Pembrokeshire
{045A1899-246E-9A24-E063-4804A8C048EA};210500;21/07/2023;2023;7;3;CV3 4BJ;CV3;Semi-Detached;Freehold;FALSO;COVENTRY;COVENTRY;WEST MIDLANDS;A;52388396;-1513675;West Midlands;England;Coventry
{045A1899-2537-9A24-E063-4804A8C048EA};310000;9/08/2023;2023;8;3;B50 4AQ;B50;Detached;Freehold;FALSO;ALCESTER;STRATFORD-ON-AVON;WARWICKSHIRE;A;5216737;-1855538;West Midlands;England;Stratford-on-Avon
{045A1899-25DF-9A24-E063-4804A8C048EA};180000;17/03/2023;2023;3;1;CV12 9AW;CV12;Terraced;Freehold;FALSO;BEDWORTH;NUNEATON AND BEDWORTH;WARWICKSHIRE;A;5248572;-1483211;West Midlands;England;Nuneaton and Bedworth
{045A1899-263A-9A24-E063-4804A8C048EA};630000;19/07/2023;2023;7;3;CV32 5BA;CV32;Flat/Maisonette;Leasehold;FALSO;LEAMINGTON SPA;WARWICK;WARWICKSHIRE;A;52290049;-1542665;West Midlands;England;Warwick
{045A1899-2850-9A24-E063-4804A8C048EA};685000;2/03/2023;2023;3;1;B92 0AE;B92;Detached;Freehold;FALSO;SOLIHULL;SOLIHULL;WEST MIDLANDS;A;52442334;-1772642;West Midlands;England;Solihull
{045A1899-290E-9A24-E063-4804A8C048EA};66500;28/04/2023;2023;4;2;B76 1DD;B76;Flat/Maisonette;Leasehold;FALSO;SUTTON COLDFIELD;BIRMINGHAM;WEST MIDLANDS;A;52549287;-1797188;West Midlands;England;Birmingham
{045A1899-2A50-9A24-E063-4804A8C048EA};160000;7/07/2023;2023;7;3;WV13 1AT;WV13;Terraced;Freehold;FALSO;WILLENHALL;WALSALL;WEST MIDLANDS;A;52590722;-205135;West Midlands;England;Walsall
{045A1899-2A68-9A24-E063-4804A8C048EA};217000;22/08/2023;2023;8;3;CV6 3BE;CV6;Terraced;Freehold;FALSO;COVENTRY;COVENTRY;WEST MIDLANDS;A;5243714;-1522304;West Midlands;England;Coventry
{045A1899-2A98-9A24-E063-4804A8C048EA};270000;27/07/2023;2023;7;3;B9 4JF;B9;Semi-Detached;Freehold;FALSO;BIRMINGHAM;BIRMINGHAM;WEST MIDLANDS;A;52480733;-1870289;West Midlands;England;Birmingham
{045A1899-2B15-9A24-E063-4804A8C048EA};225000;20/07/2023;2023;7;3;DY5 1AP;DY5;Detached;Freehold;FALSO;BRIERLEY HILL;DUDLEY;WEST MIDLANDS;A;52478521;-2129091;West Midlands;England;Dudley
{045A1899-2B2B-9A24-E063-4804A8C048EA};337500;1/08/2022;2022;8;3;B62 9HP;B62;Semi-Detached;Freehold;FALSO;HALESOWEN;DUDLEY;WEST MIDLANDS;A;52472935;-2027701;West Midlands;England;Dudley
{045A1899-2B33-9A24-E063-4804A8C048EA};210000;7/07/2023;2023;7;3;WV11 1TG;WV11;Semi-Detached;Freehold;FALSO;WOLVERHAMPTON;WOLVERHAMPTON;WEST MIDLANDS;A;52614089;-206365;West Midlands;England;Wolverhampton
{045A1899-2B5B-9A24-E063-4804A8C048EA};165000;27/06/2023;2023;6;2;B38 9UT;B38;Terraced;Freehold;FALSO;BIRMINGHAM;BIRMINGHAM;WEST MIDLANDS;A;52409288;-1934106;West Midlands;England;Birmingham
{045A1899-2B6D-9A24-E063-4804A8C048EA};380000;24/07/2023;2023;7;3;B63 2NR;B63;Semi-Detached;Freehold;FALSO;HALESOWEN;DUDLEY;WEST MIDLANDS;A;52447574;-2054257;West Midlands;England;Dudley
{045A1899-2B76-9A24-E063-4804A8C048EA};325000;7/08/2023;2023;8;3;B31 3DL;B31;Detached;Freehold;FALSO;BIRMINGHAM;BIRMINGHAM;WEST MIDLANDS;A;52422701;-1984539;West Midlands;England;Birmingham
{045A1899-2BCA-9A24-E063-4804A8C048EA};600000;27/07/2023;2023;7;3;B14 6DJ;B14;Terraced;Freehold;FALSO;BIRMINGHAM;BIRMINGHAM;WEST MIDLANDS;A;52427231;-1906416;West Midlands;England;Birmingham
{045A1899-2C10-9A24-E063-4804A8C048EA};259500;30/06/2023;2023;6;2;CV5 8LJ;CV5;Semi-Detached;Freehold;FALSO;COVENTRY;COVENTRY;WEST MIDLANDS;A;52417185;-1572657;West Midlands;England;Coventry
{045A1899-2D6E-9A24-E063-4804A8C048EA};136100;8/04/2022;2022;4;2;WR1 3PB;WR1;Flat/Maisonette;Leasehold;FALSO;WORCESTER;WORCESTER;WORCESTERSHIRE;A;52205223;-2222564;West Midlands;England;Worcester
{045A1899-2D79-9A24-E063-4804A8C048EA};275000;28/02/2023;2023;2;1;B96 6ET;B96;Terraced;Freehold;FALSO;REDDITCH;REDDITCH;WORCESTERSHIRE;A;52254384;-2024104;West Midlands;England;Wychavon
{045A1899-2E31-9A24-E063-4804A8C048EA};580000;4/03/2022;2022;3;1;WR5 2FW;WR5;Detached;Freehold;VERDADERO;WORCESTER;WORCESTER;WORCESTERSHIRE;A;52170092;-2199798;West Midlands;England;Worcester
{045A1899-2E9E-9A24-E063-4804A8C048EA};337000;24/02/2023;2023;2;1;WR5 2SE;WR5;Detached;Freehold;FALSO;WORCESTER;WYCHAVON;WORCESTERSHIRE;A;52170092;-2199798;West Midlands;England;Worcester
{045A1899-2EA7-9A24-E063-4804A8C048EA};255000;21/04/2023;2023;4;2;WR14 1JZ;WR14;Detached;Freehold;FALSO;MALVERN;MALVERN HILLS;WORCESTERSHIRE;A;52121948;-2331225;West Midlands;England;Malvern Hills
{045A1899-2F95-9A24-E063-4804A8C048EA};1162575;18/07/2023;2023;7;3;TA11 6AT;TA11;Detached;Freehold;FALSO;SOMERTON;SOMERSET;SOMERSET;A;51052818;-2741413;South West;England;Somerset
{045A1899-2FCC-9A24-E063-4804A8C048EA};265000;9/12/2021;2021;12;4;TA10 0AG;TA10;Semi-Detached;Freehold;VERDADERO;LANGPORT;SOMERSET;SOMERSET;A;51045339;-2824116;South West;England;Somerset
{045A1899-303E-9A24-E063-4804A8C048EA};65000;21/08/2023;2023;8;3;PO21 1XJ;PO21;Flat/Maisonette;Leasehold;FALSO;BOGNOR REGIS;ARUN;WEST SUSSEX;A;50787852;-709929;South East;England;Arun
{045A1899-30A2-9A24-E063-4804A8C048EA};275000;30/06/2023;2023;6;2;BN14 8BW;BN14;Flat/Maisonette;Leasehold;FALSO;WORTHING;WORTHING;WEST SUSSEX;A;50835564;-370071;South East;England;Worthing
{045A1899-30E9-9A24-E063-4804A8C048EA};108500;27/06/2023;2023;6;2;PO21 1XR;PO21;Flat/Maisonette;Leasehold;FALSO;BOGNOR REGIS;ARUN;WEST SUSSEX;A;50787852;-709929;South East;England;Arun
{045A1899-30FF-9A24-E063-4804A8C048EA};220680;18/07/2023;2023;7;3;BN5 9HP;BN5;Terraced;Freehold;FALSO;HENFIELD;HORSHAM;WEST SUSSEX;A;50930678;-282858;South East;England;Horsham
{045A1899-312B-9A24-E063-4804A8C048EA};178000;21/02/2023;2023;2;1;RH13 6PQ;RH13;Flat/Maisonette;Leasehold;FALSO;HORSHAM;HORSHAM;WEST SUSSEX;A;50992253;-281498;South East;England;Horsham
{045A1899-313A-9A24-E063-4804A8C048EA};695000;11/08/2023;2023;8;3;BN11 3EN;BN11;Terraced;Freehold;FALSO;WORTHING;WORTHING;WEST SUSSEX;A;50813174;-365202;South East;England;Worthing
{045A1899-3174-9A24-E063-4804A8C048EA};200500;25/07/2023;2023;7;3;RH10 1BN;RH10;Flat/Maisonette;Leasehold;FALSO;CRAWLEY;CRAWLEY;WEST SUSSEX;A;51112904;-175289;South East;England;Crawley
{045A1899-31DA-9A24-E063-4804A8C048EA};1150000;14/07/2023;2023;7;3;GU27 3DA;GU27;Detached;Freehold;FALSO;HASLEMERE;CHICHESTER;WEST SUSSEX;A;51052215;-724299;South East;England;Chichester
{045A1899-329F-9A24-E063-4804A8C048EA};312500;27/10/2021;2021;10;4;RH20 4LT;RH20;Semi-Detached;Leasehold;FALSO;PULBOROUGH;HORSHAM;WEST SUSSEX;A;50960312;-506899;South East;England;Horsham
{045A1899-334E-9A24-E063-4804A8C048EA};309950;26/08/2022;2022;8;3;PO20 2NH;PO20;Terraced;Freehold;VERDADERO;CHICHESTER;CHICHESTER;WEST SUSSEX;A;50758534;-849128;South East;England;Chichester
{045A1899-3389-9A24-E063-4804A8C048EA};437600;24/11/2022;2022;11;4;RH10 3WW;RH10;Semi-Detached;Freehold;VERDADERO;CRAWLEY;MID SUSSEX;WEST SUSSEX;A;51112904;-175289;South East;England;Crawley
{045A1899-344D-9A24-E063-4804A8C048EA};147500;23/06/2023;2023;6;2;SN4 7EZ;SN4;Flat/Maisonette;Leasehold;FALSO;SWINDON;WILTSHIRE;WILTSHIRE;A;51519702;-1788829;South West;England;Swindon
{045A1899-349E-9A24-E063-4804A8C048EA};121000;21/07/2023;2023;7;3;SP2 9HX;SP2;Terraced;Freehold;FALSO;SALISBURY;WILTSHIRE;WILTSHIRE;A;51053364;-1789714;South West;England;Wiltshire
{045A1899-3508-9A24-E063-4804A8C048EA};560000;25/08/2023;2023;8;3;SP1 3AB;SP1;Terraced;Freehold;FALSO;SALISBURY;WILTSHIRE;WILTSHIRE;A;51065348;-1793441;South West;England;Wiltshire
{045A1899-355F-9A24-E063-4804A8C048EA};1138500;28/03/2023;2023;3;1;SN13 8AZ;SN13;Detached;Freehold;FALSO;CORSHAM;WILTSHIRE;WILTSHIRE;A;51426568;-2193486;South West;England;Wiltshire
{045A1899-35F2-9A24-E063-4804A8C048EA};243000;2/02/2023;2023;2;1;SN2 2EW;SN2;Terraced;Leasehold;FALSO;SWINDON;SWINDON;SWINDON;A;515733;-1778782;South West;England;Swindon
{045A1899-3621-9A24-E063-4804A8C048EA};132000;18/11/2022;2022;11;4;SN15 5LJ;SN15;Flat/Maisonette;Leasehold;FALSO;CHIPPENHAM;WILTSHIRE;WILTSHIRE;A;51479401;-213035;South West;England;Wiltshire
{045A1899-3868-9A24-E063-4804A8C048EA};394000;28/07/2023;2023;7;3;BD10 0TR;BD10;Semi-Detached;Freehold;FALSO;BRADFORD;BRADFORD;WEST YORKSHIRE;A;53835796;-1729413;Yorkshire and The Humber;England;Bradford
{045A1899-3888-9A24-E063-4804A8C048EA};120000;21/07/2023;2023;7;3;HX2 0HS;HX2;Terraced;Freehold;FALSO;HALIFAX;CALDERDALE;WEST YORKSHIRE;A;53758184;-1886877;Yorkshire and The Humber;England;Calderdale
{045A1899-38F2-9A24-E063-4804A8C048EA};171000;14/07/2023;2023;7;3;BD16 1NS;BD16;Terraced;Freehold;FALSO;BINGLEY;BRADFORD;WEST YORKSHIRE;A;53852087;-1837433;Yorkshire and The Humber;England;Bradford
{045A1899-3918-9A24-E063-4804A8C048EA};1155000;20/07/2023;2023;7;3;LS29 9NE;LS29;Detached;Freehold;FALSO;ILKLEY;BRADFORD;WEST YORKSHIRE;A;53926975;-1802011;Yorkshire and The Humber;England;Bradford
{045A1899-398C-9A24-E063-4804A8C048EA};180000;5/07/2023;2023;7;3;HD5 0ND;HD5;Semi-Detached;Freehold;FALSO;HUDDERSFIELD;KIRKLEES;WEST YORKSHIRE;A;53660236;-1723211;Yorkshire and The Humber;England;Kirklees
{045A1899-3AD9-9A24-E063-4804A8C048EA};349995;3/02/2023;2023;2;1;WF4 3NE;WF4;Detached;Freehold;FALSO;WAKEFIELD;WAKEFIELD;WEST YORKSHIRE;A;53630719;-1518308;Yorkshire and The Humber;England;Wakefield
{045A1899-3B06-9A24-E063-4804A8C048EA};147500;28/07/2023;2023;7;3;BD2 3TH;BD2;Semi-Detached;Freehold;FALSO;BRADFORD;BRADFORD;WEST YORKSHIRE;A;538164;-1741673;Yorkshire and The Humber;England;Bradford
{045A1899-3B4D-9A24-E063-4804A8C048EA};380000;12/06/2023;2023;6;2;LS28 8PE;LS28;Semi-Detached;Freehold;FALSO;PUDSEY;LEEDS;WEST YORKSHIRE;A;5381296;-1675751;Yorkshire and The Humber;England;Leeds
{045A1899-3E05-9A24-E063-4804A8C048EA};70000;24/07/2023;2023;7;3;WF8 2GU;WF8;Terraced;Leasehold;FALSO;PONTEFRACT;WAKEFIELD;WEST YORKSHIRE;A;53685697;-1294251;Yorkshire and The Humber;England;Wakefield
{045A1899-3E67-9A24-E063-4804A8C048EA};293000;1/04/2022;2022;4;2;HU16 5UN;HU16;Detached;Freehold;VERDADERO;COTTINGHAM;EAST RIDING OF YORKSHIRE;EAST RIDING OF YORKSHIRE;A;53790456;-406881;Yorkshire and The Humber;England;East Riding of Yorkshire
{045A1899-3F26-9A24-E063-4804A8C048EA};380000;3/08/2023;2023;8;3;YO42 2PB;YO42;Detached;Freehold;FALSO;YORK;EAST RIDING OF YORKSHIRE;EAST RIDING OF YORKSHIRE;A;53933777;-769749;Yorkshire and The Humber;England;East Riding of Yorkshire
{045A1899-3F27-9A24-E063-4804A8C048EA};161500;31/03/2023;2023;3;1;HU17 9JP;HU17;Semi-Detached;Freehold;FALSO;BEVERLEY;EAST RIDING OF YORKSHIRE;EAST RIDING OF YORKSHIRE;A;53843016;-438586;Yorkshire and The Humber;England;East Riding of Yorkshire
{045A1899-4008-9A24-E063-4804A8C048EA};353500;3/07/2023;2023;7;3;LS7 3DP;LS7;Semi-Detached;Freehold;FALSO;LEEDS;LEEDS;WEST YORKSHIRE;A;53820965;-1539722;Yorkshire and The Humber;England;Leeds
{045A1899-40CE-9A24-E063-4804A8C048EA};189995;29/10/2021;2021;10;4;WF6 2FX;WF6;Semi-Detached;Freehold;VERDADERO;NORMANTON;WAKEFIELD;WEST YORKSHIRE;A;53711332;-1422075;Yorkshire and The Humber;England;Wakefield
{045A1899-4147-9A24-E063-4804A8C048EA};185000;18/03/2022;2022;3;1;HX3 8QL;HX3;Terraced;Freehold;FALSO;HALIFAX;CALDERDALE;WEST YORKSHIRE;A;53733293;-1865585;Yorkshire and The Humber;England;Calderdale
{045A1899-4315-9A24-E063-4804A8C048EA};164160883;26/07/2022;2022;7;3;W1S 2UF;W1S;Other;Leasehold;FALSO;LONDON;CITY OF WESTMINSTER;GREATER LONDON;B;51511448;-142536;London;England;Westminster
{045A1899-4348-9A24-E063-4804A8C048EA};195000;22/12/2021;2021;12;4;SS7 5SQ;SS7;Flat/Maisonette;Leasehold;FALSO;BENFLEET;CASTLE POINT;ESSEX;B;51554368;620914;East of England;England;Castle Point
{045A1899-43A6-9A24-E063-4804A8C048EA};283100;8/06/2023;2023;6;2;W5 2RP;W5;Flat/Maisonette;Leasehold;FALSO;LONDON;EALING;GREATER LONDON;B;51494584;-306977;London;England;Ealing
{045A1899-43D7-9A24-E063-4804A8C048EA};625000;6/06/2023;2023;6;2;EC1V 1AR;EC1V;Flat/Maisonette;Leasehold;FALSO;LONDON;HACKNEY;GREATER LONDON;B;51526645;-104809;London;England;Islington
{045A1899-43E5-9A24-E063-4804A8C048EA};390000;12/07/2023;2023;7;3;HA4 0RY;HA4;Flat/Maisonette;Leasehold;FALSO;RUISLIP;HILLINGDON;GREATER LONDON;B;51588748;-434223;London;England;Hillingdon
{045A1899-4434-9A24-E063-4804A8C048EA};279969;7/06/2021;2021;6;2;E20 3AT;E20;Flat/Maisonette;Leasehold;VERDADERO;LONDON;HACKNEY;GREATER LONDON;B;51549225;-1189;London;England;Newham
{045A1899-448A-9A24-E063-4804A8C048EA};117313;17/12/2021;2021;12;4;NW7 1UG;NW7;Flat/Maisonette;Leasehold;VERDADERO;LONDON;BARNET;GREATER LONDON;B;51606201;-23862;London;England;Barnet
{045A1899-466E-9A24-E063-4804A8C048EA};253685;31/03/2022;2022;3;1;IG5 0FD;IG5;Flat/Maisonette;Leasehold;FALSO;ILFORD;REDBRIDGE;GREATER LONDON;B;51596773;70046;London;England;Redbridge
{045A1899-477C-9A24-E063-4804A8C048EA};714750;31/07/2023;2023;7;3;BS7 8SX;BS7;Semi-Detached;Freehold;FALSO;BRISTOL;CITY OF BRISTOL;CITY OF BRISTOL;B;51499105;-2576377;South West;England;Bristol, City of
{045A1899-4799-9A24-E063-4804A8C048EA};400000;31/05/2023;2023;5;2;HP19 8DY;HP19;Other;Freehold;FALSO;AYLESBURY;BUCKINGHAMSHIRE;BUCKINGHAMSHIRE;B;5181549;-824273;South East;England;Buckinghamshire
{045A1899-47A7-9A24-E063-4804A8C048EA};287000;18/07/2023;2023;7;3;HP21 7TR;HP21;Semi-Detached;Freehold;FALSO;AYLESBURY;BUCKINGHAMSHIRE;BUCKINGHAMSHIRE;B;51795453;-816746;South East;England;Buckinghamshire
{045A1899-47E4-9A24-E063-4804A8C048EA};190000;19/06/2017;2017;6;2;HP18 0DF;HP18;Other;Freehold;FALSO;AYLESBURY;BUCKINGHAMSHIRE;BUCKINGHAMSHIRE;B;51834904;-856423;South East;England;Buckinghamshire
{045A1899-494B-9A24-E063-4804A8C048EA};44000;17/08/2023;2023;8;3;TS18 3JB;TS18;Terraced;Freehold;FALSO;STOCKTON-ON-TEES;STOCKTON-ON-TEES;STOCKTON-ON-TEES;B;54567809;-1336435;North East;England;Stockton-on-Tees
{045A1899-49A1-9A24-E063-4804A8C048EA};105000;30/06/2023;2023;6;2;WA7 6JE;WA7;Detached;Freehold;FALSO;RUNCORN;HALTON;HALTON;B;53326997;-2714006;North West;England;Halton
{045A1899-4A68-9A24-E063-4804A8C048EA};205089;12/06/2023;2023;6;2;SK9 3FS;SK9;Semi-Detached;Freehold;VERDADERO;WILMSLOW;CHESHIRE EAST;CHESHIRE EAST;B;53338194;-2218412;North West;England;Cheshire East
{045A1899-4C2F-9A24-E063-4804A8C048EA};100000;30/06/2023;2023;6;2;CF81 8NB;CF81;Terraced;Freehold;FALSO;BARGOED;CAERPHILLY;CAERPHILLY;B;51746602;-3282775;Wales;Wales;Caerphilly
{045A1899-4CE1-9A24-E063-4804A8C048EA};345000;25/11/2022;2022;11;4;SA17 5AP;SA17;Other;Freehold;FALSO;KIDWELLY;CARMARTHENSHIRE;CARMARTHENSHIRE;B;5174114;-4313243;Wales;Wales;Carmarthenshire
{045A1899-4E30-9A24-E063-4804A8C048EA};423999;7/07/2023;2023;7;3;BH5 2EN;BH5;Flat/Maisonette;Leasehold;FALSO;BOURNEMOUTH;BOURNEMOUTH, CHRISTCHURCH AND POOLE;BOURNEMOUTH, CHRISTCHURCH AND POOLE;B;5072485;-1835644;South West;England;Bournemouth, Christchurch and Poole
{045A1899-4E55-9A24-E063-4804A8C048EA};212000;19/07/2023;2023;7;3;BH9 1RP;BH9;Other;Leasehold;FALSO;BOURNEMOUTH;BOURNEMOUTH, CHRISTCHURCH AND POOLE;BOURNEMOUTH, CHRISTCHURCH AND POOLE;B;50750662;-1866057;South West;England;Bournemouth, Christchurch and Poole
{045A1899-4F79-9A24-E063-4804A8C048EA};43500;11/08/2023;2023;8;3;DL16 6ER;DL16;Terraced;Freehold;FALSO;SPENNYMOOR;COUNTY DURHAM;COUNTY DURHAM;B;546957;-1604127;North East;England;County Durham
{045A1899-4FAD-9A24-E063-4804A8C048EA};178000;16/06/2023;2023;6;2;DE1 1DN;DE1;Terraced;Freehold;FALSO;DERBY;CITY OF DERBY;CITY OF DERBY;B;52927413;-1477126;East Midlands;England;Derby
{045A1899-4FE1-9A24-E063-4804A8C048EA};1750000;9/09/2022;2022;9;3;SK13 6JZ;SK13;Other;Freehold;FALSO;GLOSSOP;HIGH PEAK;DERBYSHIRE;B;53470299;-1975569;East Midlands;England;High Peak
{045A1899-5009-9A24-E063-4804A8C048EA};155000;28/07/2023;2023;7;3;DE21 4DJ;DE21;Detached;Freehold;FALSO;DERBY;CITY OF DERBY;CITY OF DERBY;B;52926436;-1459555;East Midlands;England;Derby
{045A1899-50D8-9A24-E063-4804A8C048EA};450000;21/07/2023;2023;7;3;N1 6RD;N1;Other;Leasehold;FALSO;LONDON;HACKNEY;GREATER LONDON;B;51530946;-94451;London;England;Hackney
{045A1899-5197-9A24-E063-4804A8C048EA};360000;18/07/2022;2022;7;3;SS0 7AG;SS0;Semi-Detached;Freehold;FALSO;WESTCLIFF-ON-SEA;SOUTHEND-ON-SEA;SOUTHEND-ON-SEA;B;51543262;702085;East of England;England;Southend-on-Sea
{045A1899-51DA-9A24-E063-4804A8C048EA};244000;21/07/2023;2023;7;3;SS15 5GZ;SS15;Flat/Maisonette;Leasehold;FALSO;BASILDON;BASILDON;ESSEX;B;51585464;43613;East of England;England;Basildon
{045A1899-5226-9A24-E063-4804A8C048EA};510000;14/03/2023;2023;3;1;RM7 0AU;RM7;Other;Freehold;FALSO;ROMFORD;HAVERING;GREATER LONDON;B;51589887;162706;London;England;Havering
{045A1899-529C-9A24-E063-4804A8C048EA};60000;15/08/2023;2023;8;3;OL11 4HD;OL11;Terraced;Leasehold;FALSO;ROCHDALE;ROCHDALE;GREATER MANCHESTER;B;53601374;-217587;North West;England;Rochdale
{045A1899-537F-9A24-E063-4804A8C048EA};138000;27/06/2023;2023;6;2;OL6 9LF;OL6;Semi-Detached;Freehold;FALSO;ASHTON-UNDER-LYNE;TAMESIDE;GREATER MANCHESTER;B;53501858;-2093867;North West;England;Tameside
{045A1899-54B6-9A24-E063-4804A8C048EA};380000;28/03/2023;2023;3;1;WD18 0ES;WD18;Terraced;Freehold;FALSO;WATFORD;WATFORD;HERTFORDSHIRE;B;51653498;-398525;East of England;England;Watford
{045A1899-5538-9A24-E063-4804A8C048EA};3000;16/06/2021;2021;6;2;HR1 3PS;HR1;Other;Freehold;FALSO;HEREFORD;HEREFORDSHIRE;HEREFORDSHIRE;B;52050582;-2710655;West Midlands;England;Herefordshire, County of
{045A1899-558A-9A24-E063-4804A8C048EA};95000;7/11/2022;2022;11;4;PO5 2NF;PO5;Flat/Maisonette;Leasehold;FALSO;SOUTHSEA;PORTSMOUTH;PORTSMOUTH;B;5078819;-107762;South East;England;Portsmouth
{045A1899-55A7-9A24-E063-4804A8C048EA};159995;14/07/2023;2023;7;3;PO8 0BH;PO8;Flat/Maisonette;Leasehold;FALSO;WATERLOOVILLE;EAST HAMPSHIRE;HAMPSHIRE;B;50902483;-1023724;South East;England;Havant
{045A1899-55EB-9A24-E063-4804A8C048EA};385000;11/07/2023;2023;7;3;RG23 8LQ;RG23;Terraced;Freehold;FALSO;BASINGSTOKE;BASINGSTOKE AND DEANE;HAMPSHIRE;B;51243093;-1174018;South East;England;Basingstoke and Deane
{045A1899-5664-9A24-E063-4804A8C048EA};102000;9/01/2023;2023;1;1;DN17 1QP;DN17;Semi-Detached;Freehold;FALSO;SCUNTHORPE;NORTH LINCOLNSHIRE;NORTH LINCOLNSHIRE;B;53569536;-655546;Yorkshire and The Humber;England;North Lincolnshire
{045A1899-56A2-9A24-E063-4804A8C048EA};285000;23/06/2023;2023;6;2;DN9 2AP;DN9;Other;Freehold;FALSO;DONCASTER;NORTH LINCOLNSHIRE;NORTH LINCOLNSHIRE;B;53493536;-78433;Yorkshire and The Humber;England;North Lincolnshire
{045A1899-56A5-9A24-E063-4804A8C048EA};100000;14/07/2023;2023;7;3;HU8 8SE;HU8;Terraced;Freehold;FALSO;HULL;CITY OF KINGSTON UPON HULL;CITY OF KINGSTON UPON HULL;B;53779252;-273477;Yorkshire and The Humber;England;Kingston upon Hull, City of
{045A1899-575D-9A24-E063-4804A8C048EA};445000;12/07/2023;2023;7;3;DA5 2BE;DA5;Semi-Detached;Freehold;FALSO;BEXLEY;BEXLEY;GREATER LONDON;B;51443129;142151;London;England;Bexley
{045A1899-5770-9A24-E063-4804A8C048EA};70000;20/07/2023;2023;7;3;ME10 2AH;ME10;Other;Freehold;FALSO;SITTINGBOURNE;SWALE;KENT;B;51336186;745039;South East;England;Swale
{045A1899-5802-9A24-E063-4804A8C048EA};375000;18/02/2022;2022;2;1;ME15 0PH;ME15;Other;Freehold;FALSO;MAIDSTONE;MAIDSTONE;KENT;B;51263716;561508;South East;England;Maidstone
{045A1899-583C-9A24-E063-4804A8C048EA};101000;20/02/2023;2023;2;1;BL2 2LG;BL2;Terraced;Leasehold;FALSO;BOLTON;BOLTON;GREATER MANCHESTER;B;53589386;-2407273;North West;England;Bolton
{045A1899-5865-9A24-E063-4804A8C048EA};102500;24/07/2023;2023;7;3;L5 6PX;L5;Other;Freehold;FALSO;LIVERPOOL;LIVERPOOL;MERSEYSIDE;B;53424403;-2957606;North West;England;Liverpool
{045A1899-58E8-9A24-E063-4804A8C048EA};50000;17/07/2023;2023;7;3;BB1 5TR;BB1;Flat/Maisonette;Leasehold;FALSO;BLACKBURN;BLACKBURN WITH DARWEN;BLACKBURN WITH DARWEN;B;53787998;-2481779;North West;England;Ribble Valley
{045A1899-590F-9A24-E063-4804A8C048EA};161000;7/07/2023;2023;7;3;L39 5AW;L39;Terraced;Freehold;FALSO;ORMSKIRK;WEST LANCASHIRE;LANCASHIRE;B;53573024;-2896039;North West;England;West Lancashire
{045A1899-591B-9A24-E063-4804A8C048EA};575000;31/03/2022;2022;3;1;BB1 1QF;BB1;Other;Freehold;FALSO;BLACKBURN;BLACKBURN WITH DARWEN;BLACKBURN WITH DARWEN;B;53787998;-2481779;North West;England;Ribble Valley
{045A1899-5932-9A24-E063-4804A8C048EA};300000;28/07/2023;2023;7;3;PR4 0RW;PR4;Semi-Detached;Freehold;FALSO;PRESTON;PRESTON;LANCASHIRE;B;5372003;-2799674;North West;England;South Ribble
{045A1899-5947-9A24-E063-4804A8C048EA};740000;5/04/2023;2023;4;2;FY6 9DX;FY6;Other;Freehold;FALSO;POULTON-LE-FYLDE;WYRE;LANCASHIRE;B;53927594;-2994213;North West;England;Wyre
{045A1899-594A-9A24-E063-4804A8C048EA};110000;24/07/2023;2023;7;3;PR25 1TU;PR25;Terraced;Freehold;FALSO;LEYLAND;SOUTH RIBBLE;LANCASHIRE;B;53697597;-2709461;North West;England;South Ribble
{045A1899-59B8-9A24-E063-4804A8C048EA};130000;7/07/2023;2023;7;3;PR2 6JN;PR2;Other;Leasehold;FALSO;PRESTON;PRESTON;LANCASHIRE;B;53779934;-2654823;North West;England;Preston
{045A1899-59C0-9A24-E063-4804A8C048EA};156500;6/02/2023;2023;2;1;BB7 1DW;BB7;Semi-Detached;Freehold;FALSO;CLITHEROE;RIBBLE VALLEY;LANCASHIRE;B;53812432;-2405214;North West;England;Hyndburn
{045A1899-5A0A-9A24-E063-4804A8C048EA};85000;26/10/2021;2021;10;4;BB5 0PX;BB5;Terraced;Leasehold;FALSO;ACCRINGTON;HYNDBURN;LANCASHIRE;B;53753894;-2344699;North West;England;Hyndburn
{045A1899-5A1B-9A24-E063-4804A8C048EA};190000;8/02/2021;2021;2;1;BB7 9FW;BB7;Terraced;Freehold;FALSO;CLITHEROE;RIBBLE VALLEY;LANCASHIRE;B;53812432;-2405214;North West;England;Hyndburn
{045A1899-5A50-9A24-E063-4804A8C048EA};108000;18/10/2022;2022;10;4;PR3 5DF;PR3;Terraced;Freehold;VERDADERO;PRESTON;PRESTON;LANCASHIRE;B;53812829;-2535357;North West;England;Ribble Valley
{045A1899-5C36-9A24-E063-4804A8C048EA};190000;28/06/2023;2023;6;2;LE2 7DT;LE2;Terraced;Freehold;FALSO;LEICESTER;LEICESTER;LEICESTER;B;5263624;-1115227;East Midlands;England;Leicester
{045A1899-5CA2-9A24-E063-4804A8C048EA};105000;26/08/2021;2021;8;3;M28 1PN;M28;Semi-Detached;Freehold;VERDADERO;MANCHESTER;WIGAN;GREATER MANCHESTER;B;53500987;-237932;North West;England;Salford
{045A1899-5DB3-9A24-E063-4804A8C048EA};95000;14/04/2023;2023;4;2;WN2 5AL;WN2;Flat/Maisonette;Leasehold;FALSO;WIGAN;WIGAN;GREATER MANCHESTER;B;53504705;-2582998;North West;England;Wigan
{045A1899-5DF2-9A24-E063-4804A8C048EA};3250000;12/11/2021;2021;11;4;DY4 7UU;DY4;Other;Freehold;FALSO;TIPTON;SANDWELL;WEST MIDLANDS;B;52526434;-2071644;West Midlands;England;Sandwell
{045A1899-5E34-9A24-E063-4804A8C048EA};138000;13/12/2022;2022;12;4;B26 1BU;B26;Flat/Maisonette;Leasehold;VERDADERO;BIRMINGHAM;BIRMINGHAM;WEST MIDLANDS;B;52461484;-1798418;West Midlands;England;Birmingham
{045A1899-5E6C-9A24-E063-4804A8C048EA};160000;7/07/2023;2023;7;3;WA10 2JP;WA10;Other;Freehold;FALSO;ST HELENS;ST HELENS;MERSEYSIDE;B;53454076;-2745666;North West;England;St. Helens
{045A1899-5EB9-9A24-E063-4804A8C048EA};95000;28/07/2023;2023;7;3;L20 2DT;L20;Terraced;Freehold;FALSO;BOOTLE;SEFTON;MERSEYSIDE;B;53445386;-2981596;North West;England;Sefton
{045A1899-5EEE-9A24-E063-4804A8C048EA};143000;11/01/2023;2023;1;1;L21 9PY;L21;Terraced;Freehold;FALSO;LIVERPOOL;SEFTON;MERSEYSIDE;B;53485715;-299618;North West;England;Sefton
{045A1899-604D-9A24-E063-4804A8C048EA};8000;4/08/2023;2023;8;3;NE23 3QY;NE23;Other;Freehold;FALSO;CRAMLINGTON;NORTHUMBERLAND;NORTHUMBERLAND;B;55074495;-1583316;North East;England;Northumberland
{045A1899-6069-9A24-E063-4804A8C048EA};320000;25/07/2023;2023;7;3;RM7 0BD;RM7;Terraced;Freehold;FALSO;ROMFORD;HAVERING;GREATER LONDON;B;51589887;162706;London;England;Havering
{045A1899-608F-9A24-E063-4804A8C048EA};425000;29/06/2023;2023;6;2;N17 8NH;N17;Terraced;Freehold;FALSO;LONDON;HARINGEY;GREATER LONDON;B;51589258;-56875;London;England;Haringey
{045A1899-60E2-9A24-E063-4804A8C048EA};480000;12/07/2023;2023;7;3;RM6 6HA;RM6;Terraced;Freehold;FALSO;ROMFORD;BARKING AND DAGENHAM;GREATER LONDON;B;51572292;140368;London;England;Barking and Dagenham
{045A1899-60E5-9A24-E063-4804A8C048EA};350000;22/06/2023;2023;6;2;HA8 8SQ;HA8;Terraced;Freehold;FALSO;EDGWARE;BARNET;GREATER LONDON;B;51623247;-288294;London;England;Barnet
{045A1899-6255-9A24-E063-4804A8C048EA};325000;25/07/2023;2023;7;3;NN18 8FE;NN18;Detached;Freehold;FALSO;CORBY;NORTH NORTHAMPTONSHIRE;NORTH NORTHAMPTONSHIRE;B;52489271;-717928;East Midlands;England;North Northamptonshire
{045A1899-628F-9A24-E063-4804A8C048EA};181000;19/07/2023;2023;7;3;NN2 6PD;NN2;Terraced;Freehold;FALSO;NORTHAMPTON;WEST NORTHAMPTONSHIRE;WEST NORTHAMPTONSHIRE;B;52267926;-912105;East Midlands;England;West Northamptonshire
{045A1899-641D-9A24-E063-4804A8C048EA};350000;2/03/2022;2022;3;1;YO1 6LF;YO1;Other;Freehold;FALSO;YORK;YORK;YORK;B;53954927;-108611;Yorkshire and The Humber;England;York
{045A1899-6423-9A24-E063-4804A8C048EA};1050000;9/11/2020;2020;11;4;DL8 4QQ;DL8;Other;Freehold;FALSO;LEYBURN;NORTH YORKSHIRE;NORTH YORKSHIRE;B;54333843;-1626875;Yorkshire and The Humber;England;North Yorkshire
{045A1899-64F1-9A24-E063-4804A8C048EA};182000;5/01/2023;2023;1;1;WV4 6RX;WV4;Detached;Freehold;FALSO;WOLVERHAMPTON;WOLVERHAMPTON;WEST MIDLANDS;B;52560567;-2117915;West Midlands;England;Wolverhampton
{045A1899-6508-9A24-E063-4804A8C048EA};85000;27/07/2023;2023;7;3;ST4 3QB;ST4;Terraced;Freehold;FALSO;STOKE-ON-TRENT;STOKE-ON-TRENT;STOKE-ON-TRENT;B;52990985;-2194636;West Midlands;England;Stoke-on-Trent
{045A1899-65D5-9A24-E063-4804A8C048EA};110000;7/02/2022;2022;2;1;ST17 4JX;ST17;Flat/Maisonette;Leasehold;FALSO;STAFFORD;STAFFORD;STAFFORDSHIRE;B;52788398;-212964;West Midlands;England;Stafford
{045A1899-6606-9A24-E063-4804A8C048EA};167500;26/04/2022;2022;4;2;ST19 9FJ;ST19;Semi-Detached;Freehold;VERDADERO;STAFFORD;SOUTH STAFFORDSHIRE;STAFFORDSHIRE;B;52710217;-2224893;West Midlands;England;South Staffordshire
{045A1899-66D0-9A24-E063-4804A8C048EA};425000;9/02/2022;2022;2;1;BR3 4DZ;BR3;Flat/Maisonette;Leasehold;FALSO;BECKENHAM;BROMLEY;GREATER LONDON;B;51406882;-27073;London;England;Bromley
{045A1899-67D9-9A24-E063-4804A8C048EA};6400000;4/07/2022;2022;7;3;SY1 3AS;SY1;Other;Freehold;FALSO;SHREWSBURY;SHROPSHIRE;SHROPSHIRE;B;52715491;-2741412;West Midlands;England;Shropshire
{045A1899-67E3-9A24-E063-4804A8C048EA};991800;28/06/2023;2023;6;2;SY4 2FR;SY4;Other;Freehold;VERDADERO;SHREWSBURY;SHROPSHIRE;SHROPSHIRE;B;5286152;-2726757;West Midlands;England;Shropshire
{045A1899-680D-9A24-E063-4804A8C048EA};360000;3/08/2023;2023;8;3;BA2 1AS;BA2;Terraced;Freehold;FALSO;BATH;BATH AND NORTH EAST SOMERSET;BATH AND NORTH EAST SOMERSET;B;51370463;-2353513;South West;England;Bath and North East Somerset
{045A1899-6932-9A24-E063-4804A8C048EA};200000;19/08/2022;2022;8;3;RH1 1LS;RH1;Flat/Maisonette;Leasehold;VERDADERO;REDHILL;REIGATE AND BANSTEAD;SURREY;B;51233341;-167909;South East;England;Reigate and Banstead
{045A1899-69BA-9A24-E063-4804A8C048EA};75000;27/06/2023;2023;6;2;DN5 0EJ;DN5;Terraced;Freehold;FALSO;DONCASTER;DONCASTER;SOUTH YORKSHIRE;B;5353878;-1175771;Yorkshire and The Humber;England;Doncaster
{045A1899-6A87-9A24-E063-4804A8C048EA};94000;21/07/2023;2023;7;3;DN12 1LU;DN12;Semi-Detached;Freehold;FALSO;DONCASTER;DONCASTER;SOUTH YORKSHIRE;B;53479381;-1237842;Yorkshire and The Humber;England;Doncaster
{045A1899-6A9E-9A24-E063-4804A8C048EA};365000;31/03/2023;2023;3;1;TW1 1DD;TW1;Other;Leasehold;FALSO;TWICKENHAM;RICHMOND UPON THAMES;GREATER LONDON;B;51447108;-326665;London;England;Richmond upon Thames
{045A1899-6BB7-9A24-E063-4804A8C048EA};250000;8/10/2021;2021;10;4;TN1 1JT;TN1;Flat/Maisonette;Leasehold;FALSO;TUNBRIDGE WELLS;TUNBRIDGE WELLS;KENT;B;51139692;271606;South East;England;Tunbridge Wells
{045A1899-6BE5-9A24-E063-4804A8C048EA};362500;20/12/2022;2022;12;4;ME13 9EG;ME13;Other;Freehold;FALSO;FAVERSHAM;SWALE;KENT;B;51315863;892097;South East;England;Swale
{045A1899-6C08-9A24-E063-4804A8C048EA};62000;28/04/2023;2023;4;2;CT1 1YN;CT1;Other;Leasehold;FALSO;CANTERBURY;CANTERBURY;KENT;B;51281891;1080351;South East;England;Canterbury
{045A1899-6C77-9A24-E063-4804A8C048EA};98000;7/07/2023;2023;7;3;SR4 6QE;SR4;Semi-Detached;Freehold;FALSO;SUNDERLAND;SUNDERLAND;TYNE AND WEAR;B;5490399;-1422715;North East;England;Sunderland
{045A1899-6C98-9A24-E063-4804A8C048EA};81000;13/02/2023;2023;2;1;NE5 4QD;NE5;Terraced;Freehold;FALSO;NEWCASTLE UPON TYNE;NEWCASTLE UPON TYNE;TYNE AND WEAR;B;5499607;-1660736;North East;England;Newcastle upon Tyne
{045A1899-6CAD-9A24-E063-4804A8C048EA};400000;28/07/2023;2023;7;3;DH3 1RY;DH3;Detached;Freehold;FALSO;CHESTER LE STREET;GATESHEAD;TYNE AND WEAR;B;54905987;-1570737;North East;England;Gateshead
{045A1899-6D2A-9A24-E063-4804A8C048EA};250000;2/03/2023;2023;3;1;CF24 4DA;CF24;Terraced;Freehold;FALSO;CARDIFF;CARDIFF;CARDIFF;B;51498204;-3179652;Wales;Wales;Cardiff
{045A1899-6D79-9A24-E063-4804A8C048EA};160000;27/06/2023;2023;6;2;CF81 9FH;CF81;Terraced;Freehold;FALSO;BARGOED;CAERPHILLY;CAERPHILLY;B;51746602;-3282775;Wales;Wales;Caerphilly
{045A1899-6DE5-9A24-E063-4804A8C048EA};180000;5/07/2023;2023;7;3;LL49 9BH;LL49;Terraced;Freehold;FALSO;PORTHMADOG;GWYNEDD;GWYNEDD;B;52916738;-4137727;Wales;Wales;Gwynedd
{045A1899-6E60-9A24-E063-4804A8C048EA};780000;21/06/2023;2023;6;2;CV47 8NT;CV47;Other;Freehold;FALSO;SOUTHAM;STRATFORD-ON-AVON;WARWICKSHIRE;B;52219276;-1428705;West Midlands;England;Stratford-on-Avon
{045A1899-701A-9A24-E063-4804A8C048EA};895000;7/07/2023;2023;7;3;TA11 7DG;TA11;Other;Freehold;FALSO;SOMERTON;SOMERSET;SOMERSET;B;51052818;-2741413;South West;England;Somerset
{045A1899-714A-9A24-E063-4804A8C048EA};99000;5/05/2022;2022;5;2;SP5 3FZ;SP5;Terraced;Freehold;VERDADERO;SALISBURY;WILTSHIRE;WILTSHIRE;B;51029505;-1950289;South West;England;Wiltshire
{045A1899-71CB-9A24-E063-4804A8C048EA};190000;27/01/2023;2023;1;1;WF13 4HD;WF13;Terraced;Freehold;FALSO;DEWSBURY;KIRKLEES;WEST YORKSHIRE;B;53702153;-1646777;Yorkshire and The Humber;England;Kirklees
{045A1899-71D4-9A24-E063-4804A8C048EA};195000;30/06/2023;2023;6;2;WF12 8QB;WF12;Detached;Freehold;FALSO;DEWSBURY;KIRKLEES;WEST YORKSHIRE;B;53671423;-1628794;Yorkshire and The Humber;England;Kirklees
{045A1899-721E-9A24-E063-4804A8C048EA};300000;27/06/2023;2023;6;2;BD1 1UG;BD1;Other;Freehold;FALSO;BRADFORD;BRADFORD;WEST YORKSHIRE;B;;;;;
{045A1899-724E-9A24-E063-4804A8C048EA};150000;3/07/2023;2023;7;3;LS15 0QQ;LS15;Semi-Detached;Freehold;FALSO;LEEDS;LEEDS;WEST YORKSHIRE;B;53809366;-1449113;Yorkshire and The Humber;England;Leeds
{045A1899-7294-9A24-E063-4804A8C048EA};144000;14/07/2023;2023;7;3;BD19 4SG;BD19;Semi-Detached;Freehold;FALSO;CLECKHEATON;KIRKLEES;WEST YORKSHIRE;B;53723505;-1715916;Yorkshire and The Humber;England;Kirklees
{045A1899-730E-9A24-E063-4804A8C048EA};75000;21/07/2023;2023;7;3;BD1 5AZ;BD1;Flat/Maisonette;Leasehold;FALSO;BRADFORD;BRADFORD;WEST YORKSHIRE;B;;;;;
{045A1899-737C-9A24-E063-4804A8C048EA};2000;24/02/2023;2023;2;1;WF8 1AY;WF8;Other;Freehold;VERDADERO;PONTEFRACT;WAKEFIELD;WEST YORKSHIRE;B;53685697;-1294251;Yorkshire and The Humber;England;Wakefield
{045AEB52-DA49-4F55-9DA7-A4C07A9B75FC};290000;27/07/2015;2015;7;3;RG12 7ET;RG12;Terraced;Freehold;FALSO;BRACKNELL;BRACKNELL FOREST;BRACKNELL FOREST;A;51393641;-761846;South East;England;Bracknell Forest
{045CD348-A5B7-4440-805A-063C7CE95624};152000;30/06/2015;2015;6;2;SR7 9HX;SR7;Terraced;Freehold;FALSO;SEAHAM;COUNTY DURHAM;COUNTY DURHAM;A;5483087;-133884;North East;England;County Durham
{046653F9-5E9C-4D23-90EE-E3BAE19BEEA3};144995;23/04/2015;2015;4;2;WF9 2FS;WF9;Detached;Freehold;VERDADERO;PONTEFRACT;WAKEFIELD;WEST YORKSHIRE;A;53634688;-1375347;Yorkshire and The Humber;England;Wakefield
{04861778-5C53-41D2-AD08-F44D261A57AB};142000;15/05/2015;2015;5;2;NE61 1ET;NE61;Flat/Maisonette;Leasehold;FALSO;MORPETH;NORTHUMBERLAND;NORTHUMBERLAND;A;55161368;-1695212;North East;England;Northumberland
{04863D78-191E-457C-B4C2-72A6C4A24AD1};540000;18/08/2015;2015;8;3;E17 8JF;E17;Terraced;Freehold;FALSO;LONDON;WALTHAM FOREST;GREATER LONDON;A;51579004;-31909;London;England;Waltham Forest
{048C9CC0-31F6-4DB6-8913-F1F65E6F9F9E};92000;22/05/2015;2015;5;2;SA11 5DP;SA11;Semi-Detached;Freehold;FALSO;NEATH;NEATH PORT TALBOT;NEATH PORT TALBOT;A;5170681;-3716289;Wales;Wales;Neath Port Talbot
{04A3656E-5227-47DF-91DF-49994F6BCC41};485900;8/09/2015;2015;9;3;EX2 4AU;EX2;Terraced;Freehold;FALSO;EXETER;EXETER;DEVON;A;50696534;-3528378;South West;England;Exeter
{04AC764B-BF31-4D47-A9A2-4158D62A2529};84950;16/02/2015;2015;2;1;NG2 3AN;NG2;Flat/Maisonette;Leasehold;FALSO;NOTTINGHAM;CITY OF NOTTINGHAM;CITY OF NOTTINGHAM;A;52920057;-1122309;East Midlands;England;Rushcliffe
{04C8B2BB-4D98-48B5-8D24-E4519FE97D84};308000;7/07/2015;2015;7;3;DA16 1DL;DA16;Semi-Detached;Freehold;FALSO;WELLING;BEXLEY;GREATER LONDON;A;51468323;117141;London;England;Bexley
{04D3E9D1-11B5-4472-92BE-C77DEE1D5941};270000;27/03/2015;2015;3;1;GL51 8DU;GL51;Semi-Detached;Freehold;FALSO;CHELTENHAM;CHELTENHAM;GLOUCESTERSHIRE;A;5191687;-210809;South West;England;Cheltenham
{04D53C45-11E1-4F12-86A2-2ACBF0E70DC9};219000;24/04/2015;2015;4;2;SN12 6QF;SN12;Semi-Detached;Freehold;FALSO;MELKSHAM;WILTSHIRE;WILTSHIRE;A;51375021;-2125225;South West;England;Wiltshire
{04D960CF-9D7F-4E06-A16A-5F6BBAE43118};485000;15/06/2015;2015;6;2;BN1 4NH;BN1;Terraced;Freehold;FALSO;BRIGHTON;BRIGHTON AND HOVE;BRIGHTON AND HOVE;A;50859799;-104845;South East;England;Brighton and Hove
{04E1484D-5B86-49B4-ADFD-4498385E52C4};275000;30/07/2015;2015;7;3;BS9 2EH;BS9;Semi-Detached;Leasehold;FALSO;BRISTOL;CITY OF BRISTOL;CITY OF BRISTOL;A;51480056;-264945;South West;England;Bristol, City of
{04E5FFFA-5EC5-43ED-B8BE-A771B4AC738B};215000;21/08/2015;2015;8;3;NG32 3BH;NG32;Detached;Freehold;FALSO;GRANTHAM;SOUTH KESTEVEN;LINCOLNSHIRE;A;52916847;-691173;East Midlands;England;South Kesteven
{04F65833-0696-4060-B786-FEA2BA9C70E9};440000;9/02/2015;2015;2;1;M33 3PH;M33;Detached;Freehold;FALSO;SALE;TRAFFORD;GREATER MANCHESTER;A;53430922;-2317727;North West;England;Trafford
{051C63EE-64CA-4905-9DD8-CA634A71F4CD};550000;10/09/2015;2015;9;3;HA4 9QF;HA4;Semi-Detached;Freehold;FALSO;RUISLIP;HILLINGDON;GREATER LONDON;A;51588748;-434223;London;England;Hillingdon
{0524BCE7-695C-4C3A-99B4-E166C211C5F6};115000;7/07/2015;2015;7;3;LL19 8RY;LL19;Detached;Freehold;FALSO;PRESTATYN;DENBIGHSHIRE;DENBIGHSHIRE;A;53339602;-3402113;Wales;Wales;Denbighshire
{052EAD65-E309-401C-B0F6-6D3C93EFC759};203000;10/04/2015;2015;4;2;PO2 9BG;PO2;Terraced;Freehold;FALSO;PORTSMOUTH;PORTSMOUTH;PORTSMOUTH;A;50819348;-1075061;South East;England;Portsmouth
{053B456F-7658-48AB-9DAD-3521B12FAE3D};168000;7/07/2015;2015;7;3;IG11 7FS;IG11;Flat/Maisonette;Leasehold;FALSO;BARKING;BARKING AND DAGENHAM;GREATER LONDON;A;51533175;75205;London;England;Barking and Dagenham
{055E855B-F628-42BF-BF04-4E761DD80AB7};96995;24/07/2015;2015;7;3;TS10 4FJ;TS10;Terraced;Freehold;VERDADERO;REDCAR;REDCAR AND CLEVELAND;REDCAR AND CLEVELAND;A;54617025;-1074039;North East;England;Redcar and Cleveland
{0560A2BE-A0C8-424C-BA79-578B97B4C544};1295000;27/03/2015;2015;3;1;W5 1DD;W5;Terraced;Freehold;FALSO;LONDON;EALING;GREATER LONDON;A;51494584;-306977;London;England;Ealing
{057A5339-410A-4160-9594-CDA57DCC996D};345000;14/01/2015;2015;1;1;SE10 8ST;SE10;Flat/Maisonette;Leasehold;FALSO;LONDON;GREENWICH;GREATER LONDON;A;51474939;-15858;London;England;Greenwich
{057C7C8B-F0E7-4DF0-85FD-0B073898ECB4};270000;25/02/2015;2015;2;1;CB5 8TX;CB5;Terraced;Freehold;FALSO;CAMBRIDGE;CAMBRIDGE;CAMBRIDGESHIRE;A;52213141;146451;East of England;England;Cambridge
{058949E3-1C6C-4653-8DDD-60A9044AF9DE};80000;6/03/2015;2015;3;1;PR2 3YS;PR2;Flat/Maisonette;Leasehold;FALSO;PRESTON;PRESTON;LANCASHIRE;A;53779934;-2654823;North West;England;Preston
{0598800B-C15D-47B1-B5D9-198BF6B8C217};98000;5/06/2015;2015;6;2;S71 3NW;S71;Semi-Detached;Freehold;FALSO;BARNSLEY;BARNSLEY;SOUTH YORKSHIRE;A;53557729;-143854;Yorkshire and The Humber;England;Barnsley
{059B973D-C0B6-435F-97DD-38ED3AE5BE87};249950;31/07/2015;2015;7;3;BD18 4DL;BD18;Terraced;Freehold;FALSO;SHIPLEY;BRADFORD;WEST YORKSHIRE;A;53825161;-1776437;Yorkshire and The Humber;England;Bradford
{05ADB480-4F4A-4EA1-B540-3A6591DBB209};230000;12/06/2015;2015;6;2;NR29 4DR;NR29;Detached;Freehold;FALSO;GREAT YARMOUTH;GREAT YARMOUTH;NORFOLK;A;52674108;1691519;East of England;England;Great Yarmouth
{05D34827-B655-40A6-860D-7D3DF5B0543E};3070000;8/06/2015;2015;6;2;NW3 5LB;NW3;Terraced;Leasehold;VERDADERO;LONDON;CAMDEN;GREATER LONDON;A;51545363;-156413;London;England;Camden
{05D55A23-2214-492B-9070-10CB9FA6C041};195000;22/05/2015;2015;5;2;SK16 4EP;SK16;Detached;Leasehold;FALSO;DUKINFIELD;TAMESIDE;GREATER MANCHESTER;A;53476403;-2093767;North West;England;Tameside
{05D577FC-A8C2-4453-A214-C9DE489F5BCA};269995;26/06/2015;2015;6;2;CT9 3DT;CT9;Detached;Freehold;FALSO;MARGATE;THANET;KENT;A;51387707;1395156;South East;England;Thanet
{05E259F3-AF45-4600-AC0C-4C2470EAF859};575000;31/07/2015;2015;7;3;GU27 2NJ;GU27;Flat/Maisonette;Leasehold;FALSO;HASLEMERE;WAVERLEY;SURREY;A;51052215;-724299;South East;England;Chichester
{05E874FD-02CC-4DF0-87F6-EF2EB5A2015E};207500;14/05/2015;2015;5;2;CV8 1FZ;CV8;Terraced;Freehold;FALSO;KENILWORTH;WARWICK;WARWICKSHIRE;A;52355253;-1590901;West Midlands;England;Warwick
{05F86B3B-A8FF-4BC7-AEB0-DBD4247F2746};99000;2/04/2015;2015;4;2;CV12 0HE;CV12;Semi-Detached;Freehold;FALSO;BEDWORTH;NUNEATON AND BEDWORTH;WARWICKSHIRE;A;5248572;-1483211;West Midlands;England;Nuneaton and Bedworth
{060A49EE-DE37-4AEC-ABD9-624E40642DCD};90000;27/02/2015;2015;2;1;DE22 3GE;DE22;Terraced;Freehold;FALSO;DERBY;CITY OF DERBY;CITY OF DERBY;A;52943142;-1495359;East Midlands;England;Derby
{060F322F-ECBF-42E1-A1D5-A5908896D7F9};167000;23/07/2015;2015;7;3;WS11 1AA;WS11;Semi-Detached;Freehold;FALSO;CANNOCK;CANNOCK CHASE;STAFFORDSHIRE;A;52712217;-2030283;West Midlands;England;Cannock Chase
{06129C28-227F-4CC2-89E4-CA23AEF18B99};74500;18/02/2015;2015;2;1;DN17 2DD;DN17;Terraced;Freehold;FALSO;SCUNTHORPE;NORTH LINCOLNSHIRE;NORTH LINCOLNSHIRE;A;53569536;-655546;Yorkshire and The Humber;England;North Lincolnshire
{0625ACFB-2FF3-4CF6-901F-687F9AA168A5};145000;16/01/2015;2015;1;1;WN7 5PZ;WN7;Detached;Freehold;FALSO;LEIGH;WIGAN;GREATER MANCHESTER;A;53484098;-2530152;North West;England;Wigan
{0627F133-6591-4AE3-BFFC-B411D7C5E2BE};105000;9/07/2015;2015;7;3;BS23 4BH;BS23;Flat/Maisonette;Leasehold;FALSO;WESTON-SUPER-MARE;NORTH SOMERSET;NORTH SOMERSET;A;51345358;-2965043;South West;England;North Somerset
{06338707-1EB5-4122-A963-27E9AD56681B};168000;10/08/2015;2015;8;3;LL11 6TJ;LL11;Detached;Freehold;FALSO;WREXHAM;WREXHAM;WREXHAM;A;53054875;-3001477;Wales;Wales;Wrexham
{0643697E-D3F4-4A68-912E-E057D70410E6};72000;30/06/2015;2015;6;2;S5 8AL;S5;Terraced;Freehold;FALSO;SHEFFIELD;SHEFFIELD;SOUTH YORKSHIRE;A;53431253;-1482875;Yorkshire and The Humber;England;Sheffield
{064EE1CD-4FD9-45AE-AEC2-CACCCC97824D};172000;28/07/2015;2015;7;3;NE26 4BP;NE26;Terraced;Freehold;FALSO;WHITLEY BAY;NORTHUMBERLAND;NORTHUMBERLAND;A;55045792;-1445625;North East;England;North Tyneside
{0650A8BE-8F5F-418B-BA7D-3F2A2DE8B4D9};295000;5/06/2015;2015;6;2;E14 6LN;E14;Terraced;Freehold;FALSO;LONDON;TOWER HAMLETS;GREATER LONDON;A;51495959;-22969;London;England;Tower Hamlets
{0658ACB6-D14C-4763-9A09-7C0CA818A672};55000;10/02/2015;2015;2;1;M40 9DT;M40;Terraced;Freehold;FALSO;MANCHESTER;MANCHESTER;GREATER MANCHESTER;A;53489649;-221429;North West;England;Manchester
{0660EBB0-C28D-4695-BCF9-7C34FA01AF3E};297000;16/01/2015;2015;1;1;EX7 9ET;EX7;Detached;Freehold;FALSO;DAWLISH;TEIGNBRIDGE;DEVON;A;50591689;-3463818;South West;England;Teignbridge
{0667CE3A-F588-48EE-9869-D8738C534548};580000;17/08/2015;2015;8;3;RH1 6AH;RH1;Detached;Freehold;FALSO;REDHILL;REIGATE AND BANSTEAD;SURREY;A;51233341;-167909;South East;England;Reigate and Banstead
{0678DE6F-E122-4F94-ACD3-797195A5C4A6};215000;7/09/2015;2015;9;3;B63 1EL;B63;Semi-Detached;Freehold;FALSO;HALESOWEN;DUDLEY;WEST MIDLANDS;A;52447574;-2054257;West Midlands;England;Dudley
{06A4668E-BEB7-424C-A31D-881B561A9F7C};1200000;26/01/2015;2015;1;1;SW6 7JZ;SW6;Terraced;Freehold;FALSO;LONDON;HAMMERSMITH AND FULHAM;GREATER LONDON;A;51486399;-199326;London;England;Hammersmith and Fulham
{06A89316-9BDB-400F-98B8-EAF4CFCB80EC};237500;28/05/2015;2015;5;2;EX34 8EZ;EX34;Detached;Freehold;FALSO;ILFRACOMBE;NORTH DEVON;DEVON;A;51157764;-412201;South West;England;North Devon
{06B6A10C-4A99-4808-89BF-993159F514CE};280000;28/08/2015;2015;8;3;EX2 7GT;EX2;Terraced;Freehold;VERDADERO;EXETER;EXETER;DEVON;A;50696534;-3528378;South West;England;Exeter
{06B93FC1-41A2-45C0-8AF2-93B9E049B647};195000;15/05/2015;2015;5;2;IP1 4FD;IP1;Terraced;Freehold;FALSO;IPSWICH;IPSWICH;SUFFOLK;A;52066056;1136714;East of England;England;Ipswich
{06C2808C-658C-48F6-B805-21C126252FD4};475307;9/07/2015;2015;7;3;SO23 7QE;SO23;Detached;Freehold;FALSO;WINCHESTER;WINCHESTER;HAMPSHIRE;A;51094049;-1306527;South East;England;Winchester
{06C732AA-7860-41AE-AC5F-4FA2725FB2E5};194995;26/02/2015;2015;2;1;CW11 3AU;CW11;Detached;Leasehold;VERDADERO;SANDBACH;CHESHIRE EAST;CHESHIRE EAST;A;53143751;-2352229;North West;England;Cheshire East
{06C9F487-1686-9388-E063-4804A8C0BD98};430000;14/10/2022;2022;10;4;CO7 7GY;CO7;Detached;Freehold;VERDADERO;COLCHESTER;TENDRING;ESSEX;A;51882055;998824;East of England;England;Tendring
{06C9F487-16EE-9388-E063-4804A8C0BD98};415000;20/05/2022;2022;5;2;W4 4ND;W4;Flat/Maisonette;Leasehold;FALSO;LONDON;HOUNSLOW;GREATER LONDON;A;51496494;-270832;London;England;Ealing
{06C9F487-1700-9388-E063-4804A8C0BD98};600000;23/08/2023;2023;8;3;EN1 4AN;EN1;Terraced;Freehold;FALSO;ENFIELD;ENFIELD;GREATER LONDON;A;51664558;-73002;London;England;Enfield
{06C9F487-1898-9388-E063-4804A8C0BD98};665000;18/08/2023;2023;8;3;W5 3JH;W5;Flat/Maisonette;Leasehold;FALSO;LONDON;EALING;GREATER LONDON;A;51494584;-306977;London;England;Ealing
{06C9F487-19C3-9388-E063-4804A8C0BD98};505000;18/08/2020;2020;8;3;E14 9ZW;E14;Flat/Maisonette;Leasehold;VERDADERO;LONDON;TOWER HAMLETS;GREATER LONDON;A;51495959;-22969;London;England;Tower Hamlets
{06C9F487-19D7-9388-E063-4804A8C0BD98};445000;25/03/2022;2022;3;1;W7 1DX;W7;Flat/Maisonette;Leasehold;FALSO;LONDON;EALING;GREATER LONDON;A;51505633;-336943;London;England;Ealing
{06C9F487-1A22-9388-E063-4804A8C0BD98};654000;26/05/2020;2020;5;2;NW11 0LU;NW11;Flat/Maisonette;Leasehold;FALSO;LONDON;BARNET;GREATER LONDON;A;51573675;-208288;London;England;Barnet
{06C9F487-1AA1-9388-E063-4804A8C0BD98};432860;18/08/2022;2022;8;3;E14 0TY;E14;Flat/Maisonette;Leasehold;VERDADERO;LONDON;TOWER HAMLETS;GREATER LONDON;A;51495959;-22969;London;England;Tower Hamlets
{06C9F487-1AF3-9388-E063-4804A8C0BD98};800000;18/11/2022;2022;11;4;TW5 0JE;TW5;Detached;Freehold;FALSO;HOUNSLOW;HOUNSLOW;GREATER LONDON;A;51487613;-367717;London;England;Hounslow
{06C9F487-1DAF-9388-E063-4804A8C0BD98};2180000;9/07/2020;2020;7;3;W1T 4AH;W1T;Flat/Maisonette;Leasehold;VERDADERO;LONDON;CAMDEN;GREATER LONDON;A;51523643;-139776;London;England;Camden
{06C9F487-1EBF-9388-E063-4804A8C0BD98};225000;2/08/2023;2023;8;3;SG18 9AF;SG18;Detached;Freehold;FALSO;BIGGLESWADE;CENTRAL BEDFORDSHIRE;CENTRAL BEDFORDSHIRE;A;52095103;-25397;East of England;England;Central Bedfordshire
{06C9F487-1F84-9388-E063-4804A8C0BD98};192500;19/11/2021;2021;11;4;LU1 4FY;LU1;Flat/Maisonette;Leasehold;VERDADERO;LUTON;LUTON;LUTON;A;51882351;-445921;East of England;England;Luton
{06C9F487-1FB6-9388-E063-4804A8C0BD98};384995;26/11/2021;2021;11;4;MK42 6FL;MK42;Detached;Freehold;VERDADERO;BEDFORD;BEDFORD;BEDFORD;A;52111701;-493135;East of England;England;Bedford
{06C9F487-2010-9388-E063-4804A8C0BD98};395000;27/06/2022;2022;6;2;LU5 6GZ;LU5;Semi-Detached;Freehold;VERDADERO;DUNSTABLE;CENTRAL BEDFORDSHIRE;CENTRAL BEDFORDSHIRE;A;51910129;-528033;East of England;England;Central Bedfordshire
{06C9F487-205E-9388-E063-4804A8C0BD98};150000;17/01/2023;2023;1;1;MK43 9LS;MK43;Semi-Detached;Leasehold;FALSO;BEDFORD;BEDFORD;BEDFORD;A;52062518;-544636;East of England;England;Central Bedfordshire
{06C9F487-20A3-9388-E063-4804A8C0BD98};602000;6/09/2023;2023;9;3;LU7 2NR;LU7;Terraced;Freehold;FALSO;LEIGHTON BUZZARD;CENTRAL BEDFORDSHIRE;CENTRAL BEDFORDSHIRE;A;5191991;-660256;East of England;England;Central Bedfordshire
{06C9F487-20C1-9388-E063-4804A8C0BD98};290000;28/04/2023;2023;4;2;MK42 0QT;MK42;Semi-Detached;Freehold;FALSO;BEDFORD;BEDFORD;BEDFORD;A;52111701;-493135;East of England;England;Bedford
{06C9F487-2137-9388-E063-4804A8C0BD98};595000;23/06/2023;2023;6;2;W8 4DZ;W8;Flat/Maisonette;Leasehold;FALSO;LONDON;KENSINGTON AND CHELSEA;GREATER LONDON;A;51502974;-19239;London;England;Kensington and Chelsea
{06C9F487-21CC-9388-E063-4804A8C0BD98};570000;14/08/2023;2023;8;3;W11 4JU;W11;Flat/Maisonette;Leasehold;FALSO;LONDON;HAMMERSMITH AND FULHAM;GREATER LONDON;A;51513302;-202084;London;England;Kensington and Chelsea
{06C9F487-21D0-9388-E063-4804A8C0BD98};1450000;2/05/2023;2023;5;2;W8 7TQ;W8;Flat/Maisonette;Leasehold;FALSO;LONDON;KENSINGTON AND CHELSEA;GREATER LONDON;A;51502974;-19239;London;England;Kensington and Chelsea
{06C9F487-226A-9388-E063-4804A8C0BD98};585000;15/08/2023;2023;8;3;SL6 4DN;SL6;Terraced;Freehold;FALSO;MAIDENHEAD;WINDSOR AND MAIDENHEAD;WINDSOR AND MAIDENHEAD;A;5152585;-759142;South East;England;Windsor and Maidenhead
{06C9F487-22C6-9388-E063-4804A8C0BD98};135000;21/07/2023;2023;7;3;RG2 0DJ;RG2;Flat/Maisonette;Leasehold;FALSO;READING;READING;READING;A;51406856;-947387;South East;England;Wokingham
{06C9F487-2333-9388-E063-4804A8C0BD98};390000;30/06/2023;2023;6;2;RG30 3JB;RG30;Semi-Detached;Freehold;FALSO;READING;READING;READING;A;51462181;-1027258;South East;England;Reading
{06C9F487-2374-9388-E063-4804A8C0BD98};560000;14/07/2023;2023;7;3;SL6 9HA;SL6;Terraced;Freehold;FALSO;MAIDENHEAD;WINDSOR AND MAIDENHEAD;WINDSOR AND MAIDENHEAD;A;5152585;-759142;South East;England;Windsor and Maidenhead
{06C9F487-242F-9388-E063-4804A8C0BD98};385000;10/06/2022;2022;6;2;RG12 8FR;RG12;Terraced;Freehold;FALSO;BRACKNELL;BRACKNELL FOREST;BRACKNELL FOREST;A;51393641;-761846;South East;England;Bracknell Forest
{06C9F487-2455-9388-E063-4804A8C0BD98};289000;27/05/2021;2021;5;2;RG40 1LQ;RG40;Flat/Maisonette;Leasehold;VERDADERO;WOKINGHAM;WOKINGHAM;WOKINGHAM;A;51422516;-821314;South East;England;Wokingham
{06C9F487-2495-9388-E063-4804A8C0BD98};393938;14/03/2022;2022;3;1;RG1 3FZ;RG1;Flat/Maisonette;Leasehold;VERDADERO;READING;READING;READING;A;5144841;-976047;South East;England;Reading
{06C9F487-261F-9388-E063-4804A8C0BD98};250000;30/03/2022;2022;3;1;BS1 3FD;BS1;Flat/Maisonette;Leasehold;VERDADERO;BRISTOL;CITY OF BRISTOL;CITY OF BRISTOL;A;51454132;-2588346;South West;England;Bristol, City of
{06C9F487-2710-9388-E063-4804A8C0BD98};435000;10/08/2023;2023;8;3;HP21 9TT;HP21;Semi-Detached;Freehold;FALSO;AYLESBURY;BUCKINGHAMSHIRE;BUCKINGHAMSHIRE;A;51795453;-816746;South East;England;Buckinghamshire
{06C9F487-2779-9388-E063-4804A8C0BD98};425000;4/08/2023;2023;8;3;MK3 6HR;MK3;Detached;Freehold;FALSO;MILTON KEYNES;MILTON KEYNES;MILTON KEYNES;A;52000569;-754274;South East;England;Milton Keynes
{06C9F487-289D-9388-E063-4804A8C0BD98};210000;18/09/2023;2023;9;3;HP20 2FU;HP20;Flat/Maisonette;Leasehold;FALSO;AYLESBURY;BUCKINGHAMSHIRE;BUCKINGHAMSHIRE;A;51820079;-812111;South East;England;Buckinghamshire
{06C9F487-28D0-9388-E063-4804A8C0BD98};138000;17/08/2023;2023;8;3;MK18 3RS;MK18;Flat/Maisonette;Leasehold;FALSO;BUCKINGHAM;BUCKINGHAMSHIRE;BUCKINGHAMSHIRE;A;51999556;-986118;South East;England;Buckinghamshire
{06C9F487-28D6-9388-E063-4804A8C0BD98};269950;25/10/2019;2019;10;4;HP15 7RJ;HP15;Flat/Maisonette;Leasehold;FALSO;HIGH WYCOMBE;BUCKINGHAMSHIRE;BUCKINGHAMSHIRE;A;51658225;-711145;South East;England;Buckinghamshire
{06C9F487-298B-9388-E063-4804A8C0BD98};227500;28/06/2022;2022;6;2;MK3 5PU;MK3;Flat/Maisonette;Leasehold;VERDADERO;MILTON KEYNES;MILTON KEYNES;MILTON KEYNES;A;52000569;-754274;South East;England;Milton Keynes
{06C9F487-2A05-9388-E063-4804A8C0BD98};367995;25/11/2022;2022;11;4;MK17 9GY;MK17;Semi-Detached;Freehold;VERDADERO;MILTON KEYNES;MILTON KEYNES;MILTON KEYNES;A;52015912;-650851;South East;England;Milton Keynes
{06C9F487-2A72-9388-E063-4804A8C0BD98};345000;1/08/2023;2023;8;3;MK46 5BH;MK46;Semi-Detached;Freehold;FALSO;OLNEY;MILTON KEYNES;MILTON KEYNES;A;52158639;-702226;South East;England;Milton Keynes
{06C9F487-2A7B-9388-E063-4804A8C0BD98};213500;25/07/2023;2023;7;3;MK18 7HT;MK18;Terraced;Freehold;FALSO;BUCKINGHAM;BUCKINGHAMSHIRE;BUCKINGHAMSHIRE;A;51999556;-986118;South East;England;Buckinghamshire
{06C9F487-2B44-9388-E063-4804A8C0BD98};515000;7/08/2023;2023;8;3;CB3 0XA;CB3;Flat/Maisonette;Leasehold;FALSO;CAMBRIDGE;SOUTH CAMBRIDGESHIRE;CAMBRIDGESHIRE;A;52196906;107287;East of England;England;Cambridge
{06C9F487-2B58-9388-E063-4804A8C0BD98};435000;10/08/2023;2023;8;3;PE7 8AS;PE7;Detached;Freehold;FALSO;PETERBOROUGH;CITY OF PETERBOROUGH;CITY OF PETERBOROUGH;A;52495016;-312863;East of England;England;Huntingdonshire
{06C9F487-2B75-9388-E063-4804A8C0BD98};183000;4/08/2023;2023;8;3;PE15 8BQ;PE15;Detached;Freehold;FALSO;MARCH;FENLAND;CAMBRIDGESHIRE;A;5249922;66045;East of England;England;Fenland
{06C9F487-2BFC-9388-E063-4804A8C0BD98};256250;11/08/2023;2023;8;3;CB4 1NL;CB4;Flat/Maisonette;Leasehold;FALSO;CAMBRIDGE;CAMBRIDGE;CAMBRIDGESHIRE;A;5221888;134957;East of England;England;Cambridge
{06C9F487-2D10-9388-E063-4804A8C0BD98};400000;31/03/2022;2022;3;1;CB7 7AF;CB7;Detached;Freehold;VERDADERO;ELY;EAST CAMBRIDGESHIRE;CAMBRIDGESHIRE;A;52404916;278813;East of England;England;East Cambridgeshire
{06C9F487-2D63-9388-E063-4804A8C0BD98};349995;22/07/2022;2022;7;3;CB6 2HD;CB6;Detached;Freehold;VERDADERO;ELY;EAST CAMBRIDGESHIRE;CAMBRIDGESHIRE;A;52388297;196731;East of England;England;East Cambridgeshire
{06C9F487-2F40-9388-E063-4804A8C0BD98};145000;25/07/2023;2023;7;3;TS17 5FR;TS17;Terraced;Freehold;FALSO;STOCKTON-ON-TEES;STOCKTON-ON-TEES;STOCKTON-ON-TEES;A;54543801;-1302168;North East;England;Stockton-on-Tees
{06C9F487-2FFC-9388-E063-4804A8C0BD98};166000;21/07/2023;2023;7;3;TS8 9HA;TS8;Detached;Freehold;FALSO;MIDDLESBROUGH;MIDDLESBROUGH;MIDDLESBROUGH;A;54523309;-1259722;North East;England;Middlesbrough
{06C9F487-3065-9388-E063-4804A8C0BD98};149500;11/08/2023;2023;8;3;TS6 9PE;TS6;Semi-Detached;Freehold;FALSO;MIDDLESBROUGH;REDCAR AND CLEVELAND;REDCAR AND CLEVELAND;A;54560443;-1138616;North East;England;Redcar and Cleveland
{06C9F487-30AB-9388-E063-4804A8C0BD98};250000;18/08/2023;2023;8;3;CH2 1RF;CH2;Semi-Detached;Freehold;FALSO;CHESTER;CHESHIRE WEST AND CHESTER;CHESHIRE WEST AND CHESTER;A;53208875;-2883947;North West;England;Cheshire West and Chester
{06C9F487-30D2-9388-E063-4804A8C0BD98};285000;31/08/2023;2023;8;3;CW9 8EE;CW9;Terraced;Freehold;FALSO;NORTHWICH;CHESHIRE WEST AND CHESTER;CHESHIRE WEST AND CHESTER;A;53285172;-2469696;North West;England;Cheshire West and Chester
{06C9F487-3106-9388-E063-4804A8C0BD98};1750000;11/08/2023;2023;8;3;SK9 5DJ;SK9;Detached;Freehold;FALSO;WILMSLOW;CHESHIRE EAST;CHESHIRE EAST;A;53338194;-2218412;North West;England;Cheshire East
{06C9F487-3113-9388-E063-4804A8C0BD98};130000;31/03/2023;2023;3;1;WA7 5LD;WA7;Terraced;Freehold;FALSO;RUNCORN;HALTON;HALTON;A;53326997;-2714006;North West;England;Halton
{06C9F487-329A-9388-E063-4804A8C0BD98};689000;21/07/2023;2023;7;3;SK9 7TP;SK9;Detached;Freehold;FALSO;ALDERLEY EDGE;CHESHIRE EAST;CHESHIRE EAST;A;53338194;-2218412;North West;England;Cheshire East
{06C9F487-3313-9388-E063-4804A8C0BD98};290000;8/09/2023;2023;9;3;CW5 7NW;CW5;Detached;Freehold;FALSO;NANTWICH;CHESHIRE EAST;CHESHIRE EAST;A;53068117;-2535311;North West;England;Cheshire East
{06C9F487-3360-9388-E063-4804A8C0BD98};220000;31/08/2023;2023;8;3;CH4 7LJ;CH4;Flat/Maisonette;Leasehold;FALSO;CHESTER;CHESHIRE WEST AND CHESTER;CHESHIRE WEST AND CHESTER;A;5317796;-2943864;Wales;Wales;Flintshire
{06C9F487-33D4-9388-E063-4804A8C0BD98};85000;25/08/2023;2023;8;3;CH1 3EA;CH1;Flat/Maisonette;Leasehold;FALSO;CHESTER;CHESHIRE WEST AND CHESTER;CHESHIRE WEST AND CHESTER;A;53195856;-2903438;North West;England;Cheshire West and Chester
{06C9F487-33E9-9388-E063-4804A8C0BD98};322500;27/07/2023;2023;7;3;WA4 6FG;WA4;Detached;Leasehold;FALSO;WARRINGTON;WARRINGTON;WARRINGTON;A;53375905;-2564973;North West;England;Warrington
{06C9F487-3469-9388-E063-4804A8C0BD98};274995;10/12/2021;2021;12;4;CW12 3QX;CW12;Detached;Freehold;VERDADERO;CONGLETON;CHESHIRE EAST;CHESHIRE EAST;A;53163538;-2216117;North West;England;Cheshire East
{06C9F487-351A-9388-E063-4804A8C0BD98};269995;19/08/2022;2022;8;3;CW4 7GQ;CW4;Terraced;Freehold;VERDADERO;CREWE;CHESHIRE EAST;CHESHIRE EAST;A;53200202;-2361059;North West;England;Cheshire East
{06C9F487-358E-9388-E063-4804A8C0BD98};319950;28/10/2022;2022;10;4;ST7 2ZH;ST7;Detached;Freehold;VERDADERO;STOKE-ON-TRENT;CHESHIRE EAST;CHESHIRE EAST;A;53091416;-2222057;West Midlands;England;Newcastle-under-Lyme
{06C9F487-362C-9388-E063-4804A8C0BD98};190000;21/04/2023;2023;4;2;PL24 2LR;PL24;Semi-Detached;Freehold;FALSO;PAR;CORNWALL;CORNWALL;A;50348595;-4715019;South West;England;Cornwall
{06C9F487-368E-9388-E063-4804A8C0BD98};370000;25/08/2023;2023;8;3;PL31 1AS;PL31;Detached;Freehold;FALSO;BODMIN;CORNWALL;CORNWALL;A;50463761;-4738436;South West;England;Cornwall
{06C9F487-36D5-9388-E063-4804A8C0BD98};472500;17/08/2023;2023;8;3;TR14 7AQ;TR14;Detached;Freehold;FALSO;CAMBORNE;CORNWALL;CORNWALL;A;5017689;-5309985;South West;England;Cornwall
{06C9F487-37DD-9388-E063-4804A8C0BD98};145775;18/08/2023;2023;8;3;PL34 0BZ;PL34;Semi-Detached;Freehold;FALSO;TINTAGEL;CORNWALL;CORNWALL;A;50645544;-473605;South West;England;Cornwall
{06C9F487-383E-9388-E063-4804A8C0BD98};75000;9/08/2023;2023;8;3;TR1 1RG;TR1;Flat/Maisonette;Leasehold;FALSO;TRURO;CORNWALL;CORNWALL;A;50265496;-5042807;South West;England;Cornwall
{06C9F487-38A9-9388-E063-4804A8C0BD98};93000;31/08/2023;2023;8;3;CA3 9QN;CA3;Terraced;Freehold;FALSO;CARLISLE;CUMBERLAND;CUMBERLAND;A;54923404;-2950602;North West;England;Cumberland
{06C9F487-3A96-9388-E063-4804A8C0BD98};210000;18/08/2023;2023;8;3;LA9 5HY;LA9;Terraced;Freehold;FALSO;KENDAL;WESTMORLAND AND FURNESS;WESTMORLAND AND FURNESS;A;54341781;-2755897;North West;England;Westmorland and Furness
{06C9F487-3AA0-9388-E063-4804A8C0BD98};114950;7/09/2023;2023;9;3;LA14 2RX;LA14;Semi-Detached;Freehold;FALSO;BARROW-IN-FURNESS;WESTMORLAND AND FURNESS;WESTMORLAND AND FURNESS;A;54113206;-3231744;North West;England;Westmorland and Furness
{06C9F487-3B34-9388-E063-4804A8C0BD98};210000;9/08/2023;2023;8;3;CF38 2TR;CF38;Semi-Detached;Freehold;FALSO;PONTYPRIDD;RHONDDA CYNON TAFF;RHONDDA CYNON TAFF;A;51550966;-3336745;Wales;Wales;Rhondda Cynon Taf
{06C9F487-3B83-9388-E063-4804A8C0BD98};305000;17/08/2023;2023;8;3;SA31 1NG;SA31;Terraced;Freehold;FALSO;CARMARTHEN;CARMARTHENSHIRE;CARMARTHENSHIRE;A;51844204;-4326583;Wales;Wales;Carmarthenshire
{06C9F487-3C66-9388-E063-4804A8C0BD98};76500;28/08/2020;2020;8;3;CH5 3XB;CH5;Flat/Maisonette;Leasehold;FALSO;DEESIDE;FLINTSHIRE;FLINTSHIRE;A;53224506;-3071442;Wales;Wales;Flintshire
{06C9F487-3D33-9388-E063-4804A8C0BD98};220000;31/03/2023;2023;3;1;CF82 6BA;CF82;Terraced;Freehold;FALSO;HENGOED;CAERPHILLY;CAERPHILLY;A;51667473;-3237678;Wales;Wales;Caerphilly
{06C9F487-3D84-9388-E063-4804A8C0BD98};112500;3/08/2023;2023;8;3;CF45 3RF;CF45;Terraced;Freehold;FALSO;MOUNTAIN ASH;RHONDDA CYNON TAFF;RHONDDA CYNON TAFF;A;51686794;-3378443;Wales;Wales;Rhondda Cynon Taf
{06C9F487-3DC9-9388-E063-4804A8C0BD98};147000;6/04/2023;2023;4;2;SA73 3ND;SA73;Semi-Detached;Freehold;FALSO;MILFORD HAVEN;PEMBROKESHIRE;PEMBROKESHIRE;A;51723267;-5035855;Wales;Wales;Pembrokeshire
{06C9F487-3FBB-9388-E063-4804A8C0BD98};95000;25/07/2022;2022;7;3;CF23 5AZ;CF23;Flat/Maisonette;Leasehold;FALSO;CARDIFF;CARDIFF;CARDIFF;A;51498215;-3170504;Wales;Wales;Cardiff
{06C9F487-3FCC-9388-E063-4804A8C0BD98};231995;29/06/2022;2022;6;2;CF3 6YW;CF3;Terraced;Freehold;VERDADERO;CARDIFF;CARDIFF;CARDIFF;A;51533038;-3073072;Wales;Wales;Newport
{06C9F487-3FE8-9388-E063-4804A8C0BD98};414995;30/06/2022;2022;6;2;CF3 6YY;CF3;Detached;Freehold;VERDADERO;CARDIFF;CARDIFF;CARDIFF;A;51533038;-3073072;Wales;Wales;Newport
{06C9F487-407A-9388-E063-4804A8C0BD98};425000;2/11/2022;2022;11;4;CF3 3NL;CF3;Detached;Freehold;VERDADERO;CARDIFF;CARDIFF;CARDIFF;A;51533038;-3073072;Wales;Wales;Newport
{06C9F487-4083-9388-E063-4804A8C0BD98};260000;4/08/2022;2022;8;3;CF3 3LJ;CF3;Semi-Detached;Freehold;VERDADERO;CARDIFF;CARDIFF;CARDIFF;A;51533038;-3073072;Wales;Wales;Newport
{06C9F487-408A-9388-E063-4804A8C0BD98};268000;11/08/2022;2022;8;3;CF3 3NL;CF3;Semi-Detached;Freehold;VERDADERO;CARDIFF;CARDIFF;CARDIFF;A;51533038;-3073072;Wales;Wales;Newport
{06C9F487-4144-9388-E063-4804A8C0BD98};349000;14/07/2023;2023;7;3;TQ13 9HL;TQ13;Detached;Freehold;FALSO;NEWTON ABBOT;TEIGNBRIDGE;DEVON;A;50517898;-3758813;South West;England;Teignbridge
{06C9F487-41C3-9388-E063-4804A8C0BD98};239000;4/08/2023;2023;8;3;EX39 3EB;EX39;Terraced;Freehold;FALSO;BIDEFORD;TORRIDGE;DEVON;A;51012491;-4193526;South West;England;Torridge
{06C9F487-42E7-9388-E063-4804A8C0BD98};345000;19/04/2023;2023;4;2;EX34 0BP;EX34;Detached;Freehold;FALSO;ILFRACOMBE;NORTH DEVON;DEVON;A;51157764;-412201;South West;England;North Devon
{06C9F487-4316-9388-E063-4804A8C0BD98};185000;31/08/2023;2023;8;3;EX17 2EH;EX17;Terraced;Freehold;FALSO;CREDITON;MID DEVON;DEVON;A;50814559;-3753128;South West;England;Mid Devon
{06C9F487-4343-9388-E063-4804A8C0BD98};175500;14/07/2023;2023;7;3;PL5 1EJ;PL5;Terraced;Freehold;FALSO;PLYMOUTH;CITY OF PLYMOUTH;CITY OF PLYMOUTH;A;50397957;-4179268;South West;England;Plymouth
{06C9F487-4465-9388-E063-4804A8C0BD98};340500;5/09/2023;2023;9;3;EX4 7AT;EX4;Terraced;Freehold;FALSO;EXETER;EXETER;DEVON;A;5071581;-3555367;South West;England;Exeter
{06C9F487-447C-9388-E063-4804A8C0BD98};575000;21/07/2023;2023;7;3;EX2 7GN;EX2;Detached;Freehold;FALSO;EXETER;EXETER;DEVON;A;50696534;-3528378;South West;England;Exeter
{06C9F487-44E3-9388-E063-4804A8C0BD98};115000;12/07/2023;2023;7;3;PL6 6FJ;PL6;Semi-Detached;Leasehold;FALSO;PLYMOUTH;CITY OF PLYMOUTH;CITY OF PLYMOUTH;A;5040519;-4122841;South West;England;Plymouth
{06C9F487-44EB-9388-E063-4804A8C0BD98};264000;8/09/2023;2023;9;3;TQ9 6GW;TQ9;Terraced;Freehold;FALSO;TOTNES;SOUTH HAMS;DEVON;A;50433663;-3710911;South West;England;South Hams
{06C9F487-4662-9388-E063-4804A8C0BD98};479950;4/07/2023;2023;7;3;TQ13 9TU;TQ13;Detached;Freehold;VERDADERO;NEWTON ABBOT;TEIGNBRIDGE;DEVON;A;50517898;-3758813;South West;England;Teignbridge
{06C9F487-468E-9388-E063-4804A8C0BD98};309000;30/08/2023;2023;8;3;TQ12 5DN;TQ12;Detached;Freehold;FALSO;NEWTON ABBOT;TEIGNBRIDGE;DEVON;A;50487816;-3640981;South West;England;Teignbridge
{06C9F487-4719-9388-E063-4804A8C0BD98};277500;4/08/2023;2023;8;3;DT4 9HB;DT4;Semi-Detached;Freehold;FALSO;WEYMOUTH;DORSET;DORSET;A;50627557;-2457207;South West;England;Dorset
{06C9F487-4751-9388-E063-4804A8C0BD98};325000;15/08/2023;2023;8;3;BH20 7LW;BH20;Semi-Detached;Freehold;FALSO;WAREHAM;DORSET;DORSET;A;50677698;-2234586;South West;England;Dorset
{06C9F487-4895-9388-E063-4804A8C0BD98};445000;11/08/2023;2023;8;3;BH12 2AA;BH12;Semi-Detached;Freehold;FALSO;POOLE;BOURNEMOUTH, CHRISTCHURCH AND POOLE;BOURNEMOUTH, CHRISTCHURCH AND POOLE;A;50736671;-1947962;South West;England;Bournemouth, Christchurch and Poole
{06C9F487-48A9-9388-E063-4804A8C0BD98};662500;8/09/2023;2023;9;3;BH22 0ER;BH22;Detached;Freehold;FALSO;FERNDOWN;DORSET;DORSET;A;50804943;-1892895;South West;England;Dorset
{06C9F487-48F3-9388-E063-4804A8C0BD98};375000;7/07/2023;2023;7;3;BH12 1PN;BH12;Detached;Freehold;FALSO;POOLE;BOURNEMOUTH, CHRISTCHURCH AND POOLE;BOURNEMOUTH, CHRISTCHURCH AND POOLE;A;50736671;-1947962;South West;England;Bournemouth, Christchurch and Poole
{06C9F487-4925-9388-E063-4804A8C0BD98};250000;11/08/2023;2023;8;3;BH23 5RA;BH23;Flat/Maisonette;Leasehold;FALSO;CHRISTCHURCH;BOURNEMOUTH, CHRISTCHURCH AND POOLE;BOURNEMOUTH, CHRISTCHURCH AND POOLE;A;50748049;-1794572;South West;England;Bournemouth, Christchurch and Poole
{06C9F487-49D8-9388-E063-4804A8C0BD98};325000;22/03/2023;2023;3;1;BH23 3FN;BH23;Flat/Maisonette;Leasehold;VERDADERO;CHRISTCHURCH;BOURNEMOUTH, CHRISTCHURCH AND POOLE;BOURNEMOUTH, CHRISTCHURCH AND POOLE;A;50748049;-1794572;South West;England;Bournemouth, Christchurch and Poole
{06C9F487-4A41-9388-E063-4804A8C0BD98};250000;4/08/2023;2023;8;3;BH16 5BU;BH16;Semi-Detached;Freehold;FALSO;POOLE;BOURNEMOUTH, CHRISTCHURCH AND POOLE;BOURNEMOUTH, CHRISTCHURCH AND POOLE;A;50731143;-2018773;South West;England;Bournemouth, Christchurch and Poole
{06C9F487-4AFB-9388-E063-4804A8C0BD98};80000;1/08/2023;2023;8;3;DH2 1DT;DH2;Terraced;Freehold;FALSO;CHESTER LE STREET;COUNTY DURHAM;COUNTY DURHAM;A;54864144;-1582851;North East;England;County Durham
{06C9F487-4BD8-9388-E063-4804A8C0BD98};70000;25/08/2023;2023;8;3;DH6 2PX;DH6;Semi-Detached;Freehold;FALSO;DURHAM;COUNTY DURHAM;COUNTY DURHAM;A;54736526;-152634;North East;England;County Durham
{06C9F487-4C19-9388-E063-4804A8C0BD98};110000;26/07/2023;2023;7;3;DL14 6PR;DL14;Semi-Detached;Freehold;FALSO;BISHOP AUCKLAND;COUNTY DURHAM;COUNTY DURHAM;A;54648299;-1685172;North East;England;County Durham
{06C9F487-4CDA-9388-E063-4804A8C0BD98};122000;19/05/2023;2023;5;2;DH7 7JL;DH7;Terraced;Freehold;FALSO;DURHAM;COUNTY DURHAM;COUNTY DURHAM;A;54825027;-1630431;North East;England;County Durham
{06C9F487-4D99-9388-E063-4804A8C0BD98};185000;1/08/2023;2023;8;3;S21 4HS;S21;Semi-Detached;Freehold;FALSO;SHEFFIELD;NORTH EAST DERBYSHIRE;DERBYSHIRE;A;53318201;-132724;East Midlands;England;North East Derbyshire
{06C9F487-4DBA-9388-E063-4804A8C0BD98};139000;14/08/2023;2023;8;3;S18 1ND;S18;Flat/Maisonette;Leasehold;FALSO;DRONFIELD;NORTH EAST DERBYSHIRE;DERBYSHIRE;A;53272606;-1489948;East Midlands;England;North East Derbyshire
{06C9F487-4DDD-9388-E063-4804A8C0BD98};256000;4/07/2023;2023;7;3;DE24 3LD;DE24;Detached;Freehold;FALSO;DERBY;CITY OF DERBY;CITY OF DERBY;A;52900064;-1433242;East Midlands;England;Derby
{06C9F487-4E96-9388-E063-4804A8C0BD98};165000;4/08/2023;2023;8;3;S43 3GE;S43;Semi-Detached;Freehold;FALSO;CHESTERFIELD;CHESTERFIELD;DERBYSHIRE;A;53249284;-1371838;East Midlands;England;Chesterfield
{06C9F487-4F01-9388-E063-4804A8C0BD98};142000;3/08/2023;2023;8;3;SK17 6LB;SK17;Terraced;Freehold;FALSO;BUXTON;HIGH PEAK;DERBYSHIRE;A;53143908;-1810733;East Midlands;England;Derbyshire Dales
{06C9F487-4F9C-9388-E063-4804A8C0BD98};390000;7/09/2023;2023;9;3;DE4 2RR;DE4;Flat/Maisonette;Leasehold;FALSO;MATLOCK;DERBYSHIRE DALES;DERBYSHIRE;A;5311774;-1583832;East Midlands;England;Derbyshire Dales
{06C9F487-5028-9388-E063-4804A8C0BD98};259995;27/08/2021;2021;8;3;DE24 5DP;DE24;Detached;Freehold;VERDADERO;DERBY;SOUTH DERBYSHIRE;DERBYSHIRE;A;52900064;-1433242;East Midlands;England;Derby
{06C9F487-502D-9388-E063-4804A8C0BD98};265000;28/07/2023;2023;7;3;DE7 4SN;DE7;Semi-Detached;Freehold;FALSO;ILKESTON;EREWASH;DERBYSHIRE;A;53007513;-1377202;East Midlands;England;Amber Valley
{06C9F487-50DC-9388-E063-4804A8C0BD98};411950;24/06/2022;2022;6;2;DE3 0GJ;DE3;Detached;Freehold;VERDADERO;DERBY;SOUTH DERBYSHIRE;DERBYSHIRE;A;52912195;-1533607;East Midlands;England;Derby
{06C9F487-50DD-9388-E063-4804A8C0BD98};194995;30/06/2022;2022;6;2;S44 6GL;S44;Semi-Detached;Freehold;VERDADERO;CHESTERFIELD;BOLSOVER;DERBYSHIRE;A;53222408;-1290591;East Midlands;England;Bolsover
{06C9F487-5170-9388-E063-4804A8C0BD98};100500;28/07/2023;2023;7;3;DE24 0PD;DE24;Terraced;Freehold;FALSO;DERBY;CITY OF DERBY;CITY OF DERBY;A;52900064;-1433242;East Midlands;England;Derby
{06C9F487-5271-9388-E063-4804A8C0BD98};405000;25/08/2023;2023;8;3;E18 2DA;E18;Flat/Maisonette;Leasehold;FALSO;LONDON;REDBRIDGE;GREATER LONDON;A;51593167;18902;London;England;Redbridge
{06C9F487-527E-9388-E063-4804A8C0BD98};470000;1/09/2023;2023;9;3;E4 8QG;E4;Terraced;Freehold;FALSO;LONDON;WALTHAM FOREST;GREATER LONDON;A;51625494;-19582;London;England;Waltham Forest
{06C9F487-533F-9388-E063-4804A8C0BD98};450000;9/08/2023;2023;8;3;N16 6XP;N16;Flat/Maisonette;Leasehold;FALSO;LONDON;HACKNEY;GREATER LONDON;A;51566842;-82678;London;England;Hackney
{06C9F487-538E-9388-E063-4804A8C0BD98};200000;23/02/2023;2023;2;1;E5 8GZ;E5;Flat/Maisonette;Leasehold;FALSO;LONDON;HACKNEY;GREATER LONDON;A;51553714;-53297;London;England;Hackney
{06C9F487-53A0-9388-E063-4804A8C0BD98};265000;19/12/2022;2022;12;4;E16 1BJ;E16;Flat/Maisonette;Leasehold;FALSO;LONDON;NEWHAM;GREATER LONDON;A;51504144;2387;London;England;Newham
{06C9F487-5499-9388-E063-4804A8C0BD98};210000;18/08/2023;2023;8;3;BN1 5JS;BN1;Flat/Maisonette;Leasehold;FALSO;BRIGHTON;BRIGHTON AND HOVE;BRIGHTON AND HOVE;A;50859799;-104845;South East;England;Brighton and Hove
{06C9F487-5521-9388-E063-4804A8C0BD98};347500;4/09/2023;2023;9;3;BN21 1EF;BN21;Flat/Maisonette;Leasehold;FALSO;EASTBOURNE;EASTBOURNE;EAST SUSSEX;A;50780413;270364;South East;England;Eastbourne
{06C9F487-5543-9388-E063-4804A8C0BD98};162500;16/08/2023;2023;8;3;TN40 2LG;TN40;Flat/Maisonette;Leasehold;FALSO;BEXHILL-ON-SEA;ROTHER;EAST SUSSEX;A;50855025;477333;South East;England;Rother
{06C9F487-5593-9388-E063-4804A8C0BD98};485000;25/08/2023;2023;8;3;RH17 7GH;RH17;Detached;Freehold;FALSO;HAYWARDS HEATH;LEWES;EAST SUSSEX;A;51059213;-85185;South East;England;Mid Sussex
{06C9F487-55D6-9388-E063-4804A8C0BD98};250000;18/01/2022;2022;1;1;TN34 3EB;TN34;Flat/Maisonette;Leasehold;FALSO;HASTINGS;HASTINGS;EAST SUSSEX;A;50859414;577409;South East;England;Hastings
{06C9F487-565D-9388-E063-4804A8C0BD98};227500;1/11/2022;2022;11;4;TN38 0AJ;TN38;Terraced;Freehold;FALSO;ST LEONARDS-ON-SEA;HASTINGS;EAST SUSSEX;A;50862351;555927;South East;England;Hastings
{06C9F487-56D4-9388-E063-4804A8C0BD98};450000;26/07/2023;2023;7;3;SS4 3PX;SS4;Semi-Detached;Freehold;FALSO;ROCHFORD;ROCHFORD;ESSEX;A;51571305;706361;East of England;England;Rochford
{06C9F487-57BD-9388-E063-4804A8C0BD98};345000;3/08/2023;2023;8;3;CM20 3JR;CM20;Terraced;Freehold;FALSO;HARLOW;HARLOW;ESSEX;A;51774165;113915;East of England;England;Harlow
{06C9F487-5817-9388-E063-4804A8C0BD98};358000;2/12/2022;2022;12;4;SS9 5YG;SS9;Semi-Detached;Freehold;FALSO;LEIGH-ON-SEA;SOUTHEND-ON-SEA;SOUTHEND-ON-SEA;A;51541192;659632;East of England;England;Southend-on-Sea
{06C9F487-587C-9388-E063-4804A8C0BD98};350000;25/08/2023;2023;8;3;CM8 2NP;CM8;Semi-Detached;Freehold;FALSO;WITHAM;BRAINTREE;ESSEX;A;51802881;643603;East of England;England;Braintree
{06C9F487-588B-9388-E063-4804A8C0BD98};360000;19/06/2023;2023;6;2;SS11 8XX;SS11;Semi-Detached;Freehold;FALSO;WICKFORD;BASILDON;ESSEX;A;51623047;521766;East of England;England;Chelmsford
{06C9F487-5905-9388-E063-4804A8C0BD98};375000;11/08/2023;2023;8;3;CM7 2NY;CM7;Detached;Freehold;FALSO;BRAINTREE;BRAINTREE;ESSEX;A;51878829;544544;East of England;England;Braintree
{06C9F487-5909-9388-E063-4804A8C0BD98};320000;1/09/2023;2023;9;3;CO3 4NY;CO3;Detached;Freehold;FALSO;COLCHESTER;COLCHESTER;ESSEX;A;51882916;861778;East of England;England;Colchester
{06C9F487-5931-9388-E063-4804A8C0BD98};282500;30/06/2023;2023;6;2;SS12 9AA;SS12;Semi-Detached;Freehold;FALSO;WICKFORD;BASILDON;ESSEX;A;51610012;523167;East of England;England;Basildon
{06C9F487-59E2-9388-E063-4804A8C0BD98};220000;15/09/2023;2023;9;3;CO13 0TQ;CO13;Semi-Detached;Freehold;FALSO;FRINTON-ON-SEA;TENDRING;ESSEX;A;51833491;12439;East of England;England;Tendring
{06C9F487-5A83-9388-E063-4804A8C0BD98};460000;21/07/2023;2023;7;3;SS7 2RJ;SS7;Detached;Freehold;FALSO;BENFLEET;CASTLE POINT;ESSEX;A;51554368;620914;East of England;England;Castle Point
{06C9F487-5AF6-9388-E063-4804A8C0BD98};226000;18/08/2023;2023;8;3;CM1 2FN;CM1;Flat/Maisonette;Leasehold;FALSO;CHELMSFORD;CHELMSFORD;ESSEX;A;51751738;495849;East of England;England;Chelmsford
{06C9F487-5B1F-9388-E063-4804A8C0BD98};270000;15/08/2023;2023;8;3;SS0 8DE;SS0;Flat/Maisonette;Leasehold;FALSO;WESTCLIFF-ON-SEA;SOUTHEND-ON-SEA;SOUTHEND-ON-SEA;A;51543262;702085;East of England;England;Southend-on-Sea
{06C9F487-5B2D-9388-E063-4804A8C0BD98};325000;10/03/2023;2023;3;1;CM15 9GL;CM15;Flat/Maisonette;Leasehold;FALSO;BRENTWOOD;BRENTWOOD;ESSEX;A;51625856;313713;East of England;England;Brentwood
{06C9F487-5B47-9388-E063-4804A8C0BD98};220000;21/08/2023;2023;8;3;SS14 3SU;SS14;Flat/Maisonette;Leasehold;FALSO;BASILDON;BASILDON;ESSEX;A;51575154;469437;East of England;England;Basildon
{06C9F487-5B67-9388-E063-4804A8C0BD98};245000;14/07/2023;2023;7;3;SS14 2FR;SS14;Flat/Maisonette;Leasehold;FALSO;BASILDON;BASILDON;ESSEX;A;51575154;469437;East of England;England;Basildon
{06C9F487-5C36-9388-E063-4804A8C0BD98};410000;11/09/2023;2023;9;3;SK6 7QL;SK6;Detached;Freehold;FALSO;STOCKPORT;STOCKPORT;GREATER MANCHESTER;A;53401404;-2045427;North West;England;Stockport
{06C9F487-5D2F-9388-E063-4804A8C0BD98};230000;25/08/2023;2023;8;3;SK5 6SJ;SK5;Semi-Detached;Freehold;FALSO;STOCKPORT;STOCKPORT;GREATER MANCHESTER;A;53444861;-2155348;North West;England;Stockport
{06C9F487-5DFC-9388-E063-4804A8C0BD98};260000;17/08/2023;2023;8;3;M24 2BT;M24;Detached;Freehold;FALSO;MANCHESTER;ROCHDALE;GREATER MANCHESTER;A;5355785;-2205895;North West;England;Rochdale
{06C9F487-5E1E-9388-E063-4804A8C0BD98};185000;28/04/2023;2023;4;2;WN2 4HG;WN2;Semi-Detached;Leasehold;FALSO;WIGAN;WIGAN;GREATER MANCHESTER;A;53504705;-2582998;North West;England;Wigan
{06C9F487-5E58-9388-E063-4804A8C0BD98};142000;4/08/2023;2023;8;3;OL10 4QN;OL10;Terraced;Leasehold;FALSO;HEYWOOD;ROCHDALE;GREATER MANCHESTER;A;53590962;-2239776;North West;England;Rochdale
{06C9F487-5E87-9388-E063-4804A8C0BD98};106800;24/08/2023;2023;8;3;BL4 0AG;BL4;Terraced;Leasehold;FALSO;BOLTON;BOLTON;GREATER MANCHESTER;A;53551435;-2388751;North West;England;Bolton
{06C9F487-5F21-9388-E063-4804A8C0BD98};135000;7/09/2023;2023;9;3;WA14 2LR;WA14;Flat/Maisonette;Leasehold;FALSO;ALTRINCHAM;TRAFFORD;GREATER MANCHESTER;A;53404612;-2352952;North West;England;Trafford
{06C9F487-60B5-9388-E063-4804A8C0BD98};200000;26/05/2023;2023;5;2;GL12 8RN;GL12;Terraced;Freehold;FALSO;WOTTON-UNDER-EDGE;STROUD;GLOUCESTERSHIRE;A;51638191;-245732;South West;England;South Gloucestershire
{06C9F487-60FC-9388-E063-4804A8C0BD98};210000;29/03/2023;2023;3;1;GL7 1DU;GL7;Terraced;Freehold;FALSO;CIRENCESTER;COTSWOLD;GLOUCESTERSHIRE;A;5167188;-1772894;South West;England;Cotswold
{06C9F487-6120-9388-E063-4804A8C0BD98};335000;1/09/2023;2023;9;3;GL7 5LT;GL7;Terraced;Leasehold;FALSO;CIRENCESTER;COTSWOLD;GLOUCESTERSHIRE;A;5167188;-1772894;South West;England;Cotswold
{06C9F487-6154-9388-E063-4804A8C0BD98};252000;7/08/2023;2023;8;3;GL2 9DN;GL2;Terraced;Freehold;FALSO;GLOUCESTER;TEWKESBURY;GLOUCESTERSHIRE;A;51879783;-2202531;South West;England;Gloucester
{06C9F487-62F3-9388-E063-4804A8C0BD98};349000;25/06/2021;2021;6;2;BS37 7EJ;BS37;Semi-Detached;Freehold;VERDADERO;BRISTOL;SOUTH GLOUCESTERSHIRE;SOUTH GLOUCESTERSHIRE;A;51544313;-2427797;South West;England;South Gloucestershire
{06C9F487-6447-9388-E063-4804A8C0BD98};275000;5/06/2023;2023;6;2;GL20 8RZ;GL20;Detached;Freehold;FALSO;TEWKESBURY;TEWKESBURY;GLOUCESTERSHIRE;A;51981036;-2136767;South West;England;Tewkesbury
{06C9F487-645E-9388-E063-4804A8C0BD98};178000;31/07/2023;2023;7;3;GL4 6AW;GL4;Terraced;Freehold;FALSO;GLOUCESTER;GLOUCESTER;GLOUCESTERSHIRE;A;51831986;-2217729;South West;England;Gloucester
{06C9F487-64E7-9388-E063-4804A8C0BD98};407000;30/06/2023;2023;6;2;HP3 8TQ;HP3;Terraced;Freehold;FALSO;HEMEL HEMPSTEAD;DACORUM;HERTFORDSHIRE;A;51741073;-493083;East of England;England;Dacorum
{06C9F487-6535-9388-E063-4804A8C0BD98};879825;24/08/2023;2023;8;3;SG13 7DN;SG13;Semi-Detached;Freehold;FALSO;HERTFORD;EAST HERTFORDSHIRE;HERTFORDSHIRE;A;51796049;-69357;East of England;England;East Hertfordshire
{06C9F487-6668-9388-E063-4804A8C0BD98};1450000;25/08/2023;2023;8;3;WD3 7NN;WD3;Detached;Freehold;FALSO;RICKMANSWORTH;THREE RIVERS;HERTFORDSHIRE;A;51644305;-493547;East of England;England;Three Rivers
{06C9F487-666A-9388-E063-4804A8C0BD98};185000;8/09/2023;2023;9;3;WD3 1EY;WD3;Flat/Maisonette;Leasehold;FALSO;RICKMANSWORTH;THREE RIVERS;HERTFORDSHIRE;A;51644305;-493547;East of England;England;Three Rivers
{06C9F487-66A4-9388-E063-4804A8C0BD98};256000;23/08/2023;2023;8;3;HP2 5QE;HP2;Flat/Maisonette;Leasehold;FALSO;HEMEL HEMPSTEAD;DACORUM;HERTFORDSHIRE;A;51758615;-469315;East of England;England;Dacorum
{06C9F487-66B3-9388-E063-4804A8C0BD98};385000;15/08/2023;2023;8;3;HP1 1JF;HP1;Terraced;Freehold;FALSO;HEMEL HEMPSTEAD;DACORUM;HERTFORDSHIRE;A;51766629;-485406;East of England;England;Dacorum
{06C9F487-66E1-9388-E063-4804A8C0BD98};595000;6/09/2023;2023;9;3;AL4 9SN;AL4;Semi-Detached;Freehold;FALSO;ST ALBANS;ST ALBANS;HERTFORDSHIRE;A;51807745;-300997;East of England;England;St Albans
{06C9F487-6866-9388-E063-4804A8C0BD98};400000;12/07/2023;2023;7;3;HP2 5RX;HP2;Semi-Detached;Freehold;FALSO;HEMEL HEMPSTEAD;DACORUM;HERTFORDSHIRE;A;51758615;-469315;East of England;England;Dacorum
{06C9F487-68C9-9388-E063-4804A8C0BD98};590000;24/08/2023;2023;8;3;SG14 1LU;SG14;Terraced;Freehold;FALSO;HERTFORD;EAST HERTFORDSHIRE;HERTFORDSHIRE;A;51804411;-75875;East of England;England;East Hertfordshire
{06C9F487-68DA-9388-E063-4804A8C0BD98};425000;20/07/2023;2023;7;3;WD23 1GL;WD23;Terraced;Freehold;FALSO;BUSHEY;HERTSMERE;HERTFORDSHIRE;A;51653169;-368135;East of England;England;Hertsmere
{06C9F487-69BE-9388-E063-4804A8C0BD98};120000;8/08/2023;2023;8;3;PO12 2TP;PO12;Flat/Maisonette;Leasehold;FALSO;GOSPORT;GOSPORT;HAMPSHIRE;A;50798275;-1144299;South East;England;Gosport
{06C9F487-69D8-9388-E063-4804A8C0BD98};565000;3/08/2023;2023;8;3;SO15 5JB;SO15;Semi-Detached;Freehold;FALSO;SOUTHAMPTON;SOUTHAMPTON;SOUTHAMPTON;A;50914835;-141449;South East;England;Southampton
{06C9F487-69F1-9388-E063-4804A8C0BD98};785000;31/03/2023;2023;3;1;PO13 9NJ;PO13;Detached;Freehold;FALSO;LEE-ON-THE-SOLENT;FAREHAM;HAMPSHIRE;A;5080249;-1195665;South East;England;Gosport
{06C9F487-6A08-9388-E063-4804A8C0BD98};300000;25/08/2023;2023;8;3;SO40 3AZ;SO40;Semi-Detached;Freehold;FALSO;SOUTHAMPTON;NEW FOREST;HAMPSHIRE;A;50915681;-149976;South East;England;New Forest
{06C9F487-6A75-9388-E063-4804A8C0BD98};290000;11/08/2023;2023;8;3;PO10 7XG;PO10;Terraced;Freehold;FALSO;EMSWORTH;HAVANT;HAMPSHIRE;A;50846044;-921652;South East;England;Chichester
{06C9F487-6A76-9388-E063-4804A8C0BD98};260000;18/08/2023;2023;8;3;GU14 9JR;GU14;Terraced;Freehold;FALSO;FARNBOROUGH;RUSHMOOR;HAMPSHIRE;A;5129829;-750298;South East;England;Rushmoor
{06C9F487-6A9F-9388-E063-4804A8C0BD98};305000;8/09/2023;2023;9;3;SO16 6BJ;SO16;Detached;Freehold;FALSO;SOUTHAMPTON;SOUTHAMPTON;SOUTHAMPTON;A;50933789;-1451067;South East;England;Southampton
{06C9F487-6AE4-9388-E063-4804A8C0BD98};435000;3/04/2023;2023;4;2;RG24 8TS;RG24;Terraced;Freehold;FALSO;BASINGSTOKE;BASINGSTOKE AND DEANE;HAMPSHIRE;A;51290139;-1082024;South East;England;Basingstoke and Deane
{06C9F487-6B32-9388-E063-4804A8C0BD98};272120;21/08/2023;2023;8;3;SO15 3GL;SO15;Terraced;Freehold;FALSO;SOUTHAMPTON;SOUTHAMPTON;SOUTHAMPTON;A;50914835;-141449;South East;England;Southampton
{06C9F487-6B7F-9388-E063-4804A8C0BD98};50000;24/07/2023;2023;7;3;PO1 5ET;PO1;Flat/Maisonette;Leasehold;FALSO;PORTSMOUTH;PORTSMOUTH;PORTSMOUTH;A;50804596;-1070172;South East;England;Portsmouth
{06C9F487-6BAB-9388-E063-4804A8C0BD98};237500;9/08/2023;2023;8;3;SO19 8SY;SO19;Terraced;Freehold;FALSO;SOUTHAMPTON;SOUTHAMPTON;SOUTHAMPTON;A;50900232;-1360151;South East;England;Southampton
{06C9F487-6C92-9388-E063-4804A8C0BD98};330000;4/08/2023;2023;8;3;SO30 2RP;SO30;Terraced;Freehold;FALSO;SOUTHAMPTON;EASTLEIGH;HAMPSHIRE;A;50904896;-1301378;South East;England;Eastleigh
{06C9F487-6D19-9388-E063-4804A8C0BD98};325000;14/08/2023;2023;8;3;PO16 8QG;PO16;Semi-Detached;Freehold;FALSO;FAREHAM;FAREHAM;HAMPSHIRE;A;50852239;-1157545;South East;England;Fareham
{06C9F487-6F48-9388-E063-4804A8C0BD98};470000;31/03/2022;2022;3;1;RG29 1FU;RG29;Terraced;Freehold;VERDADERO;HOOK;HART;HAMPSHIRE;A;51255215;-939737;South East;England;Hart
{06C9F487-6F5C-9388-E063-4804A8C0BD98};700000;12/04/2022;2022;4;2;SO22 5BU;SO22;Terraced;Freehold;FALSO;WINCHESTER;WINCHESTER;HAMPSHIRE;A;51075623;-132015;South East;England;Winchester
{06C9F487-7084-9388-E063-4804A8C0BD98};154000;7/09/2023;2023;9;3;DN36 4NS;DN36;Semi-Detached;Freehold;FALSO;GRIMSBY;NORTH EAST LINCOLNSHIRE;NORTH EAST LINCOLNSHIRE;A;53526126;-28852;Yorkshire and The Humber;England;North East Lincolnshire
{06C9F487-70AA-9388-E063-4804A8C0BD98};140000;11/08/2023;2023;8;3;YO25 5DS;YO25;Terraced;Freehold;FALSO;DRIFFIELD;EAST RIDING OF YORKSHIRE;EAST RIDING OF YORKSHIRE;A;54000871;-444985;Yorkshire and The Humber;England;East Riding of Yorkshire
{06C9F487-70D3-9388-E063-4804A8C0BD98};210000;14/07/2023;2023;7;3;DN18 5AG;DN18;Detached;Freehold;FALSO;BARTON-UPON-HUMBER;NORTH LINCOLNSHIRE;NORTH LINCOLNSHIRE;A;53680342;-446151;Yorkshire and The Humber;England;North Lincolnshire
{06C9F487-710E-9388-E063-4804A8C0BD98};124950;4/08/2023;2023;8;3;HU5 5LE;HU5;Semi-Detached;Freehold;FALSO;HULL;CITY OF KINGSTON UPON HULL;CITY OF KINGSTON UPON HULL;A;53759429;-384891;Yorkshire and The Humber;England;Kingston upon Hull, City of
{06C9F487-713C-9388-E063-4804A8C0BD98};365000;1/08/2023;2023;8;3;DN15 9LH;DN15;Detached;Freehold;FALSO;SCUNTHORPE;NORTH LINCOLNSHIRE;NORTH LINCOLNSHIRE;A;53644185;-685987;Yorkshire and The Humber;England;North Lincolnshire
{06C9F487-7140-9388-E063-4804A8C0BD98};165000;25/07/2023;2023;7;3;HU5 1QA;HU5;Semi-Detached;Freehold;FALSO;HULL;CITY OF KINGSTON UPON HULL;CITY OF KINGSTON UPON HULL;A;53759429;-384891;Yorkshire and The Humber;England;Kingston upon Hull, City of
{06C9F487-71C2-9388-E063-4804A8C0BD98};120000;31/03/2023;2023;3;1;HU9 4NJ;HU9;Semi-Detached;Freehold;FALSO;HULL;CITY OF KINGSTON UPON HULL;CITY OF KINGSTON UPON HULL;A;53751435;-271902;Yorkshire and The Humber;England;Kingston upon Hull, City of
{06C9F487-725E-9388-E063-4804A8C0BD98};235000;30/06/2022;2022;6;2;HU7 3NR;HU7;Terraced;Freehold;VERDADERO;HULL;CITY OF KINGSTON UPON HULL;CITY OF KINGSTON UPON HULL;A;53779611;-322878;Yorkshire and The Humber;England;Kingston upon Hull, City of
{06C9F487-72D7-9388-E063-4804A8C0BD98};118000;28/04/2023;2023;4;2;HU5 5SG;HU5;Terraced;Freehold;FALSO;HULL;CITY OF KINGSTON UPON HULL;CITY OF KINGSTON UPON HULL;A;53759429;-384891;Yorkshire and The Humber;England;Kingston upon Hull, City of
{06C9F487-7337-9388-E063-4804A8C0BD98};105000;6/10/2022;2022;10;4;DY10 2BJ;DY10;Flat/Maisonette;Leasehold;FALSO;KIDDERMINSTER;WYRE FOREST;WORCESTERSHIRE;A;52393185;-2252885;West Midlands;England;Wyre Forest
{06C9F487-75ED-9388-E063-4804A8C0BD98};400000;25/08/2023;2023;8;3;TN10 4SD;TN10;Semi-Detached;Freehold;FALSO;TONBRIDGE;TONBRIDGE AND MALLING;KENT;A;51208056;289831;South East;England;Tonbridge and Malling
{06C9F487-7650-9388-E063-4804A8C0BD98};445000;24/07/2023;2023;7;3;ME2 1DH;ME2;Semi-Detached;Freehold;FALSO;ROCHESTER;MEDWAY;MEDWAY;A;51399751;495028;South East;England;Medway
{06C9F487-76C7-9388-E063-4804A8C0BD98};205000;21/07/2023;2023;7;3;ME5 7BH;ME5;Terraced;Freehold;FALSO;CHATHAM;MEDWAY;MEDWAY;A;51334501;540699;South East;England;Medway
{06C9F487-7784-9388-E063-4804A8C0BD98};630000;7/07/2023;2023;7;3;TN27 8QY;TN27;Semi-Detached;Freehold;FALSO;ASHFORD;ASHFORD;KENT;A;51186351;713839;South East;England;Ashford
{06C9F487-785B-9388-E063-4804A8C0BD98};323000;1/09/2023;2023;9;3;CT20 2QU;CT20;Flat/Maisonette;Leasehold;FALSO;FOLKESTONE;FOLKESTONE AND HYTHE;KENT;A;51082797;1160654;South East;England;Folkestone and Hythe
{06C9F487-7876-9388-E063-4804A8C0BD98};520000;18/08/2023;2023;8;3;CT10 2TG;CT10;Detached;Freehold;FALSO;BROADSTAIRS;THANET;KENT;A;51355077;1432334;South East;England;Thanet
{06C9F487-790A-9388-E063-4804A8C0BD98};450000;21/08/2023;2023;8;3;ME1 2RS;ME1;Semi-Detached;Freehold;FALSO;ROCHESTER;MEDWAY;MEDWAY;A;5136729;507789;South East;England;Medway
{06C9F487-79AA-9388-E063-4804A8C0BD98};218000;28/06/2023;2023;6;2;ME10 4EL;ME10;Flat/Maisonette;Leasehold;FALSO;SITTINGBOURNE;SWALE;KENT;A;51336186;745039;South East;England;Swale
{06C9F487-7A2D-9388-E063-4804A8C0BD98};101000;21/07/2023;2023;7;3;BL9 8DP;BL9;Flat/Maisonette;Leasehold;FALSO;BURY;BURY;GREATER MANCHESTER;A;53600024;-2291566;North West;England;Bury
{06C9F487-7AA6-9388-E063-4804A8C0BD98};250000;31/08/2023;2023;8;3;PR9 9YJ;PR9;Detached;Leasehold;FALSO;SOUTHPORT;SEFTON;MERSEYSIDE;A;53651503;-3003564;North West;England;Sefton
{06C9F487-7B09-9388-E063-4804A8C0BD98};83000;12/09/2023;2023;9;3;BL1 2NZ;BL1;Terraced;Freehold;FALSO;BOLTON;BOLTON;GREATER MANCHESTER;A;53610671;-2425087;North West;England;Bolton
{06C9F487-7C19-9388-E063-4804A8C0BD98};122000;7/08/2023;2023;8;3;FY1 6QG;FY1;Semi-Detached;Freehold;FALSO;BLACKPOOL;BLACKPOOL;BLACKPOOL;A;53825721;-3044093;North West;England;Blackpool
{06C9F487-7DC6-9388-E063-4804A8C0BD98};225000;28/07/2023;2023;7;3;BB18 6YP;BB18;Detached;Leasehold;FALSO;BARNOLDSWICK;PENDLE;LANCASHIRE;A;53918795;-2186495;North West;England;Pendle
{06C9F487-7E05-9388-E063-4804A8C0BD98};249950;4/07/2023;2023;7;3;LA1 4LH;LA1;Semi-Detached;Freehold;FALSO;LANCASTER;LANCASTER;LANCASHIRE;A;54036607;-2797782;North West;England;Lancaster
{06C9F487-7E5A-9388-E063-4804A8C0BD98};380000;21/07/2023;2023;7;3;PR4 6LW;PR4;Detached;Freehold;FALSO;PRESTON;WEST LANCASHIRE;LANCASHIRE;A;5372003;-2799674;North West;England;South Ribble
{06C9F487-7EA0-9388-E063-4804A8C0BD98};270000;30/06/2023;2023;6;2;BB4 7UN;BB4;Terraced;Leasehold;FALSO;ROSSENDALE;ROSSENDALE;LANCASHIRE;A;53724688;-2281019;North West;England;Rossendale
{06C9F487-7EB3-9388-E063-4804A8C0BD98};380000;9/08/2023;2023;8;3;BB12 7PY;BB12;Detached;Freehold;FALSO;BURNLEY;RIBBLE VALLEY;LANCASHIRE;A;53797879;-227612;North West;England;Burnley
{06C9F487-7F83-9388-E063-4804A8C0BD98};152995;6/12/2021;2021;12;4;FY8 2FU;FY8;Terraced;Freehold;VERDADERO;LYTHAM ST ANNES;FYLDE;LANCASHIRE;A;537533;-3001045;North West;England;Fylde
{06C9F487-802C-9388-E063-4804A8C0BD98};224399;14/04/2022;2022;4;2;BB6 7FS;BB6;Detached;Freehold;VERDADERO;BLACKBURN;HYNDBURN;LANCASHIRE;A;53788368;-2403646;North West;England;Hyndburn
{06C9F487-8069-9388-E063-4804A8C0BD98};96800;21/07/2022;2022;7;3;LA2 0PR;LA2;Flat/Maisonette;Leasehold;VERDADERO;LANCASTER;LANCASTER;LANCASHIRE;A;54075406;-2751959;North West;England;Lancaster
{06C9F487-812D-9388-E063-4804A8C0BD98};100000;1/09/2023;2023;9;3;PR6 0EX;PR6;Terraced;Leasehold;FALSO;CHORLEY;CHORLEY;LANCASHIRE;A;53690878;-2568938;North West;England;Chorley
{06C9F487-8275-9388-E063-4804A8C0BD98};170000;20/07/2023;2023;7;3;LN5 8ST;LN5;Semi-Detached;Freehold;FALSO;LINCOLN;LINCOLN;LINCOLNSHIRE;A;53100174;-529249;East Midlands;England;North Kesteven
{06C9F487-82DB-9388-E063-4804A8C0BD98};190000;24/08/2023;2023;8;3;LN4 1LR;LN4;Terraced;Freehold;FALSO;LINCOLN;NORTH KESTEVEN;LINCOLNSHIRE;A;53112047;-324217;East Midlands;England;North Kesteven
{06C9F487-8361-9388-E063-4804A8C0BD98};180000;23/08/2023;2023;8;3;PE12 9GZ;PE12;Semi-Detached;Freehold;FALSO;SPALDING;SOUTH HOLLAND;LINCOLNSHIRE;A;52742281;-127103;East Midlands;England;South Holland
{06C9F487-850D-9388-E063-4804A8C0BD98};3155000;26/07/2023;2023;7;3;SW6 6EN;SW6;Semi-Detached;Freehold;FALSO;LONDON;HAMMERSMITH AND FULHAM;GREATER LONDON;A;51486399;-199326;London;England;Hammersmith and Fulham
{06C9F487-852E-9388-E063-4804A8C0BD98};1300000;14/07/2023;2023;7;3;W6 8HE;W6;Terraced;Freehold;FALSO;LONDON;HAMMERSMITH AND FULHAM;GREATER LONDON;A;51487948;-216535;London;England;Hammersmith and Fulham
{06C9F487-858E-9388-E063-4804A8C0BD98};280000;14/07/2023;2023;7;3;LE4 3GE;LE4;Detached;Freehold;FALSO;LEICESTER;CHARNWOOD;LEICESTERSHIRE;A;52668154;-1139471;East Midlands;England;Leicester
{06C9F487-863D-9388-E063-4804A8C0BD98};175000;28/07/2023;2023;7;3;LE18 4NQ;LE18;Semi-Detached;Freehold;FALSO;WIGSTON;OADBY AND WIGSTON;LEICESTERSHIRE;A;52596261;-1117626;East Midlands;England;Oadby and Wigston
{06C9F487-8653-9388-E063-4804A8C0BD98};188000;9/08/2023;2023;8;3;LE15 6PL;LE15;Terraced;Freehold;FALSO;OAKHAM;RUTLAND;RUTLAND;A;52663014;-740563;East Midlands;England;Rutland
{06C9F487-868C-9388-E063-4804A8C0BD98};168000;8/09/2023;2023;9;3;LE7 7EU;LE7;Terraced;Leasehold;FALSO;LEICESTER;CHARNWOOD;LEICESTERSHIRE;A;52700189;-1089444;East Midlands;England;Charnwood
{06C9F487-86EF-9388-E063-4804A8C0BD98};385000;4/08/2023;2023;8;3;LE4 9FH;LE4;Semi-Detached;Freehold;FALSO;LEICESTER;LEICESTER;LEICESTER;A;52668154;-1139471;East Midlands;England;Leicester
{06C9F487-8824-9388-E063-4804A8C0BD98};589000;4/03/2022;2022;3;1;LE9 2DW;LE9;Detached;Freehold;VERDADERO;LEICESTER;BLABY;LEICESTERSHIRE;A;52577143;-1303046;East Midlands;England;Hinckley and Bosworth
{06C9F487-8847-9388-E063-4804A8C0BD98};476995;25/03/2022;2022;3;1;LE18 3YU;LE18;Detached;Freehold;VERDADERO;WIGSTON;OADBY AND WIGSTON;LEICESTERSHIRE;A;52596261;-1117626;East Midlands;England;Oadby and Wigston
{06C9F487-8862-9388-E063-4804A8C0BD98};210000;28/04/2022;2022;4;2;LE3 8FF;LE3;Semi-Detached;Freehold;FALSO;LEICESTER;BLABY;LEICESTERSHIRE;A;52626733;-1152826;East Midlands;England;Leicester
{06C9F487-8875-9388-E063-4804A8C0BD98};414995;26/05/2022;2022;5;2;LE18 3AN;LE18;Detached;Freehold;VERDADERO;WIGSTON;OADBY AND WIGSTON;LEICESTERSHIRE;A;52596261;-1117626;East Midlands;England;Oadby and Wigston
{06C9F487-8891-9388-E063-4804A8C0BD98};205596;1/08/2022;2022;8;3;LE13 0TQ;LE13;Terraced;Freehold;VERDADERO;MELTON MOWBRAY;MELTON;LEICESTERSHIRE;A;52757606;-888721;East Midlands;England;Melton
{06C9F487-8B37-9388-E063-4804A8C0BD98};130000;11/03/2022;2022;3;1;OL4 3FW;OL4;Flat/Maisonette;Leasehold;VERDADERO;OLDHAM;OLDHAM;GREATER MANCHESTER;A;53538735;-208497;North West;England;Oldham
{06C9F487-8B65-9388-E063-4804A8C0BD98};146500;25/03/2022;2022;3;1;M33 7GS;M33;Flat/Maisonette;Leasehold;VERDADERO;SALE;TRAFFORD;GREATER MANCHESTER;A;53430922;-2317727;North West;England;Trafford
{06C9F487-8C17-9388-E063-4804A8C0BD98};170000;28/01/2022;2022;1;1;M40 3QH;M40;Semi-Detached;Leasehold;FALSO;MANCHESTER;MANCHESTER;GREATER MANCHESTER;A;53489649;-221429;North West;England;Manchester
{06C9F487-8C28-9388-E063-4804A8C0BD98};310000;16/09/2022;2022;9;3;M1 2EY;M1;Flat/Maisonette;Leasehold;VERDADERO;MANCHESTER;MANCHESTER;GREATER MANCHESTER;A;53483028;-2231782;North West;England;Manchester
{06C9F487-8C8F-9388-E063-4804A8C0BD98};185000;1/09/2023;2023;9;3;M16 8AB;M16;Flat/Maisonette;Leasehold;FALSO;MANCHESTER;MANCHESTER;GREATER MANCHESTER;A;53458378;-225168;North West;England;Manchester
{06C9F487-8CEA-9388-E063-4804A8C0BD98};525000;19/07/2023;2023;7;3;M41 8SA;M41;Detached;Freehold;FALSO;MANCHESTER;TRAFFORD;GREATER MANCHESTER;A;53459349;-2368918;North West;England;Trafford
{06C9F487-8D87-9388-E063-4804A8C0BD98};188000;17/12/2021;2021;12;4;B29 6WR;B29;Flat/Maisonette;Leasehold;VERDADERO;BIRMINGHAM;BIRMINGHAM;WEST MIDLANDS;A;52444802;-1962846;West Midlands;England;Birmingham
{06C9F487-8D91-9388-E063-4804A8C0BD98};170000;27/01/2022;2022;1;1;B29 6GU;B29;Flat/Maisonette;Leasehold;VERDADERO;BIRMINGHAM;BIRMINGHAM;WEST MIDLANDS;A;52444802;-1962846;West Midlands;England;Birmingham
{06C9F487-8D95-9388-E063-4804A8C0BD98};135000;14/01/2022;2022;1;1;B64 7LR;B64;Flat/Maisonette;Leasehold;VERDADERO;CRADLEY HEATH;SANDWELL;WEST MIDLANDS;A;52468188;-2055328;West Midlands;England;Sandwell
{06C9F487-8E10-9388-E063-4804A8C0BD98};140000;12/01/2022;2022;1;1;B64 7LR;B64;Flat/Maisonette;Leasehold;VERDADERO;CRADLEY HEATH;SANDWELL;WEST MIDLANDS;A;52468188;-2055328;West Midlands;England;Sandwell
{06C9F487-8E41-9388-E063-4804A8C0BD98};55861;28/06/2022;2022;6;2;WV11 3FB;WV11;Semi-Detached;Leasehold;VERDADERO;WOLVERHAMPTON;WOLVERHAMPTON;WEST MIDLANDS;A;52614089;-206365;West Midlands;England;Wolverhampton
{06C9F487-8F58-9388-E063-4804A8C0BD98};120000;10/03/2023;2023;3;1;L19 8LH;L19;Terraced;Freehold;FALSO;LIVERPOOL;LIVERPOOL;MERSEYSIDE;A;53358575;-2904877;North West;England;Liverpool
{06C9F487-90B0-9388-E063-4804A8C0BD98};300000;10/07/2023;2023;7;3;L31 6BX;L31;Semi-Detached;Freehold;FALSO;LIVERPOOL;SEFTON;MERSEYSIDE;A;53510885;-2941655;North West;England;Sefton
{06C9F487-90D1-9388-E063-4804A8C0BD98};182500;15/09/2023;2023;9;3;CH62 6HB;CH62;Flat/Maisonette;Leasehold;FALSO;WIRRAL;WIRRAL;MERSEYSIDE;A;53327324;-2981781;North West;England;Wirral
{06C9F487-910B-9388-E063-4804A8C0BD98};110000;18/08/2023;2023;8;3;CH44 4EF;CH44;Terraced;Freehold;FALSO;WALLASEY;WIRRAL;MERSEYSIDE;A;53407744;-3018893;North West;England;Wirral
{06C9F487-9185-9388-E063-4804A8C0BD98};110000;3/07/2023;2023;7;3;L11 2WX;L11;Semi-Detached;Freehold;FALSO;LIVERPOOL;LIVERPOOL;MERSEYSIDE;A;53435735;-2923811;North West;England;Liverpool
{06C9F487-91B2-9388-E063-4804A8C0BD98};326000;28/04/2023;2023;4;2;L18 2EW;L18;Terraced;Freehold;FALSO;LIVERPOOL;LIVERPOOL;MERSEYSIDE;A;53386768;-2915052;North West;England;Liverpool
{06C9F487-9208-9388-E063-4804A8C0BD98};314000;3/05/2023;2023;5;2;CH48 0RR;CH48;Flat/Maisonette;Leasehold;FALSO;WIRRAL;WIRRAL;MERSEYSIDE;A;53365854;-3157929;North West;England;Wirral
{06C9F487-9295-9388-E063-4804A8C0BD98};235000;4/04/2022;2022;4;2;L31 7BP;L31;Semi-Detached;Freehold;FALSO;LIVERPOOL;SEFTON;MERSEYSIDE;A;53510885;-2941655;North West;England;Sefton
{06C9F487-92D0-9388-E063-4804A8C0BD98};437000;23/05/2023;2023;5;2;PR8 2RB;PR8;Detached;Leasehold;FALSO;SOUTHPORT;SEFTON;MERSEYSIDE;A;53593282;-3046891;North West;England;Sefton
{06C9F487-9316-9388-E063-4804A8C0BD98};675000;9/08/2023;2023;8;3;CH48 7EQ;CH48;Detached;Freehold;FALSO;WIRRAL;WIRRAL;MERSEYSIDE;A;53365854;-3157929;North West;England;Wirral
{06C9F487-9326-9388-E063-4804A8C0BD98};88500;18/08/2023;2023;8;3;CH41 8AR;CH41;Terraced;Freehold;FALSO;BIRKENHEAD;WIRRAL;MERSEYSIDE;A;5339424;-3014977;North West;England;Wirral
{06C9F487-9351-9388-E063-4804A8C0BD98};925000;1/09/2023;2023;9;3;HA5 5HW;HA5;Semi-Detached;Freehold;FALSO;PINNER;HARROW;GREATER LONDON;A;51585392;-376456;London;England;Harrow
{06C9F487-940D-9388-E063-4804A8C0BD98};620000;7/09/2023;2023;9;3;W7 3JD;W7;Terraced;Freehold;FALSO;LONDON;EALING;GREATER LONDON;A;51505633;-336943;London;England;Ealing
{06C9F487-9427-9388-E063-4804A8C0BD98};1850000;11/08/2023;2023;8;3;N6 4ST;N6;Semi-Detached;Freehold;FALSO;LONDON;HARINGEY;GREATER LONDON;A;51576516;-136117;London;England;Haringey
{06C9F487-9441-9388-E063-4804A8C0BD98};955000;28/07/2023;2023;7;3;W13 0JE;W13;Terraced;Freehold;FALSO;LONDON;EALING;GREATER LONDON;A;5150409;-316999;London;England;Ealing
{06C9F487-954D-9388-E063-4804A8C0BD98};198500;15/09/2023;2023;9;3;NE25 0SR;NE25;Semi-Detached;Leasehold;FALSO;WHITLEY BAY;NORTHUMBERLAND;NORTHUMBERLAND;A;55045708;-1477302;North East;England;North Tyneside
{06C9F487-9591-9388-E063-4804A8C0BD98};320000;16/05/2022;2022;5;2;NE61 1JB;NE61;Semi-Detached;Freehold;FALSO;MORPETH;NORTHUMBERLAND;NORTHUMBERLAND;A;55161368;-1695212;North East;England;Northumberland
{06C9F487-96B3-9388-E063-4804A8C0BD98};1111000;28/04/2023;2023;4;2;W4 2JX;W4;Terraced;Freehold;FALSO;LONDON;HOUNSLOW;GREATER LONDON;A;51496494;-270832;London;England;Ealing
{06C9F487-96D8-9388-E063-4804A8C0BD98};1050000;24/08/2023;2023;8;3;HA8 7QU;HA8;Semi-Detached;Freehold;FALSO;EDGWARE;HARROW;GREATER LONDON;A;51623247;-288294;London;England;Barnet
{06C9F487-9702-9388-E063-4804A8C0BD98};910000;30/08/2023;2023;8;3;HA6 1PY;HA6;Detached;Freehold;FALSO;NORTHWOOD;HILLINGDON;GREATER LONDON;A;51605629;-420255;London;England;Hillingdon
{06C9F487-9714-9388-E063-4804A8C0BD98};655000;18/08/2023;2023;8;3;W13 0SP;W13;Semi-Detached;Freehold;FALSO;LONDON;EALING;GREATER LONDON;A;5150409;-316999;London;England;Ealing
{06C9F487-977C-9388-E063-4804A8C0BD98};710000;25/08/2023;2023;8;3;N14 5AY;N14;Terraced;Freehold;FALSO;LONDON;BARNET;GREATER LONDON;A;51629147;-125305;London;England;Enfield
{06C9F487-97E5-9388-E063-4804A8C0BD98};1495000;11/08/2023;2023;8;3;W10 6PS;W10;Terraced;Freehold;FALSO;LONDON;KENSINGTON AND CHELSEA;GREATER LONDON;A;51517404;-219247;London;England;Kensington and Chelsea
{06C9F487-9846-9388-E063-4804A8C0BD98};509000;23/08/2023;2023;8;3;RM11 1AF;RM11;Semi-Detached;Freehold;FALSO;HORNCHURCH;HAVERING;GREATER LONDON;A;51565732;213793;London;England;Havering
{06C9F487-9948-9388-E063-4804A8C0BD98};350000;25/08/2023;2023;8;3;NR7 8DB;NR7;Semi-Detached;Freehold;FALSO;NORWICH;BROADLAND;NORFOLK;A;52661231;1322772;East of England;England;Broadland
{06C9F487-9A56-9388-E063-4804A8C0BD98};210000;22/08/2023;2023;8;3;NR11 6HX;NR11;Terraced;Freehold;FALSO;NORWICH;BROADLAND;NORFOLK;A;52789714;12314;East of England;England;Broadland
{06C9F487-9B01-9388-E063-4804A8C0BD98};105000;25/08/2023;2023;8;3;IP24 3BF;IP24;Flat/Maisonette;Leasehold;FALSO;THETFORD;BRECKLAND;NORFOLK;A;52417837;747503;East of England;England;Breckland
{06C9F487-9B53-9388-E063-4804A8C0BD98};395000;24/08/2023;2023;8;3;NR12 0HE;NR12;Semi-Detached;Freehold;FALSO;NORWICH;NORTH NORFOLK;NORFOLK;A;52772666;151264;East of England;England;North Norfolk
{06C9F487-9BE5-9388-E063-4804A8C0BD98};201500;6/01/2022;2022;1;1;NR12 0HQ;NR12;Semi-Detached;Freehold;FALSO;NORWICH;NORTH NORFOLK;NORFOLK;A;52772666;151264;East of England;England;North Norfolk
{06C9F487-9C9E-9388-E063-4804A8C0BD98};330000;29/07/2022;2022;7;3;NR14 8DT;NR14;Detached;Freehold;VERDADERO;NORWICH;SOUTH NORFOLK;NORFOLK;A;52569066;1293346;East of England;England;South Norfolk
{06C9F487-9D58-9388-E063-4804A8C0BD98};261000;31/08/2023;2023;8;3;NR8 5AS;NR8;Semi-Detached;Freehold;FALSO;NORWICH;SOUTH NORFOLK;NORFOLK;A;5266741;1183932;East of England;England;South Norfolk
{06C9F487-9D8C-9388-E063-4804A8C0BD98};365000;15/08/2023;2023;8;3;NN4 0SY;NN4;Detached;Freehold;FALSO;NORTHAMPTON;WEST NORTHAMPTONSHIRE;WEST NORTHAMPTONSHIRE;A;52206321;-893765;East Midlands;England;West Northamptonshire
{06C9F487-9E15-9388-E063-4804A8C0BD98};170000;8/09/2023;2023;9;3;NN15 7AX;NN15;Terraced;Freehold;FALSO;KETTERING;NORTH NORTHAMPTONSHIRE;NORTH NORTHAMPTONSHIRE;A;52390401;-722145;East Midlands;England;North Northamptonshire
{06C9F487-9E17-9388-E063-4804A8C0BD98};240000;14/04/2023;2023;4;2;NN2 8QQ;NN2;Semi-Detached;Freehold;FALSO;NORTHAMPTON;WEST NORTHAMPTONSHIRE;WEST NORTHAMPTONSHIRE;A;52267926;-912105;East Midlands;England;West Northamptonshire
{06C9F487-9E1E-9388-E063-4804A8C0BD98};371000;11/08/2023;2023;8;3;NN11 0XP;NN11;Detached;Freehold;FALSO;DAVENTRY;WEST NORTHAMPTONSHIRE;WEST NORTHAMPTONSHIRE;A;52276505;-1152548;East Midlands;England;West Northamptonshire
{06C9F487-9E2F-9388-E063-4804A8C0BD98};450000;18/08/2023;2023;8;3;NN11 3QS;NN11;Detached;Freehold;FALSO;DAVENTRY;WEST NORTHAMPTONSHIRE;WEST NORTHAMPTONSHIRE;A;52276505;-1152548;East Midlands;England;West Northamptonshire
{06C9F487-9F23-9388-E063-4804A8C0BD98};242000;24/07/2023;2023;7;3;NN8 5YG;NN8;Terraced;Freehold;FALSO;WELLINGBOROUGH;NORTH NORTHAMPTONSHIRE;NORTH NORTHAMPTONSHIRE;A;52302877;-685432;East Midlands;England;North Northamptonshire
{06C9F487-9FE2-9388-E063-4804A8C0BD98};275000;29/01/2022;2022;1;1;NN9 6XB;NN9;Semi-Detached;Freehold;VERDADERO;WELLINGBOROUGH;NORTH NORTHAMPTONSHIRE;NORTH NORTHAMPTONSHIRE;A;52337451;-658546;East Midlands;England;North Northamptonshire
{06C9F487-A085-9388-E063-4804A8C0BD98};289995;9/12/2022;2022;12;4;NN10 6FX;NN10;Semi-Detached;Freehold;VERDADERO;RUSHDEN;NORTH NORTHAMPTONSHIRE;NORTH NORTHAMPTONSHIRE;A;52292513;-610974;East Midlands;England;North Northamptonshire
{06C9F487-A0FB-9388-E063-4804A8C0BD98};214000;11/08/2023;2023;8;3;NN17 2NF;NN17;Semi-Detached;Freehold;FALSO;CORBY;NORTH NORTHAMPTONSHIRE;NORTH NORTHAMPTONSHIRE;A;52494522;-642931;East Midlands;England;North Northamptonshire
{06C9F487-A2A2-9388-E063-4804A8C0BD98};315000;3/03/2023;2023;3;1;NG3 6GW;NG3;Detached;Freehold;FALSO;NOTTINGHAM;GEDLING;NOTTINGHAMSHIRE;A;5296734;-1118449;East Midlands;England;Gedling
{06C9F487-A2F1-9388-E063-4804A8C0BD98};300000;10/08/2023;2023;8;3;NG5 1QJ;NG5;Detached;Freehold;FALSO;NOTTINGHAM;CITY OF NOTTINGHAM;CITY OF NOTTINGHAM;A;53010165;-1109872;East Midlands;England;Gedling
{06C9F487-A2FD-9388-E063-4804A8C0BD98};515000;31/08/2023;2023;8;3;NG3 6AJ;NG3;Detached;Freehold;FALSO;NOTTINGHAM;GEDLING;NOTTINGHAMSHIRE;A;5296734;-1118449;East Midlands;England;Gedling
{06C9F487-A3B9-9388-E063-4804A8C0BD98};165000;31/03/2023;2023;3;1;NG17 9BH;NG17;Semi-Detached;Freehold;FALSO;NOTTINGHAM;ASHFIELD;NOTTINGHAMSHIRE;A;53116026;-1263148;East Midlands;England;Ashfield
{06C9F487-A493-9388-E063-4804A8C0BD98};180000;29/07/2022;2022;7;3;NG17 7FF;NG17;Detached;Freehold;FALSO;NOTTINGHAM;ASHFIELD;NOTTINGHAMSHIRE;A;53116026;-1263148;East Midlands;England;Ashfield
{06C9F487-A49E-9388-E063-4804A8C0BD98};381950;19/08/2022;2022;8;3;NG11 6RU;NG11;Detached;Freehold;VERDADERO;NOTTINGHAM;RUSHCLIFFE;NOTTINGHAMSHIRE;A;52915357;-1163748;East Midlands;England;Nottingham
{06C9F487-A501-9388-E063-4804A8C0BD98};300000;11/08/2023;2023;8;3;NG9 2QR;NG9;Semi-Detached;Freehold;FALSO;NOTTINGHAM;BROXTOWE;NOTTINGHAMSHIRE;A;52921358;-1205159;East Midlands;England;Broxtowe
{06C9F487-A5A5-9388-E063-4804A8C0BD98};350000;13/04/2023;2023;4;2;YO51 9NW;YO51;Detached;Freehold;FALSO;YORK;NORTH YORKSHIRE;NORTH YORKSHIRE;A;54059502;-1362459;Yorkshire and The Humber;England;North Yorkshire
{06C9F487-A5CD-9388-E063-4804A8C0BD98};178000;18/08/2023;2023;8;3;YO17 7HD;YO17;Terraced;Freehold;FALSO;MALTON;NORTH YORKSHIRE;NORTH YORKSHIRE;A;54124513;-52102;Yorkshire and The Humber;England;North Yorkshire
{06C9F487-A5EC-9388-E063-4804A8C0BD98};325000;31/07/2023;2023;7;3;YO13 9HW;YO13;Detached;Freehold;FALSO;SCARBOROUGH;NORTH YORKSHIRE;NORTH YORKSHIRE;A;54299319;-458122;Yorkshire and The Humber;England;North Yorkshire
{06C9F487-A63A-9388-E063-4804A8C0BD98};150000;30/03/2022;2022;3;1;DL10 5DU;DL10;Terraced;Freehold;FALSO;RICHMOND;NORTH YORKSHIRE;NORTH YORKSHIRE;A;54472809;-1693895;Yorkshire and The Humber;England;North Yorkshire
{06C9F487-A6B0-9388-E063-4804A8C0BD98};455000;14/12/2022;2022;12;4;HG2 0HR;HG2;Flat/Maisonette;Leasehold;FALSO;HARROGATE;NORTH YORKSHIRE;NORTH YORKSHIRE;A;53989048;-1549754;Yorkshire and The Humber;England;North Yorkshire
{06C9F487-A6FF-9388-E063-4804A8C0BD98};225000;14/04/2023;2023;4;2;YO22 5DJ;YO22;Semi-Detached;Freehold;FALSO;WHITBY;NORTH YORKSHIRE;NORTH YORKSHIRE;A;54488591;-611905;Yorkshire and The Humber;England;North Yorkshire
{06C9F487-A711-9388-E063-4804A8C0BD98};315000;14/08/2023;2023;8;3;YO19 4RS;YO19;Semi-Detached;Freehold;FALSO;YORK;YORK;YORK;A;53965795;-973742;Yorkshire and The Humber;England;York
{06C9F487-A71D-9388-E063-4804A8C0BD98};414000;14/07/2023;2023;7;3;HG2 8DS;HG2;Semi-Detached;Freehold;FALSO;HARROGATE;NORTH YORKSHIRE;NORTH YORKSHIRE;A;53989048;-1549754;Yorkshire and The Humber;England;North Yorkshire
{06C9F487-A784-9388-E063-4804A8C0BD98};499995;28/07/2023;2023;7;3;HG5 0UJ;HG5;Detached;Freehold;FALSO;KNARESBOROUGH;NORTH YORKSHIRE;NORTH YORKSHIRE;A;54017907;-1466036;Yorkshire and The Humber;England;North Yorkshire
{06C9F487-A844-9388-E063-4804A8C0BD98};390000;11/03/2022;2022;3;1;YO30 5QS;YO30;Detached;Freehold;FALSO;YORK;YORK;YORK;A;53968259;-1096078;Yorkshire and The Humber;England;York
{06C9F487-A943-9388-E063-4804A8C0BD98};330499;3/07/2023;2023;7;3;DL8 5DA;DL8;Semi-Detached;Freehold;FALSO;LEYBURN;NORTH YORKSHIRE;NORTH YORKSHIRE;A;54333843;-1626875;Yorkshire and The Humber;England;North Yorkshire
{06C9F487-A9D9-9388-E063-4804A8C0BD98};490000;17/08/2023;2023;8;3;OX14 5NS;OX14;Detached;Freehold;FALSO;ABINGDON;VALE OF WHITE HORSE;OXFORDSHIRE;A;51685438;-1267788;South East;England;Vale of White Horse
{06C9F487-AA0D-9388-E063-4804A8C0BD98};617500;16/08/2023;2023;8;3;OX1 4SZ;OX1;Terraced;Freehold;FALSO;OXFORD;OXFORD;OXFORDSHIRE;A;51738234;-1254639;South East;England;Oxford
{06C9F487-AA5E-9388-E063-4804A8C0BD98};435000;24/07/2023;2023;7;3;OX15 6PH;OX15;Terraced;Freehold;FALSO;BANBURY;CHERWELL;OXFORDSHIRE;A;5200904;-1399328;South East;England;Cherwell
{06C9F487-AAB0-9388-E063-4804A8C0BD98};137500;1/09/2023;2023;9;3;OX18 3HD;OX18;Flat/Maisonette;Leasehold;FALSO;CARTERTON;WEST OXFORDSHIRE;OXFORDSHIRE;A;51770993;-1585169;South East;England;West Oxfordshire
{06C9F487-AB61-9388-E063-4804A8C0BD98};767500;18/03/2022;2022;3;1;OX29 6AF;OX29;Detached;Freehold;VERDADERO;WITNEY;WEST OXFORDSHIRE;OXFORDSHIRE;A;51820984;-1392935;South East;England;West Oxfordshire
{06C9F487-AB8A-9388-E063-4804A8C0BD98};575000;21/04/2022;2022;4;2;OX5 2EG;OX5;Semi-Detached;Freehold;FALSO;KIDLINGTON;CHERWELL;OXFORDSHIRE;A;5183087;-1301219;South East;England;Cherwell
{06C9F487-ABCF-9388-E063-4804A8C0BD98};689999;30/06/2022;2022;6;2;OX14 4SQ;OX14;Detached;Freehold;VERDADERO;ABINGDON;SOUTH OXFORDSHIRE;OXFORDSHIRE;A;51685438;-1267788;South East;England;Vale of White Horse
{06C9F487-ABDA-9388-E063-4804A8C0BD98};490000;12/08/2022;2022;8;3;OX13 6GN;OX13;Detached;Freehold;VERDADERO;ABINGDON;VALE OF WHITE HORSE;OXFORDSHIRE;A;51678659;-142485;South East;England;Vale of White Horse
{06C9F487-ACEC-9388-E063-4804A8C0BD98};370000;18/08/2023;2023;8;3;BR5 4HY;BR5;Semi-Detached;Freehold;FALSO;ORPINGTON;BROMLEY;GREATER LONDON;A;51392327;115484;London;England;Bromley
{06C9F487-AD2A-9388-E063-4804A8C0BD98};785000;4/05/2023;2023;5;2;GU1 3QQ;GU1;Terraced;Freehold;FALSO;GUILDFORD;GUILDFORD;SURREY;A;51236855;-558175;South East;England;Guildford
{06C9F487-AD31-9388-E063-4804A8C0BD98};390000;2/05/2023;2023;5;2;DA8 1DT;DA8;Semi-Detached;Freehold;FALSO;ERITH;BEXLEY;GREATER LONDON;A;51484994;170386;London;England;Bexley
{06C9F487-AE24-9388-E063-4804A8C0BD98};88000;4/09/2023;2023;9;3;ST4 3HE;ST4;Terraced;Freehold;FALSO;STOKE-ON-TRENT;STOKE-ON-TRENT;STOKE-ON-TRENT;A;52990985;-2194636;West Midlands;England;Stoke-on-Trent
{06C9F487-AF4B-9388-E063-4804A8C0BD98};178000;14/08/2023;2023;8;3;ST5 2NA;ST5;Semi-Detached;Freehold;FALSO;NEWCASTLE;NEWCASTLE-UNDER-LYME;STAFFORDSHIRE;A;53006881;-2218567;West Midlands;England;Newcastle-under-Lyme
{06C9F487-B021-9388-E063-4804A8C0BD98};211000;14/09/2023;2023;9;3;ST5 2GR;ST5;Semi-Detached;Freehold;FALSO;NEWCASTLE;NEWCASTLE-UNDER-LYME;STAFFORDSHIRE;A;53006881;-2218567;West Midlands;England;Newcastle-under-Lyme
{06C9F487-B0F2-9388-E063-4804A8C0BD98};223500;4/03/2022;2022;3;1;WS12 3HB;WS12;Detached;Freehold;FALSO;CANNOCK;CANNOCK CHASE;STAFFORDSHIRE;A;52718288;-201689;West Midlands;England;Cannock Chase
{06C9F487-B133-9388-E063-4804A8C0BD98};150000;5/09/2023;2023;9;3;ST5 0PU;ST5;Semi-Detached;Freehold;FALSO;NEWCASTLE;NEWCASTLE-UNDER-LYME;STAFFORDSHIRE;A;53006881;-2218567;West Midlands;England;Newcastle-under-Lyme
{06C9F487-B141-9388-E063-4804A8C0BD98};255600;30/06/2022;2022;6;2;WS12 4WN;WS12;Semi-Detached;Freehold;VERDADERO;CANNOCK;CANNOCK CHASE;STAFFORDSHIRE;A;52718288;-201689;West Midlands;England;Cannock Chase
{06C9F487-B1A1-9388-E063-4804A8C0BD98};235000;28/10/2022;2022;10;4;B78 3FY;B78;Semi-Detached;Freehold;VERDADERO;TAMWORTH;TAMWORTH;STAFFORDSHIRE;A;52612406;-1609942;West Midlands;England;North Warwickshire
{06C9F487-B235-9388-E063-4804A8C0BD98};517000;2/08/2023;2023;8;3;DA5 1EQ;DA5;Semi-Detached;Freehold;FALSO;BEXLEY;BEXLEY;GREATER LONDON;A;51443129;142151;London;England;Bexley
{06C9F487-B246-9388-E063-4804A8C0BD98};365000;23/08/2023;2023;8;3;DA8 3EQ;DA8;Terraced;Freehold;FALSO;ERITH;BEXLEY;GREATER LONDON;A;51484994;170386;London;England;Bexley
{06C9F487-B2C2-9388-E063-4804A8C0BD98};1070000;14/09/2021;2021;9;3;TW9 2HH;TW9;Terraced;Freehold;FALSO;RICHMOND;RICHMOND UPON THAMES;GREATER LONDON;A;51478137;-277978;London;England;Richmond upon Thames
{06C9F487-B31F-9388-E063-4804A8C0BD98};650000;27/07/2023;2023;7;3;SW16 1RL;SW16;Terraced;Freehold;FALSO;LONDON;WANDSWORTH;GREATER LONDON;A;51425463;-143319;London;England;Wandsworth
{06C9F487-B499-9388-E063-4804A8C0BD98};355000;3/08/2023;2023;8;3;BR4 0JT;BR4;Flat/Maisonette;Leasehold;FALSO;WEST WICKHAM;BROMLEY;GREATER LONDON;A;51382035;-2144;London;England;Bromley
{06C9F487-B4F2-9388-E063-4804A8C0BD98};672500;27/07/2023;2023;7;3;KT4 8FL;KT4;Terraced;Freehold;FALSO;WORCESTER PARK;SUTTON;GREATER LONDON;A;51382496;-22696;London;England;Sutton
{06C9F487-B5A0-9388-E063-4804A8C0BD98};350000;22/02/2022;2022;2;1;DA5 3QJ;DA5;Flat/Maisonette;Leasehold;FALSO;BEXLEY;BEXLEY;GREATER LONDON;A;51443129;142151;London;England;Bexley
{06C9F487-B621-9388-E063-4804A8C0BD98};353000;22/12/2021;2021;12;4;KT3 3FG;KT3;Flat/Maisonette;Leasehold;VERDADERO;NEW MALDEN;KINGSTON UPON THAMES;GREATER LONDON;A;5140737;-261198;London;England;Kingston upon Thames
{06C9F487-B6BA-9388-E063-4804A8C0BD98};399995;10/05/2023;2023;5;2;CR8 1AL;CR8;Flat/Maisonette;Leasehold;VERDADERO;PURLEY;CROYDON;GREATER LONDON;A;5133776;-118166;London;England;Croydon
{06C9F487-B718-9388-E063-4804A8C0BD98};380000;29/08/2023;2023;8;3;PO11 9FP;PO11;Semi-Detached;Freehold;FALSO;HAYLING ISLAND;HAVANT;HAMPSHIRE;A;50781047;-963799;South East;England;Havant
{06C9F487-B7B5-9388-E063-4804A8C0BD98};525000;31/08/2023;2023;8;3;IP21 4AQ;IP21;Detached;Freehold;FALSO;DISS;MID SUFFOLK;SUFFOLK;A;524201;1248202;East of England;England;South Norfolk
{06C9F487-B7BF-9388-E063-4804A8C0BD98};480000;4/09/2023;2023;9;3;IP31 3TF;IP31;Detached;Freehold;FALSO;BURY ST EDMUNDS;MID SUFFOLK;SUFFOLK;A;52275418;930597;East of England;England;Mid Suffolk
{06C9F487-B7CE-9388-E063-4804A8C0BD98};190000;11/08/2023;2023;8;3;IP32 6QZ;IP32;Terraced;Freehold;FALSO;BURY ST EDMUNDS;WEST SUFFOLK;SUFFOLK;A;52256417;695501;East of England;England;West Suffolk
{06C9F487-B80D-9388-E063-4804A8C0BD98};246462;4/07/2023;2023;7;3;CB8 0JB;CB8;Terraced;Freehold;FALSO;NEWMARKET;WEST SUFFOLK;SUFFOLK;A;52243285;39898;East of England;England;West Suffolk
{06C9F487-B8E3-9388-E063-4804A8C0BD98};310000;14/07/2023;2023;7;3;CO10 1QW;CO10;Terraced;Freehold;FALSO;SUDBURY;BABERGH;SUFFOLK;A;52041557;727426;East of England;England;Babergh
{06C9F487-B90B-9388-E063-4804A8C0BD98};470000;1/09/2023;2023;9;3;IP3 9UZ;IP3;Detached;Freehold;FALSO;IPSWICH;IPSWICH;SUFFOLK;A;52049897;1175872;East of England;England;Ipswich
{06C9F487-B98B-9388-E063-4804A8C0BD98};230000;28/02/2022;2022;2;1;NR33 7QF;NR33;Semi-Detached;Freehold;FALSO;LOWESTOFT;EAST SUFFOLK;SUFFOLK;A;52467446;1740933;East of England;England;East Suffolk
{06C9F487-B9AF-9388-E063-4804A8C0BD98};330000;4/03/2022;2022;3;1;IP31 3TU;IP31;Terraced;Freehold;VERDADERO;BURY ST EDMUNDS;MID SUFFOLK;SUFFOLK;A;52275418;930597;East of England;England;Mid Suffolk
{06C9F487-B9FC-9388-E063-4804A8C0BD98};277000;10/06/2022;2022;6;2;IP32 6TW;IP32;Semi-Detached;Freehold;VERDADERO;BURY ST EDMUNDS;WEST SUFFOLK;SUFFOLK;A;52256417;695501;East of England;England;West Suffolk
{06C9F487-BA40-9388-E063-4804A8C0BD98};280000;16/08/2022;2022;8;3;IP32 7QG;IP32;Semi-Detached;Freehold;VERDADERO;BURY ST EDMUNDS;WEST SUFFOLK;SUFFOLK;A;52256417;695501;East of England;England;West Suffolk
{06C9F487-BA83-9388-E063-4804A8C0BD98};370000;27/06/2022;2022;6;2;IP32 7QR;IP32;Detached;Freehold;VERDADERO;BURY ST EDMUNDS;WEST SUFFOLK;SUFFOLK;A;52256417;695501;East of England;England;West Suffolk
{06C9F487-BBDB-9388-E063-4804A8C0BD98};320000;15/08/2023;2023;8;3;TF4 3FG;TF4;Detached;Freehold;FALSO;TELFORD;WREKIN;WREKIN;A;52674069;-2472178;West Midlands;England;Telford and Wrekin
{06C9F487-BBFD-9388-E063-4804A8C0BD98};282250;25/08/2023;2023;8;3;SY2 6FU;SY2;Terraced;Freehold;FALSO;SHREWSBURY;SHROPSHIRE;SHROPSHIRE;A;52711481;-2715218;West Midlands;England;Shropshire
{06C9F487-BC89-9388-E063-4804A8C0BD98};232500;25/07/2022;2022;7;3;TF6 5FE;TF6;Terraced;Freehold;VERDADERO;TELFORD;WREKIN;WREKIN;A;52758837;-2546488;West Midlands;England;Telford and Wrekin
{06C9F487-BCAB-9388-E063-4804A8C0BD98};407400;25/11/2022;2022;11;4;TF4 3GS;TF4;Detached;Freehold;VERDADERO;TELFORD;WREKIN;WREKIN;A;52674069;-2472178;West Midlands;England;Telford and Wrekin
{06C9F487-BDDE-9388-E063-4804A8C0BD98};215000;8/09/2023;2023;9;3;TA4 1JD;TA4;Terraced;Freehold;FALSO;TAUNTON;SOMERSET;SOMERSET;A;51044472;-3311741;South West;England;Somerset
{06C9F487-BE02-9388-E063-4804A8C0BD98};475000;15/08/2023;2023;8;3;BS27 3XP;BS27;Detached;Freehold;FALSO;CHEDDAR;SOMERSET;SOMERSET;A;51276377;-2778311;South West;England;Somerset
{06C9F487-BE57-9388-E063-4804A8C0BD98};595000;8/09/2023;2023;9;3;TA8 2PG;TA8;Detached;Freehold;FALSO;BURNHAM-ON-SEA;SOMERSET;SOMERSET;A;51229055;-2978938;South West;England;Somerset
{06C9F487-BEDF-9388-E063-4804A8C0BD98};465000;29/07/2022;2022;7;3;BA2 5BH;BA2;Semi-Detached;Freehold;FALSO;BATH;BATH AND NORTH EAST SOMERSET;BATH AND NORTH EAST SOMERSET;A;51370463;-2353513;South West;England;Bath and North East Somerset
{06C9F487-C00A-9388-E063-4804A8C0BD98};215000;25/08/2023;2023;8;3;TA7 8BB;TA7;Terraced;Freehold;FALSO;BRIDGWATER;SOMERSET;SOMERSET;A;51167934;-2974753;South West;England;Somerset
{06C9F487-C0AA-9388-E063-4804A8C0BD98};875000;20/04/2023;2023;4;2;BN3 5SD;BN3;Semi-Detached;Freehold;FALSO;HOVE;BRIGHTON AND HOVE;BRIGHTON AND HOVE;A;50828916;-198014;South East;England;Brighton and Hove
{06C9F487-C0C4-9388-E063-4804A8C0BD98};393000;4/08/2023;2023;8;3;BN16 1RE;BN16;Detached;Freehold;FALSO;LITTLEHAMPTON;ARUN;WEST SUSSEX;A;50812718;-5176;South East;England;Arun
{06C9F487-C0D1-9388-E063-4804A8C0BD98};655000;25/08/2023;2023;8;3;BN6 8HY;BN6;Detached;Freehold;FALSO;HASSOCKS;MID SUSSEX;WEST SUSSEX;A;50933589;-178786;South East;England;Mid Sussex
{06C9F487-C13A-9388-E063-4804A8C0BD98};460000;29/08/2023;2023;8;3;BN13 1JB;BN13;Terraced;Freehold;FALSO;WORTHING;WORTHING;WEST SUSSEX;A;50830528;-393422;South East;England;Worthing
{06C9F487-C140-9388-E063-4804A8C0BD98};744000;29/08/2023;2023;8;3;BN1 6LF;BN1;Terraced;Freehold;FALSO;BRIGHTON;BRIGHTON AND HOVE;BRIGHTON AND HOVE;A;50859799;-104845;South East;England;Brighton and Hove
{06C9F487-C232-9388-E063-4804A8C0BD98};640000;7/09/2023;2023;9;3;KT8 0AB;KT8;Terraced;Freehold;FALSO;EAST MOLESEY;ELMBRIDGE;SURREY;A;51403409;-346002;South East;England;Elmbridge
{06C9F487-C2AB-9388-E063-4804A8C0BD98};925000;14/07/2023;2023;7;3;SM2 7JX;SM2;Detached;Freehold;FALSO;SUTTON;EPSOM AND EWELL;SURREY;A;51358342;-192888;London;England;Sutton
{06C9F487-C3AA-9388-E063-4804A8C0BD98};745936;4/08/2023;2023;8;3;SW16 3AA;SW16;Terraced;Freehold;FALSO;LONDON;CROYDON;GREATER LONDON;A;51425463;-143319;London;England;Wandsworth
{06C9F487-C408-9388-E063-4804A8C0BD98};1040000;21/07/2023;2023;7;3;KT22 9EX;KT22;Detached;Freehold;FALSO;LEATHERHEAD;MOLE VALLEY;SURREY;A;51293954;-326601;South East;England;Mole Valley
{06C9F487-C468-9388-E063-4804A8C0BD98};375000;25/08/2023;2023;8;3;GU6 7QU;GU6;Semi-Detached;Freehold;FALSO;CRANLEIGH;WAVERLEY;SURREY;A;51137632;-474586;South East;England;Waverley
{06C9F487-C5AD-9388-E063-4804A8C0BD98};207000;16/08/2023;2023;8;3;KT12 2QS;KT12;Flat/Maisonette;Leasehold;FALSO;WALTON-ON-THAMES;ELMBRIDGE;SURREY;A;51390925;-420144;South East;England;Elmbridge
{06C9F487-C5EF-9388-E063-4804A8C0BD98};315000;20/12/2021;2021;12;4;RH6 8SW;RH6;Flat/Maisonette;Leasehold;VERDADERO;HORLEY;REIGATE AND BANSTEAD;SURREY;A;51177052;-166134;South East;England;Reigate and Banstead
{06C9F487-C5F3-9388-E063-4804A8C0BD98};394500;28/01/2022;2022;1;1;KT20 5FR;KT20;Flat/Maisonette;Leasehold;VERDADERO;TADWORTH;REIGATE AND BANSTEAD;SURREY;A;51300682;-233068;South East;England;Reigate and Banstead
{06C9F487-C622-9388-E063-4804A8C0BD98};1500000;11/03/2022;2022;3;1;RH8 0AG;RH8;Detached;Freehold;FALSO;OXTED;TANDRIDGE;SURREY;A;51236645;9386;South East;England;Tandridge
{06C9F487-C679-9388-E063-4804A8C0BD98};456500;29/06/2022;2022;6;2;RH6 8TR;RH6;Detached;Freehold;VERDADERO;HORLEY;REIGATE AND BANSTEAD;SURREY;A;51177052;-166134;South East;England;Reigate and Banstead
{06C9F487-C70C-9388-E063-4804A8C0BD98};135000;14/07/2023;2023;7;3;S35 4HJ;S35;Terraced;Freehold;FALSO;SHEFFIELD;SHEFFIELD;SOUTH YORKSHIRE;A;53466653;-1485592;Yorkshire and The Humber;England;Sheffield
{06C9F487-C714-9388-E063-4804A8C0BD98};160000;4/08/2023;2023;8;3;S72 8PU;S72;Semi-Detached;Freehold;FALSO;BARNSLEY;BARNSLEY;SOUTH YORKSHIRE;A;53591652;-1402015;Yorkshire and The Humber;England;Barnsley
{06C9F487-C72C-9388-E063-4804A8C0BD98};290000;9/08/2023;2023;8;3;DN5 0BD;DN5;Detached;Freehold;FALSO;DONCASTER;DONCASTER;SOUTH YORKSHIRE;A;5353878;-1175771;Yorkshire and The Humber;England;Doncaster
{06C9F487-C7A1-9388-E063-4804A8C0BD98};280000;6/04/2023;2023;4;2;DN4 6SA;DN4;Detached;Freehold;FALSO;DONCASTER;DONCASTER;SOUTH YORKSHIRE;A;53499899;-1184259;Yorkshire and The Humber;England;Doncaster
{06C9F487-C7F8-9388-E063-4804A8C0BD98};140000;26/07/2023;2023;7;3;S73 0XD;S73;Semi-Detached;Freehold;FALSO;BARNSLEY;ROTHERHAM;SOUTH YORKSHIRE;A;53525169;-1389991;Yorkshire and The Humber;England;Barnsley
{06C9F487-C8B1-9388-E063-4804A8C0BD98};291000;11/08/2023;2023;8;3;S35 9TZ;S35;Detached;Freehold;FALSO;SHEFFIELD;SHEFFIELD;SOUTH YORKSHIRE;A;53466653;-1485592;Yorkshire and The Humber;England;Sheffield
{06C9F487-C8E6-9388-E063-4804A8C0BD98};203000;26/07/2023;2023;7;3;S60 5NH;S60;Semi-Detached;Freehold;FALSO;ROTHERHAM;ROTHERHAM;SOUTH YORKSHIRE;A;5341378;-1335558;Yorkshire and The Humber;England;Rotherham
{06C9F487-C912-9388-E063-4804A8C0BD98};56500;30/05/2023;2023;5;2;S63 9DL;S63;Terraced;Freehold;FALSO;ROTHERHAM;BARNSLEY;SOUTH YORKSHIRE;A;53518201;-1327457;Yorkshire and The Humber;England;Barnsley
{06C9F487-C974-9388-E063-4804A8C0BD98};188000;24/07/2023;2023;7;3;DN5 9BL;DN5;Semi-Detached;Freehold;FALSO;DONCASTER;DONCASTER;SOUTH YORKSHIRE;A;5353878;-1175771;Yorkshire and The Humber;England;Doncaster
{06C9F487-CB0B-9388-E063-4804A8C0BD98};314995;13/11/2020;2020;11;4;S60 5WQ;S60;Detached;Freehold;VERDADERO;ROTHERHAM;ROTHERHAM;SOUTH YORKSHIRE;A;5341378;-1335558;Yorkshire and The Humber;England;Rotherham
{06C9F487-CBA1-9388-E063-4804A8C0BD98};235000;28/07/2023;2023;7;3;S10 1QW;S10;Terraced;Leasehold;FALSO;SHEFFIELD;SHEFFIELD;SOUTH YORKSHIRE;A;53386063;-1509673;Yorkshire and The Humber;England;Sheffield
{06C9F487-CC27-9388-E063-4804A8C0BD98};1250000;8/08/2023;2023;8;3;KT2 5GE;KT2;Detached;Freehold;FALSO;KINGSTON UPON THAMES;KINGSTON UPON THAMES;GREATER LONDON;A;51415934;-304952;London;England;Kingston upon Thames
{06C9F487-CCAB-9388-E063-4804A8C0BD98};300000;14/07/2023;2023;7;3;SW2 1RB;SW2;Flat/Maisonette;Leasehold;FALSO;LONDON;LAMBETH;GREATER LONDON;A;51446122;-12373;London;England;Lambeth
{06C9F487-CD48-9388-E063-4804A8C0BD98};425000;15/08/2023;2023;8;3;SE16 3FF;SE16;Flat/Maisonette;Leasehold;FALSO;LONDON;SOUTHWARK;GREATER LONDON;A;5149914;-48593;London;England;Southwark
{06C9F487-CDA7-9388-E063-4804A8C0BD98};470000;28/07/2023;2023;7;3;SW15 5FN;SW15;Flat/Maisonette;Leasehold;FALSO;LONDON;WANDSWORTH;GREATER LONDON;A;51454865;-209534;London;England;Wandsworth
{06C9F487-CDF0-9388-E063-4804A8C0BD98};950000;27/06/2023;2023;6;2;SW12 0HP;SW12;Flat/Maisonette;Leasehold;FALSO;LONDON;LAMBETH;GREATER LONDON;A;51444054;-150883;London;England;Wandsworth
{06C9F487-CF48-9388-E063-4804A8C0BD98};377000;17/12/2021;2021;12;4;SW16 5BY;SW16;Flat/Maisonette;Leasehold;VERDADERO;LONDON;LAMBETH;GREATER LONDON;A;51425463;-143319;London;England;Wandsworth
{06C9F487-D016-9388-E063-4804A8C0BD98};725000;22/04/2022;2022;4;2;SW11 7DB;SW11;Flat/Maisonette;Leasehold;VERDADERO;LONDON;WANDSWORTH;GREATER LONDON;A;51475587;-152864;London;England;Wandsworth
{06C9F487-D032-9388-E063-4804A8C0BD98};1508600;27/10/2022;2022;10;4;SW11 8BS;SW11;Flat/Maisonette;Leasehold;VERDADERO;LONDON;WANDSWORTH;GREATER LONDON;A;51475587;-152864;London;England;Wandsworth
{06C9F487-D10D-9388-E063-4804A8C0BD98};409995;26/11/2021;2021;11;4;ME19 4XD;ME19;Terraced;Freehold;VERDADERO;WEST MALLING;TONBRIDGE AND MALLING;KENT;A;51273591;415592;South East;England;Tonbridge and Malling
{06C9F487-D11C-9388-E063-4804A8C0BD98};435000;30/09/2019;2019;9;3;ME1 1FX;ME1;Terraced;Freehold;VERDADERO;ROCHESTER;MEDWAY;MEDWAY;A;5136729;507789;South East;England;Medway
{06C9F487-D1C2-9388-E063-4804A8C0BD98};585000;26/08/2022;2022;8;3;ME3 8GY;ME3;Detached;Freehold;VERDADERO;ROCHESTER;MEDWAY;MEDWAY;A;51411471;514304;South East;England;Medway
{06C9F487-D201-9388-E063-4804A8C0BD98};380995;28/10/2022;2022;10;4;CT16 3FY;CT16;Terraced;Freehold;VERDADERO;DOVER;DOVER;KENT;A;51165853;1292516;South East;England;Dover
{06C9F487-D242-9388-E063-4804A8C0BD98};2050000;5/12/2022;2022;12;4;TN15 0NJ;TN15;Detached;Freehold;FALSO;SEVENOAKS;TONBRIDGE AND MALLING;KENT;A;51288809;220255;South East;England;Sevenoaks
{06C9F487-D255-9388-E063-4804A8C0BD98};680000;27/09/2022;2022;9;3;CT7 0ER;CT7;Detached;Freehold;FALSO;BIRCHINGTON;THANET;KENT;A;51377054;1280391;South East;England;Thanet
{06C9F487-D2D3-9388-E063-4804A8C0BD98};475000;31/08/2023;2023;8;3;TN4 9DY;TN4;Terraced;Freehold;FALSO;TUNBRIDGE WELLS;TUNBRIDGE WELLS;KENT;A;51137046;258696;South East;England;Tunbridge Wells
{06C9F487-D2DC-9388-E063-4804A8C0BD98};142500;24/08/2023;2023;8;3;NE27 0PX;NE27;Semi-Detached;Freehold;FALSO;NEWCASTLE UPON TYNE;NORTH TYNESIDE;TYNE AND WEAR;A;55038302;-1513794;North East;England;North Tyneside
{06C9F487-D2EF-9388-E063-4804A8C0BD98};58500;13/07/2023;2023;7;3;NE34 0QN;NE34;Terraced;Freehold;FALSO;SOUTH SHIELDS;SOUTH TYNESIDE;TYNE AND WEAR;A;5496528;-141209;North East;England;South Tyneside
{06C9F487-D2FF-9388-E063-4804A8C0BD98};130000;11/04/2023;2023;4;2;NE32 4QZ;NE32;Terraced;Freehold;FALSO;JARROW;SOUTH TYNESIDE;TYNE AND WEAR;A;54966323;-1489875;North East;England;South Tyneside
{06C9F487-D30F-9388-E063-4804A8C0BD98};119000;25/08/2023;2023;8;3;NE37 1DU;NE37;Terraced;Freehold;FALSO;WASHINGTON;SUNDERLAND;TYNE AND WEAR;A;54914773;-1510681;North East;England;Sunderland
{06C9F487-D440-9388-E063-4804A8C0BD98};535000;24/08/2023;2023;8;3;NE38 8BW;NE38;Detached;Freehold;FALSO;WASHINGTON;SUNDERLAND;TYNE AND WEAR;A;54882405;-1548091;North East;England;Sunderland
{06C9F487-D56D-9388-E063-4804A8C0BD98};208000;28/07/2023;2023;7;3;SR6 9HW;SR6;Terraced;Freehold;FALSO;SUNDERLAND;SUNDERLAND;TYNE AND WEAR;A;54929847;-1375919;North East;England;Sunderland
{06C9F487-D587-9388-E063-4804A8C0BD98};350000;3/08/2023;2023;8;3;NE16 5YJ;NE16;Detached;Leasehold;FALSO;NEWCASTLE UPON TYNE;GATESHEAD;TYNE AND WEAR;A;54951439;-1675347;North East;England;Gateshead
{06C9F487-D5FE-9388-E063-4804A8C0BD98};199995;27/04/2022;2022;4;2;NE15 6DG;NE15;Semi-Detached;Freehold;VERDADERO;NEWCASTLE UPON TYNE;NEWCASTLE UPON TYNE;TYNE AND WEAR;A;54980831;-1721769;North East;England;Newcastle upon Tyne
{06C9F487-D7C7-9388-E063-4804A8C0BD98};213000;16/08/2023;2023;8;3;NP11 6LW;NP11;Semi-Detached;Freehold;FALSO;NEWPORT;CAERPHILLY;CAERPHILLY;A;51613174;-3101117;Wales;Wales;Caerphilly
{06C9F487-D840-9388-E063-4804A8C0BD98};166000;30/06/2023;2023;6;2;NP44 6JF;NP44;Detached;Leasehold;FALSO;CWMBRAN;TORFAEN;TORFAEN;A;51644069;-3032869;Wales;Wales;Torfaen
{06C9F487-D9BF-9388-E063-4804A8C0BD98};900000;8/09/2023;2023;9;3;LL64 5QQ;LL64;Detached;Freehold;FALSO;RHOSNEIGR;ISLE OF ANGLESEY;ISLE OF ANGLESEY;A;53229385;-4521672;Wales;Wales;Isle of Anglesey
{06C9F487-D9D6-9388-E063-4804A8C0BD98};263000;4/08/2023;2023;8;3;LL11 2SY;LL11;Semi-Detached;Freehold;FALSO;WREXHAM;WREXHAM;WREXHAM;A;53054875;-3001477;Wales;Wales;Wrexham
{06C9F487-DA19-9388-E063-4804A8C0BD98};39999;2/05/2023;2023;5;2;NP24 6BN;NP24;Terraced;Freehold;FALSO;NEW TREDEGAR;CAERPHILLY;CAERPHILLY;A;51722334;-3239973;Wales;Wales;Caerphilly
{06C9F487-DA29-9388-E063-4804A8C0BD98};110000;7/09/2023;2023;9;3;NP4 9QE;NP4;Terraced;Freehold;FALSO;PONTYPOOL;TORFAEN;TORFAEN;A;51681972;-3022203;Wales;Wales;Torfaen
{06C9F487-DAC4-9388-E063-4804A8C0BD98};174000;14/08/2023;2023;8;3;LL29 9UE;LL29;Detached;Freehold;FALSO;COLWYN BAY;CONWY;CONWY;A;53279024;-3697829;Wales;Wales;Conwy
{06C9F487-DAE8-9388-E063-4804A8C0BD98};299950;21/07/2023;2023;7;3;CF24 4LA;CF24;Semi-Detached;Freehold;FALSO;CARDIFF;CARDIFF;CARDIFF;A;51498204;-3179652;Wales;Wales;Cardiff
{06C9F487-DB0C-9388-E063-4804A8C0BD98};218000;14/09/2023;2023;9;3;CH7 6RU;CH7;Semi-Detached;Freehold;FALSO;MOLD;FLINTSHIRE;FLINTSHIRE;A;53174204;-3152087;Wales;Wales;Flintshire
{06C9F487-DB2D-9388-E063-4804A8C0BD98};165000;24/07/2023;2023;7;3;SA31 1DG;SA31;Terraced;Freehold;FALSO;CARMARTHEN;CARMARTHENSHIRE;CARMARTHENSHIRE;A;51844204;-4326583;Wales;Wales;Carmarthenshire
{06C9F487-DB38-9388-E063-4804A8C0BD98};190000;30/08/2023;2023;8;3;CF39 8JF;CF39;Detached;Freehold;FALSO;PORTH;RHONDDA CYNON TAFF;RHONDDA CYNON TAFF;A;51582845;-3425277;Wales;Wales;Rhondda Cynon Taf
{06C9F487-DB4C-9388-E063-4804A8C0BD98};370000;13/09/2023;2023;9;3;LL23 7BF;LL23;Detached;Freehold;FALSO;BALA;GWYNEDD;GWYNEDD;A;52927121;-3637755;Wales;Wales;Gwynedd
{06C9F487-DB79-9388-E063-4804A8C0BD98};320000;8/09/2023;2023;9;3;CF36 3NT;CF36;Semi-Detached;Freehold;FALSO;PORTHCAWL;BRIDGEND;BRIDGEND;A;51482307;-3671396;Wales;Wales;Bridgend
{06C9F487-DBA6-9388-E063-4804A8C0BD98};118000;8/09/2023;2023;9;3;SA11 3RX;SA11;Terraced;Freehold;FALSO;NEATH;NEATH PORT TALBOT;NEATH PORT TALBOT;A;5170681;-3716289;Wales;Wales;Neath Port Talbot
{06C9F487-DBFE-9388-E063-4804A8C0BD98};370000;31/07/2023;2023;7;3;NP26 4PG;NP26;Detached;Freehold;FALSO;CALDICOT;MONMOUTHSHIRE;MONMOUTHSHIRE;A;51584833;-2826006;Wales;Wales;Monmouthshire
{06C9F487-DCA9-9388-E063-4804A8C0BD98};417000;14/07/2023;2023;7;3;B76 1DS;B76;Detached;Freehold;FALSO;SUTTON COLDFIELD;BIRMINGHAM;WEST MIDLANDS;A;52549287;-1797188;West Midlands;England;Birmingham
{06C9F487-DE6F-9388-E063-4804A8C0BD98};540000;4/08/2023;2023;8;3;CV11 6WX;CV11;Detached;Freehold;FALSO;NUNEATON;NUNEATON AND BEDWORTH;WARWICKSHIRE;A;52517144;-1467796;West Midlands;England;Nuneaton and Bedworth
{06C9F487-DE97-9388-E063-4804A8C0BD98};530000;3/11/2021;2021;11;4;CV33 9FE;CV33;Detached;Freehold;VERDADERO;LEAMINGTON SPA;WARWICK;WARWICKSHIRE;A;52236649;-146411;West Midlands;England;Stratford-on-Avon
{06C9F487-DECA-9388-E063-4804A8C0BD98};299000;25/03/2022;2022;3;1;CV37 7FH;CV37;Semi-Detached;Freehold;VERDADERO;STRATFORD-UPON-AVON;STRATFORD-ON-AVON;WARWICKSHIRE;A;52205167;-1724406;West Midlands;England;Stratford-on-Avon
{06C9F487-DEFD-9388-E063-4804A8C0BD98};408000;28/06/2022;2022;6;2;CV37 7FH;CV37;Semi-Detached;Freehold;VERDADERO;STRATFORD-UPON-AVON;STRATFORD-ON-AVON;WARWICKSHIRE;A;52205167;-1724406;West Midlands;England;Stratford-on-Avon
{06C9F487-DF7F-9388-E063-4804A8C0BD98};900000;7/08/2023;2023;8;3;CV31 3PA;CV31;Detached;Freehold;FALSO;LEAMINGTON SPA;WARWICK;WARWICKSHIRE;A;52278285;-1532424;West Midlands;England;Warwick
{06C9F487-E04B-9388-E063-4804A8C0BD98};300000;26/09/2022;2022;9;3;WV9 5LU;WV9;Terraced;Freehold;FALSO;WOLVERHAMPTON;WOLVERHAMPTON;WEST MIDLANDS;A;52620202;-2145462;West Midlands;England;Wolverhampton
{06C9F487-E04D-9388-E063-4804A8C0BD98};186000;28/07/2023;2023;7;3;B14 5BS;B14;Terraced;Freehold;FALSO;BIRMINGHAM;BIRMINGHAM;WEST MIDLANDS;A;52427231;-1906416;West Midlands;England;Birmingham
{06C9F487-E06B-9388-E063-4804A8C0BD98};185000;14/07/2023;2023;7;3;B63 3TA;B63;Semi-Detached;Freehold;FALSO;HALESOWEN;DUDLEY;WEST MIDLANDS;A;52447574;-2054257;West Midlands;England;Dudley
{06C9F487-E1BF-9388-E063-4804A8C0BD98};210000;7/08/2023;2023;8;3;B14 4NE;B14;Terraced;Freehold;FALSO;BIRMINGHAM;BIRMINGHAM;WEST MIDLANDS;A;52427231;-1906416;West Midlands;England;Birmingham
{06C9F487-E1D2-9388-E063-4804A8C0BD98};435000;19/06/2023;2023;6;2;B75 5NB;B75;Semi-Detached;Freehold;FALSO;SUTTON COLDFIELD;BIRMINGHAM;WEST MIDLANDS;A;52595336;-1833249;West Midlands;England;Birmingham
{06C9F487-E1FA-9388-E063-4804A8C0BD98};305000;7/09/2023;2023;9;3;B69 2HY;B69;Detached;Freehold;FALSO;OLDBURY;SANDWELL;WEST MIDLANDS;A;52510206;-2055882;West Midlands;England;Sandwell
{06C9F487-E374-9388-E063-4804A8C0BD98};193000;28/07/2023;2023;7;3;DY2 9DH;DY2;Terraced;Freehold;FALSO;DUDLEY;DUDLEY;WEST MIDLANDS;A;52496613;-2085648;West Midlands;England;Dudley
{06C9F487-E3B5-9388-E063-4804A8C0BD98};125000;26/07/2023;2023;7;3;WS10 0DA;WS10;Flat/Maisonette;Leasehold;FALSO;WEDNESBURY;SANDWELL;WEST MIDLANDS;A;52572357;-2047551;West Midlands;England;Walsall
{06C9F487-E3BD-9388-E063-4804A8C0BD98};620000;19/06/2023;2023;6;2;B74 4AG;B74;Detached;Freehold;FALSO;SUTTON COLDFIELD;BIRMINGHAM;WEST MIDLANDS;A;52601074;-1848686;West Midlands;England;Birmingham
{06C9F487-E435-9388-E063-4804A8C0BD98};170000;14/04/2023;2023;4;2;CV7 8HX;CV7;Detached;Freehold;FALSO;COVENTRY;COVENTRY;WEST MIDLANDS;A;52473048;-1477927;West Midlands;England;Nuneaton and Bedworth
{06C9F487-E440-9388-E063-4804A8C0BD98};275000;11/08/2023;2023;8;3;DY13 8PW;DY13;Semi-Detached;Freehold;FALSO;STOURPORT-ON-SEVERN;WYRE FOREST;WORCESTERSHIRE;A;52341213;-2276764;West Midlands;England;Wyre Forest
{06C9F487-E477-9388-E063-4804A8C0BD98};285000;25/08/2023;2023;8;3;WR5 1HH;WR5;Semi-Detached;Freehold;FALSO;WORCESTER;WORCESTER;WORCESTERSHIRE;A;52170092;-2199798;West Midlands;England;Worcester
{06C9F487-E4AB-9388-E063-4804A8C0BD98};223000;11/08/2023;2023;8;3;WR3 7BX;WR3;Detached;Freehold;FALSO;WORCESTER;WORCESTER;WORCESTERSHIRE;A;52207146;-2218418;West Midlands;England;Worcester
{06C9F487-E5C9-9388-E063-4804A8C0BD98};450000;16/08/2023;2023;8;3;B96 6NN;B96;Detached;Freehold;FALSO;REDDITCH;WYCHAVON;WORCESTERSHIRE;A;52254384;-2024104;West Midlands;England;Wychavon
{06C9F487-E6AB-9388-E063-4804A8C0BD98};364000;30/06/2022;2022;6;2;BA22 8GN;BA22;Detached;Freehold;VERDADERO;YEOVIL;SOMERSET;SOMERSET;A;51029418;-2572286;South West;England;Somerset
{06C9F487-E7BD-9388-E063-4804A8C0BD98};370000;15/09/2023;2023;9;3;RH15 8UY;RH15;Semi-Detached;Freehold;FALSO;BURGESS HILL;MID SUSSEX;WEST SUSSEX;A;50964124;-118862;South East;England;Mid Sussex
{06C9F487-E7D6-9388-E063-4804A8C0BD98};575000;11/08/2023;2023;8;3;BN18 9DS;BN18;Terraced;Freehold;FALSO;ARUNDEL;ARUN;WEST SUSSEX;A;50816671;-598847;South East;England;Arun
{06C9F487-E80D-9388-E063-4804A8C0BD98};387500;11/08/2023;2023;8;3;PO18 8DW;PO18;Semi-Detached;Freehold;FALSO;CHICHESTER;CHICHESTER;WEST SUSSEX;A;50843666;-814551;South East;England;Chichester
{06C9F487-E81A-9388-E063-4804A8C0BD98};340000;31/03/2023;2023;3;1;BN11 3NW;BN11;Flat/Maisonette;Leasehold;FALSO;WORTHING;WORTHING;WEST SUSSEX;A;50813174;-365202;South East;England;Worthing
{06C9F487-E8A1-9388-E063-4804A8C0BD98};375000;24/07/2023;2023;7;3;BN6 9DG;BN6;Semi-Detached;Freehold;FALSO;HASSOCKS;MID SUSSEX;WEST SUSSEX;A;50933589;-178786;South East;England;Mid Sussex
{06C9F487-E924-9388-E063-4804A8C0BD98};505995;28/01/2022;2022;1;1;RH16 4XW;RH16;Semi-Detached;Freehold;VERDADERO;HAYWARDS HEATH;MID SUSSEX;WEST SUSSEX;A;50995833;-81682;South East;England;Mid Sussex
{06C9F487-E9A0-9388-E063-4804A8C0BD98};590000;10/03/2023;2023;3;1;RH12 0DX;RH12;Semi-Detached;Freehold;FALSO;HORSHAM;HORSHAM;WEST SUSSEX;A;51081301;-291849;South East;England;Horsham
{06C9F487-EA62-9388-E063-4804A8C0BD98};170000;24/03/2023;2023;3;1;SP2 8HL;SP2;Semi-Detached;Freehold;FALSO;SALISBURY;WILTSHIRE;WILTSHIRE;A;51053364;-1789714;South West;England;Wiltshire
{06C9F487-EB44-9388-E063-4804A8C0BD98};335000;21/07/2023;2023;7;3;SN12 6BS;SN12;Detached;Freehold;FALSO;MELKSHAM;WILTSHIRE;WILTSHIRE;A;51375021;-2125225;South West;England;Wiltshire
{06C9F487-EB6B-9388-E063-4804A8C0BD98};145000;5/07/2023;2023;7;3;SN25 1TY;SN25;Flat/Maisonette;Leasehold;FALSO;SWINDON;SWINDON;SWINDON;A;51603237;-1812654;South West;England;Swindon
{06C9F487-EBA2-9388-E063-4804A8C0BD98};500000;21/04/2023;2023;4;2;BA12 0RQ;BA12;Detached;Freehold;FALSO;WARMINSTER;WILTSHIRE;WILTSHIRE;A;5120234;-2161597;South West;England;Wiltshire
{06C9F487-EC5A-9388-E063-4804A8C0BD98};294995;21/01/2022;2022;1;1;SN15 1US;SN15;Semi-Detached;Freehold;VERDADERO;CHIPPENHAM;WILTSHIRE;WILTSHIRE;A;51479401;-213035;South West;England;Wiltshire
{06C9F487-EC76-9388-E063-4804A8C0BD98};425000;1/04/2022;2022;4;2;SN15 1UG;SN15;Detached;Freehold;VERDADERO;CHIPPENHAM;WILTSHIRE;WILTSHIRE;A;51479401;-213035;South West;England;Wiltshire
{06C9F487-ED3B-9388-E063-4804A8C0BD98};155000;30/03/2023;2023;3;1;BA12 9JX;BA12;Terraced;Freehold;FALSO;WARMINSTER;WILTSHIRE;WILTSHIRE;A;5120234;-2161597;South West;England;Wiltshire
{06C9F487-ED61-9388-E063-4804A8C0BD98};330000;28/07/2023;2023;7;3;SN2 7JL;SN2;Semi-Detached;Freehold;FALSO;SWINDON;SWINDON;SWINDON;A;515733;-1778782;South West;England;Swindon
{06C9F487-EE6D-9388-E063-4804A8C0BD98};207500;14/04/2023;2023;4;2;BD20 0BU;BD20;Terraced;Freehold;FALSO;KEIGHLEY;BRADFORD;WEST YORKSHIRE;A;53895085;-1948564;Yorkshire and The Humber;England;Bradford
{06C9F487-EE74-9388-E063-4804A8C0BD98};215000;28/07/2023;2023;7;3;LS28 5JJ;LS28;Terraced;Freehold;FALSO;PUDSEY;LEEDS;WEST YORKSHIRE;A;5381296;-1675751;Yorkshire and The Humber;England;Leeds
{06C9F487-EEDA-9388-E063-4804A8C0BD98};440000;7/08/2023;2023;8;3;BD9 6HL;BD9;Detached;Freehold;FALSO;BRADFORD;BRADFORD;WEST YORKSHIRE;A;53816416;-1797064;Yorkshire and The Humber;England;Bradford
{06C9F487-EEF1-9388-E063-4804A8C0BD98};125000;11/08/2023;2023;8;3;BD6 1TY;BD6;Terraced;Freehold;FALSO;BRADFORD;BRADFORD;WEST YORKSHIRE;A;53760011;-1788401;Yorkshire and The Humber;England;Bradford
{06C9F487-EEF2-9388-E063-4804A8C0BD98};100000;6/04/2023;2023;4;2;BD6 2LD;BD6;Terraced;Freehold;FALSO;BRADFORD;BRADFORD;WEST YORKSHIRE;A;53760011;-1788401;Yorkshire and The Humber;England;Bradford
{06C9F487-EFF9-9388-E063-4804A8C0BD98};155000;25/07/2023;2023;7;3;HD3 4HG;HD3;Terraced;Freehold;FALSO;HUDDERSFIELD;KIRKLEES;WEST YORKSHIRE;A;5365048;-18086;Yorkshire and The Humber;England;Kirklees
{06C9F487-F016-9388-E063-4804A8C0BD98};380000;31/07/2023;2023;7;3;BD11 2NB;BD11;Detached;Freehold;FALSO;BRADFORD;KIRKLEES;WEST YORKSHIRE;A;53749484;-168837;Yorkshire and The Humber;England;Kirklees
{06C9F487-F078-9388-E063-4804A8C0BD98};180000;10/08/2023;2023;8;3;LS13 4RZ;LS13;Terraced;Freehold;FALSO;LEEDS;LEEDS;WEST YORKSHIRE;A;53799717;-1616579;Yorkshire and The Humber;England;Leeds
{06C9F487-F119-9388-E063-4804A8C0BD98};255000;21/07/2023;2023;7;3;BD11 1AB;BD11;Semi-Detached;Freehold;FALSO;BRADFORD;LEEDS;WEST YORKSHIRE;A;53749484;-168837;Yorkshire and The Humber;England;Kirklees
{06C9F487-F187-9388-E063-4804A8C0BD98};158750;28/07/2023;2023;7;3;LS26 0NG;LS26;Terraced;Freehold;FALSO;LEEDS;LEEDS;WEST YORKSHIRE;A;53757274;-1494719;Yorkshire and The Humber;England;Leeds
{06C9F487-F1C0-9388-E063-4804A8C0BD98};40000;24/05/2023;2023;5;2;WF12 9HN;WF12;Flat/Maisonette;Leasehold;FALSO;DEWSBURY;KIRKLEES;WEST YORKSHIRE;A;53671423;-1628794;Yorkshire and The Humber;England;Kirklees
{06C9F487-F28E-9388-E063-4804A8C0BD98};146000;28/07/2023;2023;7;3;HD5 8BQ;HD5;Terraced;Leasehold;FALSO;HUDDERSFIELD;KIRKLEES;WEST YORKSHIRE;A;53660236;-1723211;Yorkshire and The Humber;England;Kirklees
{06C9F487-F294-9388-E063-4804A8C0BD98};260000;23/08/2023;2023;8;3;WF3 3ET;WF3;Semi-Detached;Freehold;FALSO;WAKEFIELD;WAKEFIELD;WEST YORKSHIRE;A;53729205;-1571098;Yorkshire and The Humber;England;Leeds
{06C9F487-F385-9388-E063-4804A8C0BD98};240000;14/11/2022;2022;11;4;YO16 6AP;YO16;Detached;Freehold;VERDADERO;BRIDLINGTON;EAST RIDING OF YORKSHIRE;EAST RIDING OF YORKSHIRE;A;54084673;-203649;Yorkshire and The Humber;England;East Riding of Yorkshire
{06C9F487-F4E0-9388-E063-4804A8C0BD98};468000;7/08/2023;2023;8;3;WF8 2RS;WF8;Detached;Freehold;FALSO;PONTEFRACT;WAKEFIELD;WEST YORKSHIRE;A;53685697;-1294251;Yorkshire and The Humber;England;Wakefield
{06C9F487-F50E-9388-E063-4804A8C0BD98};250000;28/09/2021;2021;9;3;BD4 8AX;BD4;Semi-Detached;Freehold;VERDADERO;BRADFORD;LEEDS;WEST YORKSHIRE;A;53786794;-1718025;Yorkshire and The Humber;England;Bradford
{06C9F487-F564-9388-E063-4804A8C0BD98};202000;3/03/2022;2022;3;1;HD2 2EH;HD2;Semi-Detached;Freehold;FALSO;HUDDERSFIELD;CALDERDALE;WEST YORKSHIRE;A;53677242;-175657;Yorkshire and The Humber;England;Kirklees
{06C9F487-F600-9388-E063-4804A8C0BD98};300000;25/07/2022;2022;7;3;HD3 4EP;HD3;Detached;Freehold;VERDADERO;HUDDERSFIELD;KIRKLEES;WEST YORKSHIRE;A;5365048;-18086;Yorkshire and The Humber;England;Kirklees
{06C9F487-F61E-9388-E063-4804A8C0BD98};221950;30/10/2020;2020;10;4;WF8 4GL;WF8;Semi-Detached;Freehold;VERDADERO;PONTEFRACT;WAKEFIELD;WEST YORKSHIRE;A;53685697;-1294251;Yorkshire and The Humber;England;Wakefield
{06C9F487-F6C5-9388-E063-4804A8C0BD98};460000;16/08/2023;2023;8;3;HX5 0QP;HX5;Semi-Detached;Freehold;FALSO;ELLAND;CALDERDALE;WEST YORKSHIRE;A;53683327;-1836129;Yorkshire and The Humber;England;Calderdale
{06C9F487-F752-9388-E063-4804A8C0BD98};85000;9/06/2021;2021;6;2;SS12 9HZ;SS12;Other;Freehold;FALSO;WICKFORD;BASILDON;ESSEX;B;51610012;523167;East of England;England;Basildon
{06C9F487-F787-9388-E063-4804A8C0BD98};302500;1/08/2023;2023;8;3;CO1 1XJ;CO1;Other;Leasehold;FALSO;COLCHESTER;COLCHESTER;ESSEX;B;5189314;910907;East of England;England;Colchester
{06C9F487-F788-9388-E063-4804A8C0BD98};300000;18/07/2023;2023;7;3;CM7 2PA;CM7;Detached;Freehold;FALSO;BRAINTREE;BRAINTREE;ESSEX;B;51878829;544544;East of England;England;Braintree
{06C9F487-F7E0-9388-E063-4804A8C0BD98};175000;11/07/2023;2023;7;3;UB6 8LP;UB6;Flat/Maisonette;Leasehold;FALSO;GREENFORD;EALING;GREATER LONDON;B;51532411;-331136;London;England;Ealing
{06C9F487-F849-9388-E063-4804A8C0BD98};525000;5/05/2022;2022;5;2;N16 8RY;N16;Flat/Maisonette;Leasehold;FALSO;LONDON;HACKNEY;GREATER LONDON;B;51566842;-82678;London;England;Hackney
{06C9F487-F994-9388-E063-4804A8C0BD98};440000;31/03/2023;2023;3;1;LU3 1EE;LU3;Other;Freehold;FALSO;LUTON;LUTON;LUTON;B;51913504;-428137;East of England;England;Luton
{06C9F487-FA84-9388-E063-4804A8C0BD98};210000;22/08/2023;2023;8;3;RG2 0ER;RG2;Flat/Maisonette;Leasehold;FALSO;READING;READING;READING;B;51406856;-947387;South East;England;Wokingham
{06C9F487-FAB7-9388-E063-4804A8C0BD98};600367;26/01/2023;2023;1;1;RG14 3BF;RG14;Other;Freehold;FALSO;NEWBURY;WEST BERKSHIRE;WEST BERKSHIRE;B;51378728;-1344976;South East;England;West Berkshire
{06C9F487-FADE-9388-E063-4804A8C0BD98};375000;11/09/2023;2023;9;3;BS6 5DG;BS6;Other;Leasehold;FALSO;BRISTOL;CITY OF BRISTOL;CITY OF BRISTOL;B;51474474;-2612323;South West;England;Bristol, City of
{06C9F487-FAEB-9388-E063-4804A8C0BD98};245000;4/03/2022;2022;3;1;BS1 3FD;BS1;Flat/Maisonette;Leasehold;VERDADERO;BRISTOL;CITY OF BRISTOL;CITY OF BRISTOL;B;51454132;-2588346;South West;England;Bristol, City of
{06C9F487-FB4E-9388-E063-4804A8C0BD98};1225000;23/12/2021;2021;12;4;HP11 1AB;HP11;Other;Leasehold;VERDADERO;HIGH WYCOMBE;BUCKINGHAMSHIRE;BUCKINGHAMSHIRE;B;51627961;-764116;South East;England;Buckinghamshire
{06C9F487-FB68-9388-E063-4804A8C0BD98};485773;30/06/2022;2022;6;2;SL1 7ES;SL1;Terraced;Freehold;VERDADERO;SLOUGH;BUCKINGHAMSHIRE;BUCKINGHAMSHIRE;B;51518776;-643225;South East;England;Slough
{06C9F487-FBE6-9388-E063-4804A8C0BD98};250000;16/02/2022;2022;2;1;CB7 5TJ;CB7;Detached;Freehold;FALSO;ELY;EAST CAMBRIDGESHIRE;CAMBRIDGESHIRE;B;52404916;278813;East of England;England;East Cambridgeshire
{06C9F487-FC19-9388-E063-4804A8C0BD98};332400;5/02/2021;2021;2;1;PE13 2FN;PE13;Other;Freehold;FALSO;WISBECH;FENLAND;CAMBRIDGESHIRE;B;52674755;181158;East of England;England;Fenland
{06C9F487-FC28-9388-E063-4804A8C0BD98};110000;23/11/2022;2022;11;4;PE3 9XW;PE3;Terraced;Freehold;FALSO;PETERBOROUGH;CITY OF PETERBOROUGH;CITY OF PETERBOROUGH;B;52593116;-285287;East of England;England;Peterborough
{06C9F487-FC42-9388-E063-4804A8C0BD98};63000;5/09/2023;2023;9;3;TS26 9EW;TS26;Terraced;Freehold;FALSO;HARTLEPOOL;HARTLEPOOL;HARTLEPOOL;B;54679336;-1218937;North East;England;Hartlepool
{06C9F487-FC79-9388-E063-4804A8C0BD98};48000;1/08/2023;2023;8;3;TS1 4EH;TS1;Terraced;Freehold;FALSO;MIDDLESBROUGH;MIDDLESBROUGH;MIDDLESBROUGH;B;54572926;-1227763;North East;England;Middlesbrough
{06C9F487-FCAF-9388-E063-4804A8C0BD98};145000;31/03/2023;2023;3;1;TS18 4NB;TS18;Semi-Detached;Freehold;FALSO;STOCKTON-ON-TEES;STOCKTON-ON-TEES;STOCKTON-ON-TEES;B;54567809;-1336435;North East;England;Stockton-on-Tees
{06C9F487-FCD4-9388-E063-4804A8C0BD98};250000;21/07/2023;2023;7;3;CW9 8JF;CW9;Semi-Detached;Freehold;FALSO;NORTHWICH;CHESHIRE WEST AND CHESTER;CHESHIRE WEST AND CHESTER;B;53285172;-2469696;North West;England;Cheshire West and Chester
{06C9F487-FD2F-9388-E063-4804A8C0BD98};685000;28/07/2023;2023;7;3;SK11 8TN;SK11;Other;Freehold;FALSO;MACCLESFIELD;CHESHIRE EAST;CHESHIRE EAST;B;532432;-215018;North West;England;Cheshire East
{06C9F487-FD5D-9388-E063-4804A8C0BD98};800000;1/10/2021;2021;10;4;CW4 8NB;CW4;Other;Freehold;FALSO;CREWE;CHESHIRE EAST;CHESHIRE EAST;B;53200202;-2361059;North West;England;Cheshire East
{06C9F487-FED1-9388-E063-4804A8C0BD98};90000;4/08/2023;2023;8;3;LL30 2TL;LL30;Other;Leasehold;FALSO;LLANDUDNO;CONWY;CONWY;B;53320316;-3829005;Wales;Wales;Conwy
{06C9F487-FF03-9388-E063-4804A8C0BD98};205000;22/09/2023;2023;9;3;NP4 9LU;NP4;Semi-Detached;Freehold;FALSO;PONTYPOOL;TORFAEN;TORFAEN;B;51681972;-3022203;Wales;Wales;Torfaen
{06C9F487-FF94-9388-E063-4804A8C0BD98};45000;27/01/2022;2022;1;1;SA62 6UG;SA62;Other;Freehold;FALSO;HAVERFORDWEST;PEMBROKESHIRE;PEMBROKESHIRE;B;51816616;-4959338;Wales;Wales;Pembrokeshire
{06C9F487-FF95-9388-E063-4804A8C0BD98};180832;16/12/2021;2021;12;4;LL65 1BZ;LL65;Semi-Detached;Freehold;VERDADERO;HOLYHEAD;ISLE OF ANGLESEY;ISLE OF ANGLESEY;B;53314231;-4638557;Wales;Wales;Isle of Anglesey
{06C9F487-FFF8-9388-E063-4804A8C0BD98};9500;13/01/2023;2023;1;1;CF39 8AX;CF39;Other;Freehold;FALSO;PORTH;RHONDDA CYNON TAFF;RHONDDA CYNON TAFF;B;51582845;-3425277;Wales;Wales;Rhondda Cynon Taf
{06C9F488-0040-9388-E063-4804A8C0BD98};287000;30/09/2021;2021;9;3;EX10 0NL;EX10;Other;Freehold;FALSO;SIDMOUTH;EAST DEVON;DEVON;B;50718968;-3284313;South West;England;East Devon
{06C9F488-00BD-9388-E063-4804A8C0BD98};165000;7/01/2022;2022;1;1;PL5 3LZ;PL5;Terraced;Leasehold;VERDADERO;PLYMOUTH;CITY OF PLYMOUTH;CITY OF PLYMOUTH;B;50397957;-4179268;South West;England;Plymouth
{06C9F488-01A9-9388-E063-4804A8C0BD98};500000;19/07/2023;2023;7;3;DL1 5NP;DL1;Detached;Freehold;FALSO;DARLINGTON;DARLINGTON;DARLINGTON;B;54530419;-1538817;North East;England;Darlington
{06C9F488-01FF-9388-E063-4804A8C0BD98};160000;4/08/2023;2023;8;3;TS25 1RW;TS25;Other;Freehold;FALSO;HARTLEPOOL;HARTLEPOOL;HARTLEPOOL;B;54670037;-1222123;North East;England;Hartlepool
{06C9F488-0229-9388-E063-4804A8C0BD98};27000;11/07/2023;2023;7;3;SR8 4LA;SR8;Terraced;Freehold;FALSO;PETERLEE;COUNTY DURHAM;COUNTY DURHAM;B;54765017;-1340287;North East;England;County Durham
{06C9F488-0249-9388-E063-4804A8C0BD98};81000;27/06/2022;2022;6;2;DL5 7BJ;DL5;Terraced;Freehold;VERDADERO;NEWTON AYCLIFFE;COUNTY DURHAM;COUNTY DURHAM;B;54624623;-1564346;North East;England;County Durham
{06C9F488-0259-9388-E063-4804A8C0BD98};25625;21/07/2023;2023;7;3;DL14 8UE;DL14;Terraced;Freehold;FALSO;BISHOP AUCKLAND;COUNTY DURHAM;COUNTY DURHAM;B;54648299;-1685172;North East;England;County Durham
{06C9F488-03D9-9388-E063-4804A8C0BD98};267500;11/09/2023;2023;9;3;TN39 4BH;TN39;Terraced;Freehold;FALSO;BEXHILL-ON-SEA;ROTHER;EAST SUSSEX;B;50844347;455288;South East;England;Rother
{06C9F488-051E-9388-E063-4804A8C0BD98};180000;4/08/2023;2023;8;3;M12 5SY;M12;Terraced;Freehold;FALSO;MANCHESTER;MANCHESTER;GREATER MANCHESTER;B;53449621;-21892;North West;England;Manchester
{06C9F488-058F-9388-E063-4804A8C0BD98};96000;4/07/2023;2023;7;3;M40 8AT;M40;Other;Freehold;FALSO;MANCHESTER;MANCHESTER;GREATER MANCHESTER;B;53489649;-221429;North West;England;Manchester
{06C9F488-060E-9388-E063-4804A8C0BD98};120000;14/08/2023;2023;8;3;BL2 6PA;BL2;Terraced;Leasehold;FALSO;BOLTON;BOLTON;GREATER MANCHESTER;B;53589386;-2407273;North West;England;Bolton
{06C9F488-064B-9388-E063-4804A8C0BD98};268400;11/09/2023;2023;9;3;BS32 9DB;BS32;Terraced;Freehold;FALSO;BRISTOL;SOUTH GLOUCESTERSHIRE;SOUTH GLOUCESTERSHIRE;B;51541137;-25452;South West;England;South Gloucestershire
{06C9F488-0695-9388-E063-4804A8C0BD98};231500;17/07/2023;2023;7;3;BS16 7LX;BS16;Other;Leasehold;FALSO;BRISTOL;SOUTH GLOUCESTERSHIRE;SOUTH GLOUCESTERSHIRE;B;51502204;-2521266;South West;England;South Gloucestershire
{06C9F488-06BA-9388-E063-4804A8C0BD98};144167;4/02/2022;2022;2;1;GL52 7ZL;GL52;Semi-Detached;Freehold;VERDADERO;CHELTENHAM;TEWKESBURY;GLOUCESTERSHIRE;B;51942933;-2061163;South West;England;Tewkesbury
{06C9F488-06E9-9388-E063-4804A8C0BD98};270000;30/06/2023;2023;6;2;GL1 2EX;GL1;Other;Freehold;FALSO;GLOUCESTER;GLOUCESTER;GLOUCESTERSHIRE;B;51855759;-2236414;South West;England;Gloucester
{06C9F488-0733-9388-E063-4804A8C0BD98};207000;31/08/2023;2023;8;3;SG4 0AF;SG4;Flat/Maisonette;Leasehold;FALSO;HITCHIN;NORTH HERTFORDSHIRE;HERTFORDSHIRE;B;51851954;-232992;East of England;England;North Hertfordshire
{06C9F488-0907-9388-E063-4804A8C0BD98};61250;28/07/2023;2023;7;3;DN16 2NW;DN16;Semi-Detached;Freehold;FALSO;SCUNTHORPE;NORTH LINCOLNSHIRE;NORTH LINCOLNSHIRE;B;53571531;-654713;Yorkshire and The Humber;England;North Lincolnshire
{06C9F488-095B-9388-E063-4804A8C0BD98};69000;4/05/2023;2023;5;2;PO33 2FN;PO33;Flat/Maisonette;Leasehold;FALSO;RYDE;ISLE OF WIGHT;ISLE OF WIGHT;B;50730831;-1186054;South East;England;Isle of Wight
{06C9F488-09B4-9388-E063-4804A8C0BD98};354800;30/08/2023;2023;8;3;CT12 5LG;CT12;Detached;Freehold;FALSO;RAMSGATE;THANET;KENT;B;51335229;1369031;South East;England;Thanet
{06C9F488-0B35-9388-E063-4804A8C0BD98};87500;9/08/2023;2023;8;3;FY3 8JZ;FY3;Semi-Detached;Freehold;FALSO;BLACKPOOL;BLACKPOOL;BLACKPOOL;B;53814116;-3033857;North West;England;Blackpool
{06C9F488-0C53-9388-E063-4804A8C0BD98};330000;2/08/2023;2023;8;3;LN3 4NS;LN3;Other;Leasehold;FALSO;LINCOLN;LINCOLN;LINCOLNSHIRE;B;53252734;-443817;East Midlands;England;West Lindsey
{06C9F488-0C7F-9388-E063-4804A8C0BD98};180000;19/07/2018;2018;7;3;LN2 2ZG;LN2;Other;Freehold;FALSO;LINCOLN;WEST LINDSEY;LINCOLNSHIRE;B;53243161;-51514;East Midlands;England;Lincoln
{06C9F488-0D23-9388-E063-4804A8C0BD98};360000;7/07/2023;2023;7;3;LE67 8GD;LE67;Other;Freehold;FALSO;COALVILLE;NORTH WEST LEICESTERSHIRE;LEICESTERSHIRE;B;52689993;-130905;East Midlands;England;Hinckley and Bosworth
{06C9F488-0D25-9388-E063-4804A8C0BD98};190000;31/07/2023;2023;7;3;LE67 1TB;LE67;Terraced;Freehold;FALSO;COALVILLE;NORTH WEST LEICESTERSHIRE;LEICESTERSHIRE;B;52689993;-130905;East Midlands;England;Hinckley and Bosworth
{06C9F488-0D31-9388-E063-4804A8C0BD98};265000;6/09/2023;2023;9;3;LE17 4BT;LE17;Detached;Freehold;FALSO;LUTTERWORTH;HARBOROUGH;LEICESTERSHIRE;B;52453164;-119989;East Midlands;England;Harborough
{06C9F488-0E40-9388-E063-4804A8C0BD98};256030;17/09/2021;2021;9;3;M5 4RN;M5;Flat/Maisonette;Leasehold;VERDADERO;SALFORD;SALFORD;GREATER MANCHESTER;B;53478991;-2267065;North West;England;Salford
{06C9F488-106C-9388-E063-4804A8C0BD98};105000;16/03/2023;2023;3;1;L12 0DF;L12;Terraced;Leasehold;FALSO;LIVERPOOL;LIVERPOOL;MERSEYSIDE;B;53445133;-2904381;North West;England;Liverpool
{06C9F488-10B7-9388-E063-4804A8C0BD98};675000;25/08/2023;2023;8;3;L3 6DR;L3;Other;Freehold;FALSO;LIVERPOOL;LIVERPOOL;MERSEYSIDE;B;53408608;-29931;North West;England;Liverpool
{06C9F488-1114-9388-E063-4804A8C0BD98};180000;18/11/2022;2022;11;4;CH43 4AD;CH43;Flat/Maisonette;Leasehold;VERDADERO;PRENTON;WIRRAL;MERSEYSIDE;B;53389758;-306807;North West;England;Wirral
{06C9F488-114E-9388-E063-4804A8C0BD98};31500000;31/08/2022;2022;8;3;TW8 9AH;TW8;Other;Freehold;FALSO;BRENTFORD;HOUNSLOW;GREATER LONDON;B;51489034;-294392;London;England;Hounslow
{06C9F488-1226-9388-E063-4804A8C0BD98};930000;5/04/2023;2023;4;2;N1 6DD;N1;Terraced;Freehold;FALSO;LONDON;HACKNEY;GREATER LONDON;B;51530946;-94451;London;England;Hackney
{06C9F488-1249-9388-E063-4804A8C0BD98};1400000;11/08/2023;2023;8;3;W2 1DH;W2;Other;Freehold;FALSO;LONDON;CITY OF WESTMINSTER;GREATER LONDON;B;51515592;-181426;London;England;Westminster
{06C9F488-1257-9388-E063-4804A8C0BD98};215000;22/08/2023;2023;8;3;UB3 5JD;UB3;Flat/Maisonette;Leasehold;FALSO;HAYES;HILLINGDON;GREATER LONDON;B;51511522;-415444;London;England;Hillingdon
{06C9F488-12B0-9388-E063-4804A8C0BD98};480000;16/08/2023;2023;8;3;RM6 6LA;RM6;Terraced;Freehold;FALSO;ROMFORD;BARKING AND DAGENHAM;GREATER LONDON;B;51572292;140368;London;England;Barking and Dagenham
{06C9F488-132F-9388-E063-4804A8C0BD98};632000;4/12/2015;2015;12;4;PE37 7PR;PE37;Other;Freehold;FALSO;SWAFFHAM;BRECKLAND;NORFOLK;B;52637465;69785;East of England;England;Breckland
{06C9F488-1385-9388-E063-4804A8C0BD98};270000;28/07/2023;2023;7;3;IP20 0HG;IP20;Semi-Detached;Freehold;FALSO;HARLESTON;SOUTH NORFOLK;NORFOLK;B;52405652;1303125;East of England;England;South Norfolk
{06C9F488-1538-9388-E063-4804A8C0BD98};675000;31/08/2023;2023;8;3;YO26 8JR;YO26;Semi-Detached;Freehold;FALSO;YORK;YORK;YORK;B;53959688;-1126974;Yorkshire and The Humber;England;York
{06C9F488-1562-9388-E063-4804A8C0BD98};195000;21/04/2023;2023;4;2;LA2 7JD;LA2;Semi-Detached;Freehold;FALSO;LANCASTER;NORTH YORKSHIRE;NORTH YORKSHIRE;B;54075406;-2751959;North West;England;Lancaster
{06C9F488-163A-9388-E063-4804A8C0BD98};100000;25/02/2022;2022;2;1;OX4 6HW;OX4;Other;Freehold;FALSO;OXFORD;OXFORD;OXFORDSHIRE;B;51726026;-1221655;South East;England;Oxford
{06C9F488-1654-9388-E063-4804A8C0BD98};999999;14/08/2023;2023;8;3;HA9 7QW;HA9;Detached;Freehold;FALSO;WEMBLEY;BRENT;GREATER LONDON;B;51561098;-274571;London;England;Brent
{06C9F488-166B-9388-E063-4804A8C0BD98};146000;23/08/2023;2023;8;3;DE15 0DT;DE15;Semi-Detached;Freehold;FALSO;BURTON-ON-TRENT;EAST STAFFORDSHIRE;STAFFORDSHIRE;B;52800631;-1598773;West Midlands;England;East Staffordshire
{06C9F488-16B6-9388-E063-4804A8C0BD98};97500;18/08/2023;2023;8;3;ST4 6EE;ST4;Terraced;Freehold;FALSO;STOKE-ON-TRENT;STOKE-ON-TRENT;STOKE-ON-TRENT;B;52990985;-2194636;West Midlands;England;Stoke-on-Trent
{06C9F488-174A-9388-E063-4804A8C0BD98};380000;21/08/2023;2023;8;3;SM6 7JD;SM6;Other;Freehold;FALSO;WALLINGTON;SUTTON;GREATER LONDON;B;51359495;-151461;London;England;Sutton
{06C9F488-17CF-9388-E063-4804A8C0BD98};187500;26/07/2023;2023;7;3;SE20 7XY;SE20;Flat/Maisonette;Leasehold;FALSO;LONDON;BROMLEY;GREATER LONDON;B;51417881;-58916;London;England;Bromley
{06C9F488-18F9-9388-E063-4804A8C0BD98};5000;12/11/2019;2019;11;4;SY10 7TA;SY10;Other;Freehold;FALSO;OSWESTRY;SHROPSHIRE;SHROPSHIRE;B;52886964;-303214;West Midlands;England;Shropshire
{06C9F488-18FC-9388-E063-4804A8C0BD98};255000;4/08/2023;2023;8;3;WR15 8NF;WR15;Other;Freehold;FALSO;TENBURY WELLS;SHROPSHIRE;SHROPSHIRE;B;5230966;-259509;West Midlands;England;Malvern Hills
{06C9F488-19A9-9388-E063-4804A8C0BD98};300;6/10/2021;2021;10;4;BA1 5BG;BA1;Other;Leasehold;FALSO;BATH;BATH AND NORTH EAST SOMERSET;BATH AND NORTH EAST SOMERSET;B;5139085;-2355423;South West;England;Bath and North East Somerset
{06C9F488-19EC-9388-E063-4804A8C0BD98};47500;1/09/2023;2023;9;3;KT17 4HQ;KT17;Other;Freehold;FALSO;EPSOM;EPSOM AND EWELL;SURREY;B;51356634;-246787;South East;England;Epsom and Ewell
{06C9F488-1A3D-9388-E063-4804A8C0BD98};275000;16/08/2023;2023;8;3;KT12 2SE;KT12;Flat/Maisonette;Leasehold;FALSO;WALTON-ON-THAMES;ELMBRIDGE;SURREY;B;51390925;-420144;South East;England;Elmbridge
{06C9F488-1B7F-9388-E063-4804A8C0BD98};60000;31/07/2023;2023;7;3;S70 1TL;S70;Other;Freehold;FALSO;BARNSLEY;BARNSLEY;SOUTH YORKSHIRE;B;53547776;-1467482;Yorkshire and The Humber;England;Barnsley
{06C9F488-1B83-9388-E063-4804A8C0BD98};190000;14/07/2023;2023;7;3;S65 3BY;S65;Other;Freehold;FALSO;ROTHERHAM;ROTHERHAM;SOUTH YORKSHIRE;B;53432808;-1319457;Yorkshire and The Humber;England;Rotherham
{06C9F488-1B9E-9388-E063-4804A8C0BD98};11200;1/07/2021;2021;7;3;S35 3XT;S35;Other;Freehold;FALSO;SHEFFIELD;SHEFFIELD;SOUTH YORKSHIRE;B;53466653;-1485592;Yorkshire and The Humber;England;Sheffield
{06C9F488-1C6A-9388-E063-4804A8C0BD98};270000;12/12/2019;2019;12;4;SE13 5FW;SE13;Flat/Maisonette;Leasehold;VERDADERO;LONDON;LEWISHAM;GREATER LONDON;B;51465778;-22921;London;England;Lewisham
{06C9F488-1C73-9388-E063-4804A8C0BD98};465000;22/09/2021;2021;9;3;RM10 9DE;RM10;Terraced;Freehold;FALSO;DAGENHAM;BARKING AND DAGENHAM;GREATER LONDON;B;51543539;152317;London;England;Barking and Dagenham
{06C9F488-1C80-9388-E063-4804A8C0BD98};315752;1/12/2021;2021;12;4;SW11 4GJ;SW11;Flat/Maisonette;Leasehold;VERDADERO;LONDON;WANDSWORTH;GREATER LONDON;B;51475587;-152864;London;England;Wandsworth
{06C9F488-1D67-9388-E063-4804A8C0BD98};116000;20/05/2022;2022;5;2;DA4 0JB;DA4;Other;Freehold;FALSO;DARTFORD;SEVENOAKS;KENT;B;51403075;248676;South East;England;Sevenoaks
{06C9F488-1DB3-9388-E063-4804A8C0BD98};142000;21/08/2023;2023;8;3;NE3 2TY;NE3;Terraced;Freehold;FALSO;NEWCASTLE UPON TYNE;NEWCASTLE UPON TYNE;TYNE AND WEAR;B;5501919;-1660212;North East;England;Newcastle upon Tyne
{06C9F488-1E0A-9388-E063-4804A8C0BD98};120000;21/08/2023;2023;8;3;NE3 3BB;NE3;Terraced;Freehold;FALSO;NEWCASTLE UPON TYNE;NEWCASTLE UPON TYNE;TYNE AND WEAR;B;5501919;-1660212;North East;England;Newcastle upon Tyne
{06C9F488-1E28-9388-E063-4804A8C0BD98};38000;6/09/2023;2023;9;3;NE28 0JZ;NE28;Flat/Maisonette;Leasehold;FALSO;WALLSEND;NORTH TYNESIDE;TYNE AND WEAR;B;5499266;-1495887;North East;England;North Tyneside
{06C9F488-1E47-9388-E063-4804A8C0BD98};95000;17/08/2023;2023;8;3;DH5 0NJ;DH5;Terraced;Freehold;FALSO;HOUGHTON LE SPRING;SUNDERLAND;TYNE AND WEAR;B;54810854;-1435899;North East;England;Sunderland
{06C9F488-1E7F-9388-E063-4804A8C0BD98};37926;19/08/2022;2022;8;3;SR3 2GQ;SR3;Terraced;Freehold;VERDADERO;SUNDERLAND;SUNDERLAND;TYNE AND WEAR;B;54882823;-1435191;North East;England;Sunderland
{06C9F488-1E9C-9388-E063-4804A8C0BD98};39999;12/04/2023;2023;4;2;NE33 2HE;NE33;Flat/Maisonette;Leasehold;FALSO;SOUTH SHIELDS;SOUTH TYNESIDE;TYNE AND WEAR;B;54994931;-1439729;North East;England;South Tyneside
{06C9F488-1EA1-9388-E063-4804A8C0BD98};805000;30/06/2022;2022;6;2;CF24 4QY;CF24;Terraced;Freehold;FALSO;CARDIFF;CARDIFF;CARDIFF;B;51498204;-3179652;Wales;Wales;Cardiff
{06C9F488-1EFD-9388-E063-4804A8C0BD98};120000;25/08/2023;2023;8;3;CF83 3NY;CF83;Terraced;Freehold;FALSO;CAERPHILLY;CAERPHILLY;CAERPHILLY;B;51577786;-3206752;Wales;Wales;Caerphilly
{06C9F488-1F61-9388-E063-4804A8C0BD98};375000;31/08/2023;2023;8;3;LL36 9AD;LL36;Detached;Freehold;FALSO;TYWYN;GWYNEDD;GWYNEDD;B;52630845;-4103131;Wales;Wales;Gwynedd
{06C9F488-1FB8-9388-E063-4804A8C0BD98};175000;18/08/2023;2023;8;3;B23 5AB;B23;Terraced;Freehold;FALSO;BIRMINGHAM;BIRMINGHAM;WEST MIDLANDS;B;52515717;-185038;West Midlands;England;Birmingham
{06C9F488-2009-9388-E063-4804A8C0BD98};220000;14/09/2023;2023;9;3;CV21 3FD;CV21;Terraced;Freehold;FALSO;RUGBY;RUGBY;WARWICKSHIRE;B;52392684;-12503;West Midlands;England;Rugby
{06C9F488-21E2-9388-E063-4804A8C0BD98};483800;21/08/2023;2023;8;3;RH12 4SA;RH12;Other;Freehold;FALSO;HORSHAM;HORSHAM;WEST SUSSEX;B;51081301;-291849;South East;England;Horsham
{06C9F488-2246-9388-E063-4804A8C0BD98};247000;15/08/2023;2023;8;3;SP2 7RP;SP2;Other;Freehold;FALSO;SALISBURY;WILTSHIRE;WILTSHIRE;B;51053364;-1789714;South West;England;Wiltshire
