transaction_id,price,date_of_transfer,year,month,quarter,postcode,postcode_outward,property_type_full,duration_full,is_new_build,town_city,district,county,ppd_category_type,latitude,longitude,region,country,admin_district
{000B6C31-1956-455F-88C5-063F9BC314BB},138000,2015-04-30,2015,4,2,NR3 4TL,NR3,Terraced,Freehold,False,NORWICH,NORWICH,NORFOLK,A,52.64302,1.284367,East of England,England,Norwich
{0013ADA3-8170-49D1-AE7B-DCF4207A2703},220000,2015-07-29,2015,7,3,BH13 6BD,BH13,Flat/Maisonette,Leasehold,False,POOLE,POOLE,POOLE,A,50.720461,-1.910241,South West,England,"Bournemouth, Christchurch and Poole"
{004F7734-B63F-43F6-94FE-1D7C9749B30A},610000,2015-08-21,2015,8,3,RH5 4RL,RH5,Detached,Freehold,False,DORKING,MOLE VALLEY,SURREY,A,51.194105,-0.325854,South East,England,Mole Valley
{0063C1C2-B114-4065-BB22-AF10333BF5D3},205000,2015-06-02,2015,6,2,LS13 1RE,LS13,Terraced,Freehold,False,LEEDS,LEEDS,WEST YORKSHIRE,A,53.799717,-1.616579,Yorkshire and The Humber,England,Leeds
{007A5B59-E3CD-4D75-822D-47A0D9518F95},170000,2015-07-31,2015,7,3,TA2 8QH,TA2,Terraced,Freehold,False,TAUNTON,TAUNTON DEANE,SOMERSET,A,51.026267,-3.110892,South West,England,Somerset
{007E9AC5-E081-45C2-9A22-2F3BB10C20A0},364995,2015-02-20,2015,2,1,ME13 7FA,ME13,Detached,Freehold,True,FAVERSHAM,SWALE,KENT,A,51.315863,0.892097,South East,England,Swale
{008342AB-EA86-49B8-A45F-A36BFD463D95},290000,2015-07-17,2015,7,3,CM1 6JX,CM1,Semi-Detached,Freehold,False,CHELMSFORD,CHELMSFORD,ESSEX,A,51.751738,0.495849,East of England,England,Chelmsford
{0084F9E3-73F2-407F-80F0-8C20BF0F0955},125000,2015-04-24,2015,4,2,CV6 4AG,CV6,Terraced,Freehold,False,COVENTRY,COVENTRY,WEST MIDLANDS,A,52.43714,-1.522304,West Midlands,England,Coventry
{00A04E7A-F9A3-40E3-8DA0-BF384F7532E2},129950,2015-05-20,2015,5,2,CH42 6QD,CH42,Terraced,Freehold,False,BIRKENHEAD,WIRRAL,MERSEYSIDE,A,53.372701,-3.008663,North West,England,Wirral
{00A68E59-B939-467A-9FCB-08D71C0A626F},110994,2015-05-06,2015,5,2,BN7 1UA,BN7,Terraced,Freehold,False,LEWES,LEWES,EAST SUSSEX,A,50.873476,0.018616,South East,England,Lewes
{00B2AE68-B45D-4C32-BB3F-577502210FB2},80000,2015-03-12,2015,3,1,BL1 7HY,BL1,Terraced,Leasehold,False,BOLTON,BOLTON,GREATER MANCHESTER,A,53.610671,-2.425087,North West,England,Bolton
{00BCDC85-2ED8-454F-AE63-E96ACF9EAB05},280000,2015-07-08,2015,7,3,MK3 7NX,MK3,Detached,Freehold,False,MILTON KEYNES,MILTON KEYNES,MILTON KEYNES,A,52.000569,-0.754274,South East,England,Milton Keynes
{00C97564-540C-40CF-95BA-24FD77D5CF61},435000,2015-02-12,2015,2,1,BS39 5TH,BS39,Detached,Freehold,False,BRISTOL,BATH AND NORTH EAST SOMERSET,BATH AND NORTH EAST SOMERSET,A,51.30329,-2.504048,South West,England,Bath and North East Somerset
{00D707E3-C2F8-4AD9-B0E8-0F85B8C482EE},195000,2015-01-05,2015,1,1,DA1 2PU,DA1,Flat/Maisonette,Leasehold,False,DARTFORD,DARTFORD,KENT,A,51.438429,0.201229,South East,England,Dartford
{00F1BF73-73FF-4E36-8112-C9E835F1FD8C},192000,2015-02-23,2015,2,1,NG32 1DN,NG32,Semi-Detached,Freehold,False,GRANTHAM,SOUTH KESTEVEN,LINCOLNSHIRE,A,52.916847,-0.691173,East Midlands,England,South Kesteven
{00F4120A-6787-4B64-AFF3-EA149143FC2D},365000,2015-08-27,2015,8,3,EX17 1EQ,EX17,Terraced,Freehold,False,CREDITON,MID DEVON,DEVON,A,50.814559,-3.753128,South West,England,Mid Devon
{01078749-ADD9-4BE9-8EF1-BCFDC0232E07},95000,2015-05-07,2015,5,2,DL1 2LE,DL1,Semi-Detached,Freehold,False,DARLINGTON,DARLINGTON,DARLINGTON,A,54.530419,-1.538817,North East,England,Darlington
{011B11FE-CA7E-4E44-A4C3-CBF5B1D51077},74000,2015-06-29,2015,6,2,M24 2AN,M24,Terraced,Leasehold,False,MANCHESTER,ROCHDALE,GREATER MANCHESTER,A,53.55785,-2.205895,North West,England,Rochdale
{012C75E2-583F-42B1-BCD0-F2B9C5FBA7F6},225000,2015-02-25,2015,2,1,NP44 6JW,NP44,Detached,Freehold,False,CWMBRAN,TORFAEN,TORFAEN,A,51.644069,-3.032869,Wales,Wales,Torfaen
{01426A76-B219-469B-AC44-9FBF6093E4B2},595000,2015-06-12,2015,6,2,WD4 9LH,WD4,Detached,Freehold,False,KINGS LANGLEY,DACORUM,HERTFORDSHIRE,A,51.712515,-0.452345,East of England,England,Dacorum
{01447049-7D66-4CA6-B808-9A21BE8343AD},173000,2015-07-31,2015,7,3,PL3 4LQ,PL3,Terraced,Freehold,False,PLYMOUTH,CITY OF PLYMOUTH,CITY OF PLYMOUTH,A,50.379735,-4.14978,South West,England,Plymouth
{01558AF3-3192-41E5-877F-2B7777D75C1F},555000,2015-05-27,2015,5,2,EN6 2EP,EN6,Detached,Freehold,False,POTTERS BAR,HERTSMERE,HERTFORDSHIRE,A,51.709706,-0.111599,East of England,England,Welwyn Hatfield
{01586F5C-5812-4347-9DF6-C0F723966E96},190000,2015-02-09,2015,2,1,CH63 8PF,CH63,Semi-Detached,Freehold,False,WIRRAL,WIRRAL,MERSEYSIDE,A,53.343354,-3.004124,North West,England,Wirral
{0158FDE1-385D-4B9C-9596-553126EBD460},279995,2015-02-13,2015,2,1,CM14 4LQ,CM14,Terraced,Freehold,False,BRENTWOOD,BRENTWOOD,ESSEX,A,51.639599,0.267585,East of England,England,Brentwood
{015B8968-4FBC-41F0-8A6A-00232EF3FA1E},113000,2015-05-05,2015,5,2,LL33 0TL,LL33,Terraced,Freehold,False,LLANFAIRFECHAN,CONWY,CONWY,A,53.248318,-3.969871,Wales,Wales,Conwy
{0165F3A7-4698-4295-9995-951F0787AF0A},135000,2015-07-31,2015,7,3,GL2 4HD,GL2,Semi-Detached,Freehold,False,GLOUCESTER,GLOUCESTER,GLOUCESTERSHIRE,A,51.879783,-2.202531,South West,England,Gloucester
{016A57BA-1D0F-44D7-95DB-E164BC32D3ED},450000,2015-04-17,2015,4,2,BH31 6BX,BH31,Detached,Freehold,False,VERWOOD,EAST DORSET,DORSET,A,50.871797,-1.854442,South West,England,Dorset
{0174E94C-5CB5-4D47-8312-4D5BCB09F999},103500,2015-06-19,2015,6,2,CF38 2SS,CF38,Semi-Detached,Freehold,False,PONTYPRIDD,RHONDDA CYNON TAFF,RHONDDA CYNON TAFF,A,51.550966,-3.336745,Wales,Wales,Rhondda Cynon Taf
{01773F61-13CD-494E-A4B7-E51B5B3B5FB1},312005,2015-06-03,2015,6,2,BS6 7EY,BS6,Flat/Maisonette,Leasehold,False,BRISTOL,CITY OF BRISTOL,CITY OF BRISTOL,A,51.474474,-2.612323,South West,England,"Bristol, City of"
{0179C458-4913-49AB-819A-5FFDA882F96A},183000,2015-04-17,2015,4,2,NN18 0TA,NN18,Detached,Freehold,False,CORBY,CORBY,NORTHAMPTONSHIRE,A,52.489271,-0.717928,East Midlands,England,North Northamptonshire
{0190C7CE-D449-45D4-AC1B-E69724246D07},169950,2015-02-13,2015,2,1,BN1 6AJ,BN1,Flat/Maisonette,Leasehold,False,BRIGHTON,BRIGHTON AND HOVE,BRIGHTON AND HOVE,A,50.859799,-0.104845,South East,England,Brighton and Hove
{0194C76D-7363-4217-B68D-3EF7EA0CA03E},126500,2015-05-15,2015,5,2,TQ1 4BG,TQ1,Terraced,Freehold,False,TORQUAY,TORBAY,TORBAY,A,50.482662,-3.530093,South West,England,Torbay
{01BA58EA-09A5-4124-8992-A6D990E35414},412000,2015-07-29,2015,7,3,CT14 0DF,CT14,Detached,Freehold,False,DEAL,DOVER,KENT,A,51.256369,1.346774,South East,England,Dover
{01BD0C33-D02D-428F-9397-73B92A7C0EC2},172500,2015-08-25,2015,8,3,GL5 1LS,GL5,Semi-Detached,Freehold,False,STROUD,STROUD,GLOUCESTERSHIRE,A,51.718346,-2.231787,South West,England,Stroud
{01C70788-5C1D-4508-BADD-933529DDB55B},112000,2015-06-25,2015,6,2,CH8 9BA,CH8,Detached,Freehold,False,HOLYWELL,FLINTSHIRE,FLINTSHIRE,A,53.285807,-3.219097,Wales,Wales,Flintshire
{01EB45EF-618B-40F3-E063-4704A8C05FDE},700000,2023-06-23,2023,6,2,SE13 5QE,SE13,Terraced,Freehold,False,LONDON,LEWISHAM,GREATER LONDON,A,51.465778,-0.022921,London,England,Lewisham
{01EB45EF-61BA-40F3-E063-4704A8C05FDE},313000,2021-04-09,2021,4,2,CO13 0FB,CO13,Terraced,Freehold,False,FRINTON-ON-SEA,TENDRING,ESSEX,A,51.833491,1.2439,East of England,England,Tendring
{01EB45EF-61DC-40F3-E063-4704A8C05FDE},345000,2021-05-21,2021,5,2,CM1 6DR,CM1,Terraced,Freehold,True,CHELMSFORD,CHELMSFORD,ESSEX,A,51.751738,0.495849,East of England,England,Chelmsford
{01EB45EF-6204-40F3-E063-4704A8C05FDE},429995,2021-10-15,2021,10,4,SS16 5NY,SS16,Semi-Detached,Freehold,True,BASILDON,BASILDON,ESSEX,A,51.55661,0.484359,East of England,England,Basildon
{01EB45EF-623F-40F3-E063-4704A8C05FDE},470000,2020-11-05,2020,11,4,CO6 1FT,CO6,Detached,Freehold,True,COLCHESTER,BRAINTREE,ESSEX,A,51.926527,0.694492,East of England,England,Braintree
{01EB45EF-627D-40F3-E063-4704A8C05FDE},365000,2021-12-20,2021,12,4,SS3 0FT,SS3,Semi-Detached,Freehold,True,SOUTHEND-ON-SEA,ROCHFORD,ESSEX,A,51.554338,0.800775,East of England,England,Rochford
{01EB45EF-62EC-40F3-E063-4704A8C05FDE},314995,2022-05-27,2022,5,2,CM8 2ZR,CM8,Semi-Detached,Freehold,True,WITHAM,BRAINTREE,ESSEX,A,51.802881,0.643603,East of England,England,Braintree
{01EB45EF-6312-40F3-E063-4704A8C05FDE},230000,2022-06-30,2022,6,2,CO1 1FB,CO1,Flat/Maisonette,Leasehold,True,COLCHESTER,COLCHESTER,ESSEX,A,51.89314,0.910907,East of England,England,Colchester
{01EB45EF-6340-40F3-E063-4704A8C05FDE},549995,2022-07-01,2022,7,3,CM8 3GP,CM8,Detached,Freehold,True,WITHAM,BRAINTREE,ESSEX,A,51.802881,0.643603,East of England,England,Braintree
{01EB45EF-6352-40F3-E063-4704A8C05FDE},504995,2022-07-25,2022,7,3,CM8 3GP,CM8,Detached,Freehold,True,WITHAM,BRAINTREE,ESSEX,A,51.802881,0.643603,East of England,England,Braintree
{01EB45EF-6372-40F3-E063-4704A8C05FDE},440000,2022-10-17,2022,10,4,CO7 7HF,CO7,Detached,Freehold,True,COLCHESTER,TENDRING,ESSEX,A,51.882055,0.998824,East of England,England,Tendring
{01EB45EF-638A-40F3-E063-4704A8C05FDE},326500,2022-10-12,2022,10,4,CM9 4LZ,CM9,Semi-Detached,Freehold,False,MALDON,MALDON,ESSEX,A,51.731796,0.669463,East of England,England,Maldon
{01EB45EF-6434-40F3-E063-4704A8C05FDE},1000000,2021-06-30,2021,6,2,W4 1PG,W4,Terraced,Freehold,False,LONDON,HOUNSLOW,GREATER LONDON,A,51.496494,-0.270832,London,England,Ealing
{01EB45EF-645A-40F3-E063-4704A8C05FDE},275000,2023-06-13,2023,6,2,UB7 7FD,UB7,Flat/Maisonette,Leasehold,False,WEST DRAYTON,HILLINGDON,GREATER LONDON,A,51.507883,-0.460903,London,England,Hillingdon
{01EB45EF-64CE-40F3-E063-4704A8C05FDE},590000,2023-05-23,2023,5,2,N16 9AP,N16,Flat/Maisonette,Leasehold,False,LONDON,HACKNEY,GREATER LONDON,A,51.566842,-0.082678,London,England,Hackney
{01EB45EF-64E6-40F3-E063-4704A8C05FDE},240000,2023-04-18,2023,4,2,UB8 2TS,UB8,Flat/Maisonette,Leasehold,False,UXBRIDGE,HILLINGDON,GREATER LONDON,A,51.51909,-0.45698,London,England,Hillingdon
{01EB45EF-651D-40F3-E063-4704A8C05FDE},535000,2023-02-13,2023,2,1,E17 8EN,E17,Flat/Maisonette,Leasehold,False,LONDON,WALTHAM FOREST,GREATER LONDON,A,51.579004,-0.031909,London,England,Waltham Forest
{01EB45EF-65D5-40F3-E063-4704A8C05FDE},310000,2023-06-23,2023,6,2,N14 4DP,N14,Flat/Maisonette,Leasehold,False,LONDON,ENFIELD,GREATER LONDON,A,51.629147,-0.125305,London,England,Enfield
{01EB45EF-65F2-40F3-E063-4704A8C05FDE},515000,2023-06-01,2023,6,2,EC2Y 8PQ,EC2Y,Flat/Maisonette,Leasehold,False,LONDON,CITY OF LONDON,GREATER LONDON,A,51.518824,-0.091109,London,England,City of London
{01EB45EF-6689-40F3-E063-4704A8C05FDE},350000,2022-11-09,2022,11,4,UB10 0YB,UB10,Flat/Maisonette,Leasehold,False,UXBRIDGE,HILLINGDON,GREATER LONDON,A,51.528137,-0.442085,London,England,Hillingdon
{01EB45EF-66C0-40F3-E063-4704A8C05FDE},275000,2021-04-16,2021,4,2,UB4 0SN,UB4,Flat/Maisonette,Leasehold,False,HAYES,HILLINGDON,GREATER LONDON,A,51.52124,-0.403301,London,England,Hillingdon
{01EB45EF-6746-40F3-E063-4704A8C05FDE},1250000,2021-11-15,2021,11,4,NW2 4DD,NW2,Flat/Maisonette,Leasehold,False,LONDON,BRENT,GREATER LONDON,A,51.562283,-0.251961,London,England,Brent
{01EB45EF-6765-40F3-E063-4704A8C05FDE},300000,2021-11-30,2021,11,4,UB7 9GZ,UB7,Flat/Maisonette,Leasehold,True,WEST DRAYTON,HILLINGDON,GREATER LONDON,A,51.507883,-0.460903,London,England,Hillingdon
{01EB45EF-67E5-40F3-E063-4704A8C05FDE},312500,2022-01-31,2022,1,1,UB5 6LR,UB5,Flat/Maisonette,Leasehold,False,NORTHOLT,EALING,GREATER LONDON,A,51.537794,-0.373767,London,England,Ealing
{01EB45EF-688F-40F3-E063-4704A8C05FDE},415000,2022-09-16,2022,9,3,UB8 1GY,UB8,Flat/Maisonette,Leasehold,True,UXBRIDGE,HILLINGDON,GREATER LONDON,A,51.51909,-0.45698,London,England,Hillingdon
{01EB45EF-6920-40F3-E063-4704A8C05FDE},370000,2020-12-17,2020,12,4,EN3 4GR,EN3,Flat/Maisonette,Leasehold,True,ENFIELD,ENFIELD,GREATER LONDON,A,51.664901,-0.038355,London,England,Enfield
{01EB45EF-693B-40F3-E063-4704A8C05FDE},570000,2023-02-24,2023,2,1,E2 8GT,E2,Flat/Maisonette,Leasehold,True,LONDON,HACKNEY,GREATER LONDON,A,51.526975,-0.044432,London,England,Tower Hamlets
{01EB45EF-6992-40F3-E063-4704A8C05FDE},455000,2023-06-08,2023,6,2,W13 8QJ,W13,Flat/Maisonette,Leasehold,False,LONDON,EALING,GREATER LONDON,A,51.50409,-0.316999,London,England,Ealing
{01EB45EF-69D0-40F3-E063-4704A8C05FDE},384500,2023-06-09,2023,6,2,BS9 2LZ,BS9,Semi-Detached,Freehold,False,BRISTOL,CITY OF BRISTOL,CITY OF BRISTOL,A,51.480056,-2.64945,South West,England,"Bristol, City of"
{01EB45EF-69D6-40F3-E063-4704A8C05FDE},205000,2023-07-06,2023,7,3,BS22 8BY,BS22,Flat/Maisonette,Leasehold,False,WESTON-SUPER-MARE,NORTH SOMERSET,NORTH SOMERSET,A,51.359784,-2.914344,South West,England,North Somerset
{01EB45EF-6A18-40F3-E063-4704A8C05FDE},335000,2023-01-27,2023,1,1,BA2 0DW,BA2,Semi-Detached,Freehold,False,BATH,BATH AND NORTH EAST SOMERSET,BATH AND NORTH EAST SOMERSET,A,51.370463,-2.353513,South West,England,Bath and North East Somerset
{01EB45EF-6A1C-40F3-E063-4704A8C05FDE},340000,2023-06-09,2023,6,2,BS22 9UU,BS22,Detached,Freehold,False,WESTON-SUPER-MARE,NORTH SOMERSET,NORTH SOMERSET,A,51.359784,-2.914344,South West,England,North Somerset
{01EB45EF-6A95-40F3-E063-4704A8C05FDE},415000,2023-06-29,2023,6,2,BS7 9NS,BS7,Terraced,Freehold,False,BRISTOL,CITY OF BRISTOL,CITY OF BRISTOL,A,51.499105,-2.576377,South West,England,"Bristol, City of"
{01EB45EF-6AF6-40F3-E063-4704A8C05FDE},920000,2023-01-18,2023,1,1,BS37 8QQ,BS37,Detached,Freehold,False,BRISTOL,SOUTH GLOUCESTERSHIRE,SOUTH GLOUCESTERSHIRE,A,51.544313,-2.427797,South West,England,South Gloucestershire
{01EB45EF-6BBD-40F3-E063-4704A8C05FDE},8200000,2021-09-24,2021,9,3,W1G 6EN,W1G,Terraced,Leasehold,True,LONDON,CITY OF WESTMINSTER,GREATER LONDON,A,51.518815,-0.146632,London,England,Westminster
{01EB45EF-6CB6-40F3-E063-4704A8C05FDE},340000,2023-06-29,2023,6,2,LU4 0PS,LU4,Semi-Detached,Freehold,False,LUTON,LUTON,LUTON,A,51.910698,-0.477318,East of England,England,Luton
{01EB45EF-6CBF-40F3-E063-4704A8C05FDE},397000,2023-05-16,2023,5,2,SG17 5HA,SG17,Semi-Detached,Freehold,False,SHEFFORD,CENTRAL BEDFORDSHIRE,CENTRAL BEDFORDSHIRE,A,52.037293,-0.339677,East of England,England,Central Bedfordshire
{01EB45EF-6CD1-40F3-E063-4704A8C05FDE},435000,2023-06-29,2023,6,2,LU2 8JQ,LU2,Semi-Detached,Freehold,False,LUTON,LUTON,LUTON,A,51.89175,-0.399907,East of England,England,Luton
{01EB45EF-6CD4-40F3-E063-4704A8C05FDE},410000,2023-06-30,2023,6,2,SG19 2TG,SG19,Detached,Freehold,False,SANDY,CENTRAL BEDFORDSHIRE,CENTRAL BEDFORDSHIRE,A,52.139887,-0.287483,East of England,England,Central Bedfordshire
{01EB45EF-6D38-40F3-E063-4704A8C05FDE},305000,2023-03-17,2023,3,1,MK44 1ES,MK44,Terraced,Freehold,False,BEDFORD,BEDFORD,BEDFORD,A,52.294067,-0.518368,East of England,England,Bedford
{01EB45EF-6DA9-40F3-E063-4704A8C05FDE},282250,2023-06-20,2023,6,2,MK40 4UT,MK40,Semi-Detached,Freehold,False,BEDFORD,BEDFORD,BEDFORD,A,52.144142,-0.452158,East of England,England,Bedford
{01EB45EF-6E80-40F3-E063-4704A8C05FDE},402000,2022-02-07,2022,2,1,SG18 8YP,SG18,Terraced,Freehold,True,BIGGLESWADE,CENTRAL BEDFORDSHIRE,CENTRAL BEDFORDSHIRE,A,52.095103,-0.25397,East of England,England,Central Bedfordshire
{01EB45EF-6F0C-40F3-E063-4704A8C05FDE},425000,2022-07-01,2022,7,3,SG18 8YR,SG18,Terraced,Freehold,True,BIGGLESWADE,CENTRAL BEDFORDSHIRE,CENTRAL BEDFORDSHIRE,A,52.095103,-0.25397,East of England,England,Central Bedfordshire
{01EB45EF-6F19-40F3-E063-4704A8C05FDE},285000,2022-10-14,2022,10,4,MK45 3PZ,MK45,Terraced,Freehold,True,BEDFORD,CENTRAL BEDFORDSHIRE,CENTRAL BEDFORDSHIRE,A,52.081023,-0.446037,East of England,England,Bedford
{01EB45EF-6F50-40F3-E063-4704A8C05FDE},260000,2023-06-19,2023,6,2,MK42 8NH,MK42,Terraced,Freehold,False,BEDFORD,BEDFORD,BEDFORD,A,52.111701,-0.493135,East of England,England,Bedford
{01EB45EF-6FC7-40F3-E063-4704A8C05FDE},317000,2023-05-26,2023,5,2,RM12 6QR,RM12,Terraced,Leasehold,False,HORNCHURCH,HAVERING,GREATER LONDON,A,51.542535,0.211154,London,England,Havering
{01EB45EF-6FE8-40F3-E063-4704A8C05FDE},4900000,2023-01-23,2023,1,1,W8 4AQ,W8,Flat/Maisonette,Leasehold,False,LONDON,KENSINGTON AND CHELSEA,GREATER LONDON,A,51.502974,-0.19239,London,England,Kensington and Chelsea
{01EB45EF-6FF1-40F3-E063-4704A8C05FDE},540000,2023-06-09,2023,6,2,SW6 7EH,SW6,Terraced,Leasehold,False,LONDON,HAMMERSMITH AND FULHAM,GREATER LONDON,A,51.486399,-0.199326,London,England,Hammersmith and Fulham
{01EB45EF-700A-40F3-E063-4704A8C05FDE},645000,2023-07-05,2023,7,3,SW10 0AP,SW10,Flat/Maisonette,Leasehold,False,LONDON,KENSINGTON AND CHELSEA,GREATER LONDON,A,51.485024,-0.17959,London,England,Kensington and Chelsea
{01EB45EF-7029-40F3-E063-4704A8C05FDE},87000,2023-06-30,2023,6,2,RM12 6EY,RM12,Flat/Maisonette,Leasehold,False,HORNCHURCH,HAVERING,GREATER LONDON,A,51.542535,0.211154,London,England,Havering
{01EB45EF-70D9-40F3-E063-4704A8C05FDE},525000,2022-10-26,2022,10,4,W12 7JN,W12,Flat/Maisonette,Leasehold,False,LONDON,HAMMERSMITH AND FULHAM,GREATER LONDON,A,51.508008,-0.239025,London,England,Hammersmith and Fulham
{01EB45EF-7103-40F3-E063-4704A8C05FDE},1700000,2023-06-22,2023,6,2,SW3 3HW,SW3,Flat/Maisonette,Leasehold,False,LONDON,KENSINGTON AND CHELSEA,GREATER LONDON,A,51.49198,-0.160888,London,England,Kensington and Chelsea
{01EB45EF-7171-40F3-E063-4704A8C05FDE},425000,2023-05-26,2023,5,2,W14 9SF,W14,Flat/Maisonette,Leasehold,False,LONDON,HAMMERSMITH AND FULHAM,GREATER LONDON,A,51.486582,-0.206607,London,England,Hammersmith and Fulham
{01EB45EF-7174-40F3-E063-4704A8C05FDE},640000,2023-04-06,2023,4,2,W6 0XP,W6,Flat/Maisonette,Leasehold,False,LONDON,HAMMERSMITH AND FULHAM,GREATER LONDON,A,51.487948,-0.216535,London,England,Hammersmith and Fulham
{01EB45EF-719A-40F3-E063-4704A8C05FDE},370000,2023-06-30,2023,6,2,SL6 7UH,SL6,Terraced,Freehold,False,MAIDENHEAD,WINDSOR AND MAIDENHEAD,WINDSOR AND MAIDENHEAD,A,51.52585,-0.759142,South East,England,Windsor and Maidenhead
{01EB45EF-7385-40F3-E063-4704A8C05FDE},500000,2023-07-04,2023,7,3,RG14 6AG,RG14,Detached,Freehold,False,NEWBURY,WEST BERKSHIRE,WEST BERKSHIRE,A,51.378728,-1.344976,South East,England,West Berkshire
{01EB45EF-73C3-40F3-E063-4704A8C05FDE},470000,2023-05-18,2023,5,2,RG5 3AL,RG5,Semi-Detached,Freehold,False,READING,WOKINGHAM,WOKINGHAM,A,51.446634,-0.900153,South East,England,Wokingham
{01EB45EF-759E-40F3-E063-4704A8C05FDE},545000,2023-02-28,2023,2,1,RG45 7EP,RG45,Detached,Freehold,False,CROWTHORNE,BRACKNELL FOREST,BRACKNELL FOREST,A,51.362916,-0.781765,South East,England,Bracknell Forest
{01EB45EF-764D-40F3-E063-4704A8C05FDE},428000,2023-06-08,2023,6,2,BS3 3LP,BS3,Terraced,Freehold,False,BRISTOL,CITY OF BRISTOL,CITY OF BRISTOL,A,51.437488,-2.593874,South West,England,"Bristol, City of"
{01EB45EF-7693-40F3-E063-4704A8C05FDE},438000,2022-05-27,2022,5,2,BS3 1FP,BS3,Flat/Maisonette,Leasehold,True,BRISTOL,CITY OF BRISTOL,CITY OF BRISTOL,A,51.437488,-2.593874,South West,England,"Bristol, City of"
{01EB45EF-76A4-40F3-E063-4704A8C05FDE},225000,2022-12-20,2022,12,4,BS13 0DX,BS13,Flat/Maisonette,Leasehold,False,BRISTOL,CITY OF BRISTOL,CITY OF BRISTOL,A,51.404665,-2.616924,South West,England,"Bristol, City of"
{01EB45EF-78EA-40F3-E063-4704A8C05FDE},175000,2022-03-25,2022,3,1,MK2 2AW,MK2,Flat/Maisonette,Leasehold,False,MILTON KEYNES,MILTON KEYNES,MILTON KEYNES,A,51.977389,-0.727311,South East,England,Milton Keynes
{01EB45EF-7999-40F3-E063-4704A8C05FDE},235000,2022-08-22,2022,8,3,HP5 3EN,HP5,Flat/Maisonette,Leasehold,False,CHESHAM,BUCKINGHAMSHIRE,BUCKINGHAMSHIRE,A,51.710852,-0.607678,South East,England,Buckinghamshire
{01EB45EF-79AB-40F3-E063-4704A8C05FDE},1275000,2023-06-15,2023,6,2,HP18 9HH,HP18,Semi-Detached,Freehold,False,AYLESBURY,BUCKINGHAMSHIRE,BUCKINGHAMSHIRE,A,51.834904,-0.856423,South East,England,Buckinghamshire
{01EB45EF-79C0-40F3-E063-4704A8C05FDE},290000,2021-08-27,2021,8,3,HP10 9QL,HP10,Flat/Maisonette,Leasehold,True,HIGH WYCOMBE,BUCKINGHAMSHIRE,BUCKINGHAMSHIRE,A,51.581075,-0.675632,South East,England,Buckinghamshire
{01EB45EF-7B89-40F3-E063-4704A8C05FDE},164000,2023-06-30,2023,6,2,PE27 3FN,PE27,Semi-Detached,Freehold,False,ST IVES,HUNTINGDONSHIRE,CAMBRIDGESHIRE,A,52.342258,-0.085895,East of England,England,Huntingdonshire
{01EB45EF-7BED-40F3-E063-4704A8C05FDE},935000,2023-02-21,2023,2,1,CB23 7AL,CB23,Terraced,Freehold,False,CAMBRIDGE,SOUTH CAMBRIDGESHIRE,CAMBRIDGESHIRE,A,52.216323,-0.083305,East of England,England,South Cambridgeshire
{01EB45EF-7C61-40F3-E063-4704A8C05FDE},267000,2023-07-07,2023,7,3,PE15 8YB,PE15,Detached,Freehold,False,MARCH,FENLAND,CAMBRIDGESHIRE,A,52.49922,0.066045,East of England,England,Fenland
{01EB45EF-7D43-40F3-E063-4704A8C05FDE},202500,2023-05-26,2023,5,2,PE2 8DZ,PE2,Terraced,Freehold,False,PETERBOROUGH,CITY OF PETERBOROUGH,CITY OF PETERBOROUGH,A,52.545601,-0.284852,East of England,England,Peterborough
{01EB45EF-7D5E-40F3-E063-4704A8C05FDE},980000,2023-01-13,2023,1,1,CB4 3LA,CB4,Detached,Freehold,False,CAMBRIDGE,CAMBRIDGE,CAMBRIDGESHIRE,A,52.21888,0.134957,East of England,England,Cambridge
{01EB45EF-7DFB-40F3-E063-4704A8C05FDE},465995,2021-10-08,2021,10,4,PE29 2PS,PE29,Detached,Freehold,True,HUNTINGDON,HUNTINGDONSHIRE,CAMBRIDGESHIRE,A,52.340114,-0.175462,East of England,England,Huntingdonshire
{01EB45EF-7F88-40F3-E063-4704A8C05FDE},160000,2023-07-14,2023,7,3,TS11 7JL,TS11,Semi-Detached,Freehold,False,REDCAR,REDCAR AND CLEVELAND,REDCAR AND CLEVELAND,A,54.590353,-1.027165,North East,England,Redcar and Cleveland
{01EB45EF-7F89-40F3-E063-4704A8C05FDE},185000,2023-06-09,2023,6,2,TS20 2TL,TS20,Detached,Freehold,False,STOCKTON-ON-TEES,STOCKTON-ON-TEES,STOCKTON-ON-TEES,A,54.579001,-1.311206,North East,England,Stockton-on-Tees
{01EB45EF-7FA6-40F3-E063-4704A8C05FDE},153500,2023-05-05,2023,5,2,TS10 2RU,TS10,Semi-Detached,Freehold,False,REDCAR,REDCAR AND CLEVELAND,REDCAR AND CLEVELAND,B,54.617025,-1.074039,North East,England,Redcar and Cleveland
{01EB45EF-7FAD-40F3-E063-4704A8C05FDE},273500,2023-06-26,2023,6,2,TS26 0SH,TS26,Detached,Freehold,False,HARTLEPOOL,HARTLEPOOL,HARTLEPOOL,A,54.679336,-1.218937,North East,England,Hartlepool
{01EB45EF-7FCA-40F3-E063-4704A8C05FDE},105000,2023-06-05,2023,6,2,TS5 8TN,TS5,Terraced,Freehold,False,MIDDLESBROUGH,MIDDLESBROUGH,MIDDLESBROUGH,A,54.532518,-1.268024,North East,England,Middlesbrough
{01EB45EF-7FD7-40F3-E063-4704A8C05FDE},81000,2023-02-16,2023,2,1,TS20 1DR,TS20,Flat/Maisonette,Leasehold,False,STOCKTON-ON-TEES,STOCKTON-ON-TEES,STOCKTON-ON-TEES,B,54.579001,-1.311206,North East,England,Stockton-on-Tees
{01EB45EF-7FFD-40F3-E063-4704A8C05FDE},145000,2023-05-31,2023,5,2,TS10 3LD,TS10,Semi-Detached,Freehold,False,REDCAR,REDCAR AND CLEVELAND,REDCAR AND CLEVELAND,A,54.617025,-1.074039,North East,England,Redcar and Cleveland
{01EB45EF-8080-40F3-E063-4704A8C05FDE},120000,2022-03-18,2022,3,1,TS18 3FF,TS18,Terraced,Freehold,False,STOCKTON-ON-TEES,STOCKTON-ON-TEES,STOCKTON-ON-TEES,A,54.567809,-1.336435,North East,England,Stockton-on-Tees
{01EB45EF-80F4-40F3-E063-4704A8C05FDE},308750,2022-04-29,2022,4,2,TS7 0RP,TS7,Detached,Freehold,True,MIDDLESBROUGH,MIDDLESBROUGH,MIDDLESBROUGH,A,54.52551,-1.181377,North East,England,Middlesbrough
{01EB45EF-8163-40F3-E063-4704A8C05FDE},60000,2022-07-29,2022,7,3,TS3 6PD,TS3,Terraced,Freehold,False,MIDDLESBROUGH,MIDDLESBROUGH,MIDDLESBROUGH,A,54.554516,-1.202104,North East,England,Middlesbrough
{01EB45EF-8191-40F3-E063-4704A8C05FDE},66750,2023-05-03,2023,5,2,TS25 4HS,TS25,Terraced,Freehold,False,HARTLEPOOL,HARTLEPOOL,HARTLEPOOL,A,54.670037,-1.222123,North East,England,Hartlepool
{01EB45EF-81EC-40F3-E063-4704A8C05FDE},305750,2023-06-26,2023,6,2,WA1 4QN,WA1,Semi-Detached,Leasehold,False,WARRINGTON,WARRINGTON,WARRINGTON,A,53.404968,-2.552874,North West,England,Warrington
{01EB45EF-826B-40F3-E063-4704A8C05FDE},125000,2023-02-17,2023,2,1,WA2 9LZ,WA2,Terraced,Freehold,False,WARRINGTON,WARRINGTON,WARRINGTON,A,53.409848,-2.566612,North West,England,Warrington
{01EB45EF-8280-40F3-E063-4704A8C05FDE},215000,2023-02-24,2023,2,1,WA2 9JX,WA2,Semi-Detached,Freehold,False,WARRINGTON,WARRINGTON,WARRINGTON,A,53.409848,-2.566612,North West,England,Warrington
{01EB45EF-829B-40F3-E063-4704A8C05FDE},330000,2023-05-26,2023,5,2,ST7 2PL,ST7,Detached,Freehold,False,STOKE-ON-TRENT,CHESHIRE EAST,CHESHIRE EAST,A,53.091416,-2.222057,West Midlands,England,Newcastle-under-Lyme
{01EB45EF-82A4-40F3-E063-4704A8C05FDE},125000,2023-02-28,2023,2,1,WA5 4EQ,WA5,Terraced,Leasehold,False,WARRINGTON,WARRINGTON,WARRINGTON,A,53.429806,-2.660295,North West,England,Warrington
{01EB45EF-82E6-40F3-E063-4704A8C05FDE},285000,2023-07-07,2023,7,3,SK10 5PF,SK10,Terraced,Freehold,False,MACCLESFIELD,CHESHIRE EAST,CHESHIRE EAST,A,53.291634,-2.105076,North West,England,Cheshire East
{01EB45EF-82F4-40F3-E063-4704A8C05FDE},310000,2023-05-30,2023,5,2,WA13 9QA,WA13,Semi-Detached,Freehold,False,LYMM,WARRINGTON,WARRINGTON,A,53.38282,-2.473568,North West,England,Warrington
{01EB45EF-831A-40F3-E063-4704A8C05FDE},295000,2023-06-06,2023,6,2,WA3 7HQ,WA3,Semi-Detached,Freehold,False,WARRINGTON,WARRINGTON,WARRINGTON,A,53.447638,-2.510155,North West,England,Warrington
{01EB45EF-841C-40F3-E063-4704A8C05FDE},280000,2023-05-19,2023,5,2,CH42 6RS,CH42,Semi-Detached,Freehold,False,BIRKENHEAD,WIRRAL,MERSEYSIDE,A,53.372701,-3.008663,North West,England,Wirral
{01EB45EF-849F-40F3-E063-4704A8C05FDE},400000,2023-03-31,2023,3,1,CW6 9DT,CW6,Detached,Freehold,False,TARPORLEY,CHESHIRE WEST AND CHESTER,CHESHIRE WEST AND CHESTER,A,53.209229,-2.706968,North West,England,Cheshire West and Chester
{01EB45EF-84BD-40F3-E063-4704A8C05FDE},260000,2023-06-30,2023,6,2,WA4 3AB,WA4,Semi-Detached,Freehold,False,WARRINGTON,WARRINGTON,WARRINGTON,A,53.375905,-2.564973,North West,England,Warrington
{01EB45EF-852F-40F3-E063-4704A8C05FDE},305000,2023-06-23,2023,6,2,CH4 7EF,CH4,Semi-Detached,Freehold,False,CHESTER,CHESHIRE WEST AND CHESTER,CHESHIRE WEST AND CHESTER,A,53.17796,-2.943864,Wales,Wales,Flintshire
{01EB45EF-8540-40F3-E063-4704A8C05FDE},205000,2023-02-10,2023,2,1,WA3 4GB,WA3,Flat/Maisonette,Leasehold,False,WARRINGTON,WARRINGTON,WARRINGTON,A,53.447638,-2.510155,North West,England,Warrington
{01EB45EF-85F0-40F3-E063-4704A8C05FDE},232000,2023-06-30,2023,6,2,WA8 9NG,WA8,Semi-Detached,Leasehold,False,WIDNES,HALTON,HALTON,A,53.386242,-2.727596,North West,England,Halton
{01EB45EF-8612-40F3-E063-4704A8C05FDE},86000,2023-03-24,2023,3,1,CW2 8TG,CW2,Flat/Maisonette,Leasehold,False,CREWE,CHESHIRE EAST,CHESHIRE EAST,A,53.101038,-2.482057,North West,England,Cheshire East
{01EB45EF-8631-40F3-E063-4704A8C05FDE},152000,2022-12-15,2022,12,4,WA7 1FY,WA7,Flat/Maisonette,Leasehold,False,RUNCORN,HALTON,HALTON,A,53.326997,-2.714006,North West,England,Halton
{01EB45EF-865F-40F3-E063-4704A8C05FDE},290000,2022-11-30,2022,11,4,SK10 5GT,SK10,Flat/Maisonette,Leasehold,False,MACCLESFIELD,CHESHIRE EAST,CHESHIRE EAST,A,53.291634,-2.105076,North West,England,Cheshire East
{01EB45EF-866C-40F3-E063-4704A8C05FDE},485000,2023-01-27,2023,1,1,CW8 2FH,CW8,Detached,Freehold,False,NORTHWICH,CHESHIRE WEST AND CHESTER,CHESHIRE WEST AND CHESTER,A,53.255317,-2.524199,North West,England,Cheshire West and Chester
{01EB45EF-8694-40F3-E063-4704A8C05FDE},375000,2023-06-02,2023,6,2,CW11 3JZ,CW11,Detached,Freehold,False,SANDBACH,CHESHIRE EAST,CHESHIRE EAST,A,53.143751,-2.352229,North West,England,Cheshire East
{01EB45EF-879C-40F3-E063-4704A8C05FDE},325000,2022-05-27,2022,5,2,CW5 6YQ,CW5,Detached,Freehold,True,NANTWICH,CHESHIRE EAST,CHESHIRE EAST,A,53.068117,-2.535311,North West,England,Cheshire East
{01EB45EF-87A1-40F3-E063-4704A8C05FDE},206995,2022-06-01,2022,6,2,CW1 5AY,CW1,Semi-Detached,Freehold,True,CREWE,CHESHIRE EAST,CHESHIRE EAST,A,53.11644,-2.434314,North West,England,Cheshire East
{01EB45EF-8837-40F3-E063-4704A8C05FDE},405000,2021-03-31,2021,3,1,CW11 3TR,CW11,Detached,Freehold,True,SANDBACH,CHESHIRE EAST,CHESHIRE EAST,A,53.143751,-2.352229,North West,England,Cheshire East
{01EB45EF-88A3-40F3-E063-4704A8C05FDE},400000,2023-06-02,2023,6,2,PL31 2NR,PL31,Semi-Detached,Freehold,False,BODMIN,CORNWALL,CORNWALL,A,50.463761,-4.738436,South West,England,Cornwall
{01EB45EF-88E2-40F3-E063-4704A8C05FDE},323000,2023-06-26,2023,6,2,TR11 2AR,TR11,Terraced,Freehold,False,FALMOUTH,CORNWALL,CORNWALL,A,50.157012,-5.074317,South West,England,Cornwall
{01EB45EF-898C-40F3-E063-4704A8C05FDE},245000,2023-05-30,2023,5,2,PL25 4SH,PL25,Detached,Freehold,False,ST AUSTELL,CORNWALL,CORNWALL,A,50.337646,-4.761281,South West,England,Cornwall
{01EB45EF-89C4-40F3-E063-4704A8C05FDE},317000,2023-06-30,2023,6,2,TR13 8GG,TR13,Terraced,Freehold,False,HELSTON,CORNWALL,CORNWALL,A,50.144576,-5.305849,South West,England,Cornwall
{01EB45EF-8A6A-40F3-E063-4704A8C05FDE},88000,2021-06-11,2021,6,2,PL12 6XE,PL12,Terraced,Leasehold,False,SALTASH,CORNWALL,CORNWALL,A,50.405754,-4.231953,South West,England,Cornwall
{01EB45EF-8C00-40F3-E063-4704A8C05FDE},110000,2023-06-14,2023,6,2,CA6 5XE,CA6,Semi-Detached,Freehold,False,CARLISLE,CUMBERLAND,CUMBERLAND,A,54.960991,-2.927813,North West,England,Cumberland
{01EB45EF-8CD7-40F3-E063-4704A8C05FDE},143000,2023-06-19,2023,6,2,CA11 8RH,CA11,Flat/Maisonette,Leasehold,False,PENRITH,WESTMORLAND AND FURNESS,WESTMORLAND AND FURNESS,A,54.66646,-2.736599,North West,England,Westmorland and Furness
{01EB45EF-8CE9-40F3-E063-4704A8C05FDE},375000,2023-06-09,2023,6,2,CA8 1GH,CA8,Detached,Freehold,False,BRAMPTON,CUMBERLAND,CUMBERLAND,A,54.941968,-2.74486,North West,England,Cumberland
{01EB45EF-8DFB-40F3-E063-4704A8C05FDE},135000,2023-06-30,2023,6,2,CA8 1UQ,CA8,Terraced,Freehold,False,BRAMPTON,CUMBERLAND,CUMBERLAND,A,54.941968,-2.74486,North West,England,Cumberland
{01EB45EF-8FEF-40F3-E063-4704A8C05FDE},86000,2023-06-23,2023,6,2,CF44 8NR,CF44,Terraced,Freehold,False,ABERDARE,RHONDDA CYNON TAFF,RHONDDA CYNON TAFF,A,51.702765,-3.409405,Wales,Wales,Rhondda Cynon Taf
{01EB45EF-9015-40F3-E063-4704A8C05FDE},262500,2023-06-09,2023,6,2,SA12 8UD,SA12,Semi-Detached,Freehold,False,PORT TALBOT,NEATH PORT TALBOT,NEATH PORT TALBOT,A,51.614117,-3.773209,Wales,Wales,Neath Port Talbot
{01EB45EF-9030-40F3-E063-4704A8C05FDE},275000,2023-06-16,2023,6,2,LL19 7US,LL19,Detached,Freehold,False,PRESTATYN,DENBIGHSHIRE,DENBIGHSHIRE,A,53.339602,-3.402113,Wales,Wales,Denbighshire
{01EB45EF-9065-40F3-E063-4704A8C05FDE},102950,2023-06-23,2023,6,2,LL54 5AU,LL54,Semi-Detached,Freehold,False,CAERNARFON,GWYNEDD,GWYNEDD,A,53.055311,-4.283139,Wales,Wales,Gwynedd
{01EB45EF-912D-40F3-E063-4704A8C05FDE},200000,2023-06-09,2023,6,2,SY16 1JW,SY16,Semi-Detached,Freehold,False,NEWTOWN,POWYS,POWYS,A,52.562048,-3.296414,Wales,Wales,Powys
{01EB45EF-91CE-40F3-E063-4704A8C05FDE},310000,2023-06-30,2023,6,2,SA8 3DP,SA8,Detached,Freehold,False,SWANSEA,NEATH PORT TALBOT,NEATH PORT TALBOT,A,51.730119,-3.838088,Wales,Wales,Neath Port Talbot
{01EB45EF-91EA-40F3-E063-4704A8C05FDE},186000,2023-06-30,2023,6,2,NP20 3LE,NP20,Terraced,Freehold,False,NEWPORT,NEWPORT,NEWPORT,A,51.613537,-3.008691,Wales,Wales,Newport
{01EB45EF-925B-40F3-E063-4704A8C05FDE},185000,2023-06-09,2023,6,2,SA62 3EX,SA62,Semi-Detached,Freehold,False,HAVERFORDWEST,PEMBROKESHIRE,PEMBROKESHIRE,A,51.816616,-4.959338,Wales,Wales,Pembrokeshire
{01EB45EF-929D-40F3-E063-4704A8C05FDE},285000,2023-06-30,2023,6,2,SA2 9BH,SA2,Flat/Maisonette,Leasehold,False,SWANSEA,SWANSEA,SWANSEA,A,51.631518,-3.983408,Wales,Wales,Swansea
{01EB45EF-93AD-40F3-E063-4704A8C05FDE},700000,2021-11-16,2021,11,4,LL22 9RH,LL22,Detached,Freehold,False,ABERGELE,CONWY,CONWY,A,53.282807,-3.58708,Wales,Wales,Conwy
{01EB45EF-9499-40F3-E063-4704A8C05FDE},212000,2022-04-27,2022,4,2,LL68 9AX,LL68,Detached,Freehold,False,AMLWCH,ISLE OF ANGLESEY,ISLE OF ANGLESEY,A,53.392228,-4.476424,Wales,Wales,Isle of Anglesey
{01EB45EF-9574-40F3-E063-4704A8C05FDE},219950,2022-09-30,2022,9,3,CF44 6TL,CF44,Semi-Detached,Freehold,True,ABERDARE,RHONDDA CYNON TAFF,RHONDDA CYNON TAFF,A,51.702765,-3.409405,Wales,Wales,Rhondda Cynon Taf
{01EB45EF-95EA-40F3-E063-4704A8C05FDE},98000,2021-11-19,2021,11,4,CF41 7EW,CF41,Terraced,Freehold,False,PENTRE,RHONDDA CYNON TAFF,RHONDDA CYNON TAFF,A,51.643345,-3.482396,Wales,Wales,Rhondda Cynon Taf
{01EB45EF-9687-40F3-E063-4704A8C05FDE},455000,2023-05-31,2023,5,2,TQ6 9EN,TQ6,Terraced,Freehold,False,DARTMOUTH,SOUTH HAMS,DEVON,A,50.352293,-3.58858,South West,England,South Hams
{01EB45EF-9690-40F3-E063-4704A8C05FDE},340500,2023-06-06,2023,6,2,EX10 9HG,EX10,Terraced,Freehold,False,SIDMOUTH,EAST DEVON,DEVON,A,50.718968,-3.284313,South West,England,East Devon
{01EB45EF-96B6-40F3-E063-4704A8C05FDE},500000,2023-07-07,2023,7,3,PL9 0HN,PL9,Detached,Freehold,False,PLYMOUTH,SOUTH HAMS,DEVON,A,50.35128,-4.078291,South West,England,Plymouth
{01EB45EF-96D4-40F3-E063-4704A8C05FDE},82500,2023-07-07,2023,7,3,EX4 3AD,EX4,Flat/Maisonette,Leasehold,False,EXETER,EXETER,DEVON,A,50.71581,-3.555367,South West,England,Exeter
{01EB45EF-989B-40F3-E063-4704A8C05FDE},435000,2023-06-30,2023,6,2,EX31 3SG,EX31,Detached,Freehold,False,BARNSTAPLE,NORTH DEVON,DEVON,A,51.073394,-4.119132,South West,England,North Devon
{01EB45EF-98FF-40F3-E063-4704A8C05FDE},180000,2023-06-23,2023,6,2,EX32 9HZ,EX32,Terraced,Freehold,False,BARNSTAPLE,NORTH DEVON,DEVON,A,51.070995,-4.047406,South West,England,North Devon
{01EB45EF-994B-40F3-E063-4704A8C05FDE},140000,2021-10-20,2021,10,4,EX22 7EP,EX22,Terraced,Freehold,False,HOLSWORTHY,TORRIDGE,DEVON,A,50.871299,-4.348332,South West,England,Torridge
{01EB45EF-99E1-40F3-E063-4704A8C05FDE},225000,2022-10-21,2022,10,4,EX15 1FD,EX15,Terraced,Freehold,False,CULLOMPTON,MID DEVON,DEVON,A,50.913127,-3.234557,South West,England,Mid Devon
{01EB45EF-9A16-40F3-E063-4704A8C05FDE},155000,2023-06-30,2023,6,2,TQ1 3RD,TQ1,Flat/Maisonette,Leasehold,False,TORQUAY,TORBAY,TORBAY,A,50.482662,-3.530093,South West,England,Torbay
{01EB45EF-9A8D-40F3-E063-4704A8C05FDE},365000,2022-12-06,2022,12,4,EX19 8LG,EX19,Detached,Freehold,False,WINKLEIGH,TORRIDGE,DEVON,A,50.855625,-3.943199,South West,England,Torridge
{01EB45EF-9AAA-40F3-E063-4704A8C05FDE},525000,2023-06-09,2023,6,2,EX32 0UY,EX32,Detached,Freehold,False,BARNSTAPLE,NORTH DEVON,DEVON,A,51.070995,-4.047406,South West,England,North Devon
{01EB45EF-9AC3-40F3-E063-4704A8C05FDE},198500,2020-07-17,2020,7,3,EX5 7FD,EX5,Semi-Detached,Freehold,False,EXETER,EAST DEVON,DEVON,A,50.749262,-3.414394,South West,England,East Devon
{01EB45EF-9B14-40F3-E063-4704A8C05FDE},164000,2020-09-28,2020,9,3,TQ6 0RU,TQ6,Terraced,Freehold,False,DARTMOUTH,SOUTH HAMS,DEVON,A,50.352293,-3.58858,South West,England,South Hams
{01EB45EF-9C3A-40F3-E063-4704A8C05FDE},232000,2022-05-30,2022,5,2,EX1 3UQ,EX1,Terraced,Freehold,True,EXETER,EAST DEVON,DEVON,A,50.748107,-3.463533,South West,England,East Devon
{01EB45EF-9C4E-40F3-E063-4704A8C05FDE},319995,2022-06-30,2022,6,2,EX16 4FP,EX16,Semi-Detached,Freehold,True,TIVERTON,MID DEVON,DEVON,A,50.891109,-3.487079,South West,England,Mid Devon
{01EB45EF-9C81-40F3-E063-4704A8C05FDE},269995,2022-08-25,2022,8,3,EX2 0AA,EX2,Terraced,Freehold,True,EXETER,TEIGNBRIDGE,DEVON,A,50.696534,-3.528378,South West,England,Exeter
{01EB45EF-9D3A-40F3-E063-4704A8C05FDE},620000,2023-05-26,2023,5,2,DT1 2EQ,DT1,Semi-Detached,Freehold,False,DORCHESTER,DORSET,DORSET,A,50.709528,-2.438475,South West,England,Dorset
{01EB45EF-9E2E-40F3-E063-4704A8C05FDE},110000,2023-07-17,2023,7,3,BH5 1DR,BH5,Flat/Maisonette,Leasehold,False,BOURNEMOUTH,"BOURNEMOUTH, CHRISTCHURCH AND POOLE","BOURNEMOUTH, CHRISTCHURCH AND POOLE",A,50.72485,-1.835644,South West,England,"Bournemouth, Christchurch and Poole"
{01EB45EF-9E38-40F3-E063-4704A8C05FDE},180000,2023-06-23,2023,6,2,BH15 1RY,BH15,Flat/Maisonette,Leasehold,False,POOLE,"BOURNEMOUTH, CHRISTCHURCH AND POOLE","BOURNEMOUTH, CHRISTCHURCH AND POOLE",A,50.722211,-1.97379,South West,England,"Bournemouth, Christchurch and Poole"
{01EB45EF-9E46-40F3-E063-4704A8C05FDE},710000,2023-05-24,2023,5,2,BH21 1DQ,BH21,Detached,Freehold,False,WIMBORNE,DORSET,DORSET,A,50.810805,-1.964302,South West,England,Dorset
{01EB45EF-9E75-40F3-E063-4704A8C05FDE},184950,2023-06-05,2023,6,2,BH11 8TJ,BH11,Flat/Maisonette,Leasehold,False,BOURNEMOUTH,"BOURNEMOUTH, CHRISTCHURCH AND POOLE","BOURNEMOUTH, CHRISTCHURCH AND POOLE",A,50.750304,-1.916875,South West,England,"Bournemouth, Christchurch and Poole"
{01EB45EF-9E85-40F3-E063-4704A8C05FDE},419000,2023-06-14,2023,6,2,DT6 3QA,DT6,Semi-Detached,Freehold,False,BRIDPORT,DORSET,DORSET,A,50.734659,-2.739731,South West,England,Dorset
{01EB45EF-9EC1-40F3-E063-4704A8C05FDE},160000,2022-04-19,2022,4,2,BH1 2LH,BH1,Flat/Maisonette,Leasehold,False,BOURNEMOUTH,"BOURNEMOUTH, CHRISTCHURCH AND POOLE","BOURNEMOUTH, CHRISTCHURCH AND POOLE",A,50.723587,-1.853045,South West,England,"Bournemouth, Christchurch and Poole"
{01EB45EF-9EED-40F3-E063-4704A8C05FDE},503000,2023-05-26,2023,5,2,BH23 3HR,BH23,Flat/Maisonette,Leasehold,False,CHRISTCHURCH,"BOURNEMOUTH, CHRISTCHURCH AND POOLE","BOURNEMOUTH, CHRISTCHURCH AND POOLE",A,50.748049,-1.794572,South West,England,"Bournemouth, Christchurch and Poole"
{01EB45EF-9F9E-40F3-E063-4704A8C05FDE},229000,2023-05-25,2023,5,2,DT3 5SX,DT3,Terraced,Freehold,False,WEYMOUTH,DORSET,DORSET,A,50.651995,-2.465281,South West,England,Dorset
{01EB45EF-A062-40F3-E063-4704A8C05FDE},370000,2022-03-31,2022,3,1,BH11 9FT,BH11,Semi-Detached,Freehold,True,BOURNEMOUTH,"BOURNEMOUTH, CHRISTCHURCH AND POOLE","BOURNEMOUTH, CHRISTCHURCH AND POOLE",A,50.750304,-1.916875,South West,England,"Bournemouth, Christchurch and Poole"
{01EB45EF-A182-40F3-E063-4704A8C05FDE},125000,2022-10-05,2022,10,4,DH6 5ED,DH6,Semi-Detached,Freehold,False,DURHAM,COUNTY DURHAM,COUNTY DURHAM,A,54.736526,-1.52634,North East,England,County Durham
{01EB45EF-A1EE-40F3-E063-4704A8C05FDE},77000,2023-07-07,2023,7,3,DH9 7YD,DH9,Semi-Detached,Freehold,False,STANLEY,COUNTY DURHAM,COUNTY DURHAM,A,54.854943,-1.702835,North East,England,County Durham
{01EB45EF-A1F2-40F3-E063-4704A8C05FDE},210000,2023-06-16,2023,6,2,DH1 5QD,DH1,Semi-Detached,Freehold,False,DURHAM,COUNTY DURHAM,COUNTY DURHAM,A,54.785945,-1.529169,North East,England,County Durham
{01EB45EF-A288-40F3-E063-4704A8C05FDE},90000,2023-02-01,2023,2,1,DH7 9JH,DH7,Semi-Detached,Freehold,False,DURHAM,COUNTY DURHAM,COUNTY DURHAM,A,54.825027,-1.630431,North East,England,County Durham
{01EB45EF-A3E7-40F3-E063-4704A8C05FDE},50000,2022-09-23,2022,9,3,DL3 6TA,DL3,Terraced,Freehold,False,DARLINGTON,DARLINGTON,DARLINGTON,A,54.530884,-1.559966,North East,England,Darlington
{01EB45EF-A4CE-40F3-E063-4704A8C05FDE},210000,2023-06-16,2023,6,2,S40 4UN,S40,Detached,Freehold,False,CHESTERFIELD,CHESTERFIELD,DERBYSHIRE,A,53.227652,-1.424632,East Midlands,England,Chesterfield
{01EB45EF-A543-40F3-E063-4704A8C05FDE},396000,2023-06-15,2023,6,2,SK22 2NG,SK22,Terraced,Leasehold,False,HIGH PEAK,HIGH PEAK,DERBYSHIRE,A,53.370231,-1.991378,East Midlands,England,High Peak
{01EB45EF-A681-40F3-E063-4704A8C05FDE},510000,2023-06-16,2023,6,2,SK17 6RR,SK17,Detached,Freehold,False,BUXTON,HIGH PEAK,DERBYSHIRE,A,53.143908,-1.810733,East Midlands,England,Derbyshire Dales
{01EB45EF-A73D-40F3-E063-4704A8C05FDE},206000,2023-06-23,2023,6,2,SK17 9GU,SK17,Terraced,Freehold,False,BUXTON,HIGH PEAK,DERBYSHIRE,A,53.143908,-1.810733,East Midlands,England,Derbyshire Dales
{01EB45EF-A765-40F3-E063-4704A8C05FDE},142500,2023-06-16,2023,6,2,DE21 7JH,DE21,Semi-Detached,Freehold,False,DERBY,CITY OF DERBY,CITY OF DERBY,A,52.926436,-1.459555,East Midlands,England,Derby
{01EB45EF-A7B3-40F3-E063-4704A8C05FDE},486000,2023-07-07,2023,7,3,SK13 7EF,SK13,Detached,Leasehold,False,GLOSSOP,HIGH PEAK,DERBYSHIRE,A,53.470299,-1.975569,East Midlands,England,High Peak
{01EB45EF-A7E0-40F3-E063-4704A8C05FDE},278000,2023-05-31,2023,5,2,DE23 3XF,DE23,Detached,Freehold,False,DERBY,SOUTH DERBYSHIRE,DERBYSHIRE,A,52.90888,-1.477839,East Midlands,England,Derby
{01EB45EF-A8CD-40F3-E063-4704A8C05FDE},205000,2023-06-16,2023,6,2,DE65 5LT,DE65,Semi-Detached,Freehold,False,DERBY,SOUTH DERBYSHIRE,DERBYSHIRE,A,52.869135,-1.63944,East Midlands,England,South Derbyshire
{01EB45EF-A910-40F3-E063-4704A8C05FDE},229995,2022-05-12,2022,5,2,DE65 5NZ,DE65,Terraced,Freehold,True,DERBY,SOUTH DERBYSHIRE,DERBYSHIRE,A,52.869135,-1.63944,East Midlands,England,South Derbyshire
{01EB45EF-A95A-40F3-E063-4704A8C05FDE},60000,2023-06-16,2023,6,2,DE22 3GW,DE22,Terraced,Freehold,False,DERBY,CITY OF DERBY,CITY OF DERBY,A,52.943142,-1.495359,East Midlands,England,Derby
{01EB45EF-A95B-40F3-E063-4704A8C05FDE},150000,2022-12-09,2022,12,4,S41 0SU,S41,Semi-Detached,Freehold,False,CHESTERFIELD,CHESTERFIELD,DERBYSHIRE,A,53.257485,-1.430047,East Midlands,England,Chesterfield
{01EB45EF-A9D6-40F3-E063-4704A8C05FDE},135150,2023-01-20,2023,1,1,S43 1AJ,S43,Semi-Detached,Freehold,False,CHESTERFIELD,CHESTERFIELD,DERBYSHIRE,A,53.249284,-1.371838,East Midlands,England,Chesterfield
{01EB45EF-A9EC-40F3-E063-4704A8C05FDE},342000,2023-05-19,2023,5,2,BN21 2SL,BN21,Detached,Freehold,False,EASTBOURNE,EASTBOURNE,EAST SUSSEX,A,50.780413,0.270364,South East,England,Eastbourne
{01EB45EF-AA30-40F3-E063-4704A8C05FDE},449999,2023-01-13,2023,1,1,IG7 4AR,IG7,Semi-Detached,Freehold,False,CHIGWELL,REDBRIDGE,GREATER LONDON,A,51.608104,0.085769,East of England,England,Epping Forest
{01EB45EF-AA55-40F3-E063-4704A8C05FDE},410000,2023-06-30,2023,6,2,E6 3BJ,E6,Terraced,Freehold,False,LONDON,NEWHAM,GREATER LONDON,A,51.537873,0.059643,London,England,Newham
{01EB45EF-AA85-40F3-E063-4704A8C05FDE},630000,2023-07-10,2023,7,3,RM7 8DU,RM7,Detached,Freehold,False,ROMFORD,HAVERING,GREATER LONDON,A,51.589887,0.162706,London,England,Havering
{01EB45EF-AAA7-40F3-E063-4704A8C05FDE},430000,2023-06-23,2023,6,2,RM2 5TH,RM2,Semi-Detached,Freehold,False,ROMFORD,HAVERING,GREATER LONDON,A,51.583906,0.211919,London,England,Havering
{01EB45EF-ABC4-40F3-E063-4704A8C05FDE},420000,2023-06-23,2023,6,2,E17 6PS,E17,Terraced,Freehold,False,LONDON,WALTHAM FOREST,GREATER LONDON,A,51.579004,-0.031909,London,England,Waltham Forest
{01EB45EF-ABE2-40F3-E063-4704A8C05FDE},460000,2023-02-03,2023,2,1,E15 3NH,E15,Terraced,Freehold,False,LONDON,NEWHAM,GREATER LONDON,A,51.551493,-0.001925,London,England,Waltham Forest
{01EB45EF-AC5A-40F3-E063-4704A8C05FDE},430000,2022-12-20,2022,12,4,E10 5GS,E10,Flat/Maisonette,Leasehold,False,LONDON,WALTHAM FOREST,GREATER LONDON,A,51.566832,-0.031597,London,England,Waltham Forest
{01EB45EF-AC8E-40F3-E063-4704A8C05FDE},375000,2023-05-12,2023,5,2,RM6 5HU,RM6,Terraced,Freehold,False,ROMFORD,BARKING AND DAGENHAM,GREATER LONDON,A,51.572292,0.140368,London,England,Barking and Dagenham
{01EB45EF-ACB6-40F3-E063-4704A8C05FDE},150000,2023-01-31,2023,1,1,TN37 6LS,TN37,Flat/Maisonette,Leasehold,False,ST LEONARDS-ON-SEA,HASTINGS,EAST SUSSEX,A,50.877088,0.552867,South East,England,Hastings
{01EB45EF-AD21-40F3-E063-4704A8C05FDE},325000,2023-07-11,2023,7,3,BN2 6BP,BN2,Detached,Freehold,False,BRIGHTON,BRIGHTON AND HOVE,BRIGHTON AND HOVE,A,50.831221,-0.11955,South East,England,Brighton and Hove
{01EB45EF-AD8E-40F3-E063-4704A8C05FDE},282500,2023-02-27,2023,2,1,BN1 6UL,BN1,Flat/Maisonette,Leasehold,False,BRIGHTON,BRIGHTON AND HOVE,BRIGHTON AND HOVE,A,50.859799,-0.104845,South East,England,Brighton and Hove
{01EB45EF-AE52-40F3-E063-4704A8C05FDE},225000,2023-05-31,2023,5,2,TN36 4LX,TN36,Flat/Maisonette,Leasehold,False,WINCHELSEA,ROTHER,EAST SUSSEX,A,50.913129,0.72544,South East,England,Rother
{01EB45EF-AE87-40F3-E063-4704A8C05FDE},235000,2023-06-23,2023,6,2,BN21 2BA,BN21,Flat/Maisonette,Leasehold,False,EASTBOURNE,EASTBOURNE,EAST SUSSEX,A,50.780413,0.270364,South East,England,Eastbourne
{01EB45EF-AEA7-40F3-E063-4704A8C05FDE},440000,2023-03-17,2023,3,1,TN21 0FN,TN21,Detached,Freehold,False,HEATHFIELD,WEALDEN,EAST SUSSEX,A,50.971424,0.1995,South East,England,Wealden
{01EB45EF-AEFD-40F3-E063-4704A8C05FDE},325000,2021-12-10,2021,12,4,BN27 4FB,BN27,Semi-Detached,Freehold,True,HAILSHAM,WEALDEN,EAST SUSSEX,A,50.89056,0.187086,South East,England,Wealden
{01EB45EF-AFB7-40F3-E063-4704A8C05FDE},627500,2023-07-03,2023,7,3,BN7 2AT,BN7,Terraced,Freehold,False,LEWES,LEWES,EAST SUSSEX,A,50.873476,0.018616,South East,England,Lewes
{01EB45EF-AFEF-40F3-E063-4704A8C05FDE},385000,2023-06-23,2023,6,2,BN23 7EY,BN23,Detached,Freehold,False,EASTBOURNE,EASTBOURNE,EAST SUSSEX,A,50.793822,0.328329,South East,England,Eastbourne
{01EB45EF-B01E-40F3-E063-4704A8C05FDE},455000,2023-02-17,2023,2,1,CM11 2DU,CM11,Semi-Detached,Freehold,False,BILLERICAY,BASILDON,ESSEX,A,51.631631,0.472069,East of England,England,Chelmsford
{01EB45EF-B042-40F3-E063-4704A8C05FDE},280000,2023-06-30,2023,6,2,SS2 4NZ,SS2,Terraced,Freehold,False,SOUTHEND-ON-SEA,SOUTHEND-ON-SEA,SOUTHEND-ON-SEA,A,51.542896,0.735714,East of England,England,Southend-on-Sea
{01EB45EF-B0E4-40F3-E063-4704A8C05FDE},335000,2023-06-19,2023,6,2,CO3 9XL,CO3,Semi-Detached,Freehold,False,COLCHESTER,COLCHESTER,ESSEX,A,51.882916,0.861778,East of England,England,Colchester
{01EB45EF-B136-40F3-E063-4704A8C05FDE},355000,2023-06-01,2023,6,2,CM11 2JX,CM11,Terraced,Freehold,False,BILLERICAY,BASILDON,ESSEX,A,51.631631,0.472069,East of England,England,Chelmsford
{01EB45EF-B15A-40F3-E063-4704A8C05FDE},335000,2023-07-07,2023,7,3,CM15 8PE,CM15,Flat/Maisonette,Leasehold,False,BRENTWOOD,BRENTWOOD,ESSEX,A,51.625856,0.313713,East of England,England,Brentwood
{01EB45EF-B196-40F3-E063-4704A8C05FDE},370000,2023-06-09,2023,6,2,CM7 2SN,CM7,Semi-Detached,Freehold,False,BRAINTREE,BRAINTREE,ESSEX,A,51.878829,0.544544,East of England,England,Braintree
{01EB45EF-B1AE-40F3-E063-4704A8C05FDE},265000,2023-06-30,2023,6,2,CO2 8UW,CO2,Semi-Detached,Freehold,False,COLCHESTER,COLCHESTER,ESSEX,A,51.87314,0.923155,East of England,England,Colchester
{01EB45EF-B2D8-40F3-E063-4704A8C05FDE},200000,2023-07-03,2023,7,3,CM2 6XN,CM2,Flat/Maisonette,Leasehold,False,CHELMSFORD,CHELMSFORD,ESSEX,A,51.736232,0.489157,East of England,England,Chelmsford
{01EB45EF-B378-40F3-E063-4704A8C05FDE},375000,2023-06-07,2023,6,2,CM11 2RX,CM11,Detached,Freehold,False,BILLERICAY,BASILDON,ESSEX,A,51.631631,0.472069,East of England,England,Chelmsford
{01EB45EF-B3CD-40F3-E063-4704A8C05FDE},240000,2023-07-06,2023,7,3,CB11 3HF,CB11,Flat/Maisonette,Leasehold,False,SAFFRON WALDEN,UTTLESFORD,ESSEX,A,52.019513,0.238609,East of England,England,Uttlesford
{01EB45EF-B3E7-40F3-E063-4704A8C05FDE},480000,2023-07-11,2023,7,3,RM15 6TH,RM15,Semi-Detached,Freehold,False,SOUTH OCKENDON,THURROCK,THURROCK,A,51.502312,0.252564,East of England,England,Thurrock
{01EB45EF-B49A-40F3-E063-4704A8C05FDE},260000,2023-02-10,2023,2,1,CM0 8HJ,CM0,Terraced,Freehold,False,BURNHAM-ON-CROUCH,MALDON,ESSEX,A,51.641626,0.816849,East of England,England,Maldon
{01EB45EF-B585-40F3-E063-4704A8C05FDE},150000,2023-01-26,2023,1,1,SS7 2RA,SS7,Flat/Maisonette,Leasehold,False,BENFLEET,CASTLE POINT,ESSEX,A,51.554368,0.620914,East of England,England,Castle Point
{01EB45EF-B592-40F3-E063-4704A8C05FDE},200000,2022-10-18,2022,10,4,CM1 1SJ,CM1,Flat/Maisonette,Leasehold,False,CHELMSFORD,CHELMSFORD,ESSEX,A,51.751738,0.495849,East of England,England,Chelmsford
{01EB45EF-B59A-40F3-E063-4704A8C05FDE},340000,2023-07-07,2023,7,3,CM8 1SZ,CM8,Terraced,Freehold,False,WITHAM,BRAINTREE,ESSEX,A,51.802881,0.643603,East of England,England,Braintree
{01EB45EF-B5B2-40F3-E063-4704A8C05FDE},308000,2023-01-12,2023,1,1,SS7 1SR,SS7,Terraced,Freehold,False,BENFLEET,CASTLE POINT,ESSEX,A,51.554368,0.620914,East of England,England,Castle Point
{01EB45EF-B5CE-40F3-E063-4704A8C05FDE},880700,2023-06-06,2023,6,2,CO4 5NH,CO4,Detached,Freehold,False,COLCHESTER,COLCHESTER,ESSEX,A,51.909632,0.894976,East of England,England,Colchester
{01EB45EF-B5EF-40F3-E063-4704A8C05FDE},170000,2023-06-16,2023,6,2,SS1 2DU,SS1,Flat/Maisonette,Leasehold,False,SOUTHEND-ON-SEA,SOUTHEND-ON-SEA,SOUTHEND-ON-SEA,A,51.534933,0.738178,East of England,England,Southend-on-Sea
{01EB45EF-B6DB-40F3-E063-4704A8C05FDE},230000,2023-06-09,2023,6,2,OL11 4DQ,OL11,Terraced,Leasehold,False,ROCHDALE,ROCHDALE,GREATER MANCHESTER,A,53.601374,-2.17587,North West,England,Rochdale
{01EB45EF-B6EC-40F3-E063-4704A8C05FDE},182000,2023-06-28,2023,6,2,SK5 7NJ,SK5,Terraced,Freehold,False,STOCKPORT,STOCKPORT,GREATER MANCHESTER,A,53.444861,-2.155348,North West,England,Stockport
{01EB45EF-B739-40F3-E063-4704A8C05FDE},1200000,2023-06-05,2023,6,2,M28 2RX,M28,Detached,Leasehold,False,MANCHESTER,SALFORD,GREATER MANCHESTER,A,53.500987,-2.37932,North West,England,Salford
{01EB45EF-B777-40F3-E063-4704A8C05FDE},272000,2023-06-16,2023,6,2,OL12 7RL,OL12,Semi-Detached,Leasehold,False,ROCHDALE,ROCHDALE,GREATER MANCHESTER,A,53.631174,-2.139188,North West,England,Rochdale
{01EB45EF-B860-40F3-E063-4704A8C05FDE},245000,2023-06-30,2023,6,2,M40 9DF,M40,Semi-Detached,Freehold,False,MANCHESTER,MANCHESTER,GREATER MANCHESTER,A,53.489649,-2.21429,North West,England,Manchester
{01EB45EF-B90D-40F3-E063-4704A8C05FDE},80000,2023-05-30,2023,5,2,WN2 3PR,WN2,Semi-Detached,Leasehold,False,WIGAN,WIGAN,GREATER MANCHESTER,A,53.504705,-2.582998,North West,England,Wigan
{01EB45EF-BA6C-40F3-E063-4704A8C05FDE},131500,2023-06-16,2023,6,2,WN6 0XF,WN6,Terraced,Leasehold,False,WIGAN,WIGAN,GREATER MANCHESTER,A,,,,,
{01EB45EF-BAA6-40F3-E063-4704A8C05FDE},200000,2023-02-17,2023,2,1,BL3 2DX,BL3,Semi-Detached,Leasehold,False,BOLTON,BOLTON,GREATER MANCHESTER,A,53.555905,-2.459272,North West,England,Bolton
{01EB45EF-BAE1-40F3-E063-4704A8C05FDE},100000,2023-06-09,2023,6,2,BL1 4BL,BL1,Terraced,Leasehold,False,BOLTON,BOLTON,GREATER MANCHESTER,A,53.610671,-2.425087,North West,England,Bolton
{01EB45EF-BAF2-40F3-E063-4704A8C05FDE},252550,2023-03-23,2023,3,1,SK7 2LL,SK7,Semi-Detached,Freehold,False,STOCKPORT,STOCKPORT,GREATER MANCHESTER,B,53.351936,-2.156814,North West,England,Stockport
{01EB45EF-BAFC-40F3-E063-4704A8C05FDE},264000,2023-03-17,2023,3,1,BL3 4XX,BL3,Detached,Leasehold,False,BOLTON,BOLTON,GREATER MANCHESTER,A,53.555905,-2.459272,North West,England,Bolton
{01EB45EF-BB55-40F3-E063-4704A8C05FDE},228000,2023-07-04,2023,7,3,SK8 1PA,SK8,Flat/Maisonette,Leasehold,False,CHEADLE,STOCKPORT,GREATER MANCHESTER,A,53.361378,-2.185293,North West,England,Stockport
{01EB45EF-BBAF-40F3-E063-4704A8C05FDE},135000,2023-06-16,2023,6,2,WN2 2BW,WN2,Semi-Detached,Freehold,False,WIGAN,WIGAN,GREATER MANCHESTER,A,53.504705,-2.582998,North West,England,Wigan
{01EB45EF-BBE0-40F3-E063-4704A8C05FDE},586000,2023-06-28,2023,6,2,WN7 3RU,WN7,Detached,Freehold,False,LEIGH,WIGAN,GREATER MANCHESTER,A,53.484098,-2.530152,North West,England,Wigan
{01EB45EF-BC22-40F3-E063-4704A8C05FDE},567500,2023-05-31,2023,5,2,BL9 8NU,BL9,Detached,Leasehold,False,BURY,BURY,GREATER MANCHESTER,A,53.600024,-2.291566,North West,England,Bury
{01EB45EF-BC46-40F3-E063-4704A8C05FDE},195000,2023-06-16,2023,6,2,M15 4NY,M15,Flat/Maisonette,Leasehold,False,MANCHESTER,MANCHESTER,GREATER MANCHESTER,A,53.472441,-2.249201,North West,England,Manchester
{01EB45EF-BCD0-40F3-E063-4704A8C05FDE},315000,2023-06-23,2023,6,2,GL3 2NX,GL3,Semi-Detached,Freehold,False,GLOUCESTER,TEWKESBURY,GLOUCESTERSHIRE,A,51.879893,-2.178794,South West,England,Tewkesbury
{01EB45EF-BCFF-40F3-E063-4704A8C05FDE},350000,2023-02-27,2023,2,1,GL7 1WY,GL7,Terraced,Freehold,False,CIRENCESTER,COTSWOLD,GLOUCESTERSHIRE,A,51.67188,-1.772894,South West,England,Cotswold
{01EB45EF-BDE2-40F3-E063-4704A8C05FDE},287000,2023-06-21,2023,6,2,BS15 9SB,BS15,Semi-Detached,Freehold,False,BRISTOL,SOUTH GLOUCESTERSHIRE,SOUTH GLOUCESTERSHIRE,A,51.454128,-2.491474,South West,England,South Gloucestershire
{01EB45EF-BE32-40F3-E063-4704A8C05FDE},270000,2023-02-24,2023,2,1,GL4 0TA,GL4,Terraced,Freehold,False,GLOUCESTER,GLOUCESTER,GLOUCESTERSHIRE,A,51.831986,-2.217729,South West,England,Gloucester
{01EB45EF-BE60-40F3-E063-4704A8C05FDE},125000,2023-06-15,2023,6,2,GL15 5JU,GL15,Flat/Maisonette,Leasehold,False,LYDNEY,FOREST OF DEAN,GLOUCESTERSHIRE,A,51.762549,-2.473633,South West,England,Forest of Dean
{01EB45EF-BF01-40F3-E063-4704A8C05FDE},129600,2023-06-30,2023,6,2,GL3 4LW,GL3,Semi-Detached,Leasehold,False,GLOUCESTER,TEWKESBURY,GLOUCESTERSHIRE,A,51.879893,-2.178794,South West,England,Tewkesbury
{01EB45EF-BF22-40F3-E063-4704A8C05FDE},370000,2023-06-23,2023,6,2,GL52 6SL,GL52,Terraced,Freehold,False,CHELTENHAM,CHELTENHAM,GLOUCESTERSHIRE,A,51.942933,-2.061163,South West,England,Tewkesbury
{01EB45EF-BF2D-40F3-E063-4704A8C05FDE},285000,2022-05-17,2022,5,2,BS34 7LE,BS34,Terraced,Freehold,False,BRISTOL,SOUTH GLOUCESTERSHIRE,SOUTH GLOUCESTERSHIRE,A,51.525156,-2.559021,South West,England,South Gloucestershire
{01EB45EF-C016-40F3-E063-4704A8C05FDE},359995,2022-01-28,2022,1,1,GL3 1GJ,GL3,Semi-Detached,Freehold,True,GLOUCESTER,TEWKESBURY,GLOUCESTERSHIRE,A,51.879893,-2.178794,South West,England,Tewkesbury
{01EB45EF-C0A7-40F3-E063-4704A8C05FDE},215000,2022-10-26,2022,10,4,BS34 8BN,BS34,Flat/Maisonette,Leasehold,True,BRISTOL,SOUTH GLOUCESTERSHIRE,SOUTH GLOUCESTERSHIRE,B,51.525156,-2.559021,South West,England,South Gloucestershire
{01EB45EF-C0B0-40F3-E063-4704A8C05FDE},311000,2022-08-04,2022,8,3,BS30 8DA,BS30,Terraced,Freehold,False,BRISTOL,SOUTH GLOUCESTERSHIRE,SOUTH GLOUCESTERSHIRE,A,51.450876,-2.488575,South West,England,South Gloucestershire
{01EB45EF-C0CC-40F3-E063-4704A8C05FDE},260000,2021-06-11,2021,6,2,GL1 3JT,GL1,Semi-Detached,Freehold,False,GLOUCESTER,GLOUCESTER,GLOUCESTERSHIRE,A,51.855759,-2.236414,South West,England,Gloucester
{01EB45EF-C1AB-40F3-E063-4704A8C05FDE},450000,2022-10-14,2022,10,4,AL2 1PP,AL2,Semi-Detached,Freehold,False,ST ALBANS,ST ALBANS,HERTFORDSHIRE,A,51.723003,-0.297212,East of England,England,St Albans
{01EB45EF-C1E4-40F3-E063-4704A8C05FDE},675000,2023-02-03,2023,2,1,AL4 9JW,AL4,Semi-Detached,Freehold,False,ST ALBANS,ST ALBANS,HERTFORDSHIRE,A,51.807745,-0.300997,East of England,England,St Albans
{01EB45EF-C215-40F3-E063-4704A8C05FDE},340000,2023-06-28,2023,6,2,SG7 5DG,SG7,Semi-Detached,Freehold,False,BALDOCK,NORTH HERTFORDSHIRE,HERTFORDSHIRE,A,51.990853,-0.173418,East of England,England,North Hertfordshire
{01EB45EF-C330-40F3-E063-4704A8C05FDE},418000,2023-07-10,2023,7,3,EN7 6NB,EN7,Detached,Freehold,False,WALTHAM CROSS,BROXBOURNE,HERTFORDSHIRE,A,51.702046,-0.062553,East of England,England,Broxbourne
{01EB45EF-C365-40F3-E063-4704A8C05FDE},500000,2023-05-24,2023,5,2,WD3 9XY,WD3,Detached,Freehold,False,RICKMANSWORTH,THREE RIVERS,HERTFORDSHIRE,A,51.644305,-0.493547,East of England,England,Three Rivers
{01EB45EF-C3D9-40F3-E063-4704A8C05FDE},360000,2023-07-14,2023,7,3,AL10 8RZ,AL10,Terraced,Freehold,False,HATFIELD,WELWYN HATFIELD,HERTFORDSHIRE,A,51.755044,-0.232808,East of England,England,Welwyn Hatfield
{01EB45EF-C490-40F3-E063-4704A8C05FDE},250000,2023-06-15,2023,6,2,SG14 3TL,SG14,Flat/Maisonette,Leasehold,False,HERTFORD,EAST HERTFORDSHIRE,HERTFORDSHIRE,A,51.804411,-0.075875,East of England,England,East Hertfordshire
{01EB45EF-C4E3-40F3-E063-4704A8C05FDE},375000,2023-06-09,2023,6,2,EN11 0PJ,EN11,Semi-Detached,Freehold,False,HODDESDON,BROXBOURNE,HERTFORDSHIRE,A,51.768675,-0.012074,East of England,England,Broxbourne
{01EB45EF-C5E9-40F3-E063-4704A8C05FDE},550000,2022-08-26,2022,8,3,SG1 5BZ,SG1,Detached,Freehold,True,STEVENAGE,STEVENAGE,HERTFORDSHIRE,A,51.923086,-0.169149,East of England,England,Stevenage
{01EB45EF-C5FB-40F3-E063-4704A8C05FDE},272500,2022-10-25,2022,10,4,SG1 4FU,SG1,Flat/Maisonette,Leasehold,True,STEVENAGE,STEVENAGE,HERTFORDSHIRE,A,51.923086,-0.169149,East of England,England,Stevenage
{01EB45EF-C613-40F3-E063-4704A8C05FDE},565000,2023-06-16,2023,6,2,AL10 9RP,AL10,Terraced,Freehold,False,HATFIELD,WELWYN HATFIELD,HERTFORDSHIRE,A,51.755044,-0.232808,East of England,England,Welwyn Hatfield
{01EB45EF-C8A0-40F3-E063-4704A8C05FDE},265000,2023-05-04,2023,5,2,PO4 8NN,PO4,Terraced,Freehold,False,SOUTHSEA,PORTSMOUTH,PORTSMOUTH,A,50.796785,-1.059415,South East,England,Portsmouth
{01EB45EF-C8AA-40F3-E063-4704A8C05FDE},218000,2023-06-09,2023,6,2,SO31 5EA,SO31,Semi-Detached,Freehold,False,SOUTHAMPTON,EASTLEIGH,HAMPSHIRE,A,50.875595,-1.280254,South East,England,Fareham
{01EB45EF-C8B0-40F3-E063-4704A8C05FDE},300000,2022-11-11,2022,11,4,GU32 3NB,GU32,Flat/Maisonette,Leasehold,False,PETERSFIELD,EAST HAMPSHIRE,HAMPSHIRE,A,51.00463,-0.938844,South East,England,East Hampshire
{01EB45EF-C901-40F3-E063-4704A8C05FDE},348000,2023-05-24,2023,5,2,GU11 3NZ,GU11,Terraced,Freehold,False,ALDERSHOT,RUSHMOOR,HAMPSHIRE,A,51.247607,-0.765441,South East,England,Rushmoor
{01EB45EF-C9B0-40F3-E063-4704A8C05FDE},1100000,2023-07-12,2023,7,3,SP6 2HT,SP6,Detached,Freehold,False,FORDINGBRIDGE,NEW FOREST,HAMPSHIRE,A,50.914486,-1.828364,South West,England,Dorset
{01EB45EF-CA5E-40F3-E063-4704A8C05FDE},206000,2023-07-14,2023,7,3,PO1 5RP,PO1,Terraced,Freehold,False,PORTSMOUTH,PORTSMOUTH,PORTSMOUTH,A,50.804596,-1.070172,South East,England,Portsmouth
{01EB45EF-CA78-40F3-E063-4704A8C05FDE},575000,2023-06-27,2023,6,2,PO6 2AQ,PO6,Semi-Detached,Freehold,False,PORTSMOUTH,PORTSMOUTH,PORTSMOUTH,A,50.845876,-1.056881,South East,England,Portsmouth
{01EB45EF-CA9B-40F3-E063-4704A8C05FDE},638000,2023-05-26,2023,5,2,GU52 6AR,GU52,Detached,Freehold,False,FLEET,HART,HAMPSHIRE,A,51.252418,-0.834681,South East,England,Hart
{01EB45EF-CAAC-40F3-E063-4704A8C05FDE},410000,2023-06-16,2023,6,2,PO15 7HZ,PO15,Semi-Detached,Freehold,False,FAREHAM,WINCHESTER,HAMPSHIRE,A,50.8599,-1.207379,South East,England,Fareham
{01EB45EF-CB57-40F3-E063-4704A8C05FDE},277800,2023-06-16,2023,6,2,SO19 9LN,SO19,Semi-Detached,Freehold,False,SOUTHAMPTON,SOUTHAMPTON,SOUTHAMPTON,A,50.900232,-1.360151,South East,England,Southampton
{01EB45EF-CC85-40F3-E063-4704A8C05FDE},121500,2023-07-07,2023,7,3,SO18 6RW,SO18,Flat/Maisonette,Leasehold,False,SOUTHAMPTON,SOUTHAMPTON,SOUTHAMPTON,A,50.927396,-1.353119,South East,England,Eastleigh
{01EB45EF-CD5A-40F3-E063-4704A8C05FDE},194950,2021-07-01,2021,7,3,RG21 8AD,RG21,Flat/Maisonette,Leasehold,False,BASINGSTOKE,BASINGSTOKE AND DEANE,HAMPSHIRE,A,51.267102,-1.085636,South East,England,Basingstoke and Deane
{01EB45EF-CDAB-40F3-E063-4704A8C05FDE},230000,2022-03-17,2022,3,1,GU12 4SD,GU12,Terraced,Freehold,False,ALDERSHOT,RUSHMOOR,HAMPSHIRE,A,51.239667,-0.705572,South East,England,Guildford
{01EB45EF-CDCE-40F3-E063-4704A8C05FDE},335000,2022-04-20,2022,4,2,SO18 5PG,SO18,Detached,Freehold,False,SOUTHAMPTON,SOUTHAMPTON,SOUTHAMPTON,A,50.927396,-1.353119,South East,England,Eastleigh
{01EB45EF-CF0D-40F3-E063-4704A8C05FDE},525000,2023-06-05,2023,6,2,YO25 5EF,YO25,Detached,Freehold,False,DRIFFIELD,EAST RIDING OF YORKSHIRE,EAST RIDING OF YORKSHIRE,A,54.000871,-0.444985,Yorkshire and The Humber,England,East Riding of Yorkshire
{01EB45EF-CFD9-40F3-E063-4704A8C05FDE},295000,2023-06-07,2023,6,2,HU15 1LG,HU15,Detached,Freehold,False,BROUGH,EAST RIDING OF YORKSHIRE,EAST RIDING OF YORKSHIRE,A,53.726776,-0.579767,Yorkshire and The Humber,England,East Riding of Yorkshire
{01EB45EF-CFEA-40F3-E063-4704A8C05FDE},290000,2023-02-24,2023,2,1,YO25 9RN,YO25,Detached,Freehold,False,DRIFFIELD,EAST RIDING OF YORKSHIRE,EAST RIDING OF YORKSHIRE,A,54.000871,-0.444985,Yorkshire and The Humber,England,East Riding of Yorkshire
{01EB45EF-D014-40F3-E063-4704A8C05FDE},450000,2023-02-24,2023,2,1,DN35 0AH,DN35,Detached,Freehold,False,CLEETHORPES,NORTH EAST LINCOLNSHIRE,NORTH EAST LINCOLNSHIRE,A,53.559217,-0.032599,Yorkshire and The Humber,England,North East Lincolnshire
{01EB45EF-D127-40F3-E063-4704A8C05FDE},215000,2023-06-16,2023,6,2,DN35 0JF,DN35,Semi-Detached,Freehold,False,CLEETHORPES,NORTH EAST LINCOLNSHIRE,NORTH EAST LINCOLNSHIRE,A,53.559217,-0.032599,Yorkshire and The Humber,England,North East Lincolnshire
{01EB45EF-D184-40F3-E063-4704A8C05FDE},170000,2022-05-31,2022,5,2,DN36 4ZL,DN36,Terraced,Freehold,True,GRIMSBY,NORTH EAST LINCOLNSHIRE,NORTH EAST LINCOLNSHIRE,A,53.526126,-0.028852,Yorkshire and The Humber,England,North East Lincolnshire
{01EB45EF-D1CD-40F3-E063-4704A8C05FDE},181000,2023-06-02,2023,6,2,DN37 9SD,DN37,Semi-Detached,Freehold,False,GRIMSBY,NORTH EAST LINCOLNSHIRE,NORTH EAST LINCOLNSHIRE,A,53.518687,-0.100817,Yorkshire and The Humber,England,North East Lincolnshire
{01EB45EF-D1D6-40F3-E063-4704A8C05FDE},261000,2023-06-15,2023,6,2,YO25 4LS,YO25,Terraced,Freehold,False,DRIFFIELD,EAST RIDING OF YORKSHIRE,EAST RIDING OF YORKSHIRE,A,54.000871,-0.444985,Yorkshire and The Humber,England,East Riding of Yorkshire
{01EB45EF-D1EE-40F3-E063-4704A8C05FDE},174995,2023-06-16,2023,6,2,HU7 4BD,HU7,Semi-Detached,Freehold,False,HULL,CITY OF KINGSTON UPON HULL,CITY OF KINGSTON UPON HULL,A,53.779611,-0.322878,Yorkshire and The Humber,England,"Kingston upon Hull, City of"
{01EB45EF-D3AC-40F3-E063-4704A8C05FDE},305000,2023-01-23,2023,1,1,HR1 1QP,HR1,Terraced,Freehold,False,HEREFORD,HEREFORDSHIRE,HEREFORDSHIRE,A,52.050582,-2.710655,West Midlands,England,"Herefordshire, County of"
{01EB45EF-D3FB-40F3-E063-4704A8C05FDE},385000,2023-06-16,2023,6,2,PO33 3RQ,PO33,Detached,Freehold,False,RYDE,ISLE OF WIGHT,ISLE OF WIGHT,A,50.730831,-1.186054,South East,England,Isle of Wight
{01EB45EF-D531-40F3-E063-4704A8C05FDE},210000,2023-06-23,2023,6,2,CT16 2NQ,CT16,Terraced,Freehold,False,DOVER,DOVER,KENT,A,51.165853,1.292516,South East,England,Dover
{01EB45EF-D534-40F3-E063-4704A8C05FDE},460000,2023-06-23,2023,6,2,DA2 6NL,DA2,Terraced,Freehold,False,DARTFORD,DARTFORD,KENT,A,51.442356,0.241698,South East,England,Dartford
{01EB45EF-D79F-40F3-E063-4704A8C05FDE},1540000,2023-06-09,2023,6,2,TN15 6XU,TN15,Detached,Freehold,False,SEVENOAKS,SEVENOAKS,KENT,A,51.288809,0.220255,South East,England,Sevenoaks
{01EB45EF-D7D2-40F3-E063-4704A8C05FDE},245000,2023-05-31,2023,5,2,ME8 9UJ,ME8,Terraced,Freehold,False,GILLINGHAM,MEDWAY,MEDWAY,A,51.344901,0.597511,South East,England,Medway
{01EB45EF-D836-40F3-E063-4704A8C05FDE},300000,2023-06-02,2023,6,2,ME5 8UT,ME5,Semi-Detached,Freehold,False,CHATHAM,MEDWAY,MEDWAY,A,51.334501,0.540699,South East,England,Medway
{01EB45EF-D88B-40F3-E063-4704A8C05FDE},505000,2023-06-23,2023,6,2,CT16 3LU,CT16,Detached,Freehold,False,DOVER,DOVER,KENT,A,51.165853,1.292516,South East,England,Dover
{01EB45EF-D8DE-40F3-E063-4704A8C05FDE},430000,2023-03-09,2023,3,1,TN15 8SP,TN15,Semi-Detached,Freehold,False,SEVENOAKS,TONBRIDGE AND MALLING,KENT,A,51.288809,0.220255,South East,England,Sevenoaks
{01EB45EF-D96C-40F3-E063-4704A8C05FDE},475000,2023-06-30,2023,6,2,ME4 3HP,ME4,Detached,Freehold,False,CHATHAM,MEDWAY,MEDWAY,A,51.366995,0.525746,South East,England,Medway
{01EB45EF-D991-40F3-E063-4704A8C05FDE},382500,2022-05-30,2022,5,2,ME2 4GX,ME2,Terraced,Freehold,False,ROCHESTER,MEDWAY,MEDWAY,A,51.399751,0.495028,South East,England,Medway
{01EB45EF-DA54-40F3-E063-4704A8C05FDE},843600,2023-06-21,2023,6,2,TN11 9LQ,TN11,Detached,Freehold,False,TONBRIDGE,TONBRIDGE AND MALLING,KENT,A,51.217191,0.243529,South East,England,Tonbridge and Malling
{01EB45EF-DA5C-40F3-E063-4704A8C05FDE},185000,2022-06-20,2022,6,2,TN2 3GH,TN2,Flat/Maisonette,Leasehold,False,TUNBRIDGE WELLS,TUNBRIDGE WELLS,KENT,A,51.150947,0.286144,South East,England,Tunbridge Wells
{01EB45EF-DA7A-40F3-E063-4704A8C05FDE},190000,2021-07-12,2021,7,3,DA9 9UB,DA9,Flat/Maisonette,Leasehold,False,GREENHITHE,DARTFORD,KENT,A,51.448441,0.266146,South East,England,Dartford
{01EB45EF-DA9D-40F3-E063-4704A8C05FDE},175000,2023-02-03,2023,2,1,BL3 1EQ,BL3,Semi-Detached,Leasehold,False,BOLTON,BOLTON,GREATER MANCHESTER,A,53.555905,-2.459272,North West,England,Bolton
{01EB45EF-DAF5-40F3-E063-4704A8C05FDE},315000,2023-05-26,2023,5,2,OL12 7RU,OL12,Detached,Leasehold,False,ROCHDALE,ROCHDALE,GREATER MANCHESTER,A,53.631174,-2.139188,North West,England,Rochdale
{01EB45EF-DB65-40F3-E063-4704A8C05FDE},122000,2023-06-16,2023,6,2,L14 0NR,L14,Flat/Maisonette,Leasehold,False,LIVERPOOL,LIVERPOOL,MERSEYSIDE,A,53.426261,-2.878427,North West,England,Liverpool
{01EB45EF-DBF9-40F3-E063-4704A8C05FDE},88999,2023-03-17,2023,3,1,BB11 5AG,BB11,Terraced,Leasehold,False,BURNLEY,BURNLEY,LANCASHIRE,A,53.783265,-2.238234,North West,England,Burnley
{01EB45EF-DC5C-40F3-E063-4704A8C05FDE},84950,2023-06-26,2023,6,2,BB10 4DP,BB10,Terraced,Leasehold,False,BURNLEY,BURNLEY,LANCASHIRE,A,53.804914,-2.235078,North West,England,Burnley
{01EB45EF-DCCB-40F3-E063-4704A8C05FDE},83000,2023-01-27,2023,1,1,BB12 7BE,BB12,Terraced,Leasehold,False,BURNLEY,BURNLEY,LANCASHIRE,A,53.797879,-2.27612,North West,England,Burnley
{01EB45EF-DD2C-40F3-E063-4704A8C05FDE},82000,2023-06-28,2023,6,2,PR1 8NP,PR1,Terraced,Freehold,False,PRESTON,PRESTON,LANCASHIRE,A,53.73961,-2.72862,North West,England,South Ribble
{01EB45EF-DD9D-40F3-E063-4704A8C05FDE},180000,2023-06-28,2023,6,2,FY8 3DA,FY8,Semi-Detached,Leasehold,False,LYTHAM ST ANNES,FYLDE,LANCASHIRE,A,53.7533,-3.001045,North West,England,Fylde
{01EB45EF-DE16-40F3-E063-4704A8C05FDE},95000,2023-06-09,2023,6,2,FY7 6UA,FY7,Terraced,Freehold,False,FLEETWOOD,WYRE,LANCASHIRE,A,53.915076,-3.030166,North West,England,Wyre
{01EB45EF-DE23-40F3-E063-4704A8C05FDE},122500,2023-06-14,2023,6,2,FY4 3DF,FY4,Terraced,Freehold,False,BLACKPOOL,BLACKPOOL,BLACKPOOL,A,53.7932,-3.020272,North West,England,Blackpool
{01EB45EF-DEB8-40F3-E063-4704A8C05FDE},204995,2022-08-10,2022,8,3,LA3 2UB,LA3,Detached,Freehold,False,MORECAMBE,LANCASTER,LANCASHIRE,A,54.062999,-2.87615,North West,England,Lancaster
{01EB45EF-DEDA-40F3-E063-4704A8C05FDE},231000,2023-06-23,2023,6,2,L39 8RS,L39,Semi-Detached,Freehold,False,ORMSKIRK,WEST LANCASHIRE,LANCASHIRE,A,53.573024,-2.896039,North West,England,West Lancashire
{01EB45EF-DF3C-40F3-E063-4704A8C05FDE},282500,2023-06-23,2023,6,2,BB5 3QY,BB5,Detached,Leasehold,False,ACCRINGTON,HYNDBURN,LANCASHIRE,A,53.753894,-2.344699,North West,England,Hyndburn
{01EB45EF-DF9D-40F3-E063-4704A8C05FDE},300000,2018-10-29,2018,10,4,PR5 4LB,PR5,Detached,Freehold,False,PRESTON,SOUTH RIBBLE,LANCASHIRE,A,53.725667,-2.69114,North West,England,South Ribble
{01EB45EF-E03F-40F3-E063-4704A8C05FDE},260000,2023-06-16,2023,6,2,BB4 8SR,BB4,Semi-Detached,Freehold,False,ROSSENDALE,ROSSENDALE,LANCASHIRE,A,53.724688,-2.281019,North West,England,Rossendale
{01EB45EF-E0FF-40F3-E063-4704A8C05FDE},300000,2023-06-19,2023,6,2,L40 7TQ,L40,Detached,Leasehold,False,ORMSKIRK,WEST LANCASHIRE,LANCASHIRE,A,53.589737,-2.857521,North West,England,West Lancashire
{01EB45EF-E17A-40F3-E063-4704A8C05FDE},265000,2023-06-16,2023,6,2,PR5 4LG,PR5,Detached,Freehold,False,PRESTON,SOUTH RIBBLE,LANCASHIRE,A,53.725667,-2.69114,North West,England,South Ribble
{01EB45EF-E1A2-40F3-E063-4704A8C05FDE},228500,2023-06-22,2023,6,2,FY8 1PG,FY8,Flat/Maisonette,Leasehold,False,LYTHAM ST ANNES,FYLDE,LANCASHIRE,A,53.7533,-3.001045,North West,England,Fylde
{01EB45EF-E1A8-40F3-E063-4704A8C05FDE},305000,2022-12-02,2022,12,4,LA1 5WE,LA1,Detached,Leasehold,False,LANCASTER,LANCASTER,LANCASHIRE,A,54.036607,-2.797782,North West,England,Lancaster
{01EB45EF-E1AE-40F3-E063-4704A8C05FDE},379000,2023-06-09,2023,6,2,FY8 3FS,FY8,Detached,Freehold,False,LYTHAM ST ANNES,FYLDE,LANCASHIRE,A,53.7533,-3.001045,North West,England,Fylde
{01EB45EF-E1CA-40F3-E063-4704A8C05FDE},307950,2021-02-05,2021,2,1,PR25 1FD,PR25,Detached,Freehold,True,LEYLAND,SOUTH RIBBLE,LANCASHIRE,A,53.697597,-2.709461,North West,England,South Ribble
{01EB45EF-E1CB-40F3-E063-4704A8C05FDE},307500,2020-12-17,2020,12,4,PR25 1FB,PR25,Detached,Freehold,True,LEYLAND,SOUTH RIBBLE,LANCASHIRE,A,53.697597,-2.709461,North West,England,South Ribble
{01EB45EF-E1D4-40F3-E063-4704A8C05FDE},137000,2023-06-23,2023,6,2,PR5 6EX,PR5,Semi-Detached,Leasehold,False,PRESTON,SOUTH RIBBLE,LANCASHIRE,A,53.725667,-2.69114,North West,England,South Ribble
{01EB45EF-E1EA-40F3-E063-4704A8C05FDE},215500,2021-06-18,2021,6,2,PR25 1FW,PR25,Detached,Freehold,True,LEYLAND,SOUTH RIBBLE,LANCASHIRE,A,53.697597,-2.709461,North West,England,South Ribble
{01EB45EF-E1F1-40F3-E063-4704A8C05FDE},319995,2021-06-25,2021,6,2,WN8 6HL,WN8,Detached,Freehold,True,SKELMERSDALE,WEST LANCASHIRE,LANCASHIRE,A,53.538909,-2.734376,North West,England,West Lancashire
{01EB45EF-E366-40F3-E063-4704A8C05FDE},234995,2022-08-31,2022,8,3,PR3 0DS,PR3,Terraced,Freehold,True,PRESTON,WYRE,LANCASHIRE,A,53.812829,-2.535357,North West,England,Ribble Valley
{01EB45EF-E3B0-40F3-E063-4704A8C05FDE},429995,2023-06-09,2023,6,2,PR3 0DS,PR3,Detached,Freehold,True,PRESTON,WYRE,LANCASHIRE,A,53.812829,-2.535357,North West,England,Ribble Valley
{01EB45EF-E4F5-40F3-E063-4704A8C05FDE},465000,2023-07-05,2023,7,3,PE11 1XN,PE11,Detached,Freehold,False,SPALDING,SOUTH HOLLAND,LINCOLNSHIRE,A,52.780328,-0.155067,East Midlands,England,South Holland
{01EB45EF-E566-40F3-E063-4704A8C05FDE},159000,2022-10-21,2022,10,4,PE21 8PX,PE21,Terraced,Freehold,False,BOSTON,BOSTON,LINCOLNSHIRE,B,52.9783,-0.028187,East Midlands,England,Boston
{01EB45EF-E73A-40F3-E063-4704A8C05FDE},429950,2022-09-30,2022,9,3,LN4 1GW,LN4,Detached,Freehold,True,LINCOLN,NORTH KESTEVEN,LINCOLNSHIRE,A,53.112047,-0.324217,East Midlands,England,North Kesteven
{01EB45EF-E7C0-40F3-E063-4704A8C05FDE},358000,2023-07-18,2023,7,3,NG31 9PE,NG31,Detached,Freehold,False,GRANTHAM,SOUTH KESTEVEN,LINCOLNSHIRE,A,52.926,-0.641553,East Midlands,England,South Kesteven
{01EB45EF-E7F0-40F3-E063-4704A8C05FDE},182500,2023-06-23,2023,6,2,PE12 7JP,PE12,Detached,Freehold,False,SPALDING,SOUTH HOLLAND,LINCOLNSHIRE,A,52.742281,-0.127103,East Midlands,England,South Holland
{01EB45EF-E86B-40F3-E063-4704A8C05FDE},960000,2023-05-25,2023,5,2,SE9 6PU,SE9,Semi-Detached,Freehold,False,LONDON,GREENWICH,GREATER LONDON,A,51.424094,0.048423,London,England,Bromley
{01EB45EF-E8CB-40F3-E063-4704A8C05FDE},211000,2023-05-15,2023,5,2,LE11 2JT,LE11,Semi-Detached,Freehold,False,LOUGHBOROUGH,CHARNWOOD,LEICESTERSHIRE,A,52.783622,-1.239843,East Midlands,England,Charnwood
{01EB45EF-E92A-40F3-E063-4704A8C05FDE},350000,2023-06-19,2023,6,2,LE4 4LL,LE4,Terraced,Freehold,False,LEICESTER,CHARNWOOD,LEICESTERSHIRE,A,52.668154,-1.139471,East Midlands,England,Leicester
{01EB45EF-E99B-40F3-E063-4704A8C05FDE},180000,2023-07-10,2023,7,3,LE11 4QG,LE11,Terraced,Freehold,False,LOUGHBOROUGH,CHARNWOOD,LEICESTERSHIRE,A,52.783622,-1.239843,East Midlands,England,Charnwood
{01EB45EF-ED52-40F3-E063-4704A8C05FDE},290000,2023-06-12,2023,6,2,LE3 9AS,LE3,Semi-Detached,Freehold,False,LEICESTER,LEICESTER,LEICESTER,A,52.626733,-1.152826,East Midlands,England,Leicester
{01EB45EF-ED7A-40F3-E063-4704A8C05FDE},192000,2023-06-23,2023,6,2,LE9 6QU,LE9,Terraced,Freehold,False,LEICESTER,HARBOROUGH,LEICESTERSHIRE,A,52.577143,-1.303046,East Midlands,England,Hinckley and Bosworth
{01EB45EF-EDB8-40F3-E063-4704A8C05FDE},250000,2023-06-29,2023,6,2,SK16 5JG,SK16,Terraced,Freehold,False,DUKINFIELD,TAMESIDE,GREATER MANCHESTER,A,53.476403,-2.093767,North West,England,Tameside
{01EB45EF-EEE9-40F3-E063-4704A8C05FDE},475000,2022-12-16,2022,12,4,M28 1ZQ,M28,Semi-Detached,Leasehold,False,MANCHESTER,SALFORD,GREATER MANCHESTER,A,53.500987,-2.37932,North West,England,Salford
{01EB45EF-EF95-40F3-E063-4704A8C05FDE},115000,2023-07-10,2023,7,3,BL1 8AY,BL1,Terraced,Leasehold,False,BOLTON,BOLTON,GREATER MANCHESTER,A,53.610671,-2.425087,North West,England,Bolton
{01EB45EF-F019-40F3-E063-4704A8C05FDE},206804,2019-12-23,2019,12,4,M3 5FZ,M3,Flat/Maisonette,Leasehold,True,SALFORD,SALFORD,GREATER MANCHESTER,A,53.475234,-2.258785,North West,England,Manchester
{01EB45EF-F08A-40F3-E063-4704A8C05FDE},207950,2021-10-01,2021,10,4,M34 3AA,M34,Terraced,Freehold,True,MANCHESTER,TAMESIDE,GREATER MANCHESTER,A,53.466505,-2.115933,North West,England,Tameside
{01EB45EF-F0EF-40F3-E063-4704A8C05FDE},207187,2022-03-30,2022,3,1,M4 4GS,M4,Flat/Maisonette,Leasehold,True,MANCHESTER,MANCHESTER,GREATER MANCHESTER,A,53.483624,-2.230098,North West,England,Manchester
{01EB45EF-F110-40F3-E063-4704A8C05FDE},37500,2022-06-27,2022,6,2,OL12 9EU,OL12,Flat/Maisonette,Leasehold,False,ROCHDALE,ROCHDALE,GREATER MANCHESTER,A,53.631174,-2.139188,North West,England,Rochdale
{01EB45EF-F13D-40F3-E063-4704A8C05FDE},250000,2023-06-22,2023,6,2,WA15 7LH,WA15,Flat/Maisonette,Leasehold,False,ALTRINCHAM,TRAFFORD,GREATER MANCHESTER,A,53.395943,-2.309089,North West,England,Trafford
{01EB45EF-F1B8-40F3-E063-4704A8C05FDE},100000,2023-05-19,2023,5,2,BL3 1SD,BL3,Terraced,Leasehold,False,BOLTON,BOLTON,GREATER MANCHESTER,A,53.555905,-2.459272,North West,England,Bolton
{01EB45EF-F200-40F3-E063-4704A8C05FDE},190000,2022-08-12,2022,8,3,WN5 8DJ,WN5,Terraced,Leasehold,False,WIGAN,WIGAN,GREATER MANCHESTER,A,53.533548,-2.662468,North West,England,Wigan
{01EB45EF-F218-40F3-E063-4704A8C05FDE},567500,2023-04-21,2023,4,2,SK2 7BG,SK2,Semi-Detached,Freehold,False,STOCKPORT,STOCKPORT,GREATER MANCHESTER,A,53.387415,-2.141698,North West,England,Stockport
{01EB45EF-F2AE-40F3-E063-4704A8C05FDE},258950,2022-12-21,2022,12,4,WV6 8PR,WV6,Flat/Maisonette,Leasehold,False,WOLVERHAMPTON,WOLVERHAMPTON,WEST MIDLANDS,A,52.612853,-2.162363,West Midlands,England,Wolverhampton
{01EB45EF-F391-40F3-E063-4704A8C05FDE},80000,2021-08-25,2021,8,3,CV2 2HE,CV2,Flat/Maisonette,Leasehold,False,COVENTRY,COVENTRY,WEST MIDLANDS,B,52.409953,-1.489726,West Midlands,England,Coventry
{01EB45EF-F3FC-40F3-E063-4704A8C05FDE},175000,2021-12-08,2021,12,4,DY5 4RJ,DY5,Semi-Detached,Freehold,False,BRIERLEY HILL,DUDLEY,WEST MIDLANDS,A,52.478521,-2.129091,West Midlands,England,Dudley
{01EB45EF-F4C9-40F3-E063-4704A8C05FDE},198000,2021-10-22,2021,10,4,B37 7FW,B37,Terraced,Leasehold,False,BIRMINGHAM,SOLIHULL,WEST MIDLANDS,A,52.469427,-1.757708,West Midlands,England,Solihull
{01EB45EF-F4F0-40F3-E063-4704A8C05FDE},212000,2022-08-19,2022,8,3,B18 6PX,B18,Flat/Maisonette,Leasehold,False,BIRMINGHAM,BIRMINGHAM,WEST MIDLANDS,A,52.490344,-1.909863,West Midlands,England,Birmingham
{01EB45EF-F6B9-40F3-E063-4704A8C05FDE},118000,2023-06-22,2023,6,2,PR8 1PW,PR8,Flat/Maisonette,Leasehold,False,SOUTHPORT,SEFTON,MERSEYSIDE,A,53.593282,-3.046891,North West,England,Sefton
{01EB45EF-F6C5-40F3-E063-4704A8C05FDE},70000,2023-05-26,2023,5,2,L6 4DF,L6,Terraced,Freehold,False,LIVERPOOL,LIVERPOOL,MERSEYSIDE,A,53.425714,-2.949975,North West,England,Liverpool
{01EB45EF-F6D4-40F3-E063-4704A8C05FDE},117500,2023-05-26,2023,5,2,L10 6LJ,L10,Flat/Maisonette,Leasehold,False,LIVERPOOL,SEFTON,MERSEYSIDE,A,53.468109,-2.927632,North West,England,Liverpool
{01EB45EF-F6ED-40F3-E063-4704A8C05FDE},170000,2023-05-26,2023,5,2,CH46 7UL,CH46,Semi-Detached,Freehold,False,WIRRAL,WIRRAL,MERSEYSIDE,A,53.415076,-3.109011,North West,England,Wirral
{01EB45EF-F750-40F3-E063-4704A8C05FDE},370000,2023-06-30,2023,6,2,L31 7AA,L31,Semi-Detached,Freehold,False,LIVERPOOL,SEFTON,MERSEYSIDE,A,53.510885,-2.941655,North West,England,Sefton
{01EB45EF-F7C4-40F3-E063-4704A8C05FDE},125000,2023-06-16,2023,6,2,L14 9QY,L14,Semi-Detached,Leasehold,False,LIVERPOOL,LIVERPOOL,MERSEYSIDE,A,53.426261,-2.878427,North West,England,Liverpool
{01EB45EF-F84F-40F3-E063-4704A8C05FDE},110000,2023-01-13,2023,1,1,L36 0SZ,L36,Terraced,Freehold,False,LIVERPOOL,KNOWSLEY,MERSEYSIDE,A,53.420711,-2.861685,North West,England,Knowsley
{01EB45EF-F96E-40F3-E063-4704A8C05FDE},300000,2022-09-23,2022,9,3,L34 1AQ,L34,Detached,Freehold,False,PRESCOT,KNOWSLEY,MERSEYSIDE,A,53.425398,-2.800439,North West,England,Knowsley
{01EB45EF-FAC9-40F3-E063-4704A8C05FDE},700000,2023-06-27,2023,6,2,NW9 9NU,NW9,Semi-Detached,Freehold,False,LONDON,BRENT,GREATER LONDON,A,51.577751,-0.258078,London,England,Brent
{01EB45EF-FADB-40F3-E063-4704A8C05FDE},630000,2023-07-11,2023,7,3,HA8 6TQ,HA8,Semi-Detached,Freehold,False,EDGWARE,HARROW,GREATER LONDON,A,51.623247,-0.288294,London,England,Barnet
{01EB45EF-FAE0-40F3-E063-4704A8C05FDE},890000,2023-07-10,2023,7,3,NW10 4RJ,NW10,Terraced,Freehold,False,LONDON,BRENT,GREATER LONDON,A,51.531378,-0.283207,London,England,Brent
{01EB45EF-FC51-40F3-E063-4704A8C05FDE},560000,2023-06-22,2023,6,2,HA7 2ES,HA7,Terraced,Freehold,False,STANMORE,HARROW,GREATER LONDON,A,51.603899,-0.311549,London,England,Harrow
{01EB45EF-FCDC-40F3-E063-4704A8C05FDE},267500,2023-06-02,2023,6,2,NE61 2UT,NE61,Terraced,Freehold,False,MORPETH,NORTHUMBERLAND,NORTHUMBERLAND,A,55.161368,-1.695212,North East,England,Northumberland
{01EB45EF-FDB1-40F3-E063-4704A8C05FDE},424995,2022-11-24,2022,11,4,NE23 8BZ,NE23,Detached,Freehold,True,CRAMLINGTON,NORTHUMBERLAND,NORTHUMBERLAND,A,55.074495,-1.583316,North East,England,Northumberland
{01EB45EF-FE2A-40F3-E063-4704A8C05FDE},19000,2023-02-06,2023,2,1,NE24 4QZ,NE24,Flat/Maisonette,Leasehold,False,BLYTH,NORTHUMBERLAND,NORTHUMBERLAND,A,55.112727,-1.526013,North East,England,Northumberland
{01EB45EF-FFE7-40F3-E063-4704A8C05FDE},417000,2023-02-24,2023,2,1,W12 9SW,W12,Terraced,Freehold,False,LONDON,HAMMERSMITH AND FULHAM,GREATER LONDON,A,51.508008,-0.239025,London,England,Hammersmith and Fulham
{01EB45EF-FFEB-40F3-E063-4704A8C05FDE},500000,2023-02-01,2023,2,1,SW6 2BX,SW6,Flat/Maisonette,Leasehold,False,LONDON,HAMMERSMITH AND FULHAM,GREATER LONDON,A,51.486399,-0.199326,London,England,Hammersmith and Fulham
{01EB45EF-FFF7-40F3-E063-4704A8C05FDE},290000,2023-07-13,2023,7,3,UB5 4HH,UB5,Semi-Detached,Leasehold,False,NORTHOLT,EALING,GREATER LONDON,A,51.537794,-0.373767,London,England,Ealing
{01EB45F0-00A0-40F3-E063-4704A8C05FDE},400000,2023-02-17,2023,2,1,NW2 6DR,NW2,Terraced,Leasehold,False,LONDON,BRENT,GREATER LONDON,A,51.562283,-0.251961,London,England,Brent
{01EB45F0-00D2-40F3-E063-4704A8C05FDE},440000,2023-05-26,2023,5,2,NW6 1LX,NW6,Flat/Maisonette,Leasehold,False,LONDON,CAMDEN,GREATER LONDON,A,51.544167,-0.20988,London,England,Brent
{01EB45F0-016C-40F3-E063-4704A8C05FDE},500000,2022-06-29,2022,6,2,W9 1QF,W9,Flat/Maisonette,Leasehold,False,LONDON,CITY OF WESTMINSTER,GREATER LONDON,B,51.528018,-0.204704,London,England,Westminster
{01EB45F0-017C-40F3-E063-4704A8C05FDE},350000,2023-03-24,2023,3,1,NW5 2SG,NW5,Flat/Maisonette,Leasehold,False,LONDON,CAMDEN,GREATER LONDON,A,51.549627,-0.154827,London,England,Camden
{01EB45F0-0213-40F3-E063-4704A8C05FDE},124750,2015-09-11,2015,9,3,NR27 9DS,NR27,Terraced,Freehold,False,CROMER,NORTH NORFOLK,NORFOLK,A,52.929582,1.244478,East of England,England,North Norfolk
{01EB45F0-0239-40F3-E063-4704A8C05FDE},202000,2022-12-20,2022,12,4,IP24 3BG,IP24,Semi-Detached,Freehold,False,THETFORD,BRECKLAND,NORFOLK,A,52.417837,0.747503,East of England,England,Breckland
{01EB45F0-0260-40F3-E063-4704A8C05FDE},165500,2023-06-05,2023,6,2,NR30 4NF,NR30,Terraced,Freehold,False,GREAT YARMOUTH,GREAT YARMOUTH,NORFOLK,A,52.595761,1.73027,East of England,England,Great Yarmouth
{01EB45F0-026C-40F3-E063-4704A8C05FDE},360000,2023-06-16,2023,6,2,NR11 8EN,NR11,Detached,Freehold,False,NORWICH,NORTH NORFOLK,NORFOLK,A,52.789714,1.2314,East of England,England,Broadland
{01EB45F0-02B3-40F3-E063-4704A8C05FDE},325000,2023-02-24,2023,2,1,NR17 2HG,NR17,Detached,Freehold,False,ATTLEBOROUGH,BRECKLAND,NORFOLK,A,52.534122,0.976537,East of England,England,Breckland
{01EB45F0-033B-40F3-E063-4704A8C05FDE},320000,2023-05-22,2023,5,2,PE14 9SA,PE14,Detached,Freehold,False,WISBECH,KING'S LYNN AND WEST NORFOLK,NORFOLK,A,52.622464,0.141459,East of England,England,Fenland
{01EB45F0-046F-40F3-E063-4704A8C05FDE},475000,2023-06-15,2023,6,2,NR11 6SX,NR11,Detached,Freehold,False,NORWICH,BROADLAND,NORFOLK,A,52.789714,1.2314,East of England,England,Broadland
{01EB45F0-04FC-40F3-E063-4704A8C05FDE},330000,2023-02-08,2023,2,1,NR13 6TA,NR13,Terraced,Freehold,False,NORWICH,BROADLAND,NORFOLK,A,52.666868,1.512619,East of England,England,Broadland
{01EB45F0-055C-40F3-E063-4704A8C05FDE},161000,2022-01-07,2022,1,1,NR25 6DD,NR25,Semi-Detached,Freehold,False,HOLT,NORTH NORFOLK,NORFOLK,A,52.905894,1.097637,East of England,England,North Norfolk
{01EB45F0-0609-40F3-E063-4704A8C05FDE},348995,2022-06-30,2022,6,2,IP25 6PN,IP25,Detached,Freehold,True,THETFORD,BRECKLAND,NORFOLK,A,52.573267,0.825445,East of England,England,Breckland
{01EB45F0-06B2-40F3-E063-4704A8C05FDE},222500,2023-06-30,2023,6,2,NR17 2PT,NR17,Semi-Detached,Freehold,False,ATTLEBOROUGH,BRECKLAND,NORFOLK,A,52.534122,0.976537,East of England,England,Breckland
{01EB45F0-0701-40F3-E063-4704A8C05FDE},283500,2023-06-22,2023,6,2,NN15 5TE,NN15,Detached,Leasehold,False,KETTERING,NORTH NORTHAMPTONSHIRE,NORTH NORTHAMPTONSHIRE,A,52.390401,-0.722145,East Midlands,England,North Northamptonshire
{01EB45F0-0786-40F3-E063-4704A8C05FDE},242500,2023-07-04,2023,7,3,PE8 4QN,PE8,Terraced,Freehold,False,PETERBOROUGH,NORTH NORTHAMPTONSHIRE,NORTH NORTHAMPTONSHIRE,A,52.477586,-0.366996,East Midlands,England,North Northamptonshire
{01EB45F0-07D0-40F3-E063-4704A8C05FDE},299500,2023-06-08,2023,6,2,NN14 6HR,NN14,Detached,Freehold,False,KETTERING,NORTH NORTHAMPTONSHIRE,NORTH NORTHAMPTONSHIRE,A,52.44465,-0.827027,East Midlands,England,North Northamptonshire
{01EB45F0-0992-40F3-E063-4704A8C05FDE},148000,2021-09-29,2021,9,3,NN3 2LL,NN3,Flat/Maisonette,Leasehold,False,NORTHAMPTON,WEST NORTHAMPTONSHIRE,WEST NORTHAMPTONSHIRE,A,52.268232,-0.817676,East Midlands,England,West Northamptonshire
{01EB45F0-09DB-40F3-E063-4704A8C05FDE},1285000,2022-10-28,2022,10,4,NN12 6FA,NN12,Detached,Freehold,False,TOWCESTER,WEST NORTHAMPTONSHIRE,WEST NORTHAMPTONSHIRE,A,52.102167,-0.951616,East Midlands,England,West Northamptonshire
{01EB45F0-0A63-40F3-E063-4704A8C05FDE},330000,2023-06-30,2023,6,2,NN3 2LD,NN3,Terraced,Freehold,False,NORTHAMPTON,WEST NORTHAMPTONSHIRE,WEST NORTHAMPTONSHIRE,A,52.268232,-0.817676,East Midlands,England,West Northamptonshire
{01EB45F0-0AA0-40F3-E063-4704A8C05FDE},185000,2023-05-30,2023,5,2,NG19 0LN,NG19,Semi-Detached,Freehold,False,MANSFIELD,MANSFIELD,NOTTINGHAMSHIRE,A,53.151788,-1.159029,East Midlands,England,Mansfield
{01EB45F0-0B39-40F3-E063-4704A8C05FDE},369000,2023-07-06,2023,7,3,NG2 7JT,NG2,Detached,Freehold,False,NOTTINGHAM,RUSHCLIFFE,NOTTINGHAMSHIRE,A,52.920057,-1.122309,East Midlands,England,Rushcliffe
{01EB45F0-0B7F-40F3-E063-4704A8C05FDE},235000,2023-02-10,2023,2,1,NG4 1SA,NG4,Detached,Freehold,False,NOTTINGHAM,GEDLING,NOTTINGHAMSHIRE,A,52.973636,-1.113988,East Midlands,England,Gedling
{01EB45F0-0BCD-40F3-E063-4704A8C05FDE},155000,2023-05-26,2023,5,2,NG11 9FS,NG11,Terraced,Freehold,False,NOTTINGHAM,CITY OF NOTTINGHAM,CITY OF NOTTINGHAM,A,52.915357,-1.163748,East Midlands,England,Nottingham
{01EB45F0-0CD2-40F3-E063-4704A8C05FDE},335000,2023-05-26,2023,5,2,NG6 7AA,NG6,Terraced,Freehold,False,NOTTINGHAM,CITY OF NOTTINGHAM,CITY OF NOTTINGHAM,A,52.987107,-1.197147,East Midlands,England,Nottingham
{01EB45F0-0D04-40F3-E063-4704A8C05FDE},167500,2023-07-07,2023,7,3,NG4 1GG,NG4,Terraced,Freehold,False,NOTTINGHAM,GEDLING,NOTTINGHAMSHIRE,A,52.973636,-1.113988,East Midlands,England,Gedling
{01EB45F0-0D07-40F3-E063-4704A8C05FDE},375000,2023-06-15,2023,6,2,NG15 9EP,NG15,Detached,Freehold,False,NOTTINGHAM,GEDLING,NOTTINGHAMSHIRE,A,53.090894,-1.164098,East Midlands,England,Gedling
{01EB45F0-0DF3-40F3-E063-4704A8C05FDE},335000,2023-07-03,2023,7,3,NG12 3QD,NG12,Detached,Freehold,False,NOTTINGHAM,RUSHCLIFFE,NOTTINGHAMSHIRE,A,52.845687,-1.063495,East Midlands,England,Rushcliffe
{01EB45F0-0E01-40F3-E063-4704A8C05FDE},230000,2023-06-21,2023,6,2,NG4 3RU,NG4,Semi-Detached,Freehold,False,NOTTINGHAM,GEDLING,NOTTINGHAMSHIRE,A,52.973636,-1.113988,East Midlands,England,Gedling
{01EB45F0-0EBD-40F3-E063-4704A8C05FDE},459450,2021-02-25,2021,2,1,NG12 5SN,NG12,Detached,Freehold,True,NOTTINGHAM,RUSHCLIFFE,NOTTINGHAMSHIRE,A,52.845687,-1.063495,East Midlands,England,Rushcliffe
{01EB45F0-0F46-40F3-E063-4704A8C05FDE},188995,2022-03-11,2022,3,1,NG22 9XP,NG22,Detached,Freehold,True,NEWARK,NEWARK AND SHERWOOD,NOTTINGHAMSHIRE,A,53.232856,-0.886169,East Midlands,England,Bassetlaw
{01EB45F0-0FDE-40F3-E063-4704A8C05FDE},339995,2022-09-12,2022,9,3,S81 7GB,S81,Detached,Freehold,True,WORKSOP,BASSETLAW,NOTTINGHAMSHIRE,A,53.355487,-1.120007,East Midlands,England,Bassetlaw
{01EB45F0-0FE8-40F3-E063-4704A8C05FDE},261900,2022-08-26,2022,8,3,NG12 5SL,NG12,Semi-Detached,Freehold,True,NOTTINGHAM,RUSHCLIFFE,NOTTINGHAMSHIRE,A,52.845687,-1.063495,East Midlands,England,Rushcliffe
{01EB45F0-1072-40F3-E063-4704A8C05FDE},320000,2023-07-05,2023,7,3,NG8 3LT,NG8,Detached,Freehold,False,NOTTINGHAM,CITY OF NOTTINGHAM,CITY OF NOTTINGHAM,A,52.981993,-1.205315,East Midlands,England,Nottingham
{01EB45F0-1081-40F3-E063-4704A8C05FDE},275000,2023-01-27,2023,1,1,NG9 3FD,NG9,Semi-Detached,Freehold,False,NOTTINGHAM,BROXTOWE,NOTTINGHAMSHIRE,A,52.921358,-1.205159,East Midlands,England,Broxtowe
{01EB45F0-10B8-40F3-E063-4704A8C05FDE},237500,2023-07-18,2023,7,3,YO18 7PY,YO18,Terraced,Freehold,False,PICKERING,NORTH YORKSHIRE,NORTH YORKSHIRE,A,54.247059,-0.772545,Yorkshire and The Humber,England,North Yorkshire
{01EB45F0-119F-40F3-E063-4704A8C05FDE},370000,2023-06-30,2023,6,2,HG2 9AY,HG2,Flat/Maisonette,Leasehold,False,HARROGATE,NORTH YORKSHIRE,NORTH YORKSHIRE,A,53.989048,-1.549754,Yorkshire and The Humber,England,North Yorkshire
{01EB45F0-1222-40F3-E063-4704A8C05FDE},220000,2023-06-12,2023,6,2,HG2 7EB,HG2,Terraced,Freehold,False,HARROGATE,NORTH YORKSHIRE,NORTH YORKSHIRE,A,53.989048,-1.549754,Yorkshire and The Humber,England,North Yorkshire
{01EB45F0-1266-40F3-E063-4704A8C05FDE},480000,2023-07-11,2023,7,3,TS15 0EA,TS15,Detached,Freehold,False,YARM,NORTH YORKSHIRE,NORTH YORKSHIRE,A,54.502162,-1.327523,North East,England,Stockton-on-Tees
{01EB45F0-126A-40F3-E063-4704A8C05FDE},340000,2023-04-21,2023,4,2,YO32 3LB,YO32,Semi-Detached,Freehold,False,YORK,YORK,YORK,A,54.007926,-1.07996,Yorkshire and The Humber,England,York
{01EB45F0-12F4-40F3-E063-4704A8C05FDE},260000,2023-07-10,2023,7,3,YO22 5BU,YO22,Semi-Detached,Freehold,False,WHITBY,NORTH YORKSHIRE,NORTH YORKSHIRE,A,54.488591,-0.611905,Yorkshire and The Humber,England,North Yorkshire
{01EB45F0-1382-40F3-E063-4704A8C05FDE},225000,2021-11-12,2021,11,4,YO12 6QT,YO12,Flat/Maisonette,Leasehold,False,SCARBOROUGH,NORTH YORKSHIRE,NORTH YORKSHIRE,A,54.282606,-0.412063,Yorkshire and The Humber,England,North Yorkshire
{01EB45F0-1391-40F3-E063-4704A8C05FDE},229995,2021-09-30,2021,9,3,YO11 3WG,YO11,Detached,Freehold,True,SCARBOROUGH,NORTH YORKSHIRE,NORTH YORKSHIRE,A,54.232877,-0.37784,Yorkshire and The Humber,England,North Yorkshire
{01EB45F0-13DA-40F3-E063-4704A8C05FDE},298500,2020-10-30,2020,10,4,LS25 6GP,LS25,Detached,Freehold,True,LEEDS,NORTH YORKSHIRE,NORTH YORKSHIRE,A,53.778245,-1.381733,Yorkshire and The Humber,England,Leeds
{01EB45F0-14C2-40F3-E063-4704A8C05FDE},329950,2022-11-15,2022,11,4,DL6 2FW,DL6,Detached,Freehold,True,NORTHALLERTON,NORTH YORKSHIRE,NORTH YORKSHIRE,A,54.360752,-1.416163,Yorkshire and The Humber,England,North Yorkshire
{01EB45F0-14E3-40F3-E063-4704A8C05FDE},150000,2023-07-04,2023,7,3,YO12 4LB,YO12,Semi-Detached,Freehold,False,SCARBOROUGH,NORTH YORKSHIRE,NORTH YORKSHIRE,A,54.282606,-0.412063,Yorkshire and The Humber,England,North Yorkshire
{01EB45F0-15DF-40F3-E063-4704A8C05FDE},615000,2023-06-16,2023,6,2,OX14 2AT,OX14,Detached,Freehold,False,ABINGDON,VALE OF WHITE HORSE,OXFORDSHIRE,A,51.685438,-1.267788,South East,England,Vale of White Horse
{01EB45F0-15F5-40F3-E063-4704A8C05FDE},430000,2023-01-27,2023,1,1,OX26 2DS,OX26,Detached,Freehold,False,BICESTER,CHERWELL,OXFORDSHIRE,A,51.896212,-1.141229,South East,England,Cherwell
{01EB45F0-163F-40F3-E063-4704A8C05FDE},220000,2023-06-07,2023,6,2,OX4 4TW,OX4,Flat/Maisonette,Leasehold,False,OXFORD,OXFORD,OXFORDSHIRE,A,51.726026,-1.221655,South East,England,Oxford
{01EB45F0-181D-40F3-E063-4704A8C05FDE},290000,2020-08-07,2020,8,3,OX18 3GG,OX18,Semi-Detached,Freehold,True,CARTERTON,WEST OXFORDSHIRE,OXFORDSHIRE,A,51.770993,-1.585169,South East,England,West Oxfordshire
{01EB45F0-182D-40F3-E063-4704A8C05FDE},372995,2022-07-01,2022,7,3,OX25 5AG,OX25,Semi-Detached,Freehold,True,BICESTER,CHERWELL,OXFORDSHIRE,A,51.870726,-1.118809,South East,England,Cherwell
{01EB45F0-1A3F-40F3-E063-4704A8C05FDE},90000,2023-06-15,2023,6,2,ST4 4EL,ST4,Terraced,Freehold,False,STOKE-ON-TRENT,STOKE-ON-TRENT,STOKE-ON-TRENT,A,52.990985,-2.194636,West Midlands,England,Stoke-on-Trent
{01EB45F0-1A56-40F3-E063-4704A8C05FDE},180000,2023-06-19,2023,6,2,B77 4HB,B77,Terraced,Freehold,False,TAMWORTH,TAMWORTH,STAFFORDSHIRE,A,52.627163,-1.677238,West Midlands,England,Tamworth
{01EB45F0-1B52-40F3-E063-4704A8C05FDE},180000,2023-01-26,2023,1,1,ST17 4TG,ST17,Semi-Detached,Freehold,False,STAFFORD,STAFFORD,STAFFORDSHIRE,A,52.788398,-2.12964,West Midlands,England,Stafford
{01EB45F0-1B65-40F3-E063-4704A8C05FDE},133000,2023-06-19,2023,6,2,ST6 7NR,ST6,Terraced,Freehold,False,STOKE-ON-TRENT,STOKE-ON-TRENT,STOKE-ON-TRENT,A,53.070174,-2.197711,West Midlands,England,Stoke-on-Trent
{01EB45F0-1B6C-40F3-E063-4704A8C05FDE},154500,2023-01-27,2023,1,1,DE13 0JL,DE13,Semi-Detached,Freehold,False,BURTON-ON-TRENT,EAST STAFFORDSHIRE,STAFFORDSHIRE,A,52.831495,-1.624434,West Midlands,England,East Staffordshire
{01EB45F0-1B9D-40F3-E063-4704A8C05FDE},190900,2023-06-16,2023,6,2,DY7 6EL,DY7,Terraced,Freehold,False,STOURBRIDGE,SOUTH STAFFORDSHIRE,STAFFORDSHIRE,A,52.457383,-2.240229,West Midlands,England,South Staffordshire
{01EB45F0-1C10-40F3-E063-4704A8C05FDE},200000,2023-06-28,2023,6,2,ST5 0JL,ST5,Semi-Detached,Freehold,False,NEWCASTLE,NEWCASTLE-UNDER-LYME,STAFFORDSHIRE,A,53.006881,-2.218567,West Midlands,England,Newcastle-under-Lyme
{01EB45F0-1C79-40F3-E063-4704A8C05FDE},62000,2023-05-19,2023,5,2,ST3 5PX,ST3,Flat/Maisonette,Leasehold,False,STOKE-ON-TRENT,STOKE-ON-TRENT,STOKE-ON-TRENT,A,52.988789,-2.130318,West Midlands,England,Stoke-on-Trent
{01EB45F0-1CD3-40F3-E063-4704A8C05FDE},295000,2023-06-13,2023,6,2,ST9 9HS,ST9,Semi-Detached,Freehold,False,STOKE-ON-TRENT,STAFFORDSHIRE MOORLANDS,STAFFORDSHIRE,A,53.04247,-2.051817,West Midlands,England,Staffordshire Moorlands
{01EB45F0-1D89-40F3-E063-4704A8C05FDE},425000,2023-05-26,2023,5,2,WS6 7AG,WS6,Detached,Freehold,False,WALSALL,SOUTH STAFFORDSHIRE,STAFFORDSHIRE,A,52.652042,-2.019581,West Midlands,England,South Staffordshire
{01EB45F0-1E38-40F3-E063-4704A8C05FDE},610000,2023-06-30,2023,6,2,B79 0EX,B79,Detached,Freehold,False,TAMWORTH,TAMWORTH,STAFFORDSHIRE,A,52.663669,-1.589719,West Midlands,England,North Warwickshire
{01EB45F0-1ECD-40F3-E063-4704A8C05FDE},226995,2021-12-17,2021,12,4,ST5 6BQ,ST5,Detached,Freehold,True,NEWCASTLE,NEWCASTLE-UNDER-LYME,STAFFORDSHIRE,A,53.006881,-2.218567,West Midlands,England,Newcastle-under-Lyme
{01EB45F0-1EEC-40F3-E063-4704A8C05FDE},235000,2022-01-07,2022,1,1,DE13 9GE,DE13,Terraced,Freehold,True,BURTON-ON-TRENT,EAST STAFFORDSHIRE,STAFFORDSHIRE,A,52.831495,-1.624434,West Midlands,England,East Staffordshire
{01EB45F0-1F86-40F3-E063-4704A8C05FDE},404500,2022-04-22,2022,4,2,B79 0EP,B79,Detached,Freehold,True,TAMWORTH,TAMWORTH,STAFFORDSHIRE,A,52.663669,-1.589719,West Midlands,England,North Warwickshire
{01EB45F0-1F9C-40F3-E063-4704A8C05FDE},205000,2022-07-07,2022,7,3,DE13 0XF,DE13,Terraced,Freehold,True,BURTON-ON-TRENT,EAST STAFFORDSHIRE,STAFFORDSHIRE,A,52.831495,-1.624434,West Midlands,England,East Staffordshire
{01EB45F0-1FAE-40F3-E063-4704A8C05FDE},354950,2022-08-05,2022,8,3,ST19 9FD,ST19,Detached,Freehold,True,STAFFORD,SOUTH STAFFORDSHIRE,STAFFORDSHIRE,A,52.710217,-2.224893,West Midlands,England,South Staffordshire
{01EB45F0-1FB2-40F3-E063-4704A8C05FDE},381500,2022-09-07,2022,9,3,WS14 0FQ,WS14,Detached,Freehold,True,LICHFIELD,LICHFIELD,STAFFORDSHIRE,A,52.674873,-1.823748,West Midlands,England,Lichfield
{01EB45F0-1FE0-40F3-E063-4704A8C05FDE},190000,2021-04-30,2021,4,2,WS6 7AU,WS6,Semi-Detached,Freehold,False,WALSALL,SOUTH STAFFORDSHIRE,STAFFORDSHIRE,B,52.652042,-2.019581,West Midlands,England,South Staffordshire
{01EB45F0-1FEC-40F3-E063-4704A8C05FDE},329950,2023-03-31,2023,3,1,WV8 1FQ,WV8,Detached,Freehold,True,WOLVERHAMPTON,SOUTH STAFFORDSHIRE,STAFFORDSHIRE,A,52.62841,-2.177712,West Midlands,England,South Staffordshire
{01EB45F0-1FFE-40F3-E063-4704A8C05FDE},299950,2023-05-26,2023,5,2,WV8 1FN,WV8,Semi-Detached,Freehold,True,WOLVERHAMPTON,SOUTH STAFFORDSHIRE,STAFFORDSHIRE,A,52.62841,-2.177712,West Midlands,England,South Staffordshire
{01EB45F0-202B-40F3-E063-4704A8C05FDE},245000,2022-07-04,2022,7,3,B77 2EJ,B77,Semi-Detached,Freehold,False,TAMWORTH,TAMWORTH,STAFFORDSHIRE,A,52.627163,-1.677238,West Midlands,England,Tamworth
{01EB45F0-20C9-40F3-E063-4704A8C05FDE},330000,2023-07-05,2023,7,3,SE18 2HT,SE18,Terraced,Freehold,False,LONDON,GREENWICH,GREATER LONDON,A,51.494899,0.071752,London,England,Greenwich
{01EB45F0-20CD-40F3-E063-4704A8C05FDE},1153000,2023-06-29,2023,6,2,TW11 0HG,TW11,Terraced,Freehold,False,TEDDINGTON,RICHMOND UPON THAMES,GREATER LONDON,A,51.427439,-0.343552,London,England,Richmond upon Thames
{01EB45F0-2101-40F3-E063-4704A8C05FDE},1250000,2023-06-28,2023,6,2,SW18 2DZ,SW18,Terraced,Freehold,False,LONDON,WANDSWORTH,GREATER LONDON,A,51.442657,-0.191635,London,England,Wandsworth
{01EB45F0-2160-40F3-E063-4704A8C05FDE},845470,2023-06-16,2023,6,2,SW2 2TX,SW2,Terraced,Freehold,False,LONDON,LAMBETH,GREATER LONDON,A,51.446122,-0.12373,London,England,Lambeth
{01EB45F0-2230-40F3-E063-4704A8C05FDE},550000,2023-01-20,2023,1,1,SE20 8EU,SE20,Terraced,Freehold,False,LONDON,BROMLEY,GREATER LONDON,A,51.417881,-0.058916,London,England,Bromley
{01EB45F0-22DA-40F3-E063-4704A8C05FDE},550000,2023-06-01,2023,6,2,DA7 5SS,DA7,Semi-Detached,Freehold,False,BEXLEYHEATH,BEXLEY,GREATER LONDON,A,51.46191,0.133616,London,England,Bexley
{01EB45F0-2390-40F3-E063-4704A8C05FDE},417000,2023-06-30,2023,6,2,DA16 2JT,DA16,Semi-Detached,Freehold,False,WELLING,BEXLEY,GREATER LONDON,A,51.468323,0.117141,London,England,Bexley
{01EB45F0-2393-40F3-E063-4704A8C05FDE},304000,2023-06-23,2023,6,2,SW16 4AH,SW16,Flat/Maisonette,Leasehold,False,LONDON,CROYDON,GREATER LONDON,A,51.425463,-0.143319,London,England,Wandsworth
{01EB45F0-2417-40F3-E063-4704A8C05FDE},455000,2023-07-07,2023,7,3,DA7 6ET,DA7,Terraced,Freehold,False,BEXLEYHEATH,BEXLEY,GREATER LONDON,A,51.46191,0.133616,London,England,Bexley
{01EB45F0-2499-40F3-E063-4704A8C05FDE},1650000,2023-05-12,2023,5,2,BR2 8FH,BR2,Detached,Freehold,False,BROMLEY,BROMLEY,GREATER LONDON,B,51.391531,0.009999,London,England,Bromley
{01EB45F0-24EF-40F3-E063-4704A8C05FDE},600000,2021-11-12,2021,11,4,CR2 7JB,CR2,Terraced,Freehold,False,SOUTH CROYDON,CROYDON,GREATER LONDON,A,51.345234,-0.074508,London,England,Croydon
{01EB45F0-2871-40F3-E063-4704A8C05FDE},140000,2023-06-26,2023,6,2,IP2 0ET,IP2,Flat/Maisonette,Leasehold,False,IPSWICH,IPSWICH,SUFFOLK,A,52.04716,1.131305,East of England,England,Ipswich
{01EB45F0-2883-40F3-E063-4704A8C05FDE},281000,2023-06-30,2023,6,2,CB8 0SU,CB8,Terraced,Freehold,False,NEWMARKET,WEST SUFFOLK,SUFFOLK,A,52.243285,0.39898,East of England,England,West Suffolk
{01EB45F0-289F-40F3-E063-4704A8C05FDE},274000,2023-02-27,2023,2,1,IP11 0XG,IP11,Detached,Freehold,False,FELIXSTOWE,EAST SUFFOLK,SUFFOLK,A,51.959709,1.342883,East of England,England,East Suffolk
{01EB45F0-28A4-40F3-E063-4704A8C05FDE},175000,2023-06-05,2023,6,2,IP2 9AZ,IP2,Terraced,Freehold,False,IPSWICH,IPSWICH,SUFFOLK,A,52.04716,1.131305,East of England,England,Ipswich
{01EB45F0-28FB-40F3-E063-4704A8C05FDE},292500,2022-05-19,2022,5,2,IP11 9FA,IP11,Semi-Detached,Freehold,False,FELIXSTOWE,EAST SUFFOLK,SUFFOLK,A,51.959709,1.342883,East of England,England,East Suffolk
{01EB45F0-293D-40F3-E063-4704A8C05FDE},210000,2021-09-30,2021,9,3,IP5 2HP,IP5,Terraced,Freehold,False,IPSWICH,EAST SUFFOLK,SUFFOLK,A,52.061734,1.255201,East of England,England,East Suffolk
{01EB45F0-294D-40F3-E063-4704A8C05FDE},392500,2023-01-31,2023,1,1,IP32 6FZ,IP32,Detached,Freehold,False,BURY ST EDMUNDS,WEST SUFFOLK,SUFFOLK,A,52.256417,0.695501,East of England,England,West Suffolk
{01EB45F0-29DE-40F3-E063-4704A8C05FDE},340000,2021-06-28,2021,6,2,IP7 7DT,IP7,Semi-Detached,Freehold,True,IPSWICH,MID SUFFOLK,SUFFOLK,A,52.051007,0.960315,East of England,England,Babergh
{01EB45F0-2A2D-40F3-E063-4704A8C05FDE},455000,2023-07-07,2023,7,3,IP4 5RZ,IP4,Semi-Detached,Freehold,False,IPSWICH,IPSWICH,SUFFOLK,A,52.072161,1.172038,East of England,England,Ipswich
{01EB45F0-2AF5-40F3-E063-4704A8C05FDE},90000,2023-07-14,2023,7,3,TF9 1EJ,TF9,Flat/Maisonette,Leasehold,False,MARKET DRAYTON,SHROPSHIRE,SHROPSHIRE,A,52.89943,-2.500493,West Midlands,England,Shropshire
{01EB45F0-2C06-40F3-E063-4704A8C05FDE},202000,2022-02-11,2022,2,1,TF10 8HR,TF10,Semi-Detached,Freehold,False,NEWPORT,WREKIN,WREKIN,A,52.768227,-2.373909,West Midlands,England,Telford and Wrekin
{01EB45F0-2CA6-40F3-E063-4704A8C05FDE},200000,2023-06-26,2023,6,2,WV16 6BA,WV16,Terraced,Freehold,False,BRIDGNORTH,SHROPSHIRE,SHROPSHIRE,A,52.529766,-2.419226,West Midlands,England,Shropshire
{01EB45F0-2D15-40F3-E063-4704A8C05FDE},280000,2022-09-26,2022,9,3,TF10 7HF,TF10,Semi-Detached,Freehold,False,NEWPORT,WREKIN,WREKIN,A,52.768227,-2.373909,West Midlands,England,Telford and Wrekin
{01EB45F0-2DA4-40F3-E063-4704A8C05FDE},415000,2023-06-28,2023,6,2,BS21 7XT,BS21,Terraced,Freehold,False,CLEVEDON,NORTH SOMERSET,NORTH SOMERSET,A,51.428713,-2.857751,South West,England,North Somerset
{01EB45F0-2E3C-40F3-E063-4704A8C05FDE},220000,2023-03-31,2023,3,1,BS24 7JJ,BS24,Terraced,Freehold,False,WESTON-SUPER-MARE,NORTH SOMERSET,NORTH SOMERSET,A,51.349384,-2.925395,South West,England,North Somerset
{01EB45F0-2F00-40F3-E063-4704A8C05FDE},212500,2023-06-02,2023,6,2,BA11 2UQ,BA11,Terraced,Freehold,False,FROME,SOMERSET,SOMERSET,A,51.230066,-2.324377,South West,England,Somerset
{01EB45F0-2F35-40F3-E063-4704A8C05FDE},620000,2022-09-06,2022,9,3,BS20 8JR,BS20,Detached,Freehold,False,BRISTOL,NORTH SOMERSET,NORTH SOMERSET,A,51.478646,-2.691649,South West,England,North Somerset
{01EB45F0-2F36-40F3-E063-4704A8C05FDE},175000,2023-06-21,2023,6,2,BA21 5XU,BA21,Terraced,Freehold,False,YEOVIL,SOMERSET,SOMERSET,A,50.957124,-2.603358,South West,England,Somerset
{01EB45F0-2F3F-40F3-E063-4704A8C05FDE},495000,2021-09-14,2021,9,3,BA2 3GJ,BA2,Flat/Maisonette,Leasehold,True,BATH,BATH AND NORTH EAST SOMERSET,BATH AND NORTH EAST SOMERSET,A,51.370463,-2.353513,South West,England,Bath and North East Somerset
{01EB45F0-2F93-40F3-E063-4704A8C05FDE},306000,2022-06-30,2022,6,2,BS24 8GB,BS24,Semi-Detached,Freehold,True,WESTON-SUPER-MARE,NORTH SOMERSET,NORTH SOMERSET,A,51.349384,-2.925395,South West,England,North Somerset
{01EB45F0-3004-40F3-E063-4704A8C05FDE},160000,2023-05-26,2023,5,2,TA1 3PX,TA1,Flat/Maisonette,Leasehold,False,TAUNTON,SOMERSET,SOMERSET,A,51.01506,-3.117738,South West,England,Somerset
{01EB45F0-3030-40F3-E063-4704A8C05FDE},430000,2023-06-23,2023,6,2,TA9 4BE,TA9,Detached,Freehold,False,HIGHBRIDGE,SOMERSET,SOMERSET,A,51.24684,-2.950875,South West,England,Somerset
{01EB45F0-30C1-40F3-E063-4704A8C05FDE},587500,2023-06-06,2023,6,2,PO21 4SP,PO21,Detached,Freehold,False,BOGNOR REGIS,ARUN,WEST SUSSEX,A,50.787852,-0.709929,South East,England,Arun
{01EB45F0-312F-40F3-E063-4704A8C05FDE},406000,2023-06-16,2023,6,2,BN26 5NL,BN26,Detached,Freehold,False,POLEGATE,WEALDEN,EAST SUSSEX,A,50.821117,0.192443,South East,England,Wealden
{01EB45F0-314B-40F3-E063-4704A8C05FDE},380000,2023-06-26,2023,6,2,TN6 2LT,TN6,Terraced,Freehold,False,CROWBOROUGH,WEALDEN,EAST SUSSEX,A,51.055784,0.175998,South East,England,Wealden
{01EB45F0-3171-40F3-E063-4704A8C05FDE},495000,2023-07-06,2023,7,3,BN8 4HH,BN8,Detached,Freehold,False,LEWES,LEWES,EAST SUSSEX,A,50.891137,0.051302,South East,England,Lewes
{01EB45F0-31D6-40F3-E063-4704A8C05FDE},2200000,2023-07-07,2023,7,3,KT7 0HX,KT7,Semi-Detached,Freehold,False,THAMES DITTON,ELMBRIDGE,SURREY,A,51.391666,-0.333403,South East,England,Elmbridge
{01EB45F0-3207-40F3-E063-4704A8C05FDE},6300000,2023-07-10,2023,7,3,GU3 1HN,GU3,Detached,Freehold,False,GUILDFORD,GUILDFORD,SURREY,A,51.283055,-0.622821,South East,England,Guildford
{01EB45F0-328A-40F3-E063-4704A8C05FDE},915000,2023-06-20,2023,6,2,RH3 7LA,RH3,Detached,Freehold,False,BETCHWORTH,MOLE VALLEY,SURREY,A,51.234547,-0.252062,South East,England,Mole Valley
{01EB45F0-33C0-40F3-E063-4704A8C05FDE},550000,2023-06-23,2023,6,2,RH7 6DN,RH7,Semi-Detached,Freehold,False,LINGFIELD,TANDRIDGE,SURREY,A,51.16848,-0.041239,South East,England,Tandridge
{01EB45F0-33CD-40F3-E063-4704A8C05FDE},602632,2023-02-24,2023,2,1,GU21 3HG,GU21,Detached,Freehold,False,WOKING,WOKING,SURREY,A,51.326203,-0.541268,South East,England,Woking
{01EB45F0-33D5-40F3-E063-4704A8C05FDE},1590000,2023-06-28,2023,6,2,KT11 2HJ,KT11,Detached,Freehold,False,COBHAM,ELMBRIDGE,SURREY,A,51.33087,-0.410608,South East,England,Elmbridge
{01EB45F0-3522-40F3-E063-4704A8C05FDE},1303000,2023-05-30,2023,5,2,RH3 7HH,RH3,Detached,Freehold,False,BETCHWORTH,MOLE VALLEY,SURREY,A,51.234547,-0.252062,South East,England,Mole Valley
{01EB45F0-3562-40F3-E063-4704A8C05FDE},895000,2022-08-16,2022,8,3,CR3 6DE,CR3,Detached,Freehold,False,CATERHAM,TANDRIDGE,SURREY,A,51.286162,-0.077998,South East,England,Tandridge
{01EB45F0-356A-40F3-E063-4704A8C05FDE},515000,2023-06-23,2023,6,2,GU22 0BL,GU22,Semi-Detached,Freehold,False,WOKING,WOKING,SURREY,A,51.314701,-0.547013,South East,England,Woking
{01EB45F0-36E8-40F3-E063-4704A8C05FDE},1056000,2021-05-28,2021,5,2,GU10 4HR,GU10,Detached,Freehold,False,FARNHAM,WAVERLEY,SURREY,A,51.214391,-0.854025,South East,England,Hart
{01EB45F0-3730-40F3-E063-4704A8C05FDE},600000,2021-10-29,2021,10,4,RH6 8TB,RH6,Detached,Freehold,True,HORLEY,REIGATE AND BANSTEAD,SURREY,A,51.177052,-0.166134,South East,England,Reigate and Banstead
{01EB45F0-3757-40F3-E063-4704A8C05FDE},270000,2022-02-17,2022,2,1,GU3 3FA,GU3,Flat/Maisonette,Freehold,True,GUILDFORD,GUILDFORD,SURREY,A,51.283055,-0.622821,South East,England,Guildford
{01EB45F0-381C-40F3-E063-4704A8C05FDE},270000,2023-05-26,2023,5,2,DN11 9EE,DN11,Detached,Freehold,False,DONCASTER,DONCASTER,SOUTH YORKSHIRE,A,53.478863,-1.082197,Yorkshire and The Humber,England,Doncaster
{01EB45F0-38EF-40F3-E063-4704A8C05FDE},120000,2023-06-23,2023,6,2,S70 6EW,S70,Terraced,Freehold,False,BARNSLEY,BARNSLEY,SOUTH YORKSHIRE,A,53.547776,-1.467482,Yorkshire and The Humber,England,Barnsley
{01EB45F0-3927-40F3-E063-4704A8C05FDE},97500,2023-06-07,2023,6,2,DN3 1LA,DN3,Semi-Detached,Freehold,False,DONCASTER,DONCASTER,SOUTH YORKSHIRE,A,53.540066,-1.064535,Yorkshire and The Humber,England,Doncaster
{01EB45F0-39F4-40F3-E063-4704A8C05FDE},2200000,2023-06-20,2023,6,2,S10 3LD,S10,Detached,Freehold,False,SHEFFIELD,SHEFFIELD,SOUTH YORKSHIRE,A,53.386063,-1.509673,Yorkshire and The Humber,England,Sheffield
{01EB45F0-3A84-40F3-E063-4704A8C05FDE},67000,2023-03-15,2023,3,1,DN4 8AH,DN4,Terraced,Freehold,False,DONCASTER,DONCASTER,SOUTH YORKSHIRE,A,53.499899,-1.184259,Yorkshire and The Humber,England,Doncaster
{01EB45F0-3A8C-40F3-E063-4704A8C05FDE},300000,2023-03-14,2023,3,1,S36 7HA,S36,Detached,Freehold,False,SHEFFIELD,BARNSLEY,SOUTH YORKSHIRE,A,53.526286,-1.667048,Yorkshire and The Humber,England,Barnsley
{01EB45F0-3ABF-40F3-E063-4704A8C05FDE},182000,2023-06-23,2023,6,2,DN2 6BX,DN2,Semi-Detached,Freehold,False,DONCASTER,DONCASTER,SOUTH YORKSHIRE,A,53.534937,-1.11222,Yorkshire and The Humber,England,Doncaster
{01EB45F0-3AD1-40F3-E063-4704A8C05FDE},350000,2023-07-11,2023,7,3,S60 3LU,S60,Detached,Freehold,False,ROTHERHAM,ROTHERHAM,SOUTH YORKSHIRE,A,53.41378,-1.335558,Yorkshire and The Humber,England,Rotherham
{01EB45F0-3B00-40F3-E063-4704A8C05FDE},860500,2023-07-07,2023,7,3,S66 1AN,S66,Detached,Freehold,False,ROTHERHAM,ROTHERHAM,SOUTH YORKSHIRE,A,53.423025,-1.262715,Yorkshire and The Humber,England,Rotherham
{01EB45F0-3B85-40F3-E063-4704A8C05FDE},230500,2023-07-10,2023,7,3,S6 2NE,S6,Terraced,Leasehold,False,SHEFFIELD,SHEFFIELD,SOUTH YORKSHIRE,A,53.40497,-1.506208,Yorkshire and The Humber,England,Sheffield
{01EB45F0-3BB9-40F3-E063-4704A8C05FDE},175000,2023-06-23,2023,6,2,S71 2DB,S71,Detached,Freehold,False,BARNSLEY,BARNSLEY,SOUTH YORKSHIRE,A,53.557729,-1.43854,Yorkshire and The Humber,England,Barnsley
{01EB45F0-3BD4-40F3-E063-4704A8C05FDE},70000,2023-06-23,2023,6,2,S60 5SG,S60,Terraced,Freehold,False,ROTHERHAM,ROTHERHAM,SOUTH YORKSHIRE,A,53.41378,-1.335558,Yorkshire and The Humber,England,Rotherham
{01EB45F0-3C14-40F3-E063-4704A8C05FDE},120000,2022-01-07,2022,1,1,DN12 1JT,DN12,Terraced,Freehold,False,DONCASTER,DONCASTER,SOUTH YORKSHIRE,A,53.479381,-1.237842,Yorkshire and The Humber,England,Doncaster
{01EB45F0-3C58-40F3-E063-4704A8C05FDE},87000,2023-05-05,2023,5,2,S71 5AA,S71,Terraced,Freehold,False,BARNSLEY,BARNSLEY,SOUTH YORKSHIRE,A,53.557729,-1.43854,Yorkshire and The Humber,England,Barnsley
{01EB45F0-3D1A-40F3-E063-4704A8C05FDE},275000,2022-03-18,2022,3,1,S25 1YW,S25,Detached,Freehold,False,SHEFFIELD,ROTHERHAM,SOUTH YORKSHIRE,A,53.37494,-1.230747,Yorkshire and The Humber,England,Rotherham
{01EB45F0-3D54-40F3-E063-4704A8C05FDE},191995,2022-05-16,2022,5,2,DN2 4FP,DN2,Semi-Detached,Freehold,True,DONCASTER,DONCASTER,SOUTH YORKSHIRE,A,53.534937,-1.11222,Yorkshire and The Humber,England,Doncaster
{01EB45F0-3E4B-40F3-E063-4704A8C05FDE},320000,2023-06-09,2023,6,2,DN12 2ET,DN12,Detached,Freehold,False,DONCASTER,DONCASTER,SOUTH YORKSHIRE,A,53.479381,-1.237842,Yorkshire and The Humber,England,Doncaster
{01EB45F0-3E7D-40F3-E063-4704A8C05FDE},220000,2023-06-23,2023,6,2,TS10 5BP,TS10,Semi-Detached,Freehold,False,REDCAR,REDCAR AND CLEVELAND,REDCAR AND CLEVELAND,A,54.617025,-1.074039,North East,England,Redcar and Cleveland
{01EB45F0-3E94-40F3-E063-4704A8C05FDE},212000,2023-06-30,2023,6,2,TS18 5DG,TS18,Semi-Detached,Freehold,False,STOCKTON-ON-TEES,STOCKTON-ON-TEES,STOCKTON-ON-TEES,A,54.567809,-1.336435,North East,England,Stockton-on-Tees
{01EB45F0-3F47-40F3-E063-4704A8C05FDE},395000,2023-05-19,2023,5,2,SW2 2YD,SW2,Flat/Maisonette,Leasehold,False,LONDON,LAMBETH,GREATER LONDON,A,51.446122,-0.12373,London,England,Lambeth
{01EB45F0-3F4A-40F3-E063-4704A8C05FDE},547500,2021-12-09,2021,12,4,SE16 6BU,SE16,Flat/Maisonette,Leasehold,False,LONDON,SOUTHWARK,GREATER LONDON,A,51.49914,-0.048593,London,England,Southwark
{01EB45F0-3FBB-40F3-E063-4704A8C05FDE},425000,2023-07-06,2023,7,3,SW17 7SY,SW17,Flat/Maisonette,Leasehold,False,LONDON,WANDSWORTH,GREATER LONDON,A,51.438517,-0.162517,London,England,Wandsworth
{01EB45F0-3FE5-40F3-E063-4704A8C05FDE},451000,2023-06-29,2023,6,2,SW18 4FQ,SW18,Flat/Maisonette,Leasehold,False,LONDON,WANDSWORTH,GREATER LONDON,A,51.442657,-0.191635,London,England,Wandsworth
{01EB45F0-4066-40F3-E063-4704A8C05FDE},354000,2023-03-20,2023,3,1,SE12 8JH,SE12,Flat/Maisonette,Leasehold,False,LONDON,GREENWICH,GREATER LONDON,A,51.444797,0.012552,London,England,Lewisham
{01EB45F0-40FF-40F3-E063-4704A8C05FDE},345500,2023-06-16,2023,6,2,SE16 3SR,SE16,Flat/Maisonette,Leasehold,False,LONDON,SOUTHWARK,GREATER LONDON,A,51.49914,-0.048593,London,England,Southwark
{01EB45F0-413D-40F3-E063-4704A8C05FDE},500000,2021-09-29,2021,9,3,SW11 3DE,SW11,Flat/Maisonette,Leasehold,False,LONDON,WANDSWORTH,GREATER LONDON,A,51.475587,-0.152864,London,England,Wandsworth
{01EB45F0-4162-40F3-E063-4704A8C05FDE},640000,2020-05-11,2020,5,2,SW18 1SG,SW18,Terraced,Freehold,False,LONDON,WANDSWORTH,GREATER LONDON,A,51.442657,-0.191635,London,England,Wandsworth
{01EB45F0-4290-40F3-E063-4704A8C05FDE},270000,2021-11-03,2021,11,4,SE6 3HQ,SE6,Flat/Maisonette,Leasehold,False,LONDON,LEWISHAM,GREATER LONDON,A,51.449389,-0.014677,London,England,Lewisham
{01EB45F0-442A-40F3-E063-4704A8C05FDE},570000,2021-06-16,2021,6,2,CT1 3ZN,CT1,Semi-Detached,Freehold,True,CANTERBURY,CANTERBURY,KENT,A,51.281891,1.080351,South East,England,Canterbury
{01EB45F0-445E-40F3-E063-4704A8C05FDE},177995,2021-08-27,2021,8,3,ME3 9UL,ME3,Flat/Maisonette,Leasehold,True,ROCHESTER,MEDWAY,MEDWAY,A,51.411471,0.514304,South East,England,Medway
{01EB45F0-455E-40F3-E063-4704A8C05FDE},363500,2022-04-28,2022,4,2,ME3 9XY,ME3,Semi-Detached,Freehold,True,ROCHESTER,MEDWAY,MEDWAY,A,51.411471,0.514304,South East,England,Medway
{01EB45F0-4583-40F3-E063-4704A8C05FDE},337000,2022-06-14,2022,6,2,CT1 1WB,CT1,Semi-Detached,Freehold,True,CANTERBURY,CANTERBURY,KENT,A,51.281891,1.080351,South East,England,Canterbury
{01EB45F0-4595-40F3-E063-4704A8C05FDE},376500,2022-07-01,2022,7,3,TN25 6FP,TN25,Detached,Freehold,True,ASHFORD,FOLKESTONE AND HYTHE,KENT,A,51.114833,0.88238,South East,England,Ashford
{01EB45F0-4695-40F3-E063-4704A8C05FDE},243000,2022-10-21,2022,10,4,CT7 9EJ,CT7,Flat/Maisonette,Leasehold,False,BIRCHINGTON,THANET,KENT,A,51.377054,1.280391,South East,England,Thanet
{01EB45F0-476D-40F3-E063-4704A8C05FDE},133000,2023-06-30,2023,6,2,NE7 7DQ,NE7,Terraced,Freehold,False,NEWCASTLE UPON TYNE,NEWCASTLE UPON TYNE,TYNE AND WEAR,A,54.996133,-1.562245,North East,England,Newcastle upon Tyne
{01EB45F0-47BA-40F3-E063-4704A8C05FDE},160000,2023-06-30,2023,6,2,NE12 7EB,NE12,Semi-Detached,Freehold,False,NEWCASTLE UPON TYNE,NORTH TYNESIDE,TYNE AND WEAR,A,55.03769,-1.558396,North East,England,North Tyneside
{01EB45F0-483D-40F3-E063-4704A8C05FDE},77500,2023-06-23,2023,6,2,NE35 9DW,NE35,Terraced,Freehold,False,BOLDON COLLIERY,SOUTH TYNESIDE,TYNE AND WEAR,A,54.946121,-1.460516,North East,England,South Tyneside
{01EB45F0-4926-40F3-E063-4704A8C05FDE},86000,2023-06-19,2023,6,2,NE4 5LP,NE4,Terraced,Freehold,False,NEWCASTLE UPON TYNE,NEWCASTLE UPON TYNE,TYNE AND WEAR,A,54.967941,-1.644444,North East,England,Newcastle upon Tyne
{01EB45F0-494B-40F3-E063-4704A8C05FDE},178500,2023-06-08,2023,6,2,NE7 7RG,NE7,Flat/Maisonette,Leasehold,False,NEWCASTLE UPON TYNE,NEWCASTLE UPON TYNE,TYNE AND WEAR,A,54.996133,-1.562245,North East,England,Newcastle upon Tyne
{01EB45F0-49C3-40F3-E063-4704A8C05FDE},125000,2022-08-17,2022,8,3,NE33 3ND,NE33,Flat/Maisonette,Leasehold,False,SOUTH SHIELDS,SOUTH TYNESIDE,TYNE AND WEAR,A,54.994931,-1.439729,North East,England,South Tyneside
{01EB45F0-49F0-40F3-E063-4704A8C05FDE},179000,2023-06-07,2023,6,2,SR6 8DR,SR6,Semi-Detached,Leasehold,False,SUNDERLAND,SUNDERLAND,TYNE AND WEAR,A,54.929847,-1.375919,North East,England,Sunderland
{01EB45F0-4AE1-40F3-E063-4704A8C05FDE},195000,2023-06-30,2023,6,2,NE34 8DB,NE34,Semi-Detached,Freehold,False,SOUTH SHIELDS,SOUTH TYNESIDE,TYNE AND WEAR,A,54.96528,-1.41209,North East,England,South Tyneside
{01EB45F0-4B27-40F3-E063-4704A8C05FDE},118000,2023-06-16,2023,6,2,DH4 5NH,DH4,Terraced,Freehold,False,HOUGHTON LE SPRING,SUNDERLAND,TYNE AND WEAR,A,54.844666,-1.494197,North East,England,Sunderland
{01EB45F0-4B2F-40F3-E063-4704A8C05FDE},272500,2022-07-25,2022,7,3,SR3 2FY,SR3,Detached,Freehold,False,SUNDERLAND,SUNDERLAND,TYNE AND WEAR,A,54.882823,-1.435191,North East,England,Sunderland
{01EB45F0-4BFA-40F3-E063-4704A8C05FDE},266105,2021-02-19,2021,2,1,SR2 0FH,SR2,Detached,Freehold,True,SUNDERLAND,SUNDERLAND,TYNE AND WEAR,A,54.869384,-1.365354,North East,England,Sunderland
{01EB45F0-4C21-40F3-E063-4704A8C05FDE},265495,2022-04-28,2022,4,2,NE29 8BF,NE29,Semi-Detached,Freehold,True,NORTH SHIELDS,NORTH TYNESIDE,TYNE AND WEAR,A,55.013652,-1.464239,North East,England,North Tyneside
{01EB45F0-4CB4-40F3-E063-4704A8C05FDE},95000,2023-05-16,2023,5,2,SA11 2RR,SA11,Terraced,Freehold,False,NEATH,NEATH PORT TALBOT,NEATH PORT TALBOT,A,51.70681,-3.716289,Wales,Wales,Neath Port Talbot
{01EB45F0-4D2A-40F3-E063-4704A8C05FDE},180000,2023-06-28,2023,6,2,NP20 2JJ,NP20,Terraced,Freehold,False,NEWPORT,NEWPORT,NEWPORT,A,51.613537,-3.008691,Wales,Wales,Newport
{01EB45F0-4D5F-40F3-E063-4704A8C05FDE},105000,2023-07-07,2023,7,3,SA5 9HT,SA5,Terraced,Freehold,False,SWANSEA,SWANSEA,SWANSEA,A,51.639497,-4.018024,Wales,Wales,Swansea
{01EB45F0-4E0E-40F3-E063-4704A8C05FDE},169000,2023-06-30,2023,6,2,NP12 1GP,NP12,Terraced,Freehold,False,BLACKWOOD,CAERPHILLY,CAERPHILLY,A,51.64887,-3.200269,Wales,Wales,Caerphilly
{01EB45F0-4E34-40F3-E063-4704A8C05FDE},176500,2023-06-09,2023,6,2,CH7 2LD,CH7,Semi-Detached,Freehold,False,BUCKLEY,FLINTSHIRE,FLINTSHIRE,A,53.174204,-3.152087,Wales,Wales,Flintshire
{01EB45F0-4EC6-40F3-E063-4704A8C05FDE},173000,2023-05-31,2023,5,2,CH8 7PA,CH8,Semi-Detached,Freehold,False,HOLYWELL,FLINTSHIRE,FLINTSHIRE,A,53.285807,-3.219097,Wales,Wales,Flintshire
{01EB45F0-4F58-40F3-E063-4704A8C05FDE},110000,2023-06-19,2023,6,2,SA31 3HF,SA31,Semi-Detached,Freehold,False,CARMARTHEN,CARMARTHENSHIRE,CARMARTHENSHIRE,A,51.844204,-4.326583,Wales,Wales,Carmarthenshire
{01EB45F0-4F82-40F3-E063-4704A8C05FDE},295000,2023-07-07,2023,7,3,SA62 5AJ,SA62,Terraced,Freehold,False,HAVERFORDWEST,PEMBROKESHIRE,PEMBROKESHIRE,A,51.816616,-4.959338,Wales,Wales,Pembrokeshire
{01EB45F0-4FAA-40F3-E063-4704A8C05FDE},101500,2023-06-05,2023,6,2,CF44 9PD,CF44,Terraced,Freehold,False,ABERDARE,RHONDDA CYNON TAFF,RHONDDA CYNON TAFF,A,51.702765,-3.409405,Wales,Wales,Rhondda Cynon Taf
{01EB45F0-4FC1-40F3-E063-4704A8C05FDE},280000,2023-06-30,2023,6,2,CF3 3BQ,CF3,Terraced,Freehold,False,CARDIFF,CARDIFF,CARDIFF,A,51.533038,-3.073072,Wales,Wales,Newport
{01EB45F0-4FD0-40F3-E063-4704A8C05FDE},455000,2022-04-14,2022,4,2,CF36 3LB,CF36,Detached,Freehold,False,PORTHCAWL,BRIDGEND,BRIDGEND,A,51.482307,-3.671396,Wales,Wales,Bridgend
{01EB45F0-4FD3-40F3-E063-4704A8C05FDE},200000,2023-05-30,2023,5,2,SA5 4SR,SA5,Terraced,Freehold,False,SWANSEA,SWANSEA,SWANSEA,A,51.639497,-4.018024,Wales,Wales,Swansea
{01EB45F0-50B6-40F3-E063-4704A8C05FDE},490000,2023-05-31,2023,5,2,CF83 4EW,CF83,Detached,Freehold,False,CAERPHILLY,CAERPHILLY,CAERPHILLY,A,51.577786,-3.206752,Wales,Wales,Caerphilly
{01EB45F0-50C1-40F3-E063-4704A8C05FDE},353000,2023-06-09,2023,6,2,LL31 9SS,LL31,Detached,Freehold,False,CONWY,CONWY,CONWY,A,53.286079,-3.797869,Wales,Wales,Conwy
{01EB45F0-5120-40F3-E063-4704A8C05FDE},72500,2023-06-22,2023,6,2,LL46 2NJ,LL46,Flat/Maisonette,Leasehold,False,HARLECH,GWYNEDD,GWYNEDD,A,52.844764,-4.11319,Wales,Wales,Gwynedd
{01EB45F0-51AA-40F3-E063-4704A8C05FDE},160000,2023-01-20,2023,1,1,LL53 6NN,LL53,Terraced,Freehold,False,PWLLHELI,GWYNEDD,GWYNEDD,A,52.847975,-4.526251,Wales,Wales,Gwynedd
{01EB45F0-5232-40F3-E063-4704A8C05FDE},495000,2023-06-21,2023,6,2,CF5 6SS,CF5,Semi-Detached,Freehold,False,CARDIFF,THE VALE OF GLAMORGAN,THE VALE OF GLAMORGAN,A,51.492249,-3.222079,Wales,Wales,Cardiff
{01EB45F0-526E-40F3-E063-4704A8C05FDE},215000,2022-12-09,2022,12,4,CF33 6DW,CF33,Detached,Freehold,False,BRIDGEND,BRIDGEND,BRIDGEND,A,51.528535,-3.681666,Wales,Wales,Bridgend
{01EB45F0-5272-40F3-E063-4704A8C05FDE},146000,2023-06-23,2023,6,2,NP11 7QL,NP11,Terraced,Freehold,False,NEWPORT,CAERPHILLY,CAERPHILLY,A,51.613174,-3.101117,Wales,Wales,Caerphilly
{01EB45F0-5309-40F3-E063-4704A8C05FDE},110000,2023-06-22,2023,6,2,LL57 1RB,LL57,Terraced,Freehold,False,BANGOR,GWYNEDD,GWYNEDD,A,53.215202,-4.143022,Wales,Wales,Gwynedd
{01EB45F0-5328-40F3-E063-4704A8C05FDE},260000,2023-06-22,2023,6,2,CF48 2LF,CF48,Detached,Freehold,False,MERTHYR TYDFIL,MERTHYR TYDFIL,MERTHYR TYDFIL,A,51.752437,-3.418947,Wales,Wales,Merthyr Tydfil
{01EB45F0-53CA-40F3-E063-4704A8C05FDE},311000,2023-07-03,2023,7,3,B90 1HX,B90,Semi-Detached,Leasehold,False,SOLIHULL,SOLIHULL,WEST MIDLANDS,A,52.394095,-1.85364,West Midlands,England,Bromsgrove
{01EB45F0-550B-40F3-E063-4704A8C05FDE},335000,2023-05-26,2023,5,2,B49 5BL,B49,Semi-Detached,Freehold,False,ALCESTER,STRATFORD-ON-AVON,WARWICKSHIRE,A,52.223045,-1.860965,West Midlands,England,Stratford-on-Avon
{01EB45F0-5543-40F3-E063-4704A8C05FDE},184000,2023-06-21,2023,6,2,CV10 7EW,CV10,Semi-Detached,Freehold,False,NUNEATON,NUNEATON AND BEDWORTH,WARWICKSHIRE,A,52.506975,-1.465532,West Midlands,England,Nuneaton and Bedworth
{01EB45F0-563A-40F3-E063-4704A8C05FDE},263500,2022-09-23,2022,9,3,CV31 2BF,CV31,Terraced,Freehold,False,LEAMINGTON SPA,WARWICK,WARWICKSHIRE,A,52.278285,-1.532424,West Midlands,England,Warwick
{01EB45F0-5644-40F3-E063-4704A8C05FDE},399000,2023-06-14,2023,6,2,CV8 1NN,CV8,Semi-Detached,Freehold,False,KENILWORTH,WARWICK,WARWICKSHIRE,A,52.355253,-1.590901,West Midlands,England,Warwick
{01EB45F0-56FA-40F3-E063-4704A8C05FDE},539950,2022-05-26,2022,5,2,CV37 5AA,CV37,Detached,Freehold,True,STRATFORD-UPON-AVON,STRATFORD-ON-AVON,WARWICKSHIRE,A,52.205167,-1.724406,West Midlands,England,Stratford-on-Avon
{01EB45F0-57F4-40F3-E063-4704A8C05FDE},238000,2023-06-12,2023,6,2,B23 5LE,B23,Semi-Detached,Leasehold,False,BIRMINGHAM,BIRMINGHAM,WEST MIDLANDS,A,52.515717,-1.85038,West Midlands,England,Birmingham
{01EB45F0-58B3-40F3-E063-4704A8C05FDE},145000,2023-01-19,2023,1,1,B18 5BP,B18,Terraced,Freehold,False,BIRMINGHAM,BIRMINGHAM,WEST MIDLANDS,A,52.490344,-1.909863,West Midlands,England,Birmingham
{01EB45F0-5989-40F3-E063-4704A8C05FDE},225000,2023-01-27,2023,1,1,B67 5NZ,B67,Semi-Detached,Freehold,False,SMETHWICK,SANDWELL,WEST MIDLANDS,A,52.475752,-1.991941,West Midlands,England,Sandwell
{01EB45F0-59E9-40F3-E063-4704A8C05FDE},105000,2022-11-18,2022,11,4,CV1 5LJ,CV1,Flat/Maisonette,Leasehold,False,COVENTRY,COVENTRY,WEST MIDLANDS,A,52.403897,-1.490457,West Midlands,England,Coventry
{01EB45F0-59FB-40F3-E063-4704A8C05FDE},166000,2023-06-15,2023,6,2,B21 8BP,B21,Terraced,Freehold,False,BIRMINGHAM,BIRMINGHAM,WEST MIDLANDS,A,52.501026,-1.939966,West Midlands,England,Birmingham
{01EB45F0-5A56-40F3-E063-4704A8C05FDE},625000,2023-07-06,2023,7,3,B93 9BP,B93,Semi-Detached,Freehold,False,SOLIHULL,SOLIHULL,WEST MIDLANDS,A,52.391539,-1.733196,West Midlands,England,Solihull
{01EB45F0-5AD8-40F3-E063-4704A8C05FDE},270000,2023-06-12,2023,6,2,B43 7UH,B43,Semi-Detached,Freehold,False,BIRMINGHAM,WALSALL,WEST MIDLANDS,A,52.535116,-1.940451,West Midlands,England,Sandwell
{01EB45F0-5BF0-40F3-E063-4704A8C05FDE},217500,2023-06-30,2023,6,2,CV4 9DW,CV4,Terraced,Freehold,False,COVENTRY,COVENTRY,WEST MIDLANDS,A,52.39238,-1.567474,West Midlands,England,Coventry
{01EB45F0-5CDF-40F3-E063-4704A8C05FDE},117500,2023-06-05,2023,6,2,WS3 4LJ,WS3,Flat/Maisonette,Leasehold,False,WALSALL,WALSALL,WEST MIDLANDS,A,52.615995,-2.002255,West Midlands,England,Walsall
{01EB45F0-5CEC-40F3-E063-4704A8C05FDE},715000,2023-06-05,2023,6,2,B91 2QQ,B91,Flat/Maisonette,Leasehold,False,SOLIHULL,SOLIHULL,WEST MIDLANDS,A,52.415723,-1.782143,West Midlands,England,Solihull
{01EB45F0-5D1D-40F3-E063-4704A8C05FDE},172500,2023-05-30,2023,5,2,B29 6UN,B29,Terraced,Freehold,False,BIRMINGHAM,BIRMINGHAM,WEST MIDLANDS,A,52.444802,-1.962846,West Midlands,England,Birmingham
{01EB45F0-5D58-40F3-E063-4704A8C05FDE},91000,2023-06-14,2023,6,2,WS2 8BG,WS2,Flat/Maisonette,Leasehold,False,WALSALL,WALSALL,WEST MIDLANDS,A,52.589816,-1.994726,West Midlands,England,Walsall
{01EB45F0-5E2A-40F3-E063-4704A8C05FDE},276000,2023-02-28,2023,2,1,B68 0EE,B68,Semi-Detached,Leasehold,False,OLDBURY,SANDWELL,WEST MIDLANDS,A,52.467498,-1.986894,West Midlands,England,Sandwell
{01EB45F0-5F4E-40F3-E063-4704A8C05FDE},178000,2021-11-23,2021,11,4,DY13 8RT,DY13,Terraced,Freehold,False,STOURPORT-ON-SEVERN,WYRE FOREST,WORCESTERSHIRE,A,52.341213,-2.276764,West Midlands,England,Wyre Forest
{01EB45F0-5F90-40F3-E063-4704A8C05FDE},250000,2023-03-16,2023,3,1,TA19 9DG,TA19,Terraced,Freehold,False,ILMINSTER,SOMERSET,SOMERSET,A,50.94405,-2.967898,South West,England,Somerset
{01EB45F0-5F97-40F3-E063-4704A8C05FDE},290000,2023-06-16,2023,6,2,BA4 6HT,BA4,Terraced,Freehold,False,SHEPTON MALLET,SOMERSET,SOMERSET,A,51.183871,-2.550888,South West,England,Somerset
{01EB45F0-5F9F-40F3-E063-4704A8C05FDE},110000,2023-06-23,2023,6,2,BA21 3UU,BA21,Flat/Maisonette,Leasehold,False,YEOVIL,SOMERSET,SOMERSET,A,50.957124,-2.603358,South West,England,Somerset
{01EB45F0-5FC7-40F3-E063-4704A8C05FDE},112500,2023-05-26,2023,5,2,TA18 8EY,TA18,Terraced,Leasehold,False,CREWKERNE,SOMERSET,SOMERSET,A,50.882888,-2.794362,South West,England,Somerset
{01EB45F0-6059-40F3-E063-4704A8C05FDE},340000,2022-08-19,2022,8,3,BA3 5WP,BA3,Detached,Freehold,True,RADSTOCK,SOMERSET,SOMERSET,A,51.282672,-2.469337,South West,England,Bath and North East Somerset
{01EB45F0-60B9-40F3-E063-4704A8C05FDE},440000,2023-02-06,2023,2,1,BN16 3PZ,BN16,Detached,Freehold,False,LITTLEHAMPTON,ARUN,WEST SUSSEX,A,50.812718,-0.5176,South East,England,Arun
{01EB45F0-60E1-40F3-E063-4704A8C05FDE},365000,2023-06-26,2023,6,2,BN14 0BT,BN14,Semi-Detached,Freehold,False,WORTHING,WORTHING,WEST SUSSEX,A,50.835564,-0.370071,South East,England,Worthing
{01EB45F0-6121-40F3-E063-4704A8C05FDE},374000,2023-06-09,2023,6,2,RH20 3ES,RH20,Semi-Detached,Freehold,False,PULBOROUGH,HORSHAM,WEST SUSSEX,A,50.960312,-0.506899,South East,England,Horsham
{01EB45F0-61B0-40F3-E063-4704A8C05FDE},2930000,2023-06-02,2023,6,2,BN6 9NR,BN6,Detached,Freehold,False,HASSOCKS,MID SUSSEX,WEST SUSSEX,A,50.933589,-0.178786,South East,England,Mid Sussex
{01EB45F0-623F-40F3-E063-4704A8C05FDE},390000,2023-06-29,2023,6,2,BN13 3FH,BN13,Terraced,Freehold,False,WORTHING,WORTHING,WEST SUSSEX,A,50.830528,-0.393422,South East,England,Worthing
{01EB45F0-6308-40F3-E063-4704A8C05FDE},340000,2020-08-07,2020,8,3,PO19 6ER,PO19,Semi-Detached,Freehold,True,CHICHESTER,CHICHESTER,WEST SUSSEX,A,50.836629,-0.758718,South East,England,Chichester
{01EB45F0-6354-40F3-E063-4704A8C05FDE},330000,2021-12-15,2021,12,4,RH12 1FE,RH12,Flat/Maisonette,Leasehold,True,HORSHAM,HORSHAM,WEST SUSSEX,A,51.081301,-0.291849,South East,England,Horsham
{01EB45F0-6496-40F3-E063-4704A8C05FDE},210000,2023-05-22,2023,5,2,PO21 4JR,PO21,Flat/Maisonette,Leasehold,False,BOGNOR REGIS,ARUN,WEST SUSSEX,A,50.787852,-0.709929,South East,England,Arun
{01EB45F0-64CB-40F3-E063-4704A8C05FDE},270000,2023-06-23,2023,6,2,SN12 6QG,SN12,Semi-Detached,Freehold,False,MELKSHAM,WILTSHIRE,WILTSHIRE,A,51.375021,-2.125225,South West,England,Wiltshire
{01EB45F0-6576-40F3-E063-4704A8C05FDE},310000,2022-08-05,2022,8,3,SN3 6DL,SN3,Semi-Detached,Freehold,False,SWINDON,SWINDON,SWINDON,A,51.561817,-1.743061,South West,England,Swindon
{01EB45F0-6577-40F3-E063-4704A8C05FDE},350000,2023-06-09,2023,6,2,SN10 2NX,SN10,Detached,Freehold,False,DEVIZES,WILTSHIRE,WILTSHIRE,A,51.361428,-1.979305,South West,England,Wiltshire
{01EB45F0-659B-40F3-E063-4704A8C05FDE},400000,2023-06-21,2023,6,2,SP1 3LY,SP1,Terraced,Freehold,False,SALISBURY,WILTSHIRE,WILTSHIRE,A,51.065348,-1.793441,South West,England,Wiltshire
{01EB45F0-6633-40F3-E063-4704A8C05FDE},425000,2023-01-27,2023,1,1,SN13 9HX,SN13,Semi-Detached,Freehold,False,CORSHAM,WILTSHIRE,WILTSHIRE,A,51.426568,-2.193486,South West,England,Wiltshire
{01EB45F0-670A-40F3-E063-4704A8C05FDE},365000,2021-07-30,2021,7,3,SN26 7BY,SN26,Detached,Freehold,True,SWINDON,SWINDON,SWINDON,A,51.613542,-1.7865,South West,England,Swindon
{01EB45F0-6736-40F3-E063-4704A8C05FDE},600000,2021-12-03,2021,12,4,SP1 2FH,SP1,Flat/Maisonette,Leasehold,True,SALISBURY,WILTSHIRE,WILTSHIRE,A,51.065348,-1.793441,South West,England,Wiltshire
{01EB45F0-679D-40F3-E063-4704A8C05FDE},250000,2022-05-03,2022,5,2,SP2 9FH,SP2,Terraced,Freehold,True,SALISBURY,WILTSHIRE,WILTSHIRE,A,51.053364,-1.789714,South West,England,Wiltshire
{01EB45F0-67CC-40F3-E063-4704A8C05FDE},349995,2022-08-31,2022,8,3,SP2 9FW,SP2,Semi-Detached,Freehold,True,SALISBURY,WILTSHIRE,WILTSHIRE,A,51.053364,-1.789714,South West,England,Wiltshire
{01EB45F0-67DE-40F3-E063-4704A8C05FDE},200000,2023-02-28,2023,2,1,SP11 9QF,SP11,Flat/Maisonette,Leasehold,False,ANDOVER,WILTSHIRE,WILTSHIRE,A,51.254675,-1.606512,South West,England,Wiltshire
{01EB45F0-6821-40F3-E063-4704A8C05FDE},249950,2023-06-16,2023,6,2,SN3 4NW,SN3,Terraced,Freehold,False,SWINDON,SWINDON,SWINDON,A,51.561817,-1.743061,South West,England,Swindon
{01EB45F0-6876-40F3-E063-4704A8C05FDE},220000,2023-06-20,2023,6,2,SN1 4NB,SN1,Semi-Detached,Freehold,False,SWINDON,SWINDON,SWINDON,A,51.549795,-1.793174,South West,England,Swindon
{01EB45F0-68B2-40F3-E063-4704A8C05FDE},189200,2023-06-30,2023,6,2,BD13 3DJ,BD13,Terraced,Freehold,False,BRADFORD,BRADFORD,WEST YORKSHIRE,A,53.773916,-1.822228,Yorkshire and The Humber,England,Bradford
{01EB45F0-68EC-40F3-E063-4704A8C05FDE},155500,2023-01-20,2023,1,1,WF16 9AZ,WF16,Semi-Detached,Freehold,False,HECKMONDWIKE,KIRKLEES,WEST YORKSHIRE,A,53.714264,-1.666539,Yorkshire and The Humber,England,Kirklees
{01EB45F0-6947-40F3-E063-4704A8C05FDE},90000,2023-05-26,2023,5,2,HX3 0QA,HX3,Terraced,Freehold,False,HALIFAX,CALDERDALE,WEST YORKSHIRE,A,53.733293,-1.865585,Yorkshire and The Humber,England,Calderdale
{01EB45F0-6A59-40F3-E063-4704A8C05FDE},140000,2023-02-10,2023,2,1,WF17 0EZ,WF17,Semi-Detached,Freehold,False,BATLEY,KIRKLEES,WEST YORKSHIRE,A,53.712222,-1.64442,Yorkshire and The Humber,England,Kirklees
{01EB45F0-6A76-40F3-E063-4704A8C05FDE},427000,2023-01-31,2023,1,1,LS28 5AT,LS28,Terraced,Freehold,False,PUDSEY,LEEDS,WEST YORKSHIRE,A,53.81296,-1.675751,Yorkshire and The Humber,England,Leeds
{01EB45F0-6AB4-40F3-E063-4704A8C05FDE},240000,2023-06-19,2023,6,2,WF3 1DH,WF3,Semi-Detached,Freehold,False,WAKEFIELD,LEEDS,WEST YORKSHIRE,A,53.729205,-1.571098,Yorkshire and The Humber,England,Leeds
{01EB45F0-6ABC-40F3-E063-4704A8C05FDE},225000,2023-06-30,2023,6,2,LS20 9JW,LS20,Semi-Detached,Freehold,False,LEEDS,LEEDS,WEST YORKSHIRE,A,53.874848,-1.717691,Yorkshire and The Humber,England,Leeds
{01EB45F0-6B93-40F3-E063-4704A8C05FDE},39000,2022-04-13,2022,4,2,BD8 9ET,BD8,Flat/Maisonette,Leasehold,False,BRADFORD,BRADFORD,WEST YORKSHIRE,A,53.793869,-1.810668,Yorkshire and The Humber,England,Bradford
{01EB45F0-6C0E-40F3-E063-4704A8C05FDE},70000,2021-04-14,2021,4,2,BD9 6HA,BD9,Semi-Detached,Freehold,False,BRADFORD,BRADFORD,WEST YORKSHIRE,A,53.816416,-1.797064,Yorkshire and The Humber,England,Bradford
{01EB45F0-6C91-40F3-E063-4704A8C05FDE},95000,2023-06-21,2023,6,2,LS9 0AE,LS9,Semi-Detached,Freehold,False,LEEDS,LEEDS,WEST YORKSHIRE,A,53.790047,-1.5172,Yorkshire and The Humber,England,Leeds
{01EB45F0-6D87-40F3-E063-4704A8C05FDE},110000,2023-06-14,2023,6,2,WF2 7PL,WF2,Semi-Detached,Freehold,False,WAKEFIELD,WAKEFIELD,WEST YORKSHIRE,A,53.642325,-1.516603,Yorkshire and The Humber,England,Wakefield
{01EB45F0-6DCD-40F3-E063-4704A8C05FDE},185000,2023-06-23,2023,6,2,HX3 6AZ,HX3,Semi-Detached,Freehold,False,HALIFAX,CALDERDALE,WEST YORKSHIRE,A,53.733293,-1.865585,Yorkshire and The Humber,England,Calderdale
{01EB45F0-6E19-40F3-E063-4704A8C05FDE},235000,2023-06-29,2023,6,2,BD17 6NX,BD17,Terraced,Freehold,False,SHIPLEY,BRADFORD,WEST YORKSHIRE,A,53.84331,-1.763757,Yorkshire and The Humber,England,Bradford
{01EB45F0-6EE3-40F3-E063-4704A8C05FDE},105000,2023-07-13,2023,7,3,WF2 9BE,WF2,Terraced,Freehold,False,WAKEFIELD,WAKEFIELD,WEST YORKSHIRE,A,53.642325,-1.516603,Yorkshire and The Humber,England,Wakefield
{01EB45F0-6FE3-40F3-E063-4704A8C05FDE},215950,2022-11-11,2022,11,4,HU17 5AF,HU17,Semi-Detached,Freehold,True,BEVERLEY,EAST RIDING OF YORKSHIRE,EAST RIDING OF YORKSHIRE,A,53.843016,-0.438586,Yorkshire and The Humber,England,East Riding of Yorkshire
{01EB45F0-6FE4-40F3-E063-4704A8C05FDE},201596,2022-10-31,2022,10,4,HU17 7LN,HU17,Detached,Freehold,True,BEVERLEY,EAST RIDING OF YORKSHIRE,EAST RIDING OF YORKSHIRE,A,53.843016,-0.438586,Yorkshire and The Humber,England,East Riding of Yorkshire
{01EB45F0-709C-40F3-E063-4704A8C05FDE},215000,2023-06-16,2023,6,2,HU13 9JJ,HU13,Terraced,Freehold,False,HESSLE,EAST RIDING OF YORKSHIRE,EAST RIDING OF YORKSHIRE,A,53.728728,-0.428162,Yorkshire and The Humber,England,East Riding of Yorkshire
{01EB45F0-70C6-40F3-E063-4704A8C05FDE},497500,2021-10-26,2021,10,4,YO25 4UH,YO25,Detached,Freehold,False,DRIFFIELD,EAST RIDING OF YORKSHIRE,EAST RIDING OF YORKSHIRE,A,54.000871,-0.444985,Yorkshire and The Humber,England,East Riding of Yorkshire
{01EB45F0-712A-40F3-E063-4704A8C05FDE},186500,2023-06-30,2023,6,2,S6 4JF,S6,Terraced,Freehold,False,SHEFFIELD,SHEFFIELD,SOUTH YORKSHIRE,A,53.40497,-1.506208,Yorkshire and The Humber,England,Sheffield
{01EB45F0-7262-40F3-E063-4704A8C05FDE},210000,2022-01-28,2022,1,1,BD19 3ET,BD19,Semi-Detached,Freehold,True,CLECKHEATON,KIRKLEES,WEST YORKSHIRE,A,53.723505,-1.715916,Yorkshire and The Humber,England,Kirklees
{01EB45F0-72FC-40F3-E063-4704A8C05FDE},223000,2023-05-26,2023,5,2,HX2 0SR,HX2,Semi-Detached,Freehold,False,HALIFAX,CALDERDALE,WEST YORKSHIRE,A,53.758184,-1.886877,Yorkshire and The Humber,England,Calderdale
{01EB45F0-736B-40F3-E063-4704A8C05FDE},165000,2023-02-20,2023,2,1,LS14 2AF,LS14,Terraced,Freehold,False,LEEDS,LEEDS,WEST YORKSHIRE,A,53.824018,-1.451275,Yorkshire and The Humber,England,Leeds
{01EB45F0-74F0-40F3-E063-4704A8C05FDE},600000,2023-06-23,2023,6,2,HA4 0LZ,HA4,Semi-Detached,Freehold,False,RUISLIP,HILLINGDON,GREATER LONDON,B,51.588748,-0.434223,London,England,Hillingdon
{01EB45F0-755C-40F3-E063-4704A8C05FDE},650000,2023-06-20,2023,6,2,EN5 5UR,EN5,Other,Leasehold,False,BARNET,BARNET,GREATER LONDON,B,51.642045,-0.184392,London,England,Barnet
{01EB45F0-7645-40F3-E063-4704A8C05FDE},5402976,2022-06-17,2022,6,2,BS8 4BX,BS8,Other,Freehold,False,BRISTOL,CITY OF BRISTOL,CITY OF BRISTOL,B,51.462565,-2.611371,South West,England,"Bristol, City of"
{01EB45F0-764C-40F3-E063-4704A8C05FDE},496000,2023-06-30,2023,6,2,BS35 1UH,BS35,Detached,Freehold,False,BRISTOL,SOUTH GLOUCESTERSHIRE,SOUTH GLOUCESTERSHIRE,B,51.605677,-2.507707,South West,England,South Gloucestershire
{01EB45F0-765C-40F3-E063-4704A8C05FDE},5000,2021-12-21,2021,12,4,BS1 2EZ,BS1,Other,Freehold,False,BRISTOL,CITY OF BRISTOL,CITY OF BRISTOL,B,51.454132,-2.588346,South West,England,"Bristol, City of"
{01EB45F0-76DA-40F3-E063-4704A8C05FDE},335000,2023-06-06,2023,6,2,LU5 4QT,LU5,Semi-Detached,Freehold,False,DUNSTABLE,CENTRAL BEDFORDSHIRE,CENTRAL BEDFORDSHIRE,B,51.910129,-0.528033,East of England,England,Central Bedfordshire
{01EB45F0-7722-40F3-E063-4704A8C05FDE},333195,2022-01-14,2022,1,1,MK42 0UQ,MK42,Terraced,Freehold,True,BEDFORD,BEDFORD,BEDFORD,B,52.111701,-0.493135,East of England,England,Bedford
{01EB45F0-7813-40F3-E063-4704A8C05FDE},525000,2022-12-22,2022,12,4,SL3 0QF,SL3,Semi-Detached,Freehold,False,SLOUGH,SLOUGH,SLOUGH,B,51.480195,-0.513781,South East,England,Slough
{01EB45F0-795C-40F3-E063-4704A8C05FDE},330000,2021-05-27,2021,5,2,HP18 0WE,HP18,Semi-Detached,Freehold,True,AYLESBURY,BUCKINGHAMSHIRE,BUCKINGHAMSHIRE,B,51.834904,-0.856423,South East,England,Buckinghamshire
{01EB45F0-797C-40F3-E063-4704A8C05FDE},450000,2023-06-21,2023,6,2,CB2 0QY,CB2,Semi-Detached,Freehold,False,CAMBRIDGE,CAMBRIDGE,CAMBRIDGESHIRE,B,52.17899,0.124518,East of England,England,Cambridge
{01EB45F0-7A79-40F3-E063-4704A8C05FDE},106100,2023-06-05,2023,6,2,TS23 3PA,TS23,Semi-Detached,Freehold,False,BILLINGHAM,STOCKTON-ON-TEES,STOCKTON-ON-TEES,B,54.610083,-1.295061,North East,England,Stockton-on-Tees
{01EB45F0-7AD1-40F3-E063-4704A8C05FDE},360000,2023-07-10,2023,7,3,TS10 3AP,TS10,Terraced,Freehold,False,REDCAR,REDCAR AND CLEVELAND,REDCAR AND CLEVELAND,B,54.617025,-1.074039,North East,England,Redcar and Cleveland
{01EB45F0-7AE7-40F3-E063-4704A8C05FDE},63000,2023-05-19,2023,5,2,TS17 9RE,TS17,Terraced,Freehold,False,STOCKTON-ON-TEES,STOCKTON-ON-TEES,STOCKTON-ON-TEES,B,54.543801,-1.302168,North East,England,Stockton-on-Tees
{01EB45F0-7AFD-40F3-E063-4704A8C05FDE},172500,2023-06-23,2023,6,2,TS5 8QG,TS5,Semi-Detached,Freehold,False,MIDDLESBROUGH,MIDDLESBROUGH,MIDDLESBROUGH,B,54.532518,-1.268024,North East,England,Middlesbrough
{01EB45F0-7B00-40F3-E063-4704A8C05FDE},31500,2023-06-23,2023,6,2,TS25 5RS,TS25,Terraced,Freehold,False,HARTLEPOOL,HARTLEPOOL,HARTLEPOOL,B,54.670037,-1.222123,North East,England,Hartlepool
{01EB45F0-7B44-40F3-E063-4704A8C05FDE},141000,2023-06-23,2023,6,2,WA5 1BU,WA5,Semi-Detached,Leasehold,False,WARRINGTON,WARRINGTON,WARRINGTON,B,53.429806,-2.660295,North West,England,Warrington
{01EB45F0-7B57-40F3-E063-4704A8C05FDE},215000,2023-07-07,2023,7,3,CH44 2DJ,CH44,Terraced,Freehold,False,WALLASEY,WIRRAL,MERSEYSIDE,B,53.407744,-3.018893,North West,England,Wirral
{01EB45F0-7BE6-40F3-E063-4704A8C05FDE},950,2021-08-12,2021,8,3,WA16 8EJ,WA16,Other,Freehold,False,KNUTSFORD,CHESHIRE EAST,CHESHIRE EAST,B,53.334654,-2.449066,North West,England,Cheshire East
{01EB45F0-7C1F-40F3-E063-4704A8C05FDE},141529,2022-12-09,2022,12,4,CW8 1TU,CW8,Semi-Detached,Freehold,True,NORTHWICH,CHESHIRE WEST AND CHESTER,CHESHIRE WEST AND CHESTER,B,53.255317,-2.524199,North West,England,Cheshire West and Chester
{01EB45F0-7C6C-40F3-E063-4704A8C05FDE},100000,2023-07-17,2023,7,3,PL11 2BG,PL11,Terraced,Freehold,False,TORPOINT,CORNWALL,CORNWALL,B,50.375639,-4.1957,South West,England,Cornwall
{01EB45F0-7D1E-40F3-E063-4704A8C05FDE},1170000,2023-07-04,2023,7,3,CA14 4JF,CA14,Other,Freehold,False,WORKINGTON,CUMBERLAND,CUMBERLAND,B,54.612687,-3.54557,North West,England,Cumberland
{01EB45F0-7D2B-40F3-E063-4704A8C05FDE},602115,2023-02-01,2023,2,1,CA7 8EU,CA7,Other,Freehold,False,WIGTON,CUMBERLAND,CUMBERLAND,B,54.748543,-3.051416,North West,England,Cumberland
{01EB45F0-7D66-40F3-E063-4704A8C05FDE},55000,2023-07-07,2023,7,3,LA14 1EH,LA14,Terraced,Freehold,False,BARROW-IN-FURNESS,WESTMORLAND AND FURNESS,WESTMORLAND AND FURNESS,B,54.113206,-3.231744,North West,England,Westmorland and Furness
{01EB45F0-7E7A-40F3-E063-4704A8C05FDE},240000,2019-09-20,2019,9,3,CH7 3PZ,CH7,Other,Freehold,False,BUCKLEY,FLINTSHIRE,FLINTSHIRE,B,53.174204,-3.152087,Wales,Wales,Flintshire
{01EB45F0-7F21-40F3-E063-4704A8C05FDE},65000,2023-03-20,2023,3,1,SA8 4BL,SA8,Semi-Detached,Freehold,False,SWANSEA,NEATH PORT TALBOT,NEATH PORT TALBOT,B,51.730119,-3.838088,Wales,Wales,Neath Port Talbot
{01EB45F0-804D-40F3-E063-4704A8C05FDE},275000,2023-06-28,2023,6,2,EX39 3FA,EX39,Terraced,Freehold,False,BIDEFORD,TORRIDGE,DEVON,B,51.012491,-4.193526,South West,England,Torridge
{01EB45F0-81C6-40F3-E063-4704A8C05FDE},35000,2023-02-01,2023,2,1,DH9 8RY,DH9,Terraced,Freehold,False,STANLEY,COUNTY DURHAM,COUNTY DURHAM,B,54.854943,-1.702835,North East,England,County Durham
{01EB45F0-81E8-40F3-E063-4704A8C05FDE},51500,2023-06-09,2023,6,2,SR8 4BN,SR8,Terraced,Freehold,False,PETERLEE,COUNTY DURHAM,COUNTY DURHAM,B,54.765017,-1.340287,North East,England,County Durham
{01EB45F0-81F6-40F3-E063-4704A8C05FDE},170000,2023-07-06,2023,7,3,DL1 1NU,DL1,Other,Freehold,False,DARLINGTON,DARLINGTON,DARLINGTON,B,54.530419,-1.538817,North East,England,Darlington
{01EB45F0-82AD-40F3-E063-4704A8C05FDE},150000,2023-02-28,2023,2,1,S40 1BJ,S40,Other,Freehold,False,CHESTERFIELD,CHESTERFIELD,DERBYSHIRE,B,53.227652,-1.424632,East Midlands,England,Chesterfield
{01EB45F0-82DD-40F3-E063-4704A8C05FDE},148500,2023-06-01,2023,6,2,DE75 7FF,DE75,Other,Freehold,False,HEANOR,AMBER VALLEY,DERBYSHIRE,B,53.011357,-1.331882,East Midlands,England,Amber Valley
{01EB45F0-834C-40F3-E063-4704A8C05FDE},91221,2022-02-24,2022,2,1,DE4 5QB,DE4,Semi-Detached,Freehold,True,MATLOCK,AMBER VALLEY,DERBYSHIRE,B,53.11774,-1.583832,East Midlands,England,Derbyshire Dales
{01EB45F0-839E-40F3-E063-4704A8C05FDE},1100000,2023-06-01,2023,6,2,E3 5DA,E3,Terraced,Freehold,False,LONDON,TOWER HAMLETS,GREATER LONDON,B,51.53724,-0.030697,London,England,Tower Hamlets
{01EB45F0-8400-40F3-E063-4704A8C05FDE},435000,2023-07-06,2023,7,3,RM12 6HH,RM12,Semi-Detached,Freehold,False,HORNCHURCH,HAVERING,GREATER LONDON,B,51.542535,0.211154,London,England,Havering
{01EB45F0-84AB-40F3-E063-4704A8C05FDE},205000,2022-10-28,2022,10,4,BN41 1AT,BN41,Flat/Maisonette,Leasehold,False,BRIGHTON,BRIGHTON AND HOVE,BRIGHTON AND HOVE,B,50.83712,-0.218675,South East,England,Brighton and Hove
{01EB45F0-851E-40F3-E063-4704A8C05FDE},250000,2023-06-26,2023,6,2,SS16 4PB,SS16,Terraced,Freehold,False,BASILDON,BASILDON,ESSEX,B,51.55661,0.484359,East of England,England,Basildon
{01EB45F0-860F-40F3-E063-4704A8C05FDE},125000,2023-07-07,2023,7,3,M7 3TH,M7,Terraced,Freehold,False,SALFORD,SALFORD,GREATER MANCHESTER,B,53.492669,-2.263683,North West,England,Salford
{01EB45F0-8654-40F3-E063-4704A8C05FDE},112000,2023-06-14,2023,6,2,BL3 3BS,BL3,Terraced,Leasehold,False,BOLTON,BOLTON,GREATER MANCHESTER,B,53.555905,-2.459272,North West,England,Bolton
{01EB45F0-8733-40F3-E063-4704A8C05FDE},230000,2022-12-02,2022,12,4,WN1 2LS,WN1,Detached,Leasehold,False,WIGAN,WIGAN,GREATER MANCHESTER,B,53.571174,-2.639256,North West,England,Wigan
{01EB45F0-8795-40F3-E063-4704A8C05FDE},130000,2022-12-09,2022,12,4,WN2 3EE,WN2,Other,Freehold,False,WIGAN,WIGAN,GREATER MANCHESTER,B,53.504705,-2.582998,North West,England,Wigan
{01EB45F0-87C1-40F3-E063-4704A8C05FDE},531000,2023-02-03,2023,2,1,BS15 8PD,BS15,Other,Leasehold,False,BRISTOL,SOUTH GLOUCESTERSHIRE,SOUTH GLOUCESTERSHIRE,B,51.454128,-2.491474,South West,England,South Gloucestershire
{01EB45F0-8862-40F3-E063-4704A8C05FDE},185000,2021-07-13,2021,7,3,GL5 2BD,GL5,Other,Freehold,False,STROUD,STROUD,GLOUCESTERSHIRE,B,51.718346,-2.231787,South West,England,Stroud
{01EB45F0-8871-40F3-E063-4704A8C05FDE},2625000,2023-05-12,2023,5,2,GL54 3JY,GL54,Other,Freehold,False,CHELTENHAM,COTSWOLD,GLOUCESTERSHIRE,B,51.892669,-1.754639,South West,England,Cotswold
{01EB45F0-8966-40F3-E063-4704A8C05FDE},110000,2023-05-02,2023,5,2,SO15 3HZ,SO15,Flat/Maisonette,Leasehold,False,SOUTHAMPTON,SOUTHAMPTON,SOUTHAMPTON,B,50.914835,-1.41449,South East,England,Southampton
{01EB45F0-89F1-40F3-E063-4704A8C05FDE},850000,2023-03-21,2023,3,1,SO53 1JF,SO53,Detached,Freehold,False,EASTLEIGH,EASTLEIGH,HAMPSHIRE,B,50.98442,-1.388413,South East,England,Eastleigh
{01EB45F0-8A7F-40F3-E063-4704A8C05FDE},120000,2023-06-05,2023,6,2,YO25 4JY,YO25,Terraced,Freehold,False,DRIFFIELD,EAST RIDING OF YORKSHIRE,EAST RIDING OF YORKSHIRE,B,54.000871,-0.444985,Yorkshire and The Humber,England,East Riding of Yorkshire
{01EB45F0-8B48-40F3-E063-4704A8C05FDE},307000,2023-05-19,2023,5,2,WR2 5HU,WR2,Terraced,Freehold,False,WORCESTER,WORCESTER,WORCESTERSHIRE,B,52.20641,-2.245135,West Midlands,England,Worcester
{01EB45F0-8B82-40F3-E063-4704A8C05FDE},860000,2023-06-09,2023,6,2,ME15 6TF,ME15,Other,Freehold,False,MAIDSTONE,MAIDSTONE,KENT,B,51.263716,0.561508,South East,England,Maidstone
{01EB45F0-8BDE-40F3-E063-4704A8C05FDE},270000,2023-05-30,2023,5,2,ME12 2NZ,ME12,Terraced,Freehold,False,SHEERNESS,SWALE,KENT,B,51.413046,0.801375,South East,England,Swale
{01EB45F0-8DEC-40F3-E063-4704A8C05FDE},630000,2023-03-31,2023,3,1,FY4 4NE,FY4,Other,Freehold,False,BLACKPOOL,BLACKPOOL,BLACKPOOL,B,53.7932,-3.020272,North West,England,Blackpool
{01EB45F0-8E6B-40F3-E063-4704A8C05FDE},75000,2023-07-13,2023,7,3,BB6 7RW,BB6,Flat/Maisonette,Leasehold,False,BLACKBURN,HYNDBURN,LANCASHIRE,B,53.788368,-2.403646,North West,England,Hyndburn
{01EB45F0-8EB8-40F3-E063-4704A8C05FDE},375000,2023-05-02,2023,5,2,FY1 6BP,FY1,Other,Freehold,False,BLACKPOOL,BLACKPOOL,BLACKPOOL,B,53.825721,-3.044093,North West,England,Blackpool
{01EB45F0-8FD5-40F3-E063-4704A8C05FDE},396000,2022-11-17,2022,11,4,LN5 8PG,LN5,Detached,Freehold,False,LINCOLN,LINCOLN,LINCOLNSHIRE,B,53.100174,-0.529249,East Midlands,England,North Kesteven
{01EB45F0-900B-40F3-E063-4704A8C05FDE},370000,2023-06-30,2023,6,2,LE11 5EG,LE11,Semi-Detached,Freehold,False,LOUGHBOROUGH,CHARNWOOD,LEICESTERSHIRE,B,52.783622,-1.239843,East Midlands,England,Charnwood
{01EB45F0-9014-40F3-E063-4704A8C05FDE},335000,2023-06-16,2023,6,2,LE5 6SA,LE5,Semi-Detached,Freehold,False,LEICESTER,LEICESTER,LEICESTER,B,52.618633,-1.099141,East Midlands,England,Leicester
{01EB45F0-9085-40F3-E063-4704A8C05FDE},258000,2022-11-18,2022,11,4,LE5 1NR,LE5,Other,Leasehold,False,LEICESTER,LEICESTER,LEICESTER,B,52.618633,-1.099141,East Midlands,England,Leicester
{01EB45F0-90C9-40F3-E063-4704A8C05FDE},110000,2021-11-03,2021,11,4,LE11 1DZ,LE11,Flat/Maisonette,Leasehold,True,LOUGHBOROUGH,CHARNWOOD,LEICESTERSHIRE,B,52.783622,-1.239843,East Midlands,England,Charnwood
{01EB45F0-9131-40F3-E063-4704A8C05FDE},75000,2023-06-23,2023,6,2,M18 7GA,M18,Flat/Maisonette,Leasehold,False,MANCHESTER,MANCHESTER,GREATER MANCHESTER,B,53.467703,-2.167348,North West,England,Manchester
{01EB45F0-913C-40F3-E063-4704A8C05FDE},91000,2023-06-27,2023,6,2,BL9 6LR,BL9,Terraced,Leasehold,False,BURY,BURY,GREATER MANCHESTER,B,53.600024,-2.291566,North West,England,Bury
{01EB45F0-9150-40F3-E063-4704A8C05FDE},218000,2023-05-10,2023,5,2,M11 3BQ,M11,Semi-Detached,Leasehold,False,MANCHESTER,MANCHESTER,GREATER MANCHESTER,B,53.488217,-2.17192,North West,England,Manchester
{01EB45F0-917D-40F3-E063-4704A8C05FDE},38690,2023-05-05,2023,5,2,BL6 4SD,BL6,Other,Leasehold,False,BOLTON,BOLTON,GREATER MANCHESTER,B,53.589673,-2.531081,North West,England,Bolton
{01EB45F0-91F4-40F3-E063-4704A8C05FDE},199025,2020-12-23,2020,12,4,M4 1AG,M4,Flat/Maisonette,Leasehold,True,MANCHESTER,MANCHESTER,GREATER MANCHESTER,B,53.483624,-2.230098,North West,England,Manchester
{01EB45F0-928A-40F3-E063-4704A8C05FDE},185000,2022-10-07,2022,10,4,WA15 6TS,WA15,Flat/Maisonette,Leasehold,False,ALTRINCHAM,TRAFFORD,GREATER MANCHESTER,B,53.395943,-2.309089,North West,England,Trafford
{01EB45F0-9333-40F3-E063-4704A8C05FDE},14000,2022-11-01,2022,11,4,B8 3TE,B8,Other,Leasehold,False,BIRMINGHAM,BIRMINGHAM,WEST MIDLANDS,B,52.487193,-1.85952,West Midlands,England,Birmingham
{01EB45F0-965E-40F3-E063-4704A8C05FDE},2271000,2022-01-12,2022,1,1,W13 0NQ,W13,Other,Freehold,False,LONDON,EALING,GREATER LONDON,B,51.50409,-0.316999,London,England,Ealing
{01EB45F0-969E-40F3-E063-4704A8C05FDE},475000,2023-01-20,2023,1,1,N20 9BB,N20,Other,Leasehold,False,LONDON,BARNET,GREATER LONDON,B,51.629744,-0.157921,London,England,Barnet
{01EB45F0-96E9-40F3-E063-4704A8C05FDE},475000,2023-07-12,2023,7,3,NR3 1HA,NR3,Other,Freehold,False,NORWICH,NORWICH,NORFOLK,B,52.64302,1.284367,East of England,England,Norwich
{01EB45F0-9756-40F3-E063-4704A8C05FDE},100000,2020-11-13,2020,11,4,NR29 3HX,NR29,Other,Freehold,False,GREAT YARMOUTH,GREAT YARMOUTH,NORFOLK,B,52.674108,1.691519,East of England,England,Great Yarmouth
{01EB45F0-98ED-40F3-E063-4704A8C05FDE},415000,2023-06-30,2023,6,2,NG9 2EQ,NG9,Semi-Detached,Freehold,False,NOTTINGHAM,BROXTOWE,NOTTINGHAMSHIRE,B,52.921358,-1.205159,East Midlands,England,Broxtowe
{01EB45F0-9938-40F3-E063-4704A8C05FDE},33750,2023-02-16,2023,2,1,NG3 5QR,NG3,Other,Leasehold,False,NOTTINGHAM,GEDLING,NOTTINGHAMSHIRE,B,52.96734,-1.118449,East Midlands,England,Gedling
{01EB45F0-9AC9-40F3-E063-4704A8C05FDE},200000,2019-08-09,2019,8,3,OX25 2LZ,OX25,Other,Freehold,False,BICESTER,CHERWELL,OXFORDSHIRE,B,51.870726,-1.118809,South East,England,Cherwell
{01EB45F0-9B04-40F3-E063-4704A8C05FDE},185000,2023-06-12,2023,6,2,OX10 0LZ,OX10,Other,Leasehold,False,WALLINGFORD,SOUTH OXFORDSHIRE,OXFORDSHIRE,B,51.625343,-1.086167,South East,England,South Oxfordshire
{01EB45F0-9B1B-40F3-E063-4704A8C05FDE},200000,2023-01-24,2023,1,1,BR2 0DW,BR2,Other,Freehold,False,BROMLEY,BROMLEY,GREATER LONDON,B,51.391531,0.009999,London,England,Bromley
{01EB45F0-9BBD-40F3-E063-4704A8C05FDE},710000,2023-06-07,2023,6,2,ST21 6QF,ST21,Other,Freehold,False,STAFFORD,STAFFORD,STAFFORDSHIRE,B,52.883501,-2.314686,West Midlands,England,Stafford
{01EB45F0-9C10-40F3-E063-4704A8C05FDE},125000,2017-08-25,2017,8,3,ST20 0ES,ST20,Other,Freehold,False,STAFFORD,STAFFORD,STAFFORDSHIRE,B,52.786564,-2.256292,West Midlands,England,Stafford
{01EB45F0-9C1C-40F3-E063-4704A8C05FDE},90000,2019-07-08,2019,7,3,ST20 0NR,ST20,Other,Freehold,False,STAFFORD,STAFFORD,STAFFORDSHIRE,B,52.786564,-2.256292,West Midlands,England,Stafford
{01EB45F0-9CFA-40F3-E063-4704A8C05FDE},1725000,2023-02-10,2023,2,1,SE10 8RF,SE10,Other,Freehold,False,LONDON,GREENWICH,GREATER LONDON,B,51.474939,-0.015858,London,England,Greenwich
{01EB45F0-9E23-40F3-E063-4704A8C05FDE},122500,2023-06-06,2023,6,2,IP4 1HB,IP4,Other,Leasehold,False,IPSWICH,IPSWICH,SUFFOLK,B,52.072161,1.172038,East of England,England,Ipswich
{01EB45F0-9E2E-40F3-E063-4704A8C05FDE},24000,2021-12-07,2021,12,4,IP30 9AQ,IP30,Other,Freehold,False,BURY ST EDMUNDS,MID SUFFOLK,SUFFOLK,B,52.234472,0.910248,East of England,England,Mid Suffolk
{01EB45F0-9EC8-40F3-E063-4704A8C05FDE},18500,2021-11-25,2021,11,4,TF1 1NS,TF1,Other,Freehold,False,TELFORD,WREKIN,WREKIN,B,52.707115,-2.483649,West Midlands,England,Telford and Wrekin
{01EB45F0-9F4F-40F3-E063-4704A8C05FDE},155000,2023-06-26,2023,6,2,TA4 1GY,TA4,Flat/Maisonette,Leasehold,False,TAUNTON,SOMERSET,SOMERSET,B,51.044472,-3.311741,South West,England,Somerset
{01EB45F0-9F6C-40F3-E063-4704A8C05FDE},82500,2022-04-04,2022,4,2,BA2 8DN,BA2,Other,Freehold,False,BATH,BATH AND NORTH EAST SOMERSET,BATH AND NORTH EAST SOMERSET,B,51.370463,-2.353513,South West,England,Bath and North East Somerset
{01EB45F0-9FBE-40F3-E063-4704A8C05FDE},665000,2023-01-19,2023,1,1,GU15 2DT,GU15,Detached,Freehold,False,CAMBERLEY,SURREY HEATH,SURREY,B,51.33555,-0.742367,South East,England,Surrey Heath
{01EB45F0-A093-40F3-E063-4704A8C05FDE},345000,2022-12-16,2022,12,4,TW18 4RB,TW18,Flat/Maisonette,Leasehold,True,STAINES-UPON-THAMES,SPELTHORNE,SURREY,B,51.431523,-0.519834,South East,England,Runnymede
{01EB45F0-A196-40F3-E063-4704A8C05FDE},76000,2023-01-18,2023,1,1,S60 1HZ,S60,Terraced,Freehold,False,ROTHERHAM,ROTHERHAM,SOUTH YORKSHIRE,B,53.41378,-1.335558,Yorkshire and The Humber,England,Rotherham
{01EB45F0-A1D7-40F3-E063-4704A8C05FDE},140000,2023-02-13,2023,2,1,S63 7DJ,S63,Terraced,Freehold,False,ROTHERHAM,ROTHERHAM,SOUTH YORKSHIRE,B,53.518201,-1.327457,Yorkshire and The Humber,England,Barnsley
{01EB45F0-A1DC-40F3-E063-4704A8C05FDE},125000,2023-02-24,2023,2,1,S20 7JE,S20,Terraced,Freehold,False,SHEFFIELD,SHEFFIELD,SOUTH YORKSHIRE,B,53.335831,-1.329501,Yorkshire and The Humber,England,Sheffield
{01EB45F0-A300-40F3-E063-4704A8C05FDE},77680,2021-06-04,2021,6,2,SW2 4DU,SW2,Other,Freehold,False,LONDON,LAMBETH,GREATER LONDON,B,51.446122,-0.12373,London,England,Lambeth
{01EB45F0-A345-40F3-E063-4704A8C05FDE},405000,2021-11-30,2021,11,4,SW17 0JA,SW17,Other,Leasehold,False,LONDON,WANDSWORTH,GREATER LONDON,B,51.438517,-0.162517,London,England,Wandsworth
{01EB45F0-A39D-40F3-E063-4704A8C05FDE},382500,2023-02-13,2023,2,1,TW9 1AP,TW9,Flat/Maisonette,Leasehold,False,RICHMOND,RICHMOND UPON THAMES,GREATER LONDON,B,51.478137,-0.277978,London,England,Richmond upon Thames
{01EB45F0-A470-40F3-E063-4704A8C05FDE},150000,2023-06-27,2023,6,2,NE9 5EY,NE9,Other,Freehold,False,GATESHEAD,GATESHEAD,TYNE AND WEAR,B,54.919028,-1.551363,North East,England,Sunderland
{01EB45F0-A4ED-40F3-E063-4704A8C05FDE},150000,2023-06-23,2023,6,2,NE6 5DR,NE6,Flat/Maisonette,Freehold,False,NEWCASTLE UPON TYNE,NEWCASTLE UPON TYNE,TYNE AND WEAR,B,54.966343,-1.572298,North East,England,Newcastle upon Tyne
{01EB45F0-A529-40F3-E063-4704A8C05FDE},115000,2023-07-07,2023,7,3,NE1 4DB,NE1,Flat/Maisonette,Leasehold,False,NEWCASTLE UPON TYNE,NEWCASTLE UPON TYNE,TYNE AND WEAR,B,54.969736,-1.611157,North East,England,Newcastle upon Tyne
{01EB45F0-A74D-40F3-E063-4704A8C05FDE},330000,2022-06-30,2022,6,2,CV8 1LH,CV8,Semi-Detached,Freehold,True,KENILWORTH,WARWICK,WARWICKSHIRE,B,52.355253,-1.590901,West Midlands,England,Warwick
{01EB45F0-A78D-40F3-E063-4704A8C05FDE},310000,2023-07-04,2023,7,3,B20 3AJ,B20,Terraced,Freehold,False,BIRMINGHAM,BIRMINGHAM,WEST MIDLANDS,B,52.507388,-1.920303,West Midlands,England,Birmingham
{01EB45F0-A7AE-40F3-E063-4704A8C05FDE},350000,2022-11-22,2022,11,4,B29 4AX,B29,Terraced,Freehold,False,BIRMINGHAM,BIRMINGHAM,WEST MIDLANDS,B,52.444802,-1.962846,West Midlands,England,Birmingham
{01EB45F0-A7B6-40F3-E063-4704A8C05FDE},60000,2023-04-03,2023,4,2,B12 9HF,B12,Flat/Maisonette,Leasehold,False,BIRMINGHAM,BIRMINGHAM,WEST MIDLANDS,B,52.472242,-1.883313,West Midlands,England,Birmingham
{01EB45F0-A847-40F3-E063-4704A8C05FDE},35452601,2021-10-14,2021,10,4,CV6 7NS,CV6,Other,Freehold,False,COVENTRY,COVENTRY,WEST MIDLANDS,B,52.43714,-1.522304,West Midlands,England,Coventry
{01EB45F0-A860-40F3-E063-4704A8C05FDE},320000,2023-07-07,2023,7,3,B23 7LP,B23,Other,Freehold,False,BIRMINGHAM,BIRMINGHAM,WEST MIDLANDS,B,52.515717,-1.85038,West Midlands,England,Birmingham
{01EB45F0-A861-40F3-E063-4704A8C05FDE},125000,2023-06-16,2023,6,2,WV3 9SB,WV3,Terraced,Freehold,False,WOLVERHAMPTON,WOLVERHAMPTON,WEST MIDLANDS,B,52.579884,-2.143763,West Midlands,England,Wolverhampton
{01EB45F0-A8E9-40F3-E063-4704A8C05FDE},1200000,2021-11-30,2021,11,4,DY12 1AT,DY12,Other,Freehold,False,BEWDLEY,WYRE FOREST,WORCESTERSHIRE,B,52.381553,-2.302065,West Midlands,England,Wyre Forest
{01EB45F0-A9AC-40F3-E063-4704A8C05FDE},278000,2021-02-15,2021,2,1,RH19 1SS,RH19,Flat/Maisonette,Leasehold,True,EAST GRINSTEAD,MID SUSSEX,WEST SUSSEX,B,51.121452,0.001412,South East,England,Mid Sussex
{01EB45F0-A9AF-40F3-E063-4704A8C05FDE},170000,2022-06-01,2022,6,2,RH19 1EE,RH19,Flat/Maisonette,Leasehold,False,EAST GRINSTEAD,MID SUSSEX,WEST SUSSEX,B,51.121452,0.001412,South East,England,Mid Sussex
{01EB45F0-AA1F-40F3-E063-4704A8C05FDE},1100000,2021-11-26,2021,11,4,BA13 4GF,BA13,Other,Freehold,False,WESTBURY,WILTSHIRE,WILTSHIRE,B,51.247881,-2.209253,South West,England,Wiltshire
{01EB45F0-AA31-40F3-E063-4704A8C05FDE},255000,2023-07-07,2023,7,3,SN15 4HJ,SN15,Terraced,Freehold,False,CHIPPENHAM,WILTSHIRE,WILTSHIRE,B,51.479401,-2.13035,South West,England,Wiltshire
{01EB45F0-AA47-40F3-E063-4704A8C05FDE},235000,2023-07-07,2023,7,3,SN2 7BB,SN2,Semi-Detached,Freehold,False,SWINDON,SWINDON,SWINDON,B,51.5733,-1.778782,South West,England,Swindon
{01EB45F0-AB3D-40F3-E063-4704A8C05FDE},295000,2023-05-22,2023,5,2,HX6 2BD,HX6,Other,Freehold,False,SOWERBY BRIDGE,CALDERDALE,WEST YORKSHIRE,B,53.705421,-1.928615,Yorkshire and The Humber,England,Calderdale
{01EB45F0-ABD1-40F3-E063-4704A8C05FDE},259695,2021-12-17,2021,12,4,HU17 0XN,HU17,Semi-Detached,Freehold,True,BEVERLEY,EAST RIDING OF YORKSHIRE,EAST RIDING OF YORKSHIRE,B,53.843016,-0.438586,Yorkshire and The Humber,England,East Riding of Yorkshire
{01EB45F0-ABF0-40F3-E063-4704A8C05FDE},196500,2021-12-16,2021,12,4,HU17 0FR,HU17,Terraced,Freehold,False,BEVERLEY,EAST RIDING OF YORKSHIRE,EAST RIDING OF YORKSHIRE,B,53.843016,-0.438586,Yorkshire and The Humber,England,East Riding of Yorkshire
{01EB45F0-AC20-40F3-E063-4704A8C05FDE},320000,2022-09-07,2022,9,3,LS6 1FL,LS6,Terraced,Freehold,False,LEEDS,LEEDS,WEST YORKSHIRE,B,53.817266,-1.58542,Yorkshire and The Humber,England,Leeds
{01EB45F0-AC56-40F3-E063-4704A8C05FDE},171000,2021-11-23,2021,11,4,HX7 6AE,HX7,Other,Leasehold,False,HEBDEN BRIDGE,CALDERDALE,WEST YORKSHIRE,B,53.761617,-2.005941,Yorkshire and The Humber,England,Calderdale
{01F4E3E7-A7D5-433E-BD63-316C19F28A89},187000,2015-05-26,2015,5,2,DA12 1RG,DA12,Detached,Freehold,False,GRAVESEND,GRAVESHAM,KENT,A,51.432388,0.390251,South East,England,Gravesham
{0203019B-9775-41FD-B8C8-E61593F5B734},239000,2015-09-10,2015,9,3,BS24 9LL,BS24,Detached,Freehold,False,WESTON-SUPER-MARE,NORTH SOMERSET,NORTH SOMERSET,A,51.349384,-2.925395,South West,England,North Somerset
{0206B040-A7E7-40A4-AEFC-62FBA75FA71F},350000,2015-03-02,2015,3,1,NN9 5RS,NN9,Detached,Freehold,False,WELLINGBOROUGH,EAST NORTHAMPTONSHIRE,NORTHAMPTONSHIRE,A,52.337451,-0.658546,East Midlands,England,North Northamptonshire
{020BBC1A-AD30-44B5-8DCA-01A3ED685BC7},580000,2015-08-10,2015,8,3,W4 4BD,W4,Flat/Maisonette,Leasehold,False,LONDON,HOUNSLOW,GREATER LONDON,A,51.496494,-0.270832,London,England,Ealing
{0213942F-9FD1-4689-A47C-3B419BB43FD0},144950,2015-04-20,2015,4,2,BH8 8NZ,BH8,Flat/Maisonette,Leasehold,False,BOURNEMOUTH,BOURNEMOUTH,BOURNEMOUTH,A,50.736611,-1.862951,South West,England,"Bournemouth, Christchurch and Poole"
{021F02CA-2E07-4E3E-A821-69B32D35845C},250000,2015-03-02,2015,3,1,CH3 7AF,CH3,Terraced,Freehold,False,CHESTER,CHESHIRE WEST AND CHESTER,CHESHIRE WEST AND CHESTER,A,53.197842,-2.859829,North West,England,Cheshire West and Chester
{022AE021-48CA-4483-B9A4-CDE458B18CF1},160000,2015-02-20,2015,2,1,LL11 2SP,LL11,Terraced,Freehold,False,WREXHAM,WREXHAM,WREXHAM,A,53.054875,-3.001477,Wales,Wales,Wrexham
{022B5236-9F5D-4873-9074-9DA8B3F0460C},155000,2015-07-29,2015,7,3,PE1 3PY,PE1,Semi-Detached,Freehold,False,PETERBOROUGH,CITY OF PETERBOROUGH,CITY OF PETERBOROUGH,A,52.583191,-0.241216,East of England,England,Peterborough
{0231DC8E-EDD8-4828-BCD5-AC9F699AEED4},82500,2015-02-05,2015,2,1,B63 4DD,B63,Terraced,Freehold,False,HALESOWEN,DUDLEY,WEST MIDLANDS,A,52.447574,-2.054257,West Midlands,England,Dudley
{02361EF6-672E-4A35-8A2D-452A3B45212D},410000,2015-01-19,2015,1,1,SW11 3HN,SW11,Flat/Maisonette,Leasehold,False,LONDON,WANDSWORTH,GREATER LONDON,A,51.475587,-0.152864,London,England,Wandsworth
{02462D9D-D7A9-417A-BCCD-315C892E2E92},170000,2015-07-29,2015,7,3,WA15 8HT,WA15,Semi-Detached,Freehold,False,ALTRINCHAM,TRAFFORD,GREATER MANCHESTER,A,53.395943,-2.309089,North West,England,Trafford
{0256D398-C1FB-4DAE-9A8E-05D372AD7645},185000,2015-07-06,2015,7,3,NN6 0NL,NN6,Semi-Detached,Freehold,False,NORTHAMPTON,WELLINGBOROUGH,NORTHAMPTONSHIRE,A,52.263454,-0.746808,East Midlands,England,North Northamptonshire
{025E9B50-3FFF-484E-AA05-40BE710A2EA4},590000,2015-06-05,2015,6,2,SW18 1GP,SW18,Flat/Maisonette,Leasehold,False,LONDON,WANDSWORTH,GREATER LONDON,A,51.442657,-0.191635,London,England,Wandsworth
{02851FAD-5D69-49C9-BA2E-6EF77721E524},585000,2015-06-12,2015,6,2,SO22 5BT,SO22,Flat/Maisonette,Leasehold,False,WINCHESTER,WINCHESTER,HAMPSHIRE,A,51.075623,-1.32015,South East,England,Winchester
{0298B649-89AF-4EDC-BBB1-AD33907BDFE3},715000,2015-02-12,2015,2,1,N1 8DZ,N1,Flat/Maisonette,Leasehold,False,LONDON,ISLINGTON,GREATER LONDON,A,51.530946,-0.094451,London,England,Hackney
{02A6D157-0FF9-4FD5-BC32-04D47845039A},260000,2015-06-16,2015,6,2,KT18 7SS,KT18,Flat/Maisonette,Leasehold,False,EPSOM,EPSOM AND EWELL,SURREY,A,51.330731,-0.275523,South East,England,Epsom and Ewell
{02C0E054-2417-4A74-B737-FBAD63B01A67},250000,2015-03-25,2015,3,1,CH8 8LT,CH8,Detached,Freehold,False,HOLYWELL,FLINTSHIRE,FLINTSHIRE,A,53.285807,-3.219097,Wales,Wales,Flintshire
{02CE1600-F9D8-4958-80B6-C4ABBD84769B},200000,2015-08-14,2015,8,3,ST4 8SU,ST4,Detached,Freehold,False,STOKE-ON-TRENT,STOKE-ON-TRENT,STOKE-ON-TRENT,A,52.990985,-2.194636,West Midlands,England,Stoke-on-Trent
{02CE8822-DBAC-421F-96CA-85A061B48CAC},282500,2015-04-14,2015,4,2,BH20 7BS,BH20,Detached,Freehold,False,WAREHAM,PURBECK,DORSET,A,50.677698,-2.234586,South West,England,Dorset
{02FF0A72-9CD9-4067-8A14-1F7214E51D0F},180000,2015-02-24,2015,2,1,SL6 7AG,SL6,Flat/Maisonette,Leasehold,True,MAIDENHEAD,WINDSOR AND MAIDENHEAD,WINDSOR AND MAIDENHEAD,A,51.52585,-0.759142,South East,England,Windsor and Maidenhead
{03116E8B-510B-4480-BD9A-A8F6A9800E8A},270000,2015-06-04,2015,6,2,SM5 2TG,SM5,Flat/Maisonette,Leasehold,False,CARSHALTON,SUTTON,GREATER LONDON,A,51.373457,-0.170698,London,England,Sutton
{03215E7C-5DBB-44FE-ADD0-8BEB757006D4},255000,2015-06-02,2015,6,2,B13 9BP,B13,Terraced,Freehold,False,BIRMINGHAM,BIRMINGHAM,WEST MIDLANDS,A,52.441307,-1.883026,West Midlands,England,Birmingham
{033C2FAD-729C-45A4-8872-BC92C2ACA432},135000,2015-03-06,2015,3,1,LU5 4HP,LU5,Flat/Maisonette,Leasehold,False,DUNSTABLE,CENTRAL BEDFORDSHIRE,CENTRAL BEDFORDSHIRE,A,51.910129,-0.528033,East of England,England,Central Bedfordshire
{03469546-E473-4FF9-956D-9424B2967D9D},235000,2015-01-09,2015,1,1,PE29 6XE,PE29,Detached,Freehold,False,HUNTINGDON,HUNTINGDONSHIRE,CAMBRIDGESHIRE,A,52.340114,-0.175462,East of England,England,Huntingdonshire
{035557E3-3729-408B-9886-65257E332CE7},235000,2015-07-02,2015,7,3,WA8 9HF,WA8,Semi-Detached,Freehold,False,WIDNES,HALTON,HALTON,A,53.386242,-2.727596,North West,England,Halton
{0357DBDD-BB6D-423D-9B44-96DDB6B296EC},300000,2015-03-20,2015,3,1,SW11 3DZ,SW11,Flat/Maisonette,Leasehold,False,LONDON,WANDSWORTH,GREATER LONDON,A,51.475587,-0.152864,London,England,Wandsworth
{035BAEA1-FF9E-4892-9916-11EFBF7F2B2E},180000,2015-04-28,2015,4,2,ME7 1FU,ME7,Flat/Maisonette,Leasehold,True,GILLINGHAM,MEDWAY,MEDWAY,A,51.37479,0.55365,South East,England,Medway
{035F239A-A656-46DC-A94F-234F0465D005},195000,2015-05-01,2015,5,2,OX26 3ZD,OX26,Semi-Detached,Leasehold,False,BICESTER,CHERWELL,OXFORDSHIRE,A,51.896212,-1.141229,South East,England,Cherwell
{03615CAD-B57A-432F-BC9D-3AF47021405D},108000,2015-02-27,2015,2,1,CT17 0BD,CT17,Terraced,Freehold,False,DOVER,DOVER,KENT,A,51.121276,1.289201,South East,England,Dover
{0365FE76-CA3D-4B28-9765-17A0FAA61B7F},199000,2015-05-28,2015,5,2,TN13 3JZ,TN13,Flat/Maisonette,Leasehold,False,SEVENOAKS,SEVENOAKS,KENT,A,51.284269,0.194409,South East,England,Sevenoaks
{036A6D78-F835-4C46-99EA-9E4A65B4B91E},495000,2015-07-24,2015,7,3,CM14 4PX,CM14,Semi-Detached,Freehold,False,BRENTWOOD,BRENTWOOD,ESSEX,A,51.639599,0.267585,East of England,England,Brentwood
{0372EB28-308E-4880-A5C2-8D28DBA128E7},225000,2015-05-08,2015,5,2,GL4 8AT,GL4,Semi-Detached,Freehold,False,GLOUCESTER,STROUD,GLOUCESTERSHIRE,A,51.831986,-2.217729,South West,England,Gloucester
{0378EEEB-7EBD-4783-A2C7-2F2DD36C728A},312000,2015-01-23,2015,1,1,NN6 9EN,NN6,Detached,Freehold,False,NORTHAMPTON,DAVENTRY,NORTHAMPTONSHIRE,A,52.263454,-0.746808,East Midlands,England,North Northamptonshire
{0384125F-A397-4434-B4D8-85980F3035BB},160000,2015-08-28,2015,8,3,TR15 2JG,TR15,Semi-Detached,Freehold,False,REDRUTH,CORNWALL,CORNWALL,A,50.233306,-5.233009,South West,England,Cornwall
{03AF0F55-6E7D-45A8-9B9C-77317576C62B},353750,2015-07-17,2015,7,3,WD19 5AH,WD19,Terraced,Freehold,False,WATFORD,WATFORD,HERTFORDSHIRE,A,51.642151,-0.382232,East of England,England,Watford
{03B5D2D2-3B6D-43FC-9CF5-65DCB1F79204},130000,2015-07-17,2015,7,3,EX2 6BY,EX2,Semi-Detached,Freehold,False,EXETER,EXETER,DEVON,A,50.696534,-3.528378,South West,England,Exeter
{03D416AC-2515-47F3-A3ED-26A8FD9D4B36},129950,2015-06-05,2015,6,2,YO12 5ED,YO12,Terraced,Freehold,True,SCARBOROUGH,SCARBOROUGH,NORTH YORKSHIRE,A,54.282606,-0.412063,Yorkshire and The Humber,England,North Yorkshire
{03D4EEB3-7A08-4B74-8DE1-589760EC336A},180000,2015-08-25,2015,8,3,PR5 8BS,PR5,Detached,Freehold,False,PRESTON,CHORLEY,LANCASHIRE,A,53.725667,-2.69114,North West,England,South Ribble
{03D620BE-7D7F-4571-A073-4FF6EB32F375},315000,2015-05-21,2015,5,2,SW15 3JA,SW15,Flat/Maisonette,Leasehold,False,LONDON,WANDSWORTH,GREATER LONDON,A,51.454865,-0.209534,London,England,Wandsworth
{03DC6534-2A98-4C3D-9D72-238B9662B619},52000,2015-07-10,2015,7,3,BB4 9LW,BB4,Terraced,Leasehold,False,ROSSENDALE,ROSSENDALE,LANCASHIRE,A,53.724688,-2.281019,North West,England,Rossendale
{03E32981-3019-4ED2-BAA1-D59D8B5D60FE},39000,2015-08-14,2015,8,3,BD7 3LX,BD7,Terraced,Freehold,False,BRADFORD,BRADFORD,WEST YORKSHIRE,A,53.777416,-1.786068,Yorkshire and The Humber,England,Bradford
{03E8D937-B0EE-4785-ADAC-4B6C2112E6BD},157000,2015-08-28,2015,8,3,WR5 3DP,WR5,Terraced,Freehold,False,WORCESTER,WORCESTER,WORCESTERSHIRE,A,52.170092,-2.199798,West Midlands,England,Worcester
{03EB34C2-37D5-4527-A211-8204103444FC},275000,2015-04-10,2015,4,2,SS9 2TE,SS9,Semi-Detached,Freehold,True,LEIGH-ON-SEA,SOUTHEND-ON-SEA,SOUTHEND-ON-SEA,A,51.541192,0.659632,East of England,England,Southend-on-Sea
{03F20805-854B-4EDD-95C7-65916A67DB5E},139995,2015-09-02,2015,9,3,ST19 5BG,ST19,Terraced,Freehold,False,STAFFORD,SOUTH STAFFORDSHIRE,STAFFORDSHIRE,A,52.710217,-2.224893,West Midlands,England,South Staffordshire
{03F5217C-46C0-420D-9517-B75BE7EC3936},165000,2015-05-20,2015,5,2,B43 7DL,B43,Semi-Detached,Freehold,False,BIRMINGHAM,WALSALL,WEST MIDLANDS,A,52.535116,-1.940451,West Midlands,England,Sandwell
{042177DB-1F04-405A-A023-1E3E851F327F},240000,2015-04-10,2015,4,2,BR1 4SQ,BR1,Terraced,Freehold,False,BROMLEY,BROMLEY,GREATER LONDON,A,51.396696,0.043102,London,England,Bromley
{04258850-DA64-4205-BA45-D02B2142A7C7},352000,2015-07-02,2015,7,3,EN1 1LR,EN1,Terraced,Freehold,False,ENFIELD,ENFIELD,GREATER LONDON,A,51.664558,-0.073002,London,England,Enfield
{042B31E7-32CE-4CBA-8814-A21E82A7B5D2},370000,2015-04-17,2015,4,2,RG4 8PQ,RG4,Detached,Freehold,False,READING,READING,READING,A,51.47914,-0.950102,South East,England,Reading
{04325C88-2732-4B03-AF21-46A7064E1F74},513000,2015-09-03,2015,9,3,CM16 7BU,CM16,Semi-Detached,Freehold,False,EPPING,EPPING FOREST,ESSEX,A,51.67303,0.08943,East of England,England,Epping Forest
{04429787-2FD7-4DA7-87CF-9D66C709E680},117000,2015-07-31,2015,7,3,GL14 2LN,GL14,Semi-Detached,Freehold,False,CINDERFORD,FOREST OF DEAN,GLOUCESTERSHIRE,A,51.820897,-2.483893,South West,England,Forest of Dean
{044A070A-A1A2-4303-8148-E36B394098D5},165000,2015-02-20,2015,2,1,B76 1SL,B76,Semi-Detached,Freehold,False,SUTTON COLDFIELD,BIRMINGHAM,WEST MIDLANDS,A,52.549287,-1.797188,West Midlands,England,Birmingham
{045675A4-39DF-4CD4-A889-5EF6679F765D},340000,2015-03-20,2015,3,1,RM1 4NS,RM1,Semi-Detached,Freehold,False,ROMFORD,HAVERING,GREATER LONDON,A,51.601758,0.181625,London,England,Havering
{045A1898-3F9A-9A24-E063-4804A8C048EA},875000,2023-08-18,2023,8,3,CM0 8HA,CM0,Detached,Freehold,False,BURNHAM-ON-CROUCH,MALDON,ESSEX,A,51.641626,0.816849,East of England,England,Maldon
{045A1898-3FD5-9A24-E063-4804A8C048EA},700000,2022-03-24,2022,3,1,CM3 6AQ,CM3,Detached,Freehold,False,CHELMSFORD,MALDON,ESSEX,A,51.802242,0.558243,East of England,England,Braintree
{045A1898-3FDA-9A24-E063-4804A8C048EA},530000,2022-03-30,2022,3,1,CO11 2FX,CO11,Detached,Freehold,True,MANNINGTREE,TENDRING,ESSEX,A,51.910259,1.143202,East of England,England,Tendring
{045A1898-4016-9A24-E063-4804A8C048EA},596995,2022-04-29,2022,4,2,CM0 8GR,CM0,Detached,Freehold,True,BURNHAM-ON-CROUCH,MALDON,ESSEX,A,51.641626,0.816849,East of England,England,Maldon
{045A1898-403C-9A24-E063-4804A8C048EA},513500,2022-05-27,2022,5,2,SS3 0FT,SS3,Detached,Freehold,True,SOUTHEND-ON-SEA,ROCHFORD,ESSEX,A,51.554338,0.800775,East of England,England,Rochford
{045A1898-406E-9A24-E063-4804A8C048EA},462995,2022-07-29,2022,7,3,SS5 6FD,SS5,Semi-Detached,Freehold,True,HOCKLEY,ROCHFORD,ESSEX,A,51.623604,0.611074,East of England,England,Rochford
{045A1898-4098-9A24-E063-4804A8C048EA},384995,2022-07-11,2022,7,3,CM7 2BE,CM7,Semi-Detached,Freehold,True,BRAINTREE,BRAINTREE,ESSEX,A,51.878829,0.544544,East of England,England,Braintree
{045A1898-40C1-9A24-E063-4804A8C048EA},265000,2020-10-09,2020,10,4,CO5 9FS,CO5,Terraced,Freehold,False,COLCHESTER,BRAINTREE,ESSEX,A,51.809903,0.74913,East of England,England,Colchester
{045A1898-40C2-9A24-E063-4804A8C048EA},439995,2022-07-08,2022,7,3,CM7 2BE,CM7,Semi-Detached,Freehold,True,BRAINTREE,BRAINTREE,ESSEX,A,51.878829,0.544544,East of England,England,Braintree
{045A1898-40FB-9A24-E063-4804A8C048EA},475000,2023-02-10,2023,2,1,CO6 1BU,CO6,Detached,Freehold,False,COLCHESTER,COLCHESTER,ESSEX,A,51.926527,0.694492,East of England,England,Braintree
{045A1898-410E-9A24-E063-4804A8C048EA},435000,2023-03-03,2023,3,1,CO13 0GN,CO13,Detached,Freehold,True,FRINTON-ON-SEA,TENDRING,ESSEX,A,51.833491,1.2439,East of England,England,Tendring
{045A1898-414E-9A24-E063-4804A8C048EA},660000,2023-07-25,2023,7,3,N8 9NT,N8,Flat/Maisonette,Leasehold,False,LONDON,HARINGEY,GREATER LONDON,A,51.587553,-0.117202,London,England,Haringey
{045A1898-4197-9A24-E063-4804A8C048EA},388000,2023-07-31,2023,7,3,HA8 9AH,HA8,Flat/Maisonette,Leasehold,False,EDGWARE,BARNET,GREATER LONDON,A,51.623247,-0.288294,London,England,Barnet
{045A1898-420C-9A24-E063-4804A8C048EA},900000,2023-02-01,2023,2,1,W4 2RU,W4,Flat/Maisonette,Leasehold,False,LONDON,HOUNSLOW,GREATER LONDON,A,51.496494,-0.270832,London,England,Ealing
{045A1898-423B-9A24-E063-4804A8C048EA},450000,2022-06-16,2022,6,2,NW6 5DQ,NW6,Flat/Maisonette,Leasehold,False,LONDON,BRENT,GREATER LONDON,A,51.544167,-0.20988,London,England,Brent
{045A1898-4294-9A24-E063-4804A8C048EA},790000,2023-03-14,2023,3,1,NW7 1FH,NW7,Semi-Detached,Freehold,False,LONDON,BARNET,GREATER LONDON,A,51.606201,-0.23862,London,England,Barnet
{045A1898-4314-9A24-E063-4804A8C048EA},300000,2023-07-28,2023,7,3,HA1 4YE,HA1,Flat/Maisonette,Leasehold,False,HARROW,HARROW,GREATER LONDON,A,51.577763,-0.333257,London,England,Harrow
{045A1898-436D-9A24-E063-4804A8C048EA},550000,2023-07-06,2023,7,3,W3 8YP,W3,Flat/Maisonette,Leasehold,False,LONDON,EALING,GREATER LONDON,A,51.510303,-0.273018,London,England,Ealing
{045A1898-43B8-9A24-E063-4804A8C048EA},250000,2021-06-07,2021,6,2,UB2 5AA,UB2,Flat/Maisonette,Leasehold,False,SOUTHALL,EALING,GREATER LONDON,A,51.496429,-0.380959,London,England,Ealing
{045A1898-43CB-9A24-E063-4804A8C048EA},347500,2021-08-26,2021,8,3,HA4 6LE,HA4,Flat/Maisonette,Leasehold,False,RUISLIP,HILLINGDON,GREATER LONDON,A,51.588748,-0.434223,London,England,Hillingdon
{045A1898-43DD-9A24-E063-4804A8C048EA},365000,2020-09-30,2020,9,3,E17 7NE,E17,Flat/Maisonette,Leasehold,False,LONDON,WALTHAM FOREST,GREATER LONDON,A,51.579004,-0.031909,London,England,Waltham Forest
{045A1898-43E9-9A24-E063-4804A8C048EA},240000,2019-07-26,2019,7,3,TW1 1AN,TW1,Flat/Maisonette,Leasehold,False,TWICKENHAM,HOUNSLOW,GREATER LONDON,A,51.447108,-0.326665,London,England,Richmond upon Thames
{045A1898-44D3-9A24-E063-4804A8C048EA},390000,2021-05-21,2021,5,2,NW10 7GL,NW10,Flat/Maisonette,Leasehold,True,LONDON,BRENT,GREATER LONDON,A,51.531378,-0.283207,London,England,Brent
{045A1898-454F-9A24-E063-4804A8C048EA},457000,2022-06-24,2022,6,2,HA1 4GJ,HA1,Flat/Maisonette,Leasehold,True,HARROW,HARROW,GREATER LONDON,A,51.577763,-0.333257,London,England,Harrow
{045A1898-45C6-9A24-E063-4804A8C048EA},590000,2022-12-12,2022,12,4,UB6 0GL,UB6,Flat/Maisonette,Leasehold,True,GREENFORD,EALING,GREATER LONDON,A,51.532411,-0.331136,London,England,Ealing
{045A1898-45FD-9A24-E063-4804A8C048EA},650000,2023-04-18,2023,4,2,N20 0FS,N20,Flat/Maisonette,Leasehold,True,LONDON,BARNET,GREATER LONDON,A,51.629744,-0.157921,London,England,Barnet
{045A1898-460D-9A24-E063-4804A8C048EA},555000,2023-04-14,2023,4,2,W3 8NE,W3,Flat/Maisonette,Leasehold,True,LONDON,EALING,GREATER LONDON,A,51.510303,-0.273018,London,England,Ealing
{045A1898-465F-9A24-E063-4804A8C048EA},835000,2023-07-25,2023,7,3,BA2 2BB,BA2,Terraced,Freehold,False,BATH,BATH AND NORTH EAST SOMERSET,BATH AND NORTH EAST SOMERSET,A,51.370463,-2.353513,South West,England,Bath and North East Somerset
{045A1898-466C-9A24-E063-4804A8C048EA},310000,2023-07-10,2023,7,3,BS16 1HU,BS16,Terraced,Freehold,False,BRISTOL,CITY OF BRISTOL,CITY OF BRISTOL,A,51.502204,-2.521266,South West,England,South Gloucestershire
{045A1898-467A-9A24-E063-4804A8C048EA},350000,2023-03-01,2023,3,1,BS15 4XD,BS15,Detached,Freehold,False,BRISTOL,SOUTH GLOUCESTERSHIRE,SOUTH GLOUCESTERSHIRE,A,51.454128,-2.491474,South West,England,South Gloucestershire
{045A1898-46C8-9A24-E063-4804A8C048EA},150000,2023-08-16,2023,8,3,BS1 5PY,BS1,Flat/Maisonette,Leasehold,False,BRISTOL,CITY OF BRISTOL,CITY OF BRISTOL,A,51.454132,-2.588346,South West,England,"Bristol, City of"
{045A1898-46CC-9A24-E063-4804A8C048EA},160000,2023-03-24,2023,3,1,BS5 0PT,BS5,Terraced,Freehold,False,BRISTOL,CITY OF BRISTOL,CITY OF BRISTOL,A,51.452837,-2.527941,South West,England,"Bristol, City of"
{045A1898-4741-9A24-E063-4804A8C048EA},298000,2022-01-07,2022,1,1,BS16 4EF,BS16,Semi-Detached,Freehold,False,BRISTOL,CITY OF BRISTOL,CITY OF BRISTOL,A,51.502204,-2.521266,South West,England,South Gloucestershire
{045A1898-477D-9A24-E063-4804A8C048EA},357500,2023-07-24,2023,7,3,BS24 0AU,BS24,Detached,Freehold,False,WESTON-SUPER-MARE,NORTH SOMERSET,NORTH SOMERSET,A,51.349384,-2.925395,South West,England,North Somerset
{045A1898-482B-9A24-E063-4804A8C048EA},1148400,2021-10-14,2021,10,4,WC1X 0BU,WC1X,Flat/Maisonette,Leasehold,True,LONDON,CAMDEN,GREATER LONDON,A,51.524144,-0.115926,London,England,Camden
{045A1898-492D-9A24-E063-4804A8C048EA},320000,2023-07-17,2023,7,3,LU6 3TF,LU6,Terraced,Freehold,False,DUNSTABLE,CENTRAL BEDFORDSHIRE,CENTRAL BEDFORDSHIRE,A,51.882603,-0.548081,East of England,England,Central Bedfordshire
{045A1898-498B-9A24-E063-4804A8C048EA},320000,2022-10-31,2022,10,4,MK41 7NZ,MK41,Detached,Freehold,False,BEDFORD,BEDFORD,BEDFORD,A,52.137177,-0.42655,East of England,England,Bedford
{045A1898-4A85-9A24-E063-4804A8C048EA},167000,2021-11-12,2021,11,4,LU2 0GH,LU2,Flat/Maisonette,Leasehold,True,LUTON,LUTON,LUTON,B,51.89175,-0.399907,East of England,England,Luton
{045A1898-4AFC-9A24-E063-4804A8C048EA},515000,2022-08-12,2022,8,3,LU7 3QN,LU7,Detached,Freehold,True,LEIGHTON BUZZARD,CENTRAL BEDFORDSHIRE,CENTRAL BEDFORDSHIRE,A,51.91991,-0.660256,East of England,England,Central Bedfordshire
{045A1898-4B78-9A24-E063-4804A8C048EA},540000,2022-12-22,2022,12,4,LU7 3QL,LU7,Detached,Freehold,True,LEIGHTON BUZZARD,CENTRAL BEDFORDSHIRE,CENTRAL BEDFORDSHIRE,A,51.91991,-0.660256,East of England,England,Central Bedfordshire
{045A1898-4C2C-9A24-E063-4804A8C048EA},205000,2023-02-28,2023,2,1,RM1 2EQ,RM1,Flat/Maisonette,Leasehold,False,ROMFORD,HAVERING,GREATER LONDON,A,51.601758,0.181625,London,England,Havering
{045A1898-4C4A-9A24-E063-4804A8C048EA},1158500,2023-07-19,2023,7,3,SW5 9DY,SW5,Flat/Maisonette,Leasehold,False,LONDON,KENSINGTON AND CHELSEA,GREATER LONDON,A,51.492332,-0.194511,London,England,Kensington and Chelsea
{045A1898-4C5E-9A24-E063-4804A8C048EA},995000,2023-03-02,2023,3,1,IG8 0TE,IG8,Semi-Detached,Freehold,False,WOODFORD GREEN,REDBRIDGE,GREATER LONDON,A,51.611383,0.01854,London,England,Waltham Forest
{045A1898-4CB1-9A24-E063-4804A8C048EA},411000,2022-04-11,2022,4,2,RM13 8LX,RM13,Terraced,Freehold,False,RAINHAM,HAVERING,GREATER LONDON,A,51.527456,0.168124,London,England,Havering
{045A1898-4D3A-9A24-E063-4804A8C048EA},425000,2023-07-19,2023,7,3,SW3 3TT,SW3,Flat/Maisonette,Leasehold,False,LONDON,KENSINGTON AND CHELSEA,GREATER LONDON,A,51.49198,-0.160888,London,England,Kensington and Chelsea
{045A1898-4D89-9A24-E063-4804A8C048EA},287000,2023-04-04,2023,4,2,SL2 1AW,SL2,Terraced,Leasehold,False,SLOUGH,SLOUGH,SLOUGH,A,51.513189,-0.594148,South East,England,Slough
{045A1898-4DAB-9A24-E063-4804A8C048EA},550000,2023-02-24,2023,2,1,RG31 6NX,RG31,Semi-Detached,Freehold,False,READING,WEST BERKSHIRE,WEST BERKSHIRE,A,51.439826,-1.052322,South East,England,West Berkshire
{045A1898-4DD8-9A24-E063-4804A8C048EA},395000,2023-08-07,2023,8,3,RG12 7QA,RG12,Terraced,Freehold,False,BRACKNELL,BRACKNELL FOREST,BRACKNELL FOREST,A,51.393641,-0.761846,South East,England,Bracknell Forest
{045A1898-4E3B-9A24-E063-4804A8C048EA},290000,2023-02-17,2023,2,1,RG2 8AX,RG2,Semi-Detached,Freehold,False,READING,READING,READING,A,51.406856,-0.947387,South East,England,Wokingham
{045A1898-4F9A-9A24-E063-4804A8C048EA},385000,2023-07-21,2023,7,3,RG18 9WQ,RG18,Terraced,Freehold,False,THATCHAM,WEST BERKSHIRE,WEST BERKSHIRE,A,51.410201,-1.263288,South East,England,West Berkshire
{045A1898-4FD4-9A24-E063-4804A8C048EA},2000000,2023-07-10,2023,7,3,SL5 9HW,SL5,Detached,Freehold,False,ASCOT,WINDSOR AND MAIDENHEAD,WINDSOR AND MAIDENHEAD,A,51.403458,-0.657954,South East,England,Windsor and Maidenhead
{045A1898-5001-9A24-E063-4804A8C048EA},570000,2023-03-09,2023,3,1,RG42 2AQ,RG42,Semi-Detached,Freehold,False,BRACKNELL,BRACKNELL FOREST,BRACKNELL FOREST,A,51.430806,-0.791151,South East,England,Bracknell Forest
{045A1898-50F5-9A24-E063-4804A8C048EA},610000,2022-03-18,2022,3,1,SL6 6QT,SL6,Terraced,Freehold,False,MAIDENHEAD,WINDSOR AND MAIDENHEAD,WINDSOR AND MAIDENHEAD,A,51.52585,-0.759142,South East,England,Windsor and Maidenhead
{045A1898-510E-9A24-E063-4804A8C048EA},799450,2022-04-14,2022,4,2,RG42 4GZ,RG42,Detached,Freehold,True,BRACKNELL,BRACKNELL FOREST,BRACKNELL FOREST,A,51.430806,-0.791151,South East,England,Bracknell Forest
{045A1898-51F6-9A24-E063-4804A8C048EA},210000,2023-07-19,2023,7,3,BS3 2SJ,BS3,Terraced,Freehold,False,BRISTOL,CITY OF BRISTOL,CITY OF BRISTOL,A,51.437488,-2.593874,South West,England,"Bristol, City of"
{045A1898-51F9-9A24-E063-4804A8C048EA},960000,2023-07-11,2023,7,3,BS8 3BZ,BS8,Flat/Maisonette,Leasehold,False,BRISTOL,CITY OF BRISTOL,CITY OF BRISTOL,A,51.462565,-2.611371,South West,England,"Bristol, City of"
{045A1898-52C9-9A24-E063-4804A8C048EA},578894,2023-07-24,2023,7,3,BS7 8RN,BS7,Terraced,Leasehold,False,BRISTOL,CITY OF BRISTOL,CITY OF BRISTOL,A,51.499105,-2.576377,South West,England,"Bristol, City of"
{045A1898-5318-9A24-E063-4804A8C048EA},312000,2023-07-14,2023,7,3,BS16 1AF,BS16,Detached,Freehold,False,BRISTOL,CITY OF BRISTOL,CITY OF BRISTOL,A,51.502204,-2.521266,South West,England,South Gloucestershire
{045A1898-5329-9A24-E063-4804A8C048EA},340000,2023-07-25,2023,7,3,BS5 7RG,BS5,Semi-Detached,Freehold,False,BRISTOL,CITY OF BRISTOL,CITY OF BRISTOL,A,51.452837,-2.527941,South West,England,"Bristol, City of"
{045A1898-536C-9A24-E063-4804A8C048EA},320000,2023-07-28,2023,7,3,BS3 2RG,BS3,Terraced,Freehold,False,BRISTOL,CITY OF BRISTOL,CITY OF BRISTOL,A,51.437488,-2.593874,South West,England,"Bristol, City of"
{045A1898-54E2-9A24-E063-4804A8C048EA},300000,2023-07-28,2023,7,3,MK16 0EE,MK16,Terraced,Freehold,False,NEWPORT PAGNELL,MILTON KEYNES,MILTON KEYNES,A,52.084595,-0.742713,South East,England,Milton Keynes
{045A1898-551F-9A24-E063-4804A8C048EA},200000,2023-06-23,2023,6,2,HP20 1ND,HP20,Flat/Maisonette,Leasehold,False,AYLESBURY,BUCKINGHAMSHIRE,BUCKINGHAMSHIRE,A,51.820079,-0.812111,South East,England,Buckinghamshire
{045A1898-56AB-9A24-E063-4804A8C048EA},315000,2022-03-31,2022,3,1,MK46 5GA,MK46,Terraced,Freehold,True,OLNEY,MILTON KEYNES,MILTON KEYNES,A,52.158639,-0.702226,South East,England,Milton Keynes
{045A1898-56B2-9A24-E063-4804A8C048EA},420000,2022-04-28,2022,4,2,HP22 3AU,HP22,Semi-Detached,Freehold,True,AYLESBURY,BUCKINGHAMSHIRE,BUCKINGHAMSHIRE,A,51.829245,-0.790378,South East,England,Buckinghamshire
{045A1898-577D-9A24-E063-4804A8C048EA},437500,2022-12-02,2022,12,4,MK46 5FY,MK46,Detached,Freehold,False,OLNEY,MILTON KEYNES,MILTON KEYNES,A,52.158639,-0.702226,South East,England,Milton Keynes
{045A1898-578C-9A24-E063-4804A8C048EA},690000,2022-12-15,2022,12,4,HP22 4BD,HP22,Detached,Freehold,False,AYLESBURY,BUCKINGHAMSHIRE,BUCKINGHAMSHIRE,A,51.829245,-0.790378,South East,England,Buckinghamshire
{045A1898-590B-9A24-E063-4804A8C048EA},340000,2023-08-10,2023,8,3,CB6 3WL,CB6,Detached,Freehold,False,ELY,EAST CAMBRIDGESHIRE,CAMBRIDGESHIRE,A,52.388297,0.196731,East of England,England,East Cambridgeshire
{045A1898-591E-9A24-E063-4804A8C048EA},325000,2023-07-19,2023,7,3,PE13 2BJ,PE13,Detached,Freehold,False,WISBECH,FENLAND,CAMBRIDGESHIRE,A,52.674755,0.181158,East of England,England,Fenland
{045A1898-5992-9A24-E063-4804A8C048EA},282000,2022-11-28,2022,11,4,PE29 1WX,PE29,Detached,Freehold,False,HUNTINGDON,HUNTINGDONSHIRE,CAMBRIDGESHIRE,A,52.340114,-0.175462,East of England,England,Huntingdonshire
{045A1898-59D9-9A24-E063-4804A8C048EA},490000,2023-07-07,2023,7,3,CB22 5DU,CB22,Semi-Detached,Freehold,False,CAMBRIDGE,SOUTH CAMBRIDGESHIRE,CAMBRIDGESHIRE,A,52.154217,0.135969,East of England,England,South Cambridgeshire
{045A1898-5BEB-9A24-E063-4804A8C048EA},600000,2023-07-07,2023,7,3,CB24 5NL,CB24,Detached,Freehold,False,CAMBRIDGE,SOUTH CAMBRIDGESHIRE,CAMBRIDGESHIRE,A,52.242524,0.162386,East of England,England,South Cambridgeshire
{045A1898-5BF2-9A24-E063-4804A8C048EA},449950,2023-04-27,2023,4,2,CB24 8BA,CB24,Detached,Freehold,True,CAMBRIDGE,SOUTH CAMBRIDGESHIRE,CAMBRIDGESHIRE,A,52.242524,0.162386,East of England,England,South Cambridgeshire
{045A1898-5D48-9A24-E063-4804A8C048EA},128000,2023-07-07,2023,7,3,TS19 8GL,TS19,Terraced,Freehold,False,STOCKTON-ON-TEES,STOCKTON-ON-TEES,STOCKTON-ON-TEES,A,54.586491,-1.352797,North East,England,Stockton-on-Tees
{045A1898-5D5E-9A24-E063-4804A8C048EA},165000,2023-08-02,2023,8,3,TS18 2SH,TS18,Terraced,Freehold,False,STOCKTON-ON-TEES,STOCKTON-ON-TEES,STOCKTON-ON-TEES,A,54.567809,-1.336435,North East,England,Stockton-on-Tees
{045A1898-5D8E-9A24-E063-4804A8C048EA},68000,2023-03-27,2023,3,1,TS1 4BY,TS1,Terraced,Freehold,False,MIDDLESBROUGH,MIDDLESBROUGH,MIDDLESBROUGH,A,54.572926,-1.227763,North East,England,Middlesbrough
{045A1898-5E23-9A24-E063-4804A8C048EA},174995,2022-05-27,2022,5,2,TS19 9FA,TS19,Semi-Detached,Freehold,True,STOCKTON-ON-TEES,STOCKTON-ON-TEES,STOCKTON-ON-TEES,A,54.586491,-1.352797,North East,England,Stockton-on-Tees
{045A1898-5E95-9A24-E063-4804A8C048EA},150000,2022-03-11,2022,3,1,TS20 1RT,TS20,Semi-Detached,Freehold,False,STOCKTON-ON-TEES,STOCKTON-ON-TEES,STOCKTON-ON-TEES,A,54.579001,-1.311206,North East,England,Stockton-on-Tees
{045A1898-5EA4-9A24-E063-4804A8C048EA},285000,2023-07-20,2023,7,3,TS12 1JU,TS12,Terraced,Freehold,False,SALTBURN-BY-THE-SEA,REDCAR AND CLEVELAND,REDCAR AND CLEVELAND,A,54.546181,-0.982382,North East,England,Redcar and Cleveland
{045A1898-5F8B-9A24-E063-4804A8C048EA},168000,2023-07-28,2023,7,3,CW8 4AJ,CW8,Terraced,Freehold,False,NORTHWICH,CHESHIRE WEST AND CHESTER,CHESHIRE WEST AND CHESTER,A,53.255317,-2.524199,North West,England,Cheshire West and Chester
{045A1898-5F95-9A24-E063-4804A8C048EA},495000,2023-07-07,2023,7,3,CW8 1NN,CW8,Detached,Freehold,False,NORTHWICH,CHESHIRE WEST AND CHESTER,CHESHIRE WEST AND CHESTER,A,53.255317,-2.524199,North West,England,Cheshire West and Chester
{045A1898-604A-9A24-E063-4804A8C048EA},108000,2023-08-04,2023,8,3,WA5 4AB,WA5,Terraced,Leasehold,False,WARRINGTON,WARRINGTON,WARRINGTON,A,53.429806,-2.660295,North West,England,Warrington
{045A1898-60A6-9A24-E063-4804A8C048EA},397000,2023-05-05,2023,5,2,SK10 4XJ,SK10,Detached,Freehold,False,MACCLESFIELD,CHESHIRE EAST,CHESHIRE EAST,A,53.291634,-2.105076,North West,England,Cheshire East
{045A1898-6122-9A24-E063-4804A8C048EA},484500,2023-02-06,2023,2,1,WA4 3HR,WA4,Semi-Detached,Freehold,False,WARRINGTON,WARRINGTON,WARRINGTON,A,53.375905,-2.564973,North West,England,Warrington
{045A1898-61A8-9A24-E063-4804A8C048EA},290000,2023-07-21,2023,7,3,CW7 2NG,CW7,Detached,Freehold,False,WINSFORD,CHESHIRE WEST AND CHESTER,CHESHIRE WEST AND CHESTER,A,53.196435,-2.537028,North West,England,Cheshire West and Chester
{045A1898-6208-9A24-E063-4804A8C048EA},207000,2023-08-02,2023,8,3,CW12 4HN,CW12,Flat/Maisonette,Leasehold,False,CONGLETON,CHESHIRE EAST,CHESHIRE EAST,A,53.163538,-2.216117,North West,England,Cheshire East
{045A1898-6306-9A24-E063-4804A8C048EA},817000,2023-07-14,2023,7,3,CH3 7AZ,CH3,Detached,Freehold,False,CHESTER,CHESHIRE WEST AND CHESTER,CHESHIRE WEST AND CHESTER,A,53.197842,-2.859829,North West,England,Cheshire West and Chester
{045A1898-6406-9A24-E063-4804A8C048EA},310000,2022-06-30,2022,6,2,ST7 2FJ,ST7,Detached,Freehold,True,STOKE-ON-TRENT,CHESHIRE EAST,CHESHIRE EAST,A,53.091416,-2.222057,West Midlands,England,Newcastle-under-Lyme
{045A1898-64DA-9A24-E063-4804A8C048EA},297000,2023-06-16,2023,6,2,WA2 0BL,WA2,Semi-Detached,Leasehold,False,WARRINGTON,WARRINGTON,WARRINGTON,A,53.409848,-2.566612,North West,England,Warrington
{045A1898-6502-9A24-E063-4804A8C048EA},275000,2023-06-28,2023,6,2,TR21 0JT,TR21,Flat/Maisonette,Leasehold,False,ISLES OF SCILLY,ISLES OF SCILLY,ISLES OF SCILLY,A,49.915857,-6.317952,South West,England,Isles of Scilly
{045A1898-6587-9A24-E063-4804A8C048EA},350000,2023-07-14,2023,7,3,TR11 2QR,TR11,Semi-Detached,Freehold,False,FALMOUTH,CORNWALL,CORNWALL,A,50.157012,-5.074317,South West,England,Cornwall
{045A1898-683C-9A24-E063-4804A8C048EA},110000,2023-08-15,2023,8,3,LA14 3NN,LA14,Semi-Detached,Freehold,False,BARROW-IN-FURNESS,WESTMORLAND AND FURNESS,WESTMORLAND AND FURNESS,A,54.113206,-3.231744,North West,England,Westmorland and Furness
{045A1898-684C-9A24-E063-4804A8C048EA},160000,2023-07-28,2023,7,3,CA15 8HT,CA15,Semi-Detached,Freehold,False,MARYPORT,CUMBERLAND,CUMBERLAND,A,54.729046,-3.444505,North West,England,Cumberland
{045A1898-694A-9A24-E063-4804A8C048EA},127000,2023-03-10,2023,3,1,CA2 7FD,CA2,Semi-Detached,Freehold,False,CARLISLE,CUMBERLAND,CUMBERLAND,A,54.887978,-2.941412,North West,England,Cumberland
{045A1898-6980-9A24-E063-4804A8C048EA},350000,2021-12-20,2021,12,4,CA10 2FP,CA10,Detached,Freehold,True,PENRITH,WESTMORLAND AND FURNESS,WESTMORLAND AND FURNESS,A,54.649465,-2.741143,North West,England,Westmorland and Furness
{045A1898-6B21-9A24-E063-4804A8C048EA},115000,2023-08-04,2023,8,3,LL14 1EF,LL14,Terraced,Freehold,False,WREXHAM,WREXHAM,WREXHAM,A,53.011013,-3.048573,Wales,Wales,Wrexham
{045A1898-6B9F-9A24-E063-4804A8C048EA},615000,2023-07-24,2023,7,3,SA3 4HR,SA3,Detached,Freehold,False,SWANSEA,SWANSEA,SWANSEA,A,51.600155,-3.99433,Wales,Wales,Swansea
{045A1898-6C27-9A24-E063-4804A8C048EA},165000,2023-07-17,2023,7,3,SY23 3GA,SY23,Terraced,Freehold,False,ABERYSTWYTH,CEREDIGION,CEREDIGION,A,52.289575,-4.050153,Wales,Wales,Ceredigion
{045A1898-6CAE-9A24-E063-4804A8C048EA},159500,2023-08-02,2023,8,3,CH7 1RW,CH7,Terraced,Leasehold,False,MOLD,FLINTSHIRE,FLINTSHIRE,A,53.174204,-3.152087,Wales,Wales,Flintshire
{045A1898-6D28-9A24-E063-4804A8C048EA},150000,2023-07-28,2023,7,3,CF44 0NT,CF44,Semi-Detached,Freehold,False,ABERDARE,RHONDDA CYNON TAFF,RHONDDA CYNON TAFF,A,51.702765,-3.409405,Wales,Wales,Rhondda Cynon Taf
{045A1898-6D63-9A24-E063-4804A8C048EA},200000,2021-11-05,2021,11,4,SA4 6PW,SA4,Terraced,Freehold,False,SWANSEA,SWANSEA,SWANSEA,A,51.74492,-4.048,Wales,Wales,Carmarthenshire
{045A1898-6DFE-9A24-E063-4804A8C048EA},285000,2023-07-07,2023,7,3,NP25 5UY,NP25,Terraced,Freehold,False,MONMOUTH,MONMOUTHSHIRE,MONMOUTHSHIRE,A,51.808344,-2.725202,Wales,Wales,Monmouthshire
{045A1898-6E37-9A24-E063-4804A8C048EA},297000,2023-07-14,2023,7,3,CF5 3DR,CF5,Terraced,Freehold,False,CARDIFF,CARDIFF,CARDIFF,A,51.492249,-3.222079,Wales,Wales,Cardiff
{045A1898-6E4D-9A24-E063-4804A8C048EA},93500,2023-07-10,2023,7,3,CF24 3BS,CF24,Flat/Maisonette,Leasehold,False,CARDIFF,CARDIFF,CARDIFF,A,51.498204,-3.179652,Wales,Wales,Cardiff
{045A1898-6F81-9A24-E063-4804A8C048EA},170000,2022-04-28,2022,4,2,SY23 1NZ,SY23,Terraced,Freehold,False,ABERYSTWYTH,CEREDIGION,CEREDIGION,A,52.289575,-4.050153,Wales,Wales,Ceredigion
{045A1898-7067-9A24-E063-4804A8C048EA},207500,2023-03-23,2023,3,1,SA6 6LW,SA6,Detached,Freehold,False,SWANSEA,SWANSEA,SWANSEA,A,51.660572,-3.92674,Wales,Wales,Swansea
{045A1898-707E-9A24-E063-4804A8C048EA},300000,2022-12-22,2022,12,4,NP7 9EJ,NP7,Semi-Detached,Freehold,True,ABERGAVENNY,MONMOUTHSHIRE,MONMOUTHSHIRE,A,51.833356,-3.019807,Wales,Wales,Monmouthshire
{045A1898-717E-9A24-E063-4804A8C048EA},270000,2023-07-06,2023,7,3,TQ13 0JF,TQ13,Detached,Freehold,False,NEWTON ABBOT,TEIGNBRIDGE,DEVON,A,50.517898,-3.758813,South West,England,Teignbridge
{045A1898-71CE-9A24-E063-4804A8C048EA},325000,2023-08-04,2023,8,3,EX15 1NJ,EX15,Detached,Freehold,False,CULLOMPTON,MID DEVON,DEVON,A,50.913127,-3.234557,South West,England,Mid Devon
{045A1898-721B-9A24-E063-4804A8C048EA},235000,2023-07-06,2023,7,3,EX34 9PH,EX34,Terraced,Freehold,False,ILFRACOMBE,NORTH DEVON,DEVON,A,51.157764,-4.12201,South West,England,North Devon
{045A1898-7243-9A24-E063-4804A8C048EA},112500,2023-07-21,2023,7,3,PL6 7LW,PL6,Flat/Maisonette,Leasehold,False,PLYMOUTH,CITY OF PLYMOUTH,CITY OF PLYMOUTH,A,50.40519,-4.122841,South West,England,Plymouth
{045A1898-7292-9A24-E063-4804A8C048EA},180000,2023-04-27,2023,4,2,PL5 4DB,PL5,Detached,Freehold,False,PLYMOUTH,CITY OF PLYMOUTH,CITY OF PLYMOUTH,A,50.397957,-4.179268,South West,England,Plymouth
{045A1898-72A7-9A24-E063-4804A8C048EA},255000,2023-07-31,2023,7,3,EX39 5JF,EX39,Semi-Detached,Freehold,False,BIDEFORD,TORRIDGE,DEVON,A,51.012491,-4.193526,South West,England,Torridge
{045A1898-7312-9A24-E063-4804A8C048EA},265000,2023-07-07,2023,7,3,PL9 8TJ,PL9,Semi-Detached,Freehold,False,PLYMOUTH,CITY OF PLYMOUTH,CITY OF PLYMOUTH,A,50.35128,-4.078291,South West,England,Plymouth
{045A1898-7443-9A24-E063-4804A8C048EA},275000,2023-07-03,2023,7,3,EX20 3RX,EX20,Detached,Freehold,False,OKEHAMPTON,WEST DEVON,DEVON,A,50.86815,-4.11808,South West,England,Torridge
{045A1898-74EE-9A24-E063-4804A8C048EA},470000,2021-12-10,2021,12,4,EX33 1NU,EX33,Semi-Detached,Freehold,False,BRAUNTON,NORTH DEVON,DEVON,A,51.13046,-4.207004,South West,England,North Devon
{045A1898-75E2-9A24-E063-4804A8C048EA},555000,2023-07-31,2023,7,3,EX32 7LG,EX32,Detached,Freehold,False,BARNSTAPLE,NORTH DEVON,DEVON,A,51.070995,-4.047406,South West,England,North Devon
{045A1898-7652-9A24-E063-4804A8C048EA},285000,2022-02-28,2022,2,1,PL4 6AR,PL4,Flat/Maisonette,Leasehold,True,PLYMOUTH,CITY OF PLYMOUTH,CITY OF PLYMOUTH,A,50.369881,-4.120604,South West,England,Plymouth
{045A1898-76AE-9A24-E063-4804A8C048EA},245000,2022-04-22,2022,4,2,EX5 7HZ,EX5,Semi-Detached,Freehold,True,EXETER,EAST DEVON,DEVON,A,50.749262,-3.414394,South West,England,East Devon
{045A1898-76C8-9A24-E063-4804A8C048EA},207000,2022-05-30,2022,5,2,EX5 7HY,EX5,Terraced,Freehold,True,EXETER,EAST DEVON,DEVON,A,50.749262,-3.414394,South West,England,East Devon
{045A1898-772D-9A24-E063-4804A8C048EA},280000,2020-12-21,2020,12,4,EX1 3FQ,EX1,Terraced,Freehold,True,EXETER,EXETER,DEVON,A,50.748107,-3.463533,South West,England,East Devon
{045A1898-774C-9A24-E063-4804A8C048EA},126000,2023-04-27,2023,4,2,PL1 3AT,PL1,Flat/Maisonette,Leasehold,False,PLYMOUTH,CITY OF PLYMOUTH,CITY OF PLYMOUTH,A,50.367551,-4.135912,South West,England,Plymouth
{045A1898-78A4-9A24-E063-4804A8C048EA},365000,2023-03-31,2023,3,1,DT6 4AG,DT6,Semi-Detached,Freehold,False,BRIDPORT,DORSET,DORSET,A,50.734659,-2.739731,South West,England,Dorset
{045A1898-78A9-9A24-E063-4804A8C048EA},365000,2023-08-07,2023,8,3,BH14 0JU,BH14,Terraced,Freehold,False,POOLE,"BOURNEMOUTH, CHRISTCHURCH AND POOLE","BOURNEMOUTH, CHRISTCHURCH AND POOLE",A,50.707787,-1.948447,South West,England,"Bournemouth, Christchurch and Poole"
{045A1898-78FC-9A24-E063-4804A8C048EA},497000,2023-02-14,2023,2,1,BH31 6LB,BH31,Detached,Freehold,False,VERWOOD,DORSET,DORSET,A,50.871797,-1.854442,South West,England,Dorset
{045A1898-791E-9A24-E063-4804A8C048EA},700000,2023-08-16,2023,8,3,BH6 3HS,BH6,Detached,Freehold,False,BOURNEMOUTH,"BOURNEMOUTH, CHRISTCHURCH AND POOLE","BOURNEMOUTH, CHRISTCHURCH AND POOLE",A,50.730456,-1.797624,South West,England,"Bournemouth, Christchurch and Poole"
{045A1898-7B74-9A24-E063-4804A8C048EA},295000,2023-08-11,2023,8,3,DT4 0EA,DT4,Detached,Freehold,False,WEYMOUTH,DORSET,DORSET,A,50.627557,-2.457207,South West,England,Dorset
{045A1898-7B96-9A24-E063-4804A8C048EA},285000,2023-02-27,2023,2,1,BH11 8ST,BH11,Detached,Freehold,False,BOURNEMOUTH,"BOURNEMOUTH, CHRISTCHURCH AND POOLE","BOURNEMOUTH, CHRISTCHURCH AND POOLE",A,50.750304,-1.916875,South West,England,"Bournemouth, Christchurch and Poole"
{045A1898-7B9C-9A24-E063-4804A8C048EA},510000,2023-07-26,2023,7,3,DT3 6HW,DT3,Semi-Detached,Freehold,False,WEYMOUTH,DORSET,DORSET,A,50.651995,-2.465281,South West,England,Dorset
{045A1898-7BB5-9A24-E063-4804A8C048EA},75999,2023-07-20,2023,7,3,TS27 4ER,TS27,Terraced,Freehold,False,HARTLEPOOL,COUNTY DURHAM,COUNTY DURHAM,A,54.739885,-1.277696,North East,England,County Durham
{045A1898-7C00-9A24-E063-4804A8C048EA},142500,2023-06-23,2023,6,2,DL1 4JT,DL1,Semi-Detached,Freehold,False,DARLINGTON,DARLINGTON,DARLINGTON,A,54.530419,-1.538817,North East,England,Darlington
{045A1898-7D08-9A24-E063-4804A8C048EA},99950,2023-07-12,2023,7,3,TS21 3BW,TS21,Flat/Maisonette,Leasehold,False,STOCKTON-ON-TEES,COUNTY DURHAM,COUNTY DURHAM,A,54.656863,-1.446588,North East,England,County Durham
{045A1898-7D4C-9A24-E063-4804A8C048EA},135000,2023-07-07,2023,7,3,DL3 6HH,DL3,Terraced,Freehold,False,DARLINGTON,DARLINGTON,DARLINGTON,A,54.530884,-1.559966,North East,England,Darlington
{045A1898-7E2F-9A24-E063-4804A8C048EA},139995,2021-04-16,2021,4,2,SR7 7FA,SR7,Terraced,Freehold,True,SEAHAM,COUNTY DURHAM,COUNTY DURHAM,A,54.83087,-1.33884,North East,England,County Durham
{045A1898-7E45-9A24-E063-4804A8C048EA},299995,2022-11-25,2022,11,4,DH6 4SY,DH6,Detached,Freehold,True,DURHAM,COUNTY DURHAM,COUNTY DURHAM,A,54.736526,-1.52634,North East,England,County Durham
{045A1898-7E7B-9A24-E063-4804A8C048EA},150000,2023-07-03,2023,7,3,DL4 1HY,DL4,Semi-Detached,Freehold,False,SHILDON,COUNTY DURHAM,COUNTY DURHAM,A,54.631832,-1.63593,North East,England,County Durham
{045A1898-7E8C-9A24-E063-4804A8C048EA},115000,2023-07-03,2023,7,3,DL3 6DJ,DL3,Terraced,Freehold,False,DARLINGTON,DARLINGTON,DARLINGTON,A,54.530884,-1.559966,North East,England,Darlington
{045A1898-80E9-9A24-E063-4804A8C048EA},149950,2023-07-28,2023,7,3,DE1 1DH,DE1,Flat/Maisonette,Leasehold,False,DERBY,CITY OF DERBY,CITY OF DERBY,A,52.927413,-1.477126,East Midlands,England,Derby
{045A1898-81C7-9A24-E063-4804A8C048EA},237500,2023-07-27,2023,7,3,DE11 0FN,DE11,Detached,Freehold,False,SWADLINCOTE,SOUTH DERBYSHIRE,DERBYSHIRE,A,52.769207,-1.571714,East Midlands,England,South Derbyshire
{045A1898-81F6-9A24-E063-4804A8C048EA},720000,2023-07-20,2023,7,3,S42 6FS,S42,Detached,Freehold,False,CHESTERFIELD,NORTH EAST DERBYSHIRE,DERBYSHIRE,A,53.199904,-1.393776,East Midlands,England,North East Derbyshire
{045A1898-829D-9A24-E063-4804A8C048EA},292500,2022-01-28,2022,1,1,S42 6JN,S42,Detached,Freehold,True,CHESTERFIELD,NORTH EAST DERBYSHIRE,DERBYSHIRE,A,53.199904,-1.393776,East Midlands,England,North East Derbyshire
{045A1898-82C4-9A24-E063-4804A8C048EA},262500,2020-09-18,2020,9,3,DE12 6NU,DE12,Detached,Freehold,True,SWADLINCOTE,SOUTH DERBYSHIRE,DERBYSHIRE,A,52.747222,-1.514213,East Midlands,England,North West Leicestershire
{045A1898-830F-9A24-E063-4804A8C048EA},349950,2022-05-25,2022,5,2,DE23 3AB,DE23,Detached,Freehold,True,DERBY,SOUTH DERBYSHIRE,DERBYSHIRE,A,52.90888,-1.477839,East Midlands,England,Derby
{045A1898-83F5-9A24-E063-4804A8C048EA},161000,2023-07-21,2023,7,3,DE24 8NF,DE24,Semi-Detached,Freehold,False,DERBY,CITY OF DERBY,CITY OF DERBY,A,52.900064,-1.433242,East Midlands,England,Derby
{045A1898-845C-9A24-E063-4804A8C048EA},500000,2023-07-07,2023,7,3,E4 7JH,E4,Terraced,Freehold,False,LONDON,WALTHAM FOREST,GREATER LONDON,A,51.625494,-0.019582,London,England,Waltham Forest
{045A1898-846F-9A24-E063-4804A8C048EA},455000,2023-06-30,2023,6,2,E7 8QN,E7,Terraced,Freehold,False,LONDON,NEWHAM,GREATER LONDON,A,51.537922,0.027964,London,England,Newham
{045A1898-8478-9A24-E063-4804A8C048EA},475000,2023-06-09,2023,6,2,E17 5PB,E17,Terraced,Freehold,False,LONDON,WALTHAM FOREST,GREATER LONDON,A,51.579004,-0.031909,London,England,Waltham Forest
{045A1898-85BB-9A24-E063-4804A8C048EA},340000,2023-02-07,2023,2,1,RM14 1UP,RM14,Flat/Maisonette,Leasehold,False,UPMINSTER,HAVERING,GREATER LONDON,A,51.569566,0.270578,London,England,Havering
{045A1898-85C5-9A24-E063-4804A8C048EA},415000,2023-07-14,2023,7,3,N1 5LS,N1,Flat/Maisonette,Leasehold,False,LONDON,HACKNEY,GREATER LONDON,A,51.530946,-0.094451,London,England,Hackney
{045A1898-8634-9A24-E063-4804A8C048EA},380000,2023-06-22,2023,6,2,E10 5QS,E10,Flat/Maisonette,Leasehold,False,LONDON,WALTHAM FOREST,GREATER LONDON,A,51.566832,-0.031597,London,England,Waltham Forest
{045A1898-869A-9A24-E063-4804A8C048EA},640000,2023-06-26,2023,6,2,IG2 7EP,IG2,Detached,Freehold,False,ILFORD,REDBRIDGE,GREATER LONDON,A,51.577293,0.080764,London,England,Redbridge
{045A1898-86C6-9A24-E063-4804A8C048EA},469000,2023-07-03,2023,7,3,RM14 2PD,RM14,Terraced,Freehold,False,UPMINSTER,HAVERING,GREATER LONDON,A,51.569566,0.270578,London,England,Havering
{045A1898-872C-9A24-E063-4804A8C048EA},175000,2023-03-10,2023,3,1,RH18 5DZ,RH18,Flat/Maisonette,Leasehold,False,FOREST ROW,WEALDEN,EAST SUSSEX,A,51.093642,0.040613,South East,England,Wealden
{045A1898-8747-9A24-E063-4804A8C048EA},610000,2023-07-10,2023,7,3,BN2 8LT,BN2,Detached,Freehold,False,BRIGHTON,BRIGHTON AND HOVE,BRIGHTON AND HOVE,A,50.831221,-0.11955,South East,England,Brighton and Hove
{045A1898-876A-9A24-E063-4804A8C048EA},315000,2023-06-02,2023,6,2,BN1 4NQ,BN1,Flat/Maisonette,Leasehold,False,BRIGHTON,BRIGHTON AND HOVE,BRIGHTON AND HOVE,A,50.859799,-0.104845,South East,England,Brighton and Hove
{045A1898-8803-9A24-E063-4804A8C048EA},150000,2023-07-10,2023,7,3,TN38 0QH,TN38,Flat/Maisonette,Leasehold,False,ST LEONARDS-ON-SEA,HASTINGS,EAST SUSSEX,A,50.862351,0.555927,South East,England,Hastings
{045A1898-8835-9A24-E063-4804A8C048EA},200000,2023-06-27,2023,6,2,BN2 1DJ,BN2,Flat/Maisonette,Leasehold,False,BRIGHTON,BRIGHTON AND HOVE,BRIGHTON AND HOVE,A,50.831221,-0.11955,South East,England,Brighton and Hove
{045A1898-888E-9A24-E063-4804A8C048EA},179000,2023-07-28,2023,7,3,TN37 6LU,TN37,Flat/Maisonette,Leasehold,False,ST LEONARDS-ON-SEA,HASTINGS,EAST SUSSEX,A,50.877088,0.552867,South East,England,Hastings
{045A1898-88B7-9A24-E063-4804A8C048EA},438000,2023-07-21,2023,7,3,BN27 2FL,BN27,Detached,Freehold,False,HAILSHAM,WEALDEN,EAST SUSSEX,A,50.89056,0.187086,South East,England,Wealden
{045A1898-8915-9A24-E063-4804A8C048EA},276000,2023-06-09,2023,6,2,BN2 3FQ,BN2,Flat/Maisonette,Leasehold,False,BRIGHTON,BRIGHTON AND HOVE,BRIGHTON AND HOVE,A,50.831221,-0.11955,South East,England,Brighton and Hove
{045A1898-8A49-9A24-E063-4804A8C048EA},425000,2023-07-07,2023,7,3,RM12 4EF,RM12,Terraced,Freehold,False,HORNCHURCH,HAVERING,GREATER LONDON,A,51.542535,0.211154,London,England,Havering
{045A1898-8AC5-9A24-E063-4804A8C048EA},450000,2023-07-06,2023,7,3,SS9 2AX,SS9,Semi-Detached,Freehold,False,LEIGH-ON-SEA,SOUTHEND-ON-SEA,SOUTHEND-ON-SEA,A,51.541192,0.659632,East of England,England,Southend-on-Sea
{045A1898-8B4F-9A24-E063-4804A8C048EA},550000,2023-07-05,2023,7,3,SS9 4QL,SS9,Detached,Freehold,False,LEIGH-ON-SEA,SOUTHEND-ON-SEA,SOUTHEND-ON-SEA,A,51.541192,0.659632,East of England,England,Southend-on-Sea
{045A1898-8B85-9A24-E063-4804A8C048EA},428000,2023-07-12,2023,7,3,CO9 2PL,CO9,Semi-Detached,Freehold,False,HALSTEAD,BRAINTREE,ESSEX,A,51.938103,0.627981,East of England,England,Braintree
{045A1898-8BC7-9A24-E063-4804A8C048EA},455000,2023-07-21,2023,7,3,RM3 0BW,RM3,Semi-Detached,Freehold,False,ROMFORD,HAVERING,GREATER LONDON,A,51.59171,0.226273,London,England,Havering
{045A1898-8BE5-9A24-E063-4804A8C048EA},500000,2023-06-22,2023,6,2,IG11 9TZ,IG11,Terraced,Freehold,False,BARKING,BARKING AND DAGENHAM,GREATER LONDON,A,51.533175,0.075205,London,England,Barking and Dagenham
{045A1898-8CE6-9A24-E063-4804A8C048EA},610000,2023-06-23,2023,6,2,E17 6LE,E17,Terraced,Freehold,False,LONDON,WALTHAM FOREST,GREATER LONDON,A,51.579004,-0.031909,London,England,Waltham Forest
{045A1898-8D77-9A24-E063-4804A8C048EA},430000,2023-08-16,2023,8,3,CM9 8XG,CM9,Detached,Freehold,False,MALDON,MALDON,ESSEX,A,51.731796,0.669463,East of England,England,Maldon
{045A1898-8E09-9A24-E063-4804A8C048EA},375000,2023-08-14,2023,8,3,CM17 9DB,CM17,Terraced,Freehold,False,HARLOW,HARLOW,ESSEX,A,51.754092,0.135899,East of England,England,Epping Forest
{045A1898-8E40-9A24-E063-4804A8C048EA},257500,2023-03-01,2023,3,1,CM0 8AJ,CM0,Flat/Maisonette,Leasehold,False,BURNHAM-ON-CROUCH,MALDON,ESSEX,A,51.641626,0.816849,East of England,England,Maldon
{045A1898-8E57-9A24-E063-4804A8C048EA},234160,2023-07-13,2023,7,3,SS9 1LT,SS9,Flat/Maisonette,Leasehold,False,LEIGH-ON-SEA,SOUTHEND-ON-SEA,SOUTHEND-ON-SEA,A,51.541192,0.659632,East of England,England,Southend-on-Sea
{045A1898-8FAC-9A24-E063-4804A8C048EA},352000,2023-07-17,2023,7,3,CM6 1HX,CM6,Terraced,Freehold,False,DUNMOW,UTTLESFORD,ESSEX,A,51.960925,0.345371,East of England,England,Uttlesford
{045A1898-9090-9A24-E063-4804A8C048EA},430000,2022-09-23,2022,9,3,CO11 2FQ,CO11,Semi-Detached,Freehold,False,MANNINGTREE,TENDRING,ESSEX,A,51.910259,1.143202,East of England,England,Tendring
{045A1898-90BD-9A24-E063-4804A8C048EA},162500,2023-07-21,2023,7,3,M24 2HE,M24,Detached,Leasehold,False,MANCHESTER,ROCHDALE,GREATER MANCHESTER,A,53.55785,-2.205895,North West,England,Rochdale
{045A1898-913C-9A24-E063-4804A8C048EA},125000,2023-07-17,2023,7,3,OL1 4JF,OL1,Terraced,Leasehold,False,OLDHAM,OLDHAM,GREATER MANCHESTER,A,53.552282,-2.105751,North West,England,Oldham
{045A1898-91AB-9A24-E063-4804A8C048EA},140000,2023-03-31,2023,3,1,SK14 1EB,SK14,Terraced,Leasehold,False,HYDE,TAMESIDE,GREATER MANCHESTER,A,53.465581,-2.06654,North West,England,Tameside
{045A1898-9234-9A24-E063-4804A8C048EA},104500,2023-07-21,2023,7,3,WN5 9HB,WN5,Terraced,Freehold,False,WIGAN,WIGAN,GREATER MANCHESTER,A,53.533548,-2.662468,North West,England,Wigan
{045A1898-925E-9A24-E063-4804A8C048EA},230000,2023-07-17,2023,7,3,M29 7FW,M29,Detached,Freehold,False,MANCHESTER,WIGAN,GREATER MANCHESTER,A,53.491844,-2.47748,North West,England,Wigan
{045A1898-9403-9A24-E063-4804A8C048EA},190000,2023-03-31,2023,3,1,M28 1AY,M28,Semi-Detached,Leasehold,False,MANCHESTER,WIGAN,GREATER MANCHESTER,A,53.500987,-2.37932,North West,England,Salford
{045A1898-9413-9A24-E063-4804A8C048EA},192000,2023-05-26,2023,5,2,M34 7EW,M34,Terraced,Leasehold,False,MANCHESTER,TAMESIDE,GREATER MANCHESTER,A,53.466505,-2.115933,North West,England,Tameside
{045A1898-943F-9A24-E063-4804A8C048EA},98000,2023-06-19,2023,6,2,WN1 3EA,WN1,Terraced,Leasehold,False,WIGAN,WIGAN,GREATER MANCHESTER,A,53.571174,-2.639256,North West,England,Wigan
{045A1898-9478-9A24-E063-4804A8C048EA},359500,2023-07-21,2023,7,3,M20 5LH,M20,Flat/Maisonette,Leasehold,False,MANCHESTER,MANCHESTER,GREATER MANCHESTER,A,53.4208,-2.245319,North West,England,Manchester
{045A1898-9517-9A24-E063-4804A8C048EA},250000,2023-06-30,2023,6,2,BL2 3JS,BL2,Semi-Detached,Leasehold,False,BOLTON,BOLTON,GREATER MANCHESTER,A,53.589386,-2.407273,North West,England,Bolton
{045A1898-953D-9A24-E063-4804A8C048EA},157500,2023-08-02,2023,8,3,M28 3WY,M28,Terraced,Freehold,False,MANCHESTER,SALFORD,GREATER MANCHESTER,A,53.500987,-2.37932,North West,England,Salford
{045A1898-95A0-9A24-E063-4804A8C048EA},220000,2023-07-13,2023,7,3,SK5 6EW,SK5,Semi-Detached,Freehold,False,STOCKPORT,STOCKPORT,GREATER MANCHESTER,A,53.444861,-2.155348,North West,England,Stockport
{045A1898-95B5-9A24-E063-4804A8C048EA},105400,2023-08-04,2023,8,3,WN7 2RW,WN7,Flat/Maisonette,Leasehold,False,LEIGH,WIGAN,GREATER MANCHESTER,A,53.484098,-2.530152,North West,England,Wigan
{045A1898-9634-9A24-E063-4804A8C048EA},530000,2023-06-30,2023,6,2,GL54 3BY,GL54,Semi-Detached,Freehold,False,CHELTENHAM,COTSWOLD,GLOUCESTERSHIRE,A,51.892669,-1.754639,South West,England,Cotswold
{045A1898-96A8-9A24-E063-4804A8C048EA},670000,2023-07-21,2023,7,3,GL50 1QG,GL50,Flat/Maisonette,Leasehold,False,CHELTENHAM,CHELTENHAM,GLOUCESTERSHIRE,A,51.898159,-2.073862,South West,England,Cheltenham
{045A1898-96D5-9A24-E063-4804A8C048EA},290000,2023-07-27,2023,7,3,GL52 6EW,GL52,Flat/Maisonette,Leasehold,False,CHELTENHAM,CHELTENHAM,GLOUCESTERSHIRE,A,51.942933,-2.061163,South West,England,Tewkesbury
{045A1898-9783-9A24-E063-4804A8C048EA},190000,2023-07-07,2023,7,3,BS16 9LB,BS16,Flat/Maisonette,Leasehold,False,BRISTOL,SOUTH GLOUCESTERSHIRE,SOUTH GLOUCESTERSHIRE,A,51.502204,-2.521266,South West,England,South Gloucestershire
{045A1898-97FE-9A24-E063-4804A8C048EA},400000,2023-06-16,2023,6,2,BS34 5FS,BS34,Detached,Freehold,False,BRISTOL,SOUTH GLOUCESTERSHIRE,SOUTH GLOUCESTERSHIRE,A,51.525156,-2.559021,South West,England,South Gloucestershire
{045A1898-980B-9A24-E063-4804A8C048EA},245000,2023-07-19,2023,7,3,GL15 5GG,GL15,Semi-Detached,Freehold,False,LYDNEY,FOREST OF DEAN,GLOUCESTERSHIRE,A,51.762549,-2.473633,South West,England,Forest of Dean
{045A1898-987B-9A24-E063-4804A8C048EA},675000,2023-07-21,2023,7,3,GL4 0UT,GL4,Detached,Freehold,False,GLOUCESTER,STROUD,GLOUCESTERSHIRE,A,51.831986,-2.217729,South West,England,Gloucester
{045A1898-987C-9A24-E063-4804A8C048EA},225000,2023-07-19,2023,7,3,GL50 2PB,GL50,Flat/Maisonette,Leasehold,False,CHELTENHAM,CHELTENHAM,GLOUCESTERSHIRE,A,51.898159,-2.073862,South West,England,Cheltenham
{045A1898-993E-9A24-E063-4804A8C048EA},450000,2022-02-16,2022,2,1,GL5 1EB,GL5,Terraced,Freehold,False,STROUD,STROUD,GLOUCESTERSHIRE,A,51.718346,-2.231787,South West,England,Stroud
{045A1898-99C0-9A24-E063-4804A8C048EA},319000,2022-09-30,2022,9,3,GL4 0XT,GL4,Detached,Freehold,True,GLOUCESTER,GLOUCESTER,GLOUCESTERSHIRE,A,51.831986,-2.217729,South West,England,Gloucester
{045A1898-9A00-9A24-E063-4804A8C048EA},220000,2023-06-15,2023,6,2,GL50 2QD,GL50,Flat/Maisonette,Leasehold,False,CHELTENHAM,CHELTENHAM,GLOUCESTERSHIRE,A,51.898159,-2.073862,South West,England,Cheltenham
{045A1898-9AC4-9A24-E063-4804A8C048EA},395000,2023-07-14,2023,7,3,SG4 0QR,SG4,Semi-Detached,Freehold,False,HITCHIN,NORTH HERTFORDSHIRE,HERTFORDSHIRE,A,51.851954,-0.232992,East of England,England,North Hertfordshire
{045A1898-9BD3-9A24-E063-4804A8C048EA},460000,2023-08-01,2023,8,3,AL7 2PY,AL7,Terraced,Freehold,False,WELWYN GARDEN CITY,WELWYN HATFIELD,HERTFORDSHIRE,A,51.816013,-0.19038,East of England,England,Welwyn Hatfield
{045A1898-9C62-9A24-E063-4804A8C048EA},310000,2023-07-14,2023,7,3,AL10 8XP,AL10,Terraced,Freehold,False,HATFIELD,WELWYN HATFIELD,HERTFORDSHIRE,A,51.755044,-0.232808,East of England,England,Welwyn Hatfield
{045A1898-9C72-9A24-E063-4804A8C048EA},375000,2023-07-26,2023,7,3,SG13 7TG,SG13,Terraced,Freehold,False,HERTFORD,EAST HERTFORDSHIRE,HERTFORDSHIRE,A,51.796049,-0.069357,East of England,England,East Hertfordshire
{045A1898-9CAF-9A24-E063-4804A8C048EA},1325000,2023-07-28,2023,7,3,AL5 4BQ,AL5,Semi-Detached,Freehold,False,HARPENDEN,ST ALBANS,HERTFORDSHIRE,A,51.815175,-0.346563,East of England,England,St Albans
{045A1898-9CC3-9A24-E063-4804A8C048EA},375000,2023-07-28,2023,7,3,SG7 6ED,SG7,Terraced,Freehold,False,BALDOCK,NORTH HERTFORDSHIRE,HERTFORDSHIRE,A,51.990853,-0.173418,East of England,England,North Hertfordshire
{045A1898-9D11-9A24-E063-4804A8C048EA},735000,2023-03-10,2023,3,1,HP23 5QX,HP23,Terraced,Freehold,False,TRING,DACORUM,HERTFORDSHIRE,A,51.800243,-0.652625,East of England,England,Dacorum
{045A1898-9D47-9A24-E063-4804A8C048EA},158000,2023-02-24,2023,2,1,SG5 1EJ,SG5,Flat/Maisonette,Leasehold,False,HITCHIN,NORTH HERTFORDSHIRE,HERTFORDSHIRE,A,51.950769,-0.274351,East of England,England,North Hertfordshire
{045A1898-9E66-9A24-E063-4804A8C048EA},399950,2021-12-17,2021,12,4,SG14 2GW,SG14,Semi-Detached,Freehold,True,HERTFORD,EAST HERTFORDSHIRE,HERTFORDSHIRE,A,51.804411,-0.075875,East of England,England,East Hertfordshire
{045A1898-9E7A-9A24-E063-4804A8C048EA},720000,2022-01-20,2022,1,1,SG8 5DB,SG8,Detached,Freehold,False,ROYSTON,NORTH HERTFORDSHIRE,HERTFORDSHIRE,A,52.082857,0.019037,East of England,England,South Cambridgeshire
{045A1898-9E89-9A24-E063-4804A8C048EA},480000,2021-12-10,2021,12,4,SG14 2GR,SG14,Detached,Freehold,True,HERTFORD,EAST HERTFORDSHIRE,HERTFORDSHIRE,A,51.804411,-0.075875,East of England,England,East Hertfordshire
{045A1898-9F0E-9A24-E063-4804A8C048EA},530000,2021-03-25,2021,3,1,SG16 6GY,SG16,Detached,Freehold,True,HENLOW,NORTH HERTFORDSHIRE,HERTFORDSHIRE,A,52.008055,-0.297047,East of England,England,Central Bedfordshire
{045A1898-9F2C-9A24-E063-4804A8C048EA},350000,2022-07-27,2022,7,3,AL1 3UP,AL1,Flat/Maisonette,Leasehold,True,ST ALBANS,ST ALBANS,HERTFORDSHIRE,A,51.751209,-0.328995,East of England,England,St Albans
{045A1898-A009-9A24-E063-4804A8C048EA},285000,2023-08-09,2023,8,3,HR8 2BU,HR8,Semi-Detached,Freehold,False,LEDBURY,HEREFORDSHIRE,HEREFORDSHIRE,A,52.040402,-2.431032,West Midlands,England,"Herefordshire, County of"
{045A1898-A00C-9A24-E063-4804A8C048EA},252000,2023-03-17,2023,3,1,HR1 1RS,HR1,Semi-Detached,Freehold,False,HEREFORD,HEREFORDSHIRE,HEREFORDSHIRE,A,52.050582,-2.710655,West Midlands,England,"Herefordshire, County of"
{045A1898-A014-9A24-E063-4804A8C048EA},200000,2023-07-20,2023,7,3,HR4 9RY,HR4,Terraced,Freehold,False,HEREFORD,HEREFORDSHIRE,HEREFORDSHIRE,A,52.057427,-2.726253,West Midlands,England,"Herefordshire, County of"
{045A1898-A039-9A24-E063-4804A8C048EA},210000,2023-07-07,2023,7,3,HR9 7DN,HR9,Detached,Freehold,False,ROSS-ON-WYE,HEREFORDSHIRE,HEREFORDSHIRE,A,51.914603,-2.581175,West Midlands,England,"Herefordshire, County of"
{045A1898-A1E5-9A24-E063-4804A8C048EA},231250,2023-08-18,2023,8,3,PO2 7RZ,PO2,Terraced,Freehold,False,PORTSMOUTH,PORTSMOUTH,PORTSMOUTH,A,50.819348,-1.075061,South East,England,Portsmouth
{045A1898-A290-9A24-E063-4804A8C048EA},627000,2023-08-17,2023,8,3,SO32 2TZ,SO32,Detached,Freehold,False,SOUTHAMPTON,WINCHESTER,HAMPSHIRE,A,50.928452,-1.281317,South East,England,Eastleigh
{045A1898-A2D6-9A24-E063-4804A8C048EA},740000,2023-02-10,2023,2,1,SO22 5AT,SO22,Detached,Freehold,False,WINCHESTER,WINCHESTER,HAMPSHIRE,A,51.075623,-1.32015,South East,England,Winchester
{045A1898-A345-9A24-E063-4804A8C048EA},1075000,2023-08-03,2023,8,3,RG26 3EB,RG26,Detached,Freehold,False,TADLEY,BASINGSTOKE AND DEANE,HAMPSHIRE,A,51.35403,-1.150483,South East,England,Basingstoke and Deane
{045A1898-A361-9A24-E063-4804A8C048EA},437830,2022-07-26,2022,7,3,GU17 0EY,GU17,Semi-Detached,Freehold,False,CAMBERLEY,HART,HAMPSHIRE,A,51.339423,-0.799543,South East,England,Hart
{045A1898-A405-9A24-E063-4804A8C048EA},815000,2023-07-20,2023,7,3,SO15 7PG,SO15,Detached,Freehold,False,SOUTHAMPTON,SOUTHAMPTON,SOUTHAMPTON,A,50.914835,-1.41449,South East,England,Southampton
{045A1898-A4E3-9A24-E063-4804A8C048EA},345000,2023-03-17,2023,3,1,SO51 5TA,SO51,Flat/Maisonette,Leasehold,False,ROMSEY,TEST VALLEY,HAMPSHIRE,A,50.991358,-1.501097,South East,England,Test Valley
{045A1898-A50F-9A24-E063-4804A8C048EA},715000,2023-08-04,2023,8,3,RG27 9TH,RG27,Detached,Freehold,False,HOOK,HART,HAMPSHIRE,A,51.309174,-0.905094,South East,England,Hart
{045A1898-A557-9A24-E063-4804A8C048EA},275000,2022-05-03,2022,5,2,SO15 2LR,SO15,Flat/Maisonette,Leasehold,False,SOUTHAMPTON,SOUTHAMPTON,SOUTHAMPTON,A,50.914835,-1.41449,South East,England,Southampton
{045A1898-A56C-9A24-E063-4804A8C048EA},210000,2023-06-20,2023,6,2,SO42 7PY,SO42,Flat/Maisonette,Leasehold,False,BROCKENHURST,NEW FOREST,HAMPSHIRE,A,50.824519,-1.59881,South East,England,New Forest
{045A1898-A68D-9A24-E063-4804A8C048EA},324995,2021-11-26,2021,11,4,SP11 6SF,SP11,Detached,Freehold,True,ANDOVER,TEST VALLEY,HAMPSHIRE,A,51.254675,-1.606512,South West,England,Wiltshire
{045A1898-A6BC-9A24-E063-4804A8C048EA},405000,2022-02-04,2022,2,1,GU52 6HJ,GU52,Semi-Detached,Freehold,False,FLEET,HART,HAMPSHIRE,A,51.252418,-0.834681,South East,England,Hart
{045A1898-A7C3-9A24-E063-4804A8C048EA},200000,2023-03-10,2023,3,1,DN9 1BQ,DN9,Detached,Freehold,False,DONCASTER,NORTH LINCOLNSHIRE,NORTH LINCOLNSHIRE,A,53.493536,-0.78433,Yorkshire and The Humber,England,North Lincolnshire
{045A1898-A80C-9A24-E063-4804A8C048EA},61000,2023-08-10,2023,8,3,HU17 7BW,HU17,Flat/Maisonette,Leasehold,False,BEVERLEY,EAST RIDING OF YORKSHIRE,EAST RIDING OF YORKSHIRE,A,53.843016,-0.438586,Yorkshire and The Humber,England,East Riding of Yorkshire
{045A1898-A86B-9A24-E063-4804A8C048EA},180000,2023-07-07,2023,7,3,HU6 7EB,HU6,Semi-Detached,Freehold,False,HULL,CITY OF KINGSTON UPON HULL,CITY OF KINGSTON UPON HULL,A,53.7866,-0.360214,Yorkshire and The Humber,England,"Kingston upon Hull, City of"
{045A1898-AA5F-9A24-E063-4804A8C048EA},82000,2023-06-23,2023,6,2,DN35 7LG,DN35,Terraced,Freehold,False,CLEETHORPES,NORTH EAST LINCOLNSHIRE,NORTH EAST LINCOLNSHIRE,A,53.559217,-0.032599,Yorkshire and The Humber,England,North East Lincolnshire
{045A1898-AB54-9A24-E063-4804A8C048EA},230000,2023-06-14,2023,6,2,WR2 4DB,WR2,Semi-Detached,Freehold,False,WORCESTER,WORCESTER,WORCESTERSHIRE,A,52.20641,-2.245135,West Midlands,England,Worcester
{045A1898-AB85-9A24-E063-4804A8C048EA},240000,2023-07-31,2023,7,3,B98 8NY,B98,Semi-Detached,Freehold,False,REDDITCH,REDDITCH,WORCESTERSHIRE,A,52.305549,-1.894512,West Midlands,England,Redditch
{045A1898-AB93-9A24-E063-4804A8C048EA},287500,2023-08-03,2023,8,3,WR2 5DH,WR2,Terraced,Freehold,False,WORCESTER,WORCESTER,WORCESTERSHIRE,A,52.20641,-2.245135,West Midlands,England,Worcester
{045A1898-AC5F-9A24-E063-4804A8C048EA},350000,2023-08-18,2023,8,3,PO38 1NR,PO38,Flat/Maisonette,Leasehold,False,VENTNOR,ISLE OF WIGHT,ISLE OF WIGHT,A,50.596932,-1.266923,South East,England,Isle of Wight
{045A1898-AC62-9A24-E063-4804A8C048EA},280000,2023-07-17,2023,7,3,PO30 3AT,PO30,Semi-Detached,Freehold,False,NEWPORT,ISLE OF WIGHT,ISLE OF WIGHT,A,50.641165,-1.356108,South East,England,Isle of Wight
{045A1898-AC76-9A24-E063-4804A8C048EA},135000,2023-07-31,2023,7,3,PO30 5JD,PO30,Terraced,Freehold,False,NEWPORT,ISLE OF WIGHT,ISLE OF WIGHT,A,50.641165,-1.356108,South East,England,Isle of Wight
{045A1898-ACE9-9A24-E063-4804A8C048EA},465000,2023-02-28,2023,2,1,DA13 9JQ,DA13,Semi-Detached,Freehold,False,GRAVESEND,GRAVESHAM,KENT,A,51.333345,0.36577,South East,England,Gravesham
{045A1898-AD47-9A24-E063-4804A8C048EA},827000,2023-07-20,2023,7,3,BR5 1QH,BR5,Semi-Detached,Freehold,False,ORPINGTON,BROMLEY,GREATER LONDON,A,51.392327,0.115484,London,England,Bromley
{045A1898-AE36-9A24-E063-4804A8C048EA},464000,2023-08-18,2023,8,3,DA12 3HJ,DA12,Terraced,Freehold,False,GRAVESEND,GRAVESHAM,KENT,A,51.432388,0.390251,South East,England,Gravesham
{045A1898-AE4D-9A24-E063-4804A8C048EA},258000,2023-07-12,2023,7,3,CT19 6EY,CT19,Terraced,Freehold,False,FOLKESTONE,FOLKESTONE AND HYTHE,KENT,A,51.086936,1.191728,South East,England,Folkestone and Hythe
{045A1898-AEDE-9A24-E063-4804A8C048EA},270000,2023-07-18,2023,7,3,CT14 9PD,CT14,Semi-Detached,Freehold,False,DEAL,DOVER,KENT,A,51.256369,1.346774,South East,England,Dover
{045A1898-AF3E-9A24-E063-4804A8C048EA},280000,2023-07-26,2023,7,3,ME8 6AS,ME8,Terraced,Freehold,False,GILLINGHAM,MEDWAY,MEDWAY,A,51.344901,0.597511,South East,England,Medway
{045A1898-AFEC-9A24-E063-4804A8C048EA},875000,2023-07-20,2023,7,3,ME13 7BE,ME13,Detached,Freehold,False,FAVERSHAM,SWALE,KENT,A,51.315863,0.892097,South East,England,Swale
{045A1898-B034-9A24-E063-4804A8C048EA},230000,2023-08-25,2023,8,3,ME12 2SN,ME12,Terraced,Freehold,False,SHEERNESS,SWALE,KENT,A,51.413046,0.801375,South East,England,Swale
{045A1898-B0D6-9A24-E063-4804A8C048EA},192500,2023-07-24,2023,7,3,TN18 4HW,TN18,Flat/Maisonette,Leasehold,False,CRANBROOK,TUNBRIDGE WELLS,KENT,A,51.051092,0.51127,South East,England,Tunbridge Wells
{045A1898-B0EE-9A24-E063-4804A8C048EA},190000,2022-08-09,2022,8,3,ME10 1LW,ME10,Flat/Maisonette,Leasehold,False,SITTINGBOURNE,SWALE,KENT,A,51.336186,0.745039,South East,England,Swale
{045A1898-B0FB-9A24-E063-4804A8C048EA},565000,2023-08-07,2023,8,3,ME9 7UL,ME9,Semi-Detached,Freehold,False,SITTINGBOURNE,MAIDSTONE,KENT,A,51.37521,0.724667,South East,England,Swale
{045A1898-B197-9A24-E063-4804A8C048EA},105000,2023-01-10,2023,1,1,TN4 9HT,TN4,Flat/Maisonette,Leasehold,False,TUNBRIDGE WELLS,TUNBRIDGE WELLS,KENT,B,51.137046,0.258696,South East,England,Tunbridge Wells
{045A1898-B28F-9A24-E063-4804A8C048EA},385000,2023-05-19,2023,5,2,TN27 9NE,TN27,Terraced,Freehold,False,ASHFORD,MAIDSTONE,KENT,A,51.186351,0.713839,South East,England,Ashford
{045A1898-B296-9A24-E063-4804A8C048EA},292500,2023-07-10,2023,7,3,ME2 4XR,ME2,Terraced,Freehold,False,ROCHESTER,MEDWAY,MEDWAY,A,51.399751,0.495028,South East,England,Medway
{045A1898-B372-9A24-E063-4804A8C048EA},60000,2023-07-28,2023,7,3,BB10 1RS,BB10,Terraced,Leasehold,False,BURNLEY,BURNLEY,LANCASHIRE,A,53.804914,-2.235078,North West,England,Burnley
{045A1898-B3BE-9A24-E063-4804A8C048EA},135000,2023-08-01,2023,8,3,OL16 5LG,OL16,Semi-Detached,Leasehold,False,ROCHDALE,ROCHDALE,GREATER MANCHESTER,A,53.610358,-2.112245,North West,England,Rochdale
{045A1898-B417-9A24-E063-4804A8C048EA},92000,2023-08-08,2023,8,3,BB1 8AB,BB1,Terraced,Freehold,False,BLACKBURN,BLACKBURN WITH DARWEN,BLACKBURN WITH DARWEN,A,53.787998,-2.481779,North West,England,Ribble Valley
{045A1898-B518-9A24-E063-4804A8C048EA},70000,2023-08-16,2023,8,3,BB12 6DY,BB12,Terraced,Leasehold,False,BURNLEY,BURNLEY,LANCASHIRE,A,53.797879,-2.27612,North West,England,Burnley
{045A1898-B586-9A24-E063-4804A8C048EA},420000,2023-07-31,2023,7,3,FY5 5PA,FY5,Detached,Freehold,False,THORNTON-CLEVELEYS,WYRE,LANCASHIRE,A,53.861768,-3.028081,North West,England,Blackpool
{045A1898-B5C9-9A24-E063-4804A8C048EA},116000,2023-07-17,2023,7,3,PR5 6LJ,PR5,Terraced,Freehold,False,PRESTON,SOUTH RIBBLE,LANCASHIRE,A,53.725667,-2.69114,North West,England,South Ribble
{045A1898-B6BC-9A24-E063-4804A8C048EA},180000,2023-07-24,2023,7,3,PR7 5RF,PR7,Detached,Freehold,False,CHORLEY,CHORLEY,LANCASHIRE,A,53.645656,-2.638943,North West,England,Chorley
{045A1898-B6C2-9A24-E063-4804A8C048EA},165000,2023-07-14,2023,7,3,FY5 5HP,FY5,Semi-Detached,Freehold,False,THORNTON-CLEVELEYS,WYRE,LANCASHIRE,A,53.861768,-3.028081,North West,England,Blackpool
{045A1898-B6CF-9A24-E063-4804A8C048EA},180000,2023-07-28,2023,7,3,WN3 6RT,WN3,Semi-Detached,Freehold,False,WIGAN,WIGAN,GREATER MANCHESTER,A,53.527982,-2.666198,North West,England,Wigan
{045A1898-B723-9A24-E063-4804A8C048EA},435000,2023-07-28,2023,7,3,BB7 9EX,BB7,Detached,Freehold,False,CLITHEROE,RIBBLE VALLEY,LANCASHIRE,A,53.812432,-2.405214,North West,England,Hyndburn
{045A1898-B791-9A24-E063-4804A8C048EA},122000,2023-07-20,2023,7,3,PR2 1XH,PR2,Terraced,Freehold,False,PRESTON,PRESTON,LANCASHIRE,A,53.779934,-2.654823,North West,England,Preston
{045A1898-B7FF-9A24-E063-4804A8C048EA},220000,2023-07-14,2023,7,3,BB9 8NW,BB9,Semi-Detached,Freehold,False,NELSON,PENDLE,LANCASHIRE,A,53.834494,-2.220748,North West,England,Pendle
{045A1898-B834-9A24-E063-4804A8C048EA},99995,2023-06-15,2023,6,2,PR7 2FZ,PR7,Flat/Maisonette,Leasehold,False,CHORLEY,CHORLEY,LANCASHIRE,A,53.645656,-2.638943,North West,England,Chorley
{045A1898-B888-9A24-E063-4804A8C048EA},162000,2022-05-27,2022,5,2,PR6 9RP,PR6,Semi-Detached,Freehold,False,CHORLEY,CHORLEY,LANCASHIRE,A,53.690878,-2.568938,North West,England,Chorley
{045A1898-B944-9A24-E063-4804A8C048EA},285000,2021-11-05,2021,11,4,BL8 4JX,BL8,Terraced,Freehold,False,BURY,BLACKBURN WITH DARWEN,BLACKBURN WITH DARWEN,A,53.596336,-2.320657,North West,England,Bury
{045A1898-BA2D-9A24-E063-4804A8C048EA},262995,2022-07-29,2022,7,3,BB12 6BT,BB12,Detached,Freehold,True,BURNLEY,BURNLEY,LANCASHIRE,A,53.797879,-2.27612,North West,England,Burnley
{045A1898-BA69-9A24-E063-4804A8C048EA},263000,2022-03-28,2022,3,1,PR9 8SN,PR9,Detached,Freehold,True,SOUTHPORT,WEST LANCASHIRE,LANCASHIRE,A,53.651503,-3.003564,North West,England,Sefton
{045A1898-BABA-9A24-E063-4804A8C048EA},469995,2021-04-01,2021,4,2,BB7 9UZ,BB7,Detached,Freehold,True,CLITHEROE,RIBBLE VALLEY,LANCASHIRE,A,53.812432,-2.405214,North West,England,Hyndburn
{045A1898-BC8E-9A24-E063-4804A8C048EA},130000,2023-08-09,2023,8,3,NG33 4NQ,NG33,Semi-Detached,Leasehold,False,GRANTHAM,SOUTH KESTEVEN,LINCOLNSHIRE,A,52.803895,-0.619723,East Midlands,England,South Kesteven
{045A1898-BCB2-9A24-E063-4804A8C048EA},167000,2023-08-14,2023,8,3,DN21 3HD,DN21,Terraced,Freehold,False,GAINSBOROUGH,WEST LINDSEY,LINCOLNSHIRE,A,53.437086,-0.560237,East Midlands,England,West Lindsey
{045A1898-BD86-9A24-E063-4804A8C048EA},40000,2021-08-06,2021,8,3,DN21 5QU,DN21,Terraced,Leasehold,False,GAINSBOROUGH,WEST LINDSEY,LINCOLNSHIRE,A,53.437086,-0.560237,East Midlands,England,West Lindsey
{045A1898-BE89-9A24-E063-4804A8C048EA},270000,2022-10-21,2022,10,4,LN5 9SD,LN5,Detached,Freehold,True,LINCOLN,NORTH KESTEVEN,LINCOLNSHIRE,A,53.100174,-0.529249,East Midlands,England,North Kesteven
{045A1898-BE97-9A24-E063-4804A8C048EA},570000,2022-10-31,2022,10,4,LN10 6UY,LN10,Detached,Freehold,True,WOODHALL SPA,EAST LINDSEY,LINCOLNSHIRE,A,53.153343,-0.202997,East Midlands,England,East Lindsey
{045A1898-BEB8-9A24-E063-4804A8C048EA},160000,2023-06-29,2023,6,2,NG34 7AN,NG34,Semi-Detached,Freehold,False,SLEAFORD,NORTH KESTEVEN,LINCOLNSHIRE,A,52.990969,-0.408108,East Midlands,England,North Kesteven
{045A1898-BFF1-9A24-E063-4804A8C048EA},230000,2023-07-28,2023,7,3,LE67 9UE,LE67,Semi-Detached,Freehold,False,MARKFIELD,HINCKLEY AND BOSWORTH,LEICESTERSHIRE,A,52.689993,-1.30905,East Midlands,England,Hinckley and Bosworth
{045A1898-C030-9A24-E063-4804A8C048EA},177000,2023-06-21,2023,6,2,LE6 0EH,LE6,Terraced,Freehold,False,LEICESTER,HINCKLEY AND BOSWORTH,LEICESTERSHIRE,A,52.651523,-1.240981,East Midlands,England,Hinckley and Bosworth
{045A1898-C0F1-9A24-E063-4804A8C048EA},240000,2023-08-11,2023,8,3,LE16 9QZ,LE16,Terraced,Freehold,False,MARKET HARBOROUGH,HARBOROUGH,LEICESTERSHIRE,A,52.473684,-0.905185,East Midlands,England,Harborough
{045A1898-C129-9A24-E063-4804A8C048EA},218000,2023-02-28,2023,2,1,LE7 3FS,LE7,Terraced,Freehold,False,LEICESTER,CHARNWOOD,LEICESTERSHIRE,A,52.700189,-1.089444,East Midlands,England,Charnwood
{045A1898-C148-9A24-E063-4804A8C048EA},125000,2023-03-01,2023,3,1,DE11 8EN,DE11,Terraced,Freehold,False,SWADLINCOTE,NORTH WEST LEICESTERSHIRE,LEICESTERSHIRE,B,52.769207,-1.571714,East Midlands,England,South Derbyshire
{045A1898-C1B2-9A24-E063-4804A8C048EA},385000,2023-06-23,2023,6,2,LE12 8FF,LE12,Semi-Detached,Freehold,False,LOUGHBOROUGH,CHARNWOOD,LEICESTERSHIRE,A,52.752143,-1.141418,East Midlands,England,Charnwood
{045A1898-C1D0-9A24-E063-4804A8C048EA},184000,2020-09-24,2020,9,3,LE15 7PB,LE15,Terraced,Freehold,False,OAKHAM,RUTLAND,RUTLAND,A,52.663014,-0.740563,East Midlands,England,Rutland
{045A1898-C316-9A24-E063-4804A8C048EA},124000,2021-12-17,2021,12,4,LE8 5RF,LE8,Flat/Maisonette,Leasehold,False,LEICESTER,BLABY,LEICESTERSHIRE,A,52.541317,-1.049601,East Midlands,England,Harborough
{045A1898-C318-9A24-E063-4804A8C048EA},330000,2023-04-06,2023,4,2,LE2 3YD,LE2,Semi-Detached,Freehold,False,LEICESTER,LEICESTER,LEICESTER,A,52.63624,-1.115227,East Midlands,England,Leicester
{045A1898-C3D5-9A24-E063-4804A8C048EA},360995,2022-09-30,2022,9,3,LE19 4DY,LE19,Terraced,Freehold,True,LEICESTER,BLABY,LEICESTERSHIRE,A,52.565847,-1.201105,East Midlands,England,Blaby
{045A1898-C466-9A24-E063-4804A8C048EA},412000,2023-07-14,2023,7,3,LE5 6NL,LE5,Detached,Freehold,False,LEICESTER,LEICESTER,LEICESTER,A,52.618633,-1.099141,East Midlands,England,Leicester
{045A1898-C467-9A24-E063-4804A8C048EA},237000,2023-07-21,2023,7,3,LE4 5PT,LE4,Semi-Detached,Freehold,False,LEICESTER,LEICESTER,LEICESTER,A,52.668154,-1.139471,East Midlands,England,Leicester
{045A1898-C4E4-9A24-E063-4804A8C048EA},46000,2023-07-26,2023,7,3,M26 1QX,M26,Flat/Maisonette,Leasehold,False,MANCHESTER,BURY,GREATER MANCHESTER,A,53.562516,-2.322907,North West,England,Bury
{045A1898-C54B-9A24-E063-4804A8C048EA},230000,2023-06-26,2023,6,2,WN1 2HD,WN1,Semi-Detached,Leasehold,False,WIGAN,WIGAN,GREATER MANCHESTER,A,53.571174,-2.639256,North West,England,Wigan
{045A1898-C5BD-9A24-E063-4804A8C048EA},202000,2023-06-23,2023,6,2,SK5 7LH,SK5,Terraced,Freehold,False,STOCKPORT,STOCKPORT,GREATER MANCHESTER,A,53.444861,-2.155348,North West,England,Stockport
{045A1898-C5DF-9A24-E063-4804A8C048EA},105000,2023-08-01,2023,8,3,WN7 3EB,WN7,Terraced,Freehold,False,LEIGH,WIGAN,GREATER MANCHESTER,A,53.484098,-2.530152,North West,England,Wigan
{045A1898-C64B-9A24-E063-4804A8C048EA},360000,2023-03-27,2023,3,1,WA14 5LH,WA14,Terraced,Freehold,False,ALTRINCHAM,TRAFFORD,GREATER MANCHESTER,A,53.404612,-2.352952,North West,England,Trafford
{045A1898-C655-9A24-E063-4804A8C048EA},125000,2021-03-15,2021,3,1,M5 3NU,M5,Flat/Maisonette,Leasehold,True,SALFORD,SALFORD,GREATER MANCHESTER,A,53.478991,-2.267065,North West,England,Salford
{045A1898-C68F-9A24-E063-4804A8C048EA},271995,2020-09-18,2020,9,3,M29 8SD,M29,Detached,Freehold,True,MANCHESTER,WIGAN,GREATER MANCHESTER,A,53.491844,-2.47748,North West,England,Wigan
{045A1898-C6F4-9A24-E063-4804A8C048EA},189000,2021-10-22,2021,10,4,M32 0GX,M32,Flat/Maisonette,Leasehold,True,MANCHESTER,TRAFFORD,GREATER MANCHESTER,A,53.444116,-2.311366,North West,England,Trafford
{045A1898-C763-9A24-E063-4804A8C048EA},254950,2021-12-08,2021,12,4,M6 6NP,M6,Terraced,Freehold,True,SALFORD,SALFORD,GREATER MANCHESTER,A,53.487315,-2.293582,North West,England,Salford
{045A1898-C79C-9A24-E063-4804A8C048EA},369995,2022-01-28,2022,1,1,WN6 0WJ,WN6,Detached,Freehold,True,WIGAN,WIGAN,GREATER MANCHESTER,A,,,,,
{045A1898-C7AA-9A24-E063-4804A8C048EA},183000,2022-05-27,2022,5,2,WA3 2RQ,WA3,Semi-Detached,Freehold,False,WARRINGTON,WIGAN,GREATER MANCHESTER,A,53.447638,-2.510155,North West,England,Warrington
{045A1898-C805-9A24-E063-4804A8C048EA},91000,2022-07-25,2022,7,3,BL3 4BX,BL3,Terraced,Freehold,False,BOLTON,BOLTON,GREATER MANCHESTER,A,53.555905,-2.459272,North West,England,Bolton
{045A1898-C80E-9A24-E063-4804A8C048EA},203950,2022-08-31,2022,8,3,M24 5PD,M24,Semi-Detached,Freehold,True,MANCHESTER,ROCHDALE,GREATER MANCHESTER,A,53.55785,-2.205895,North West,England,Rochdale
{045A1898-C8A9-9A24-E063-4804A8C048EA},130000,2021-11-22,2021,11,4,SK3 8QP,SK3,Flat/Maisonette,Leasehold,False,STOCKPORT,STOCKPORT,GREATER MANCHESTER,B,53.404024,-2.182514,North West,England,Stockport
{045A1898-C94C-9A24-E063-4804A8C048EA},130000,2023-08-02,2023,8,3,B30 1EA,B30,Flat/Maisonette,Leasehold,False,BIRMINGHAM,BIRMINGHAM,WEST MIDLANDS,A,52.408541,-1.918025,West Midlands,England,Birmingham
{045A1898-C9DE-9A24-E063-4804A8C048EA},210000,2022-04-13,2022,4,2,DY3 2NN,DY3,Detached,Freehold,False,DUDLEY,DUDLEY,WEST MIDLANDS,A,52.518466,-2.11851,West Midlands,England,Dudley
{045A1898-C9E9-9A24-E063-4804A8C048EA},248000,2022-03-04,2022,3,1,B93 9EB,B93,Semi-Detached,Freehold,False,SOLIHULL,SOLIHULL,WEST MIDLANDS,A,52.391539,-1.733196,West Midlands,England,Solihull
{045A1898-CAFF-9A24-E063-4804A8C048EA},375000,2023-06-30,2023,6,2,B90 1BZ,B90,Detached,Freehold,False,SOLIHULL,SOLIHULL,WEST MIDLANDS,A,52.394095,-1.85364,West Midlands,England,Bromsgrove
{045A1898-CB9A-9A24-E063-4804A8C048EA},55000,2023-07-18,2023,7,3,L14 8UH,L14,Terraced,Freehold,False,LIVERPOOL,KNOWSLEY,MERSEYSIDE,A,53.426261,-2.878427,North West,England,Liverpool
{045A1898-CBE8-9A24-E063-4804A8C048EA},70000,2023-08-11,2023,8,3,L36 6HR,L36,Flat/Maisonette,Leasehold,False,LIVERPOOL,KNOWSLEY,MERSEYSIDE,A,53.420711,-2.861685,North West,England,Knowsley
{045A1898-CC0E-9A24-E063-4804A8C048EA},405000,2023-07-27,2023,7,3,CH43 5TH,CH43,Terraced,Freehold,False,PRENTON,WIRRAL,MERSEYSIDE,A,53.389758,-3.06807,North West,England,Wirral
{045A1898-CC32-9A24-E063-4804A8C048EA},165000,2023-07-11,2023,7,3,CH46 1RG,CH46,Semi-Detached,Freehold,False,WIRRAL,WIRRAL,MERSEYSIDE,A,53.415076,-3.109011,North West,England,Wirral
{045A1898-CC37-9A24-E063-4804A8C048EA},140000,2023-07-21,2023,7,3,L15 9HW,L15,Terraced,Freehold,False,LIVERPOOL,LIVERPOOL,MERSEYSIDE,A,53.400438,-2.923513,North West,England,Liverpool
{045A1898-CCA1-9A24-E063-4804A8C048EA},195000,2023-07-11,2023,7,3,CH46 6FE,CH46,Semi-Detached,Freehold,False,WIRRAL,WIRRAL,MERSEYSIDE,A,53.415076,-3.109011,North West,England,Wirral
{045A1898-CCC4-9A24-E063-4804A8C048EA},63500,2023-08-23,2023,8,3,CH45 6XT,CH45,Flat/Maisonette,Leasehold,False,WALLASEY,WIRRAL,MERSEYSIDE,A,53.424651,-3.06333,North West,England,Wirral
{045A1898-CD14-9A24-E063-4804A8C048EA},180000,2022-09-09,2022,9,3,PR8 5PD,PR8,Semi-Detached,Freehold,False,SOUTHPORT,SEFTON,MERSEYSIDE,A,53.593282,-3.046891,North West,England,Sefton
{045A1898-CDAC-9A24-E063-4804A8C048EA},285000,2023-07-21,2023,7,3,L17 3AT,L17,Flat/Maisonette,Leasehold,False,LIVERPOOL,LIVERPOOL,MERSEYSIDE,A,53.378961,-2.95134,North West,England,Liverpool
{045A1898-CDC7-9A24-E063-4804A8C048EA},275000,2023-07-14,2023,7,3,PR8 6HS,PR8,Detached,Freehold,False,SOUTHPORT,SEFTON,MERSEYSIDE,A,53.593282,-3.046891,North West,England,Sefton
{045A1898-CDF7-9A24-E063-4804A8C048EA},30000,2023-03-06,2023,3,1,L22 1RG,L22,Flat/Maisonette,Leasehold,False,LIVERPOOL,SEFTON,MERSEYSIDE,A,53.470825,-3.022226,North West,England,Sefton
{045A1898-CEC1-9A24-E063-4804A8C048EA},260000,2023-07-31,2023,7,3,L15 5BL,L15,Terraced,Freehold,False,LIVERPOOL,LIVERPOOL,MERSEYSIDE,A,53.400438,-2.923513,North West,England,Liverpool
{045A1898-CF8B-9A24-E063-4804A8C048EA},295995,2022-07-29,2022,7,3,L31 1FL,L31,Detached,Freehold,True,LIVERPOOL,SEFTON,MERSEYSIDE,A,53.510885,-2.941655,North West,England,Sefton
{045A1898-D04E-9A24-E063-4804A8C048EA},875000,2023-07-24,2023,7,3,N20 0UX,N20,Semi-Detached,Freehold,False,LONDON,BARNET,GREATER LONDON,A,51.629744,-0.157921,London,England,Barnet
{045A1898-D113-9A24-E063-4804A8C048EA},1145000,2023-07-21,2023,7,3,N12 8EN,N12,Semi-Detached,Freehold,False,LONDON,BARNET,GREATER LONDON,A,51.611955,-0.186604,London,England,Barnet
{045A1898-D199-9A24-E063-4804A8C048EA},150000,2023-07-07,2023,7,3,NE24 3PZ,NE24,Semi-Detached,Freehold,False,BLYTH,NORTHUMBERLAND,NORTHUMBERLAND,A,55.112727,-1.526013,North East,England,Northumberland
{045A1898-D23C-9A24-E063-4804A8C048EA},147500,2022-08-26,2022,8,3,NE61 6FD,NE61,Flat/Maisonette,Leasehold,False,MORPETH,NORTHUMBERLAND,NORTHUMBERLAND,A,55.161368,-1.695212,North East,England,Northumberland
{045A1898-D266-9A24-E063-4804A8C048EA},495000,2021-09-29,2021,9,3,NE61 6GH,NE61,Detached,Freehold,False,MORPETH,NORTHUMBERLAND,NORTHUMBERLAND,A,55.161368,-1.695212,North East,England,Northumberland
{045A1898-D37B-9A24-E063-4804A8C048EA},202000,2023-07-11,2023,7,3,NE65 0AN,NE65,Semi-Detached,Freehold,False,MORPETH,NORTHUMBERLAND,NORTHUMBERLAND,A,55.305396,-1.796672,North East,England,Northumberland
{045A1898-D39A-9A24-E063-4804A8C048EA},330000,2023-08-17,2023,8,3,NE66 4LW,NE66,Terraced,Freehold,False,ALNWICK,NORTHUMBERLAND,NORTHUMBERLAND,A,55.429768,-1.615046,North East,England,Northumberland
{045A1898-D475-9A24-E063-4804A8C048EA},1890000,2023-07-28,2023,7,3,N2 0DF,N2,Semi-Detached,Freehold,False,LONDON,BARNET,GREATER LONDON,A,51.582578,-0.180326,London,England,Barnet
{045A1898-D5C5-9A24-E063-4804A8C048EA},575000,2022-04-01,2022,4,2,W9 2JQ,W9,Flat/Maisonette,Leasehold,False,LONDON,CITY OF WESTMINSTER,GREATER LONDON,A,51.528018,-0.204704,London,England,Westminster
{045A1898-D5E7-9A24-E063-4804A8C048EA},805000,2023-07-07,2023,7,3,NW3 2YH,NW3,Flat/Maisonette,Leasehold,False,LONDON,CAMDEN,GREATER LONDON,A,51.545363,-0.156413,London,England,Camden
{045A1898-D5EB-9A24-E063-4804A8C048EA},1200000,2023-06-30,2023,6,2,N7 0BN,N7,Detached,Freehold,False,LONDON,CAMDEN,GREATER LONDON,A,51.561777,-0.114703,London,England,Islington
{045A1898-D71F-9A24-E063-4804A8C048EA},320000,2023-07-28,2023,7,3,NR2 2HL,NR2,Terraced,Freehold,False,NORWICH,NORWICH,NORFOLK,A,52.628526,1.269934,East of England,England,Norwich
{045A1898-D733-9A24-E063-4804A8C048EA},111000,2023-08-14,2023,8,3,PE30 4HL,PE30,Flat/Maisonette,Leasehold,False,KING'S LYNN,KING'S LYNN AND WEST NORFOLK,NORFOLK,A,52.74312,0.394955,East of England,England,King's Lynn and West Norfolk
{045A1898-D734-9A24-E063-4804A8C048EA},226000,2023-08-04,2023,8,3,NR15 2ND,NR15,Semi-Detached,Freehold,False,NORWICH,SOUTH NORFOLK,NORFOLK,A,52.451667,1.175436,East of England,England,South Norfolk
{045A1898-D759-9A24-E063-4804A8C048EA},245000,2023-07-17,2023,7,3,PE30 5QJ,PE30,Terraced,Freehold,False,KING'S LYNN,KING'S LYNN AND WEST NORFOLK,NORFOLK,A,52.74312,0.394955,East of England,England,King's Lynn and West Norfolk
{045A1898-D84B-9A24-E063-4804A8C048EA},365000,2023-07-27,2023,7,3,PE38 9RW,PE38,Detached,Freehold,False,DOWNHAM MARKET,KING'S LYNN AND WEST NORFOLK,NORFOLK,A,52.60585,0.368983,East of England,England,King's Lynn and West Norfolk
{045A1898-D989-9A24-E063-4804A8C048EA},520000,2023-07-26,2023,7,3,NR20 3LD,NR20,Semi-Detached,Freehold,False,DEREHAM,SOUTH NORFOLK,NORFOLK,A,52.677174,0.955707,East of England,England,Breckland
{045A1898-D9B5-9A24-E063-4804A8C048EA},232000,2023-07-28,2023,7,3,PE31 6QN,PE31,Semi-Detached,Freehold,False,KING'S LYNN,KING'S LYNN AND WEST NORFOLK,NORFOLK,A,52.798451,0.5509,East of England,England,King's Lynn and West Norfolk
{045A1898-DB1A-9A24-E063-4804A8C048EA},350000,2023-07-12,2023,7,3,NR4 7TF,NR4,Semi-Detached,Freehold,False,NORWICH,NORWICH,NORFOLK,A,52.590637,1.257807,East of England,England,South Norfolk
{045A1898-DB8F-9A24-E063-4804A8C048EA},185000,2023-08-21,2023,8,3,NN17 2JA,NN17,Terraced,Freehold,False,CORBY,NORTH NORTHAMPTONSHIRE,NORTH NORTHAMPTONSHIRE,A,52.494522,-0.642931,East Midlands,England,North Northamptonshire
{045A1898-DC05-9A24-E063-4804A8C048EA},225000,2023-07-24,2023,7,3,NN3 6DT,NN3,Semi-Detached,Freehold,False,NORTHAMPTON,WEST NORTHAMPTONSHIRE,WEST NORTHAMPTONSHIRE,A,52.268232,-0.817676,East Midlands,England,West Northamptonshire
{045A1898-DCDF-9A24-E063-4804A8C048EA},220000,2023-08-04,2023,8,3,NN4 8ED,NN4,Terraced,Freehold,False,NORTHAMPTON,WEST NORTHAMPTONSHIRE,WEST NORTHAMPTONSHIRE,A,52.206321,-0.893765,East Midlands,England,West Northamptonshire
{045A1898-DD11-9A24-E063-4804A8C048EA},230000,2023-07-24,2023,7,3,NN8 2PN,NN8,Semi-Detached,Freehold,False,WELLINGBOROUGH,NORTH NORTHAMPTONSHIRE,NORTH NORTHAMPTONSHIRE,A,52.302877,-0.685432,East Midlands,England,North Northamptonshire
{045A1898-DD44-9A24-E063-4804A8C048EA},750000,2023-07-14,2023,7,3,NN17 3BX,NN17,Detached,Freehold,False,CORBY,NORTH NORTHAMPTONSHIRE,NORTH NORTHAMPTONSHIRE,A,52.494522,-0.642931,East Midlands,England,North Northamptonshire
{045A1898-DDA0-9A24-E063-4804A8C048EA},395000,2023-01-20,2023,1,1,NN7 2QN,NN7,Detached,Freehold,False,NORTHAMPTON,WEST NORTHAMPTONSHIRE,WEST NORTHAMPTONSHIRE,A,52.209996,-1.005648,East Midlands,England,West Northamptonshire
{045A1898-DDD9-9A24-E063-4804A8C048EA},594995,2021-11-19,2021,11,4,NN12 6UJ,NN12,Detached,Freehold,True,TOWCESTER,WEST NORTHAMPTONSHIRE,WEST NORTHAMPTONSHIRE,A,52.102167,-0.951616,East Midlands,England,West Northamptonshire
{045A1898-DF10-9A24-E063-4804A8C048EA},202500,2023-02-03,2023,2,1,NN3 8HH,NN3,Terraced,Freehold,False,NORTHAMPTON,WEST NORTHAMPTONSHIRE,WEST NORTHAMPTONSHIRE,A,52.268232,-0.817676,East Midlands,England,West Northamptonshire
{045A1898-DF13-9A24-E063-4804A8C048EA},235000,2023-07-12,2023,7,3,NN9 6HD,NN9,Semi-Detached,Freehold,False,WELLINGBOROUGH,NORTH NORTHAMPTONSHIRE,NORTH NORTHAMPTONSHIRE,A,52.337451,-0.658546,East Midlands,England,North Northamptonshire
{045A1898-DF43-9A24-E063-4804A8C048EA},245000,2023-07-14,2023,7,3,NN16 9ES,NN16,Semi-Detached,Freehold,False,KETTERING,NORTH NORTHAMPTONSHIRE,NORTH NORTHAMPTONSHIRE,A,52.40591,-0.722153,East Midlands,England,North Northamptonshire
{045A1898-DF92-9A24-E063-4804A8C048EA},355600,2023-07-10,2023,7,3,NG5 8EL,NG5,Detached,Freehold,False,NOTTINGHAM,GEDLING,NOTTINGHAMSHIRE,A,53.010165,-1.109872,East Midlands,England,Gedling
{045A1898-DFBD-9A24-E063-4804A8C048EA},141000,2023-08-07,2023,8,3,NG7 3FJ,NG7,Terraced,Freehold,False,NOTTINGHAM,CITY OF NOTTINGHAM,CITY OF NOTTINGHAM,B,52.951378,-1.179068,East Midlands,England,Nottingham
{045A1898-DFDE-9A24-E063-4804A8C048EA},185000,2023-08-02,2023,8,3,NG17 5BU,NG17,Detached,Freehold,False,SUTTON-IN-ASHFIELD,ASHFIELD,NOTTINGHAMSHIRE,A,53.116026,-1.263148,East Midlands,England,Ashfield
{045A1898-E10F-9A24-E063-4804A8C048EA},145000,2023-02-10,2023,2,1,NG17 5BH,NG17,Semi-Detached,Freehold,False,SUTTON-IN-ASHFIELD,ASHFIELD,NOTTINGHAMSHIRE,A,53.116026,-1.263148,East Midlands,England,Ashfield
{045A1898-E12C-9A24-E063-4804A8C048EA},145000,2023-03-03,2023,3,1,S80 3PG,S80,Semi-Detached,Freehold,False,WORKSOP,BASSETLAW,NOTTINGHAMSHIRE,A,53.306221,-1.114131,East Midlands,England,Bassetlaw
{045A1898-E23B-9A24-E063-4804A8C048EA},405000,2023-07-21,2023,7,3,DN10 6AE,DN10,Detached,Freehold,False,DONCASTER,BASSETLAW,NOTTINGHAMSHIRE,A,53.409517,-0.897494,East Midlands,England,Bassetlaw
{045A1898-E31D-9A24-E063-4804A8C048EA},181500,2023-07-27,2023,7,3,NG13 8TN,NG13,Terraced,Freehold,False,NOTTINGHAM,RUSHCLIFFE,NOTTINGHAMSHIRE,A,52.949575,-0.962279,East Midlands,England,Rushcliffe
{045A1898-E336-9A24-E063-4804A8C048EA},210000,2021-04-08,2021,4,2,NG15 6XF,NG15,Terraced,Freehold,True,NOTTINGHAM,ASHFIELD,NOTTINGHAMSHIRE,A,53.090894,-1.164098,East Midlands,England,Gedling
{045A1898-E360-9A24-E063-4804A8C048EA},509995,2021-12-17,2021,12,4,NG13 7AE,NG13,Detached,Freehold,True,NOTTINGHAM,RUSHCLIFFE,NOTTINGHAMSHIRE,A,52.949575,-0.962279,East Midlands,England,Rushcliffe
{045A1898-E361-9A24-E063-4804A8C048EA},406995,2021-12-17,2021,12,4,NG13 7AW,NG13,Detached,Freehold,True,NOTTINGHAM,RUSHCLIFFE,NOTTINGHAMSHIRE,A,52.949575,-0.962279,East Midlands,England,Rushcliffe
{045A1898-E37E-9A24-E063-4804A8C048EA},359995,2021-12-16,2021,12,4,NG13 7AR,NG13,Detached,Freehold,True,NOTTINGHAM,RUSHCLIFFE,NOTTINGHAMSHIRE,A,52.949575,-0.962279,East Midlands,England,Rushcliffe
{045A1898-E3AF-9A24-E063-4804A8C048EA},354495,2022-03-25,2022,3,1,S81 8WF,S81,Detached,Freehold,True,WORKSOP,BASSETLAW,NOTTINGHAMSHIRE,A,53.355487,-1.120007,East Midlands,England,Bassetlaw
{045A1898-E43E-9A24-E063-4804A8C048EA},217995,2022-06-30,2022,6,2,NG22 8GA,NG22,Detached,Freehold,True,NEWARK,NEWARK AND SHERWOOD,NOTTINGHAMSHIRE,A,53.232856,-0.886169,East Midlands,England,Bassetlaw
{045A1898-E442-9A24-E063-4804A8C048EA},204995,2022-06-20,2022,6,2,NG14 5JJ,NG14,Terraced,Freehold,True,NOTTINGHAM,GEDLING,NOTTINGHAMSHIRE,A,53.011138,-1.007992,East Midlands,England,Newark and Sherwood
{045A1898-E46B-9A24-E063-4804A8C048EA},237995,2022-07-28,2022,7,3,S81 7FT,S81,Semi-Detached,Freehold,True,WORKSOP,BASSETLAW,NOTTINGHAMSHIRE,A,53.355487,-1.120007,East Midlands,England,Bassetlaw
{045A1898-E489-9A24-E063-4804A8C048EA},346995,2022-09-15,2022,9,3,NG14 6SZ,NG14,Detached,Freehold,True,NOTTINGHAM,GEDLING,NOTTINGHAMSHIRE,A,53.011138,-1.007992,East Midlands,England,Newark and Sherwood
{045A1898-E579-9A24-E063-4804A8C048EA},160000,2023-03-17,2023,3,1,NG19 9DF,NG19,Semi-Detached,Freehold,False,MANSFIELD,MANSFIELD,NOTTINGHAMSHIRE,A,53.151788,-1.159029,East Midlands,England,Mansfield
{045A1898-E735-9A24-E063-4804A8C048EA},395000,2023-08-11,2023,8,3,HG3 2XL,HG3,Detached,Freehold,False,HARROGATE,NORTH YORKSHIRE,NORTH YORKSHIRE,A,54.005762,-1.576076,Yorkshire and The Humber,England,North Yorkshire
{045A1898-E7E8-9A24-E063-4804A8C048EA},275000,2022-08-12,2022,8,3,YO8 9FY,YO8,Detached,Freehold,False,SELBY,NORTH YORKSHIRE,NORTH YORKSHIRE,A,53.78447,-1.087689,Yorkshire and The Humber,England,North Yorkshire
{045A1898-E81D-9A24-E063-4804A8C048EA},275450,2023-07-03,2023,7,3,YO30 5QQ,YO30,Semi-Detached,Freehold,False,YORK,YORK,YORK,A,53.968259,-1.096078,Yorkshire and The Humber,England,York
{045A1898-E859-9A24-E063-4804A8C048EA},220000,2023-06-02,2023,6,2,YO21 1AJ,YO21,Flat/Maisonette,Leasehold,False,WHITBY,NORTH YORKSHIRE,NORTH YORKSHIRE,A,54.48105,-0.61659,Yorkshire and The Humber,England,North Yorkshire
{045A1898-E873-9A24-E063-4804A8C048EA},299950,2021-09-30,2021,9,3,YO51 9FW,YO51,Semi-Detached,Freehold,True,YORK,NORTH YORKSHIRE,NORTH YORKSHIRE,A,54.059502,-1.362459,Yorkshire and The Humber,England,North Yorkshire
{045A1898-E87E-9A24-E063-4804A8C048EA},245000,2021-10-04,2021,10,4,BD23 2FN,BD23,Flat/Maisonette,Leasehold,True,SKIPTON,NORTH YORKSHIRE,NORTH YORKSHIRE,A,53.975356,-1.997056,Yorkshire and The Humber,England,North Yorkshire
{045A1898-E978-9A24-E063-4804A8C048EA},274995,2022-07-29,2022,7,3,HG3 1GD,HG3,Terraced,Freehold,True,HARROGATE,NORTH YORKSHIRE,NORTH YORKSHIRE,A,54.005762,-1.576076,Yorkshire and The Humber,England,North Yorkshire
{045A1898-E991-9A24-E063-4804A8C048EA},300000,2023-07-28,2023,7,3,YO26 5QY,YO26,Semi-Detached,Freehold,False,YORK,YORK,YORK,A,53.959688,-1.126974,Yorkshire and The Humber,England,York
{045A1898-E997-9A24-E063-4804A8C048EA},120000,2023-07-21,2023,7,3,YO8 4BT,YO8,Terraced,Freehold,False,SELBY,NORTH YORKSHIRE,NORTH YORKSHIRE,A,53.78447,-1.087689,Yorkshire and The Humber,England,North Yorkshire
{045A1898-EA20-9A24-E063-4804A8C048EA},185000,2023-03-10,2023,3,1,OX18 2JG,OX18,Flat/Maisonette,Leasehold,False,BAMPTON,WEST OXFORDSHIRE,OXFORDSHIRE,A,51.770993,-1.585169,South East,England,West Oxfordshire
{045A1898-EAD0-9A24-E063-4804A8C048EA},450000,2023-02-24,2023,2,1,OX3 7DB,OX3,Semi-Detached,Freehold,False,OXFORD,OXFORD,OXFORDSHIRE,A,51.759292,-1.188208,South East,England,Oxford
{045A1898-EAED-9A24-E063-4804A8C048EA},332500,2022-03-30,2022,3,1,RG9 1UN,RG9,Flat/Maisonette,Leasehold,False,HENLEY-ON-THAMES,SOUTH OXFORDSHIRE,OXFORDSHIRE,A,51.53062,-0.917549,South East,England,South Oxfordshire
{045A1898-EC45-9A24-E063-4804A8C048EA},585000,2021-02-11,2021,2,1,OX14 4BF,OX14,Detached,Freehold,True,ABINGDON,VALE OF WHITE HORSE,OXFORDSHIRE,A,51.685438,-1.267788,South East,England,Vale of White Horse
{045A1898-ED60-9A24-E063-4804A8C048EA},1022500,2023-07-20,2023,7,3,RG8 7QQ,RG8,Detached,Freehold,False,READING,SOUTH OXFORDSHIRE,OXFORDSHIRE,A,51.48201,-1.04275,South East,England,West Berkshire
{045A1898-EDCE-9A24-E063-4804A8C048EA},555000,2023-07-18,2023,7,3,N17 9BG,N17,Terraced,Freehold,False,LONDON,HARINGEY,GREATER LONDON,A,51.589258,-0.056875,London,England,Haringey
{045A1898-EE0A-9A24-E063-4804A8C048EA},380000,2023-08-09,2023,8,3,PO6 2HE,PO6,Semi-Detached,Leasehold,False,PORTSMOUTH,PORTSMOUTH,PORTSMOUTH,A,50.845876,-1.056881,South East,England,Portsmouth
{045A1898-EE0C-9A24-E063-4804A8C048EA},170000,2023-07-21,2023,7,3,PO4 9QY,PO4,Flat/Maisonette,Leasehold,False,SOUTHSEA,PORTSMOUTH,PORTSMOUTH,A,50.796785,-1.059415,South East,England,Portsmouth
{045A1898-EE5D-9A24-E063-4804A8C048EA},143500,2023-07-26,2023,7,3,ST6 6JL,ST6,Semi-Detached,Freehold,False,STOKE-ON-TRENT,STOKE-ON-TRENT,STOKE-ON-TRENT,A,53.070174,-2.197711,West Midlands,England,Stoke-on-Trent
{045A1898-EEA2-9A24-E063-4804A8C048EA},188000,2023-03-30,2023,3,1,ST3 5TY,ST3,Semi-Detached,Freehold,False,STOKE-ON-TRENT,STOKE-ON-TRENT,STOKE-ON-TRENT,A,52.988789,-2.130318,West Midlands,England,Stoke-on-Trent
{045A1898-EF1B-9A24-E063-4804A8C048EA},355000,2023-03-17,2023,3,1,WS15 4PH,WS15,Detached,Freehold,False,RUGELEY,LICHFIELD,STAFFORDSHIRE,A,52.764187,-1.946335,West Midlands,England,Cannock Chase
{045A1898-F039-9A24-E063-4804A8C048EA},285000,2023-08-03,2023,8,3,ST13 5BT,ST13,Semi-Detached,Freehold,False,LEEK,STAFFORDSHIRE MOORLANDS,STAFFORDSHIRE,A,53.114223,-2.007008,West Midlands,England,Staffordshire Moorlands
{045A1898-F043-9A24-E063-4804A8C048EA},120000,2023-07-26,2023,7,3,ST3 6ER,ST3,Semi-Detached,Freehold,False,STOKE-ON-TRENT,STOKE-ON-TRENT,STOKE-ON-TRENT,A,52.988789,-2.130318,West Midlands,England,Stoke-on-Trent
{045A1898-F04C-9A24-E063-4804A8C048EA},140000,2023-07-21,2023,7,3,WV2 3DG,WV2,Terraced,Freehold,False,WOLVERHAMPTON,WOLVERHAMPTON,WEST MIDLANDS,A,52.571769,-2.108074,West Midlands,England,Wolverhampton
{045A1898-F077-9A24-E063-4804A8C048EA},375000,2023-08-18,2023,8,3,WS15 3AU,WS15,Detached,Freehold,False,RUGELEY,EAST STAFFORDSHIRE,STAFFORDSHIRE,A,52.764187,-1.946335,West Midlands,England,Cannock Chase
{045A1898-F0F8-9A24-E063-4804A8C048EA},240000,2023-07-21,2023,7,3,ST3 4NR,ST3,Semi-Detached,Freehold,False,STOKE-ON-TRENT,STOKE-ON-TRENT,STOKE-ON-TRENT,A,52.988789,-2.130318,West Midlands,England,Stoke-on-Trent
{045A1898-F180-9A24-E063-4804A8C048EA},222000,2023-03-22,2023,3,1,DE13 8LT,DE13,Flat/Maisonette,Leasehold,False,BURTON-ON-TRENT,EAST STAFFORDSHIRE,STAFFORDSHIRE,A,52.831495,-1.624434,West Midlands,England,East Staffordshire
{045A1898-F214-9A24-E063-4804A8C048EA},730000,2023-06-30,2023,6,2,WS15 3FG,WS15,Detached,Freehold,False,RUGELEY,EAST STAFFORDSHIRE,STAFFORDSHIRE,A,52.764187,-1.946335,West Midlands,England,Cannock Chase
{045A1898-F241-9A24-E063-4804A8C048EA},155000,2023-02-24,2023,2,1,WS13 6EA,WS13,Flat/Maisonette,Leasehold,False,LICHFIELD,LICHFIELD,STAFFORDSHIRE,A,52.674099,-1.835627,West Midlands,England,Lichfield
{045A1898-F264-9A24-E063-4804A8C048EA},120000,2023-07-24,2023,7,3,ST13 6BS,ST13,Terraced,Freehold,False,LEEK,STAFFORDSHIRE MOORLANDS,STAFFORDSHIRE,A,53.114223,-2.007008,West Midlands,England,Staffordshire Moorlands
{045A1898-F3FA-9A24-E063-4804A8C048EA},607500,2023-07-18,2023,7,3,SE4 1AG,SE4,Terraced,Freehold,False,LONDON,LEWISHAM,GREATER LONDON,A,51.462456,-0.032854,London,England,Lewisham
{045A1898-F407-9A24-E063-4804A8C048EA},605000,2023-07-21,2023,7,3,SM5 2HB,SM5,Terraced,Freehold,False,CARSHALTON,SUTTON,GREATER LONDON,A,51.373457,-0.170698,London,England,Sutton
{045A1898-F5BD-9A24-E063-4804A8C048EA},913503,2023-07-06,2023,7,3,SW2 3ST,SW2,Flat/Maisonette,Freehold,False,LONDON,LAMBETH,GREATER LONDON,A,51.446122,-0.12373,London,England,Lambeth
{045A1898-F63C-9A24-E063-4804A8C048EA},551000,2023-07-14,2023,7,3,DA16 3BQ,DA16,Terraced,Freehold,False,WELLING,BEXLEY,GREATER LONDON,A,51.468323,0.117141,London,England,Bexley
{045A1898-F668-9A24-E063-4804A8C048EA},276000,2022-12-21,2022,12,4,DA14 6PP,DA14,Flat/Maisonette,Leasehold,False,SIDCUP,BEXLEY,GREATER LONDON,A,51.42639,0.091063,London,England,Bexley
{045A1898-F755-9A24-E063-4804A8C048EA},295000,2023-06-09,2023,6,2,CR0 8DD,CR0,Flat/Maisonette,Leasehold,False,CROYDON,CROYDON,GREATER LONDON,A,51.373138,-0.116486,London,England,Croydon
{045A1898-F76F-9A24-E063-4804A8C048EA},360000,2023-07-21,2023,7,3,BR2 7BD,BR2,Flat/Maisonette,Leasehold,False,BROMLEY,BROMLEY,GREATER LONDON,A,51.391531,0.009999,London,England,Bromley
{045A1898-F7A6-9A24-E063-4804A8C048EA},285000,2023-08-04,2023,8,3,DA5 1EY,DA5,Flat/Maisonette,Leasehold,False,BEXLEY,BEXLEY,GREATER LONDON,A,51.443129,0.142151,London,England,Bexley
{045A1898-F7FF-9A24-E063-4804A8C048EA},280000,2023-06-28,2023,6,2,DA15 7ED,DA15,Flat/Maisonette,Leasehold,False,SIDCUP,BEXLEY,GREATER LONDON,A,51.431199,0.089671,London,England,Bexley
{045A1898-F982-9A24-E063-4804A8C048EA},290000,2020-12-18,2020,12,4,GU31 4FU,GU31,Flat/Maisonette,Freehold,False,PETERSFIELD,EAST HAMPSHIRE,HAMPSHIRE,A,50.967352,-0.877914,South East,England,Chichester
{045A1898-FA07-9A24-E063-4804A8C048EA},440000,2023-07-21,2023,7,3,IP5 2XX,IP5,Detached,Freehold,False,IPSWICH,EAST SUFFOLK,SUFFOLK,A,52.061734,1.255201,East of England,England,East Suffolk
{045A1898-FA19-9A24-E063-4804A8C048EA},340000,2023-07-27,2023,7,3,CB8 9LN,CB8,Detached,Freehold,False,NEWMARKET,WEST SUFFOLK,SUFFOLK,A,52.243285,0.39898,East of England,England,West Suffolk
{045A1898-FA70-9A24-E063-4804A8C048EA},967500,2023-07-06,2023,7,3,IP12 4TX,IP12,Detached,Freehold,False,WOODBRIDGE,EAST SUFFOLK,SUFFOLK,A,52.138029,1.525472,East of England,England,East Suffolk
{045A1898-FABA-9A24-E063-4804A8C048EA},214000,2023-04-28,2023,4,2,IP27 0EW,IP27,Detached,Freehold,False,BRANDON,WEST SUFFOLK,SUFFOLK,A,52.448819,0.625521,East of England,England,West Suffolk
{045A1898-FB16-9A24-E063-4804A8C048EA},310000,2023-02-27,2023,2,1,IP13 0RW,IP13,Detached,Freehold,False,WOODBRIDGE,EAST SUFFOLK,SUFFOLK,A,52.221265,1.336924,East of England,England,East Suffolk
{045A1898-FB3B-9A24-E063-4804A8C048EA},695000,2023-06-29,2023,6,2,IP23 7JL,IP23,Detached,Freehold,False,EYE,MID SUFFOLK,SUFFOLK,A,52.307014,1.032715,East of England,England,Mid Suffolk
{045A1898-FB57-9A24-E063-4804A8C048EA},280000,2023-07-20,2023,7,3,IP32 7GT,IP32,Terraced,Freehold,False,BURY ST EDMUNDS,WEST SUFFOLK,SUFFOLK,A,52.256417,0.695501,East of England,England,West Suffolk
{045A1898-FB7A-9A24-E063-4804A8C048EA},420000,2023-02-13,2023,2,1,IP6 8UD,IP6,Detached,Freehold,False,IPSWICH,MID SUFFOLK,SUFFOLK,A,52.146097,1.055093,East of England,England,Mid Suffolk
{045A1898-FBFE-9A24-E063-4804A8C048EA},300000,2022-09-30,2022,9,3,IP11 9FJ,IP11,Semi-Detached,Freehold,False,FELIXSTOWE,EAST SUFFOLK,SUFFOLK,A,51.959709,1.342883,East of England,England,East Suffolk
{045A1898-FC81-9A24-E063-4804A8C048EA},375000,2022-03-04,2022,3,1,IP11 9FY,IP11,Semi-Detached,Freehold,False,FELIXSTOWE,EAST SUFFOLK,SUFFOLK,A,51.959709,1.342883,East of England,England,East Suffolk
{045A1898-FD20-9A24-E063-4804A8C048EA},247500,2020-10-30,2020,10,4,IP32 6AE,IP32,Flat/Maisonette,Leasehold,True,BURY ST EDMUNDS,WEST SUFFOLK,SUFFOLK,B,52.256417,0.695501,East of England,England,West Suffolk
{045A1898-FD7D-9A24-E063-4804A8C048EA},375000,2023-07-20,2023,7,3,CO10 0YY,CO10,Detached,Freehold,False,SUDBURY,BABERGH,SUFFOLK,A,52.041557,0.727426,East of England,England,Babergh
{045A1898-FE43-9A24-E063-4804A8C048EA},220000,2023-07-28,2023,7,3,SY11 1SE,SY11,Detached,Freehold,False,OSWESTRY,SHROPSHIRE,SHROPSHIRE,A,52.862893,-3.057221,West Midlands,England,Shropshire
{045A1898-FE5D-9A24-E063-4804A8C048EA},192500,2023-07-20,2023,7,3,SY7 8JZ,SY7,Detached,Freehold,False,CRAVEN ARMS,SHROPSHIRE,SHROPSHIRE,A,52.441954,-2.841823,West Midlands,England,Shropshire
{045A1898-FEDD-9A24-E063-4804A8C048EA},246000,2023-08-07,2023,8,3,TF6 6FD,TF6,Semi-Detached,Freehold,False,TELFORD,WREKIN,WREKIN,A,52.758837,-2.546488,West Midlands,England,Telford and Wrekin
{045A1898-FFAF-9A24-E063-4804A8C048EA},160000,2023-08-29,2023,8,3,SY11 1AJ,SY11,Terraced,Freehold,False,OSWESTRY,SHROPSHIRE,SHROPSHIRE,A,52.862893,-3.057221,West Midlands,England,Shropshire
{045A1898-FFBA-9A24-E063-4804A8C048EA},230000,2023-07-31,2023,7,3,TF2 9SY,TF2,Semi-Detached,Freehold,False,TELFORD,WREKIN,WREKIN,A,52.722983,-2.421981,West Midlands,England,Telford and Wrekin
{045A1898-FFD2-9A24-E063-4804A8C048EA},625000,2023-08-01,2023,8,3,SY4 3LD,SY4,Detached,Freehold,False,SHREWSBURY,SHROPSHIRE,SHROPSHIRE,A,52.86152,-2.726757,West Midlands,England,Shropshire
{045A1899-0009-9A24-E063-4804A8C048EA},146000,2023-02-24,2023,2,1,TA1 1DX,TA1,Flat/Maisonette,Leasehold,False,TAUNTON,SOMERSET,SOMERSET,A,51.01506,-3.117738,South West,England,Somerset
{045A1899-00AC-9A24-E063-4804A8C048EA},172000,2023-06-26,2023,6,2,TA6 4UQ,TA6,Terraced,Freehold,False,BRIDGWATER,SOMERSET,SOMERSET,A,51.128205,-2.994122,South West,England,Somerset
{045A1899-00D6-9A24-E063-4804A8C048EA},270000,2023-07-14,2023,7,3,TA21 9AW,TA21,Semi-Detached,Freehold,False,WELLINGTON,SOMERSET,SOMERSET,A,50.975887,-3.275677,South West,England,Somerset
{045A1899-00FE-9A24-E063-4804A8C048EA},525000,2023-07-31,2023,7,3,BS40 6BQ,BS40,Terraced,Freehold,False,BRISTOL,BATH AND NORTH EAST SOMERSET,BATH AND NORTH EAST SOMERSET,A,51.364386,-2.762724,South West,England,North Somerset
{045A1899-010B-9A24-E063-4804A8C048EA},870000,2023-07-06,2023,7,3,BA2 5RZ,BA2,Detached,Freehold,False,BATH,BATH AND NORTH EAST SOMERSET,BATH AND NORTH EAST SOMERSET,A,51.370463,-2.353513,South West,England,Bath and North East Somerset
{045A1899-01A6-9A24-E063-4804A8C048EA},550000,2023-06-21,2023,6,2,BA2 4BZ,BA2,Flat/Maisonette,Leasehold,False,BATH,BATH AND NORTH EAST SOMERSET,BATH AND NORTH EAST SOMERSET,A,51.370463,-2.353513,South West,England,Bath and North East Somerset
{045A1899-034E-9A24-E063-4804A8C048EA},375000,2023-07-18,2023,7,3,TA19 9RA,TA19,Detached,Freehold,False,ILMINSTER,SOMERSET,SOMERSET,A,50.94405,-2.967898,South West,England,Somerset
{045A1899-040F-9A24-E063-4804A8C048EA},725000,2023-07-17,2023,7,3,RH16 1UH,RH16,Detached,Freehold,False,HAYWARDS HEATH,MID SUSSEX,WEST SUSSEX,A,50.995833,-0.081682,South East,England,Mid Sussex
{045A1899-0665-9A24-E063-4804A8C048EA},2325000,2023-07-31,2023,7,3,RH2 9PN,RH2,Detached,Freehold,False,REIGATE,REIGATE AND BANSTEAD,SURREY,A,51.231247,-0.193445,South East,England,Reigate and Banstead
{045A1899-0742-9A24-E063-4804A8C048EA},400500,2023-08-02,2023,8,3,KT20 5HD,KT20,Terraced,Freehold,False,TADWORTH,REIGATE AND BANSTEAD,SURREY,A,51.300682,-0.233068,South East,England,Reigate and Banstead
{045A1899-076E-9A24-E063-4804A8C048EA},615000,2023-07-07,2023,7,3,KT12 3LR,KT12,Semi-Detached,Freehold,False,WALTON-ON-THAMES,ELMBRIDGE,SURREY,A,51.390925,-0.420144,South East,England,Elmbridge
{045A1899-07CD-9A24-E063-4804A8C048EA},552500,2023-07-14,2023,7,3,GU8 5LN,GU8,Terraced,Freehold,False,GODALMING,WAVERLEY,SURREY,A,51.171646,-0.640516,South East,England,Waverley
{045A1899-07E8-9A24-E063-4804A8C048EA},375000,2023-07-17,2023,7,3,CR3 5AY,CR3,Terraced,Freehold,False,CATERHAM,TANDRIDGE,SURREY,A,51.286162,-0.077998,South East,England,Tandridge
{045A1899-0A09-9A24-E063-4804A8C048EA},510000,2022-01-28,2022,1,1,RH8 0GP,RH8,Flat/Maisonette,Leasehold,True,OXTED,TANDRIDGE,SURREY,A,51.236645,0.009386,South East,England,Tandridge
{045A1899-0AAE-9A24-E063-4804A8C048EA},282000,2022-08-01,2022,8,3,TW15 1HY,TW15,Flat/Maisonette,Leasehold,True,ASHFORD,SPELTHORNE,SURREY,A,51.427565,-0.47898,South East,England,Spelthorne
{045A1899-0ACE-9A24-E063-4804A8C048EA},945000,2022-09-23,2022,9,3,GU9 0FH,GU9,Detached,Freehold,True,FARNHAM,WAVERLEY,SURREY,A,51.21479,-0.804032,South East,England,Waverley
{045A1899-0AFC-9A24-E063-4804A8C048EA},425000,2022-12-21,2022,12,4,KT20 5HJ,KT20,Terraced,Freehold,False,TADWORTH,REIGATE AND BANSTEAD,SURREY,A,51.300682,-0.233068,South East,England,Reigate and Banstead
{045A1899-0BBF-9A24-E063-4804A8C048EA},110000,2023-06-28,2023,6,2,S8 8HF,S8,Flat/Maisonette,Leasehold,False,SHEFFIELD,SHEFFIELD,SOUTH YORKSHIRE,A,53.347945,-1.480607,Yorkshire and The Humber,England,Sheffield
{045A1899-0BF6-9A24-E063-4804A8C048EA},145000,2023-06-23,2023,6,2,DN7 5BJ,DN7,Semi-Detached,Freehold,False,DONCASTER,DONCASTER,SOUTH YORKSHIRE,A,53.582833,-1.009727,Yorkshire and The Humber,England,Doncaster
{045A1899-0C30-9A24-E063-4804A8C048EA},242000,2023-07-28,2023,7,3,DN4 6RZ,DN4,Detached,Freehold,False,DONCASTER,DONCASTER,SOUTH YORKSHIRE,A,53.499899,-1.184259,Yorkshire and The Humber,England,Doncaster
{045A1899-0CB0-9A24-E063-4804A8C048EA},260000,2023-08-16,2023,8,3,S35 8PA,S35,Semi-Detached,Freehold,False,SHEFFIELD,SHEFFIELD,SOUTH YORKSHIRE,A,53.466653,-1.485592,Yorkshire and The Humber,England,Sheffield
{045A1899-0CCE-9A24-E063-4804A8C048EA},280000,2023-07-19,2023,7,3,DN6 9DX,DN6,Detached,Freehold,False,DONCASTER,DONCASTER,SOUTH YORKSHIRE,A,53.591356,-1.205524,Yorkshire and The Humber,England,Doncaster
{045A1899-0D64-9A24-E063-4804A8C048EA},133000,2023-07-21,2023,7,3,DN12 2LB,DN12,Semi-Detached,Freehold,False,DONCASTER,DONCASTER,SOUTH YORKSHIRE,A,53.479381,-1.237842,Yorkshire and The Humber,England,Doncaster
{045A1899-0D80-9A24-E063-4804A8C048EA},220000,2023-08-25,2023,8,3,S26 6QJ,S26,Semi-Detached,Freehold,False,SHEFFIELD,ROTHERHAM,SOUTH YORKSHIRE,A,53.360417,-1.329791,Yorkshire and The Humber,England,Rotherham
{045A1899-0DEE-9A24-E063-4804A8C048EA},285000,2023-07-13,2023,7,3,DN3 2TL,DN3,Detached,Freehold,False,DONCASTER,DONCASTER,SOUTH YORKSHIRE,A,53.540066,-1.064535,Yorkshire and The Humber,England,Doncaster
{045A1899-0F29-9A24-E063-4804A8C048EA},155000,2023-07-19,2023,7,3,S6 2BD,S6,Terraced,Leasehold,False,SHEFFIELD,SHEFFIELD,SOUTH YORKSHIRE,A,53.40497,-1.506208,Yorkshire and The Humber,England,Sheffield
{045A1899-0F6E-9A24-E063-4804A8C048EA},191000,2022-01-21,2022,1,1,S13 7AE,S13,Semi-Detached,Freehold,True,SHEFFIELD,SHEFFIELD,SOUTH YORKSHIRE,A,53.362868,-1.414774,Yorkshire and The Humber,England,Sheffield
{045A1899-1178-9A24-E063-4804A8C048EA},315000,2023-08-11,2023,8,3,SE5 8DW,SE5,Flat/Maisonette,Leasehold,False,LONDON,SOUTHWARK,GREATER LONDON,A,51.461159,-0.087628,London,England,Southwark
{045A1899-11A8-9A24-E063-4804A8C048EA},427500,2023-04-14,2023,4,2,TW11 8BL,TW11,Flat/Maisonette,Leasehold,False,TEDDINGTON,RICHMOND UPON THAMES,GREATER LONDON,A,51.427439,-0.343552,London,England,Richmond upon Thames
{045A1899-1391-9A24-E063-4804A8C048EA},355000,2023-06-22,2023,6,2,SE11 6BE,SE11,Flat/Maisonette,Leasehold,False,LONDON,LAMBETH,GREATER LONDON,A,51.493917,-0.105749,London,England,Southwark
{045A1899-13BA-9A24-E063-4804A8C048EA},510000,2023-08-09,2023,8,3,SW18 1UE,SW18,Flat/Maisonette,Leasehold,False,LONDON,WANDSWORTH,GREATER LONDON,A,51.442657,-0.191635,London,England,Wandsworth
{045A1899-140F-9A24-E063-4804A8C048EA},350000,2023-07-31,2023,7,3,SW11 2NJ,SW11,Flat/Maisonette,Leasehold,False,LONDON,WANDSWORTH,GREATER LONDON,A,51.475587,-0.152864,London,England,Wandsworth
{045A1899-143B-9A24-E063-4804A8C048EA},470000,2021-03-30,2021,3,1,SE26 6NB,SE26,Flat/Maisonette,Leasehold,False,LONDON,LEWISHAM,GREATER LONDON,A,51.422636,-0.053378,London,England,Bromley
{045A1899-149D-9A24-E063-4804A8C048EA},320995,2022-01-31,2022,1,1,IG11 0AP,IG11,Flat/Maisonette,Leasehold,True,BARKING,BARKING AND DAGENHAM,GREATER LONDON,A,51.533175,0.075205,London,England,Barking and Dagenham
{045A1899-153B-9A24-E063-4804A8C048EA},750000,2022-06-06,2022,6,2,SW11 7DB,SW11,Flat/Maisonette,Leasehold,True,LONDON,WANDSWORTH,GREATER LONDON,A,51.475587,-0.152864,London,England,Wandsworth
{045A1899-153D-9A24-E063-4804A8C048EA},745000,2022-06-08,2022,6,2,SW11 7DB,SW11,Flat/Maisonette,Leasehold,True,LONDON,WANDSWORTH,GREATER LONDON,A,51.475587,-0.152864,London,England,Wandsworth
{045A1899-1580-9A24-E063-4804A8C048EA},550000,2023-01-19,2023,1,1,SE1 5DE,SE1,Flat/Maisonette,Leasehold,True,LONDON,SOUTHWARK,GREATER LONDON,A,51.496767,-0.077494,London,England,Southwark
{045A1899-160B-9A24-E063-4804A8C048EA},345000,2023-07-12,2023,7,3,ME15 6TB,ME15,Terraced,Freehold,False,MAIDSTONE,MAIDSTONE,KENT,A,51.263716,0.561508,South East,England,Maidstone
{045A1899-1713-9A24-E063-4804A8C048EA},859420,2022-01-27,2022,1,1,TN2 5FT,TN2,Detached,Freehold,True,TUNBRIDGE WELLS,TUNBRIDGE WELLS,KENT,A,51.150947,0.286144,South East,England,Tunbridge Wells
{045A1899-1753-9A24-E063-4804A8C048EA},656000,2022-04-22,2022,4,2,TN2 5GP,TN2,Semi-Detached,Freehold,True,TUNBRIDGE WELLS,TUNBRIDGE WELLS,KENT,A,51.150947,0.286144,South East,England,Tunbridge Wells
{045A1899-17A2-9A24-E063-4804A8C048EA},290500,2022-06-10,2022,6,2,CT1 1WB,CT1,Terraced,Freehold,True,CANTERBURY,CANTERBURY,KENT,A,51.281891,1.080351,South East,England,Canterbury
{045A1899-17D5-9A24-E063-4804A8C048EA},429995,2022-08-25,2022,8,3,TN12 0FY,TN12,Semi-Detached,Freehold,True,TONBRIDGE,MAIDSTONE,KENT,A,51.170792,0.486496,South East,England,Maidstone
{045A1899-181E-9A24-E063-4804A8C048EA},330000,2022-12-20,2022,12,4,ME8 8GA,ME8,Terraced,Freehold,True,GILLINGHAM,MEDWAY,MEDWAY,B,51.344901,0.597511,South East,England,Medway
{045A1899-1824-9A24-E063-4804A8C048EA},437600,2022-12-22,2022,12,4,ME8 8GA,ME8,Semi-Detached,Freehold,True,GILLINGHAM,MEDWAY,MEDWAY,A,51.344901,0.597511,South East,England,Medway
{045A1899-196A-9A24-E063-4804A8C048EA},235000,2023-07-14,2023,7,3,NE13 7ND,NE13,Terraced,Freehold,False,NEWCASTLE UPON TYNE,NEWCASTLE UPON TYNE,TYNE AND WEAR,A,55.029521,-1.646466,North East,England,Newcastle upon Tyne
{045A1899-19E5-9A24-E063-4804A8C048EA},176840,2023-07-26,2023,7,3,NE15 9LE,NE15,Terraced,Freehold,False,NEWCASTLE UPON TYNE,NEWCASTLE UPON TYNE,TYNE AND WEAR,A,54.980831,-1.721769,North East,England,Newcastle upon Tyne
{045A1899-1A43-9A24-E063-4804A8C048EA},230000,2023-07-21,2023,7,3,SR3 1NW,SR3,Detached,Freehold,False,SUNDERLAND,SUNDERLAND,TYNE AND WEAR,A,54.882823,-1.435191,North East,England,Sunderland
{045A1899-1A4D-9A24-E063-4804A8C048EA},116000,2023-04-06,2023,4,2,NE3 2PL,NE3,Terraced,Freehold,False,NEWCASTLE UPON TYNE,NEWCASTLE UPON TYNE,TYNE AND WEAR,A,55.01919,-1.660212,North East,England,Newcastle upon Tyne
{045A1899-1ACE-9A24-E063-4804A8C048EA},144000,2023-07-28,2023,7,3,NE30 4AD,NE30,Flat/Maisonette,Leasehold,False,NORTH SHIELDS,NORTH TYNESIDE,TYNE AND WEAR,A,55.021013,-1.425133,North East,England,North Tyneside
{045A1899-1BA0-9A24-E063-4804A8C048EA},88000,2023-07-13,2023,7,3,NE6 1QY,NE6,Semi-Detached,Freehold,False,NEWCASTLE UPON TYNE,NEWCASTLE UPON TYNE,TYNE AND WEAR,A,54.966343,-1.572298,North East,England,Newcastle upon Tyne
{045A1899-1BDA-9A24-E063-4804A8C048EA},118000,2023-07-11,2023,7,3,NE40 4UB,NE40,Terraced,Freehold,False,RYTON,GATESHEAD,TYNE AND WEAR,A,54.968793,-1.752435,North East,England,Gateshead
{045A1899-1BDE-9A24-E063-4804A8C048EA},89500,2023-06-30,2023,6,2,DH4 7HL,DH4,Terraced,Freehold,False,HOUGHTON LE SPRING,SUNDERLAND,TYNE AND WEAR,A,54.844666,-1.494197,North East,England,Sunderland
{045A1899-1CBC-9A24-E063-4804A8C048EA},386995,2021-06-04,2021,6,2,NE13 8BD,NE13,Detached,Freehold,True,NEWCASTLE UPON TYNE,NEWCASTLE UPON TYNE,TYNE AND WEAR,A,55.029521,-1.646466,North East,England,Newcastle upon Tyne
{045A1899-1DC0-9A24-E063-4804A8C048EA},96000,2023-08-01,2023,8,3,SR3 1RG,SR3,Terraced,Freehold,False,SUNDERLAND,SUNDERLAND,TYNE AND WEAR,A,54.882823,-1.435191,North East,England,Sunderland
{045A1899-1EBD-9A24-E063-4804A8C048EA},140000,2023-06-28,2023,6,2,SA12 7AE,SA12,Semi-Detached,Freehold,False,PORT TALBOT,NEATH PORT TALBOT,NEATH PORT TALBOT,A,51.614117,-3.773209,Wales,Wales,Neath Port Talbot
{045A1899-1EEB-9A24-E063-4804A8C048EA},640000,2023-07-14,2023,7,3,CF71 7NQ,CF71,Detached,Freehold,False,COWBRIDGE,THE VALE OF GLAMORGAN,THE VALE OF GLAMORGAN,A,51.458645,-3.450769,Wales,Wales,Vale of Glamorgan
{045A1899-2063-9A24-E063-4804A8C048EA},222500,2023-06-30,2023,6,2,CH4 0RA,CH4,Semi-Detached,Freehold,False,CHESTER,FLINTSHIRE,FLINTSHIRE,A,53.17796,-2.943864,Wales,Wales,Flintshire
{045A1899-20C5-9A24-E063-4804A8C048EA},73000,2023-06-15,2023,6,2,SA31 1LY,SA31,Flat/Maisonette,Leasehold,False,CARMARTHEN,CARMARTHENSHIRE,CARMARTHENSHIRE,A,51.844204,-4.326583,Wales,Wales,Carmarthenshire
{045A1899-2103-9A24-E063-4804A8C048EA},230000,2023-07-05,2023,7,3,SY24 5DF,SY24,Semi-Detached,Freehold,False,BOW STREET,CEREDIGION,CEREDIGION,A,52.442519,-4.0306,Wales,Wales,Ceredigion
{045A1899-21CD-9A24-E063-4804A8C048EA},518000,2023-07-12,2023,7,3,SY13 2JQ,SY13,Detached,Freehold,False,WHITCHURCH,WREXHAM,WREXHAM,A,52.967743,-2.686805,West Midlands,England,Shropshire
{045A1899-2237-9A24-E063-4804A8C048EA},205000,2023-08-15,2023,8,3,SA19 9ND,SA19,Detached,Freehold,False,LLANGADOG,CARMARTHENSHIRE,CARMARTHENSHIRE,A,51.885356,-3.98765,Wales,Wales,Carmarthenshire
{045A1899-227E-9A24-E063-4804A8C048EA},310000,2023-07-07,2023,7,3,NP25 3JX,NP25,Terraced,Freehold,False,MONMOUTH,MONMOUTHSHIRE,MONMOUTHSHIRE,A,51.808344,-2.725202,Wales,Wales,Monmouthshire
{045A1899-22D1-9A24-E063-4804A8C048EA},296000,2023-08-03,2023,8,3,CF23 8NG,CF23,Terraced,Freehold,False,CARDIFF,CARDIFF,CARDIFF,A,51.498215,-3.170504,Wales,Wales,Cardiff
{045A1899-2392-9A24-E063-4804A8C048EA},110000,2023-08-09,2023,8,3,LL14 2AD,LL14,Flat/Maisonette,Leasehold,False,WREXHAM,WREXHAM,WREXHAM,A,53.011013,-3.048573,Wales,Wales,Wrexham
{045A1899-23D8-9A24-E063-4804A8C048EA},196000,2023-07-24,2023,7,3,SA4 4PB,SA4,Semi-Detached,Freehold,False,SWANSEA,SWANSEA,SWANSEA,A,51.74492,-4.048,Wales,Wales,Carmarthenshire
{045A1899-23DF-9A24-E063-4804A8C048EA},170000,2023-07-12,2023,7,3,SA14 8UB,SA14,Terraced,Freehold,False,LLANELLI,CARMARTHENSHIRE,CARMARTHENSHIRE,A,51.702886,-4.133039,Wales,Wales,Carmarthenshire
{045A1899-23FB-9A24-E063-4804A8C048EA},375000,2023-07-25,2023,7,3,SA18 2JL,SA18,Detached,Freehold,False,AMMANFORD,CARMARTHENSHIRE,CARMARTHENSHIRE,A,51.77496,-4.024412,Wales,Wales,Carmarthenshire
{045A1899-242B-9A24-E063-4804A8C048EA},300000,2023-08-01,2023,8,3,CV5 9BJ,CV5,Terraced,Freehold,False,COVENTRY,COVENTRY,WEST MIDLANDS,A,52.417185,-1.572657,West Midlands,England,Coventry
{045A1899-243A-9A24-E063-4804A8C048EA},230000,2023-07-14,2023,7,3,CV10 8EW,CV10,Terraced,Freehold,False,NUNEATON,NUNEATON AND BEDWORTH,WARWICKSHIRE,A,52.506975,-1.465532,West Midlands,England,Nuneaton and Bedworth
{045A1899-2471-9A24-E063-4804A8C048EA},284000,2023-07-24,2023,7,3,CV5 9HG,CV5,Semi-Detached,Freehold,False,COVENTRY,COVENTRY,WEST MIDLANDS,A,52.417185,-1.572657,West Midlands,England,Coventry
{045A1899-24CC-9A24-E063-4804A8C048EA},490000,2023-08-18,2023,8,3,CV11 6JA,CV11,Detached,Freehold,False,NUNEATON,NUNEATON AND BEDWORTH,WARWICKSHIRE,A,52.517144,-1.467796,West Midlands,England,Nuneaton and Bedworth
{045A1899-24E4-9A24-E063-4804A8C048EA},150000,2023-06-28,2023,6,2,CV10 9LF,CV10,Terraced,Freehold,False,NUNEATON,NUNEATON AND BEDWORTH,WARWICKSHIRE,A,52.506975,-1.465532,West Midlands,England,Nuneaton and Bedworth
{045A1899-258F-9A24-E063-4804A8C048EA},150000,2023-03-27,2023,3,1,CV7 8GN,CV7,Terraced,Freehold,False,COVENTRY,NORTH WARWICKSHIRE,WARWICKSHIRE,A,52.473048,-1.477927,West Midlands,England,Nuneaton and Bedworth
{045A1899-2604-9A24-E063-4804A8C048EA},445000,2023-07-25,2023,7,3,CV35 0SW,CV35,Semi-Detached,Freehold,False,WARWICK,STRATFORD-ON-AVON,WARWICKSHIRE,A,52.189301,-1.60205,West Midlands,England,Stratford-on-Avon
{045A1899-2761-9A24-E063-4804A8C048EA},440000,2022-09-23,2022,9,3,CV33 8AF,CV33,Detached,Freehold,True,LEAMINGTON SPA,STRATFORD-ON-AVON,WARWICKSHIRE,A,52.236649,-1.46411,West Midlands,England,Stratford-on-Avon
{045A1899-2821-9A24-E063-4804A8C048EA},255000,2023-08-07,2023,8,3,B29 7RN,B29,Terraced,Freehold,False,BIRMINGHAM,BIRMINGHAM,WEST MIDLANDS,A,52.444802,-1.962846,West Midlands,England,Birmingham
{045A1899-2832-9A24-E063-4804A8C048EA},285000,2023-08-03,2023,8,3,DY6 8LA,DY6,Semi-Detached,Freehold,False,KINGSWINFORD,DUDLEY,WEST MIDLANDS,A,52.503694,-2.158615,West Midlands,England,Dudley
{045A1899-2881-9A24-E063-4804A8C048EA},181000,2022-09-06,2022,9,3,B31 5PT,B31,Terraced,Freehold,False,BIRMINGHAM,BIRMINGHAM,WEST MIDLANDS,A,52.422701,-1.984539,West Midlands,England,Birmingham
{045A1899-2883-9A24-E063-4804A8C048EA},200000,2023-06-29,2023,6,2,WS5 4PN,WS5,Semi-Detached,Freehold,False,WALSALL,WALSALL,WEST MIDLANDS,A,52.55352,-1.967843,West Midlands,England,Sandwell
{045A1899-2954-9A24-E063-4804A8C048EA},430000,2023-08-04,2023,8,3,B76 1EA,B76,Detached,Freehold,False,SUTTON COLDFIELD,BIRMINGHAM,WEST MIDLANDS,A,52.549287,-1.797188,West Midlands,England,Birmingham
{045A1899-2B15-9A24-E063-4804A8C048EA},225000,2023-07-20,2023,7,3,DY5 1AP,DY5,Detached,Freehold,False,BRIERLEY HILL,DUDLEY,WEST MIDLANDS,A,52.478521,-2.129091,West Midlands,England,Dudley
{045A1899-2B38-9A24-E063-4804A8C048EA},180000,2023-07-28,2023,7,3,DY3 2BP,DY3,Semi-Detached,Freehold,False,DUDLEY,DUDLEY,WEST MIDLANDS,A,52.518466,-2.11851,West Midlands,England,Dudley
{045A1899-2BBA-9A24-E063-4804A8C048EA},482500,2023-07-28,2023,7,3,DY2 7TR,DY2,Detached,Freehold,False,DUDLEY,DUDLEY,WEST MIDLANDS,A,52.496613,-2.085648,West Midlands,England,Dudley
{045A1899-2C92-9A24-E063-4804A8C048EA},125500,2020-11-23,2020,11,4,CV3 1BA,CV3,Terraced,Freehold,False,COVENTRY,COVENTRY,WEST MIDLANDS,A,52.388396,-1.513675,West Midlands,England,Coventry
{045A1899-2C93-9A24-E063-4804A8C048EA},85000,2021-12-17,2021,12,4,DY5 3QB,DY5,Flat/Maisonette,Leasehold,False,BRIERLEY HILL,DUDLEY,WEST MIDLANDS,A,52.478521,-2.129091,West Midlands,England,Dudley
{045A1899-2D83-9A24-E063-4804A8C048EA},255000,2023-07-31,2023,7,3,DY13 0BD,DY13,Semi-Detached,Freehold,False,STOURPORT-ON-SEVERN,WYRE FOREST,WORCESTERSHIRE,A,52.341213,-2.276764,West Midlands,England,Wyre Forest
{045A1899-2E9E-9A24-E063-4804A8C048EA},337000,2023-02-24,2023,2,1,WR5 2SE,WR5,Detached,Freehold,False,WORCESTER,WYCHAVON,WORCESTERSHIRE,A,52.170092,-2.199798,West Midlands,England,Worcester
{045A1899-2EFE-9A24-E063-4804A8C048EA},304500,2023-07-03,2023,7,3,WR11 1XU,WR11,Terraced,Freehold,False,EVESHAM,WYCHAVON,WORCESTERSHIRE,A,52.095134,-1.930245,West Midlands,England,Wychavon
{045A1899-2FEA-9A24-E063-4804A8C048EA},345000,2022-04-29,2022,4,2,BA5 3NQ,BA5,Detached,Freehold,False,WELLS,SOMERSET,SOMERSET,A,51.18588,-2.680103,South West,England,Somerset
{045A1899-30A2-9A24-E063-4804A8C048EA},275000,2023-06-30,2023,6,2,BN14 8BW,BN14,Flat/Maisonette,Leasehold,False,WORTHING,WORTHING,WEST SUSSEX,A,50.835564,-0.370071,South East,England,Worthing
{045A1899-30B2-9A24-E063-4804A8C048EA},400000,2023-08-07,2023,8,3,RH12 5JQ,RH12,Detached,Freehold,False,HORSHAM,HORSHAM,WEST SUSSEX,A,51.081301,-0.291849,South East,England,Horsham
{045A1899-30FF-9A24-E063-4804A8C048EA},220680,2023-07-18,2023,7,3,BN5 9HP,BN5,Terraced,Freehold,False,HENFIELD,HORSHAM,WEST SUSSEX,A,50.930678,-0.282858,South East,England,Horsham
{045A1899-3134-9A24-E063-4804A8C048EA},262000,2023-07-21,2023,7,3,RH16 1HA,RH16,Flat/Maisonette,Leasehold,False,HAYWARDS HEATH,MID SUSSEX,WEST SUSSEX,A,50.995833,-0.081682,South East,England,Mid Sussex
{045A1899-3305-9A24-E063-4804A8C048EA},439500,2020-10-30,2020,10,4,PO10 8GE,PO10,Detached,Freehold,True,EMSWORTH,CHICHESTER,WEST SUSSEX,A,50.846044,-0.921652,South East,England,Chichester
{045A1899-333D-9A24-E063-4804A8C048EA},435995,2022-06-30,2022,6,2,BN16 4QT,BN16,Semi-Detached,Freehold,True,LITTLEHAMPTON,ARUN,WEST SUSSEX,A,50.812718,-0.5176,South East,England,Arun
{045A1899-333E-9A24-E063-4804A8C048EA},275000,2023-03-20,2023,3,1,BN14 9BJ,BN14,Flat/Maisonette,Leasehold,False,WORTHING,WORTHING,WEST SUSSEX,A,50.835564,-0.370071,South East,England,Worthing
{045A1899-33DF-9A24-E063-4804A8C048EA},310000,2023-07-18,2023,7,3,RH10 5NW,RH10,Terraced,Freehold,False,CRAWLEY,CRAWLEY,WEST SUSSEX,A,51.112904,-0.175289,South East,England,Crawley
{045A1899-3560-9A24-E063-4804A8C048EA},880000,2023-07-14,2023,7,3,SN8 2DF,SN8,Detached,Freehold,False,MARLBOROUGH,WILTSHIRE,WILTSHIRE,A,51.34612,-1.666536,South West,England,Wiltshire
{045A1899-357B-9A24-E063-4804A8C048EA},200000,2023-07-21,2023,7,3,SP2 8NN,SP2,Flat/Maisonette,Leasehold,False,SALISBURY,WILTSHIRE,WILTSHIRE,A,51.053364,-1.789714,South West,England,Wiltshire
{045A1899-35DC-9A24-E063-4804A8C048EA},1100000,2023-02-10,2023,2,1,SP2 7TD,SP2,Detached,Freehold,False,SALISBURY,WILTSHIRE,WILTSHIRE,A,51.053364,-1.789714,South West,England,Wiltshire
{045A1899-3622-9A24-E063-4804A8C048EA},1395000,2022-10-28,2022,10,4,SN8 1ES,SN8,Detached,Freehold,False,MARLBOROUGH,WILTSHIRE,WILTSHIRE,A,51.34612,-1.666536,South West,England,Wiltshire
{045A1899-3631-9A24-E063-4804A8C048EA},352000,2023-05-25,2023,5,2,SN25 2QD,SN25,Semi-Detached,Freehold,False,SWINDON,SWINDON,SWINDON,A,51.603237,-1.812654,South West,England,Swindon
{045A1899-3685-9A24-E063-4804A8C048EA},547500,2023-07-17,2023,7,3,SP3 5PX,SP3,Terraced,Freehold,False,SALISBURY,WILTSHIRE,WILTSHIRE,A,51.22905,-1.951221,South West,England,Wiltshire
{045A1899-36DF-9A24-E063-4804A8C048EA},265000,2021-12-23,2021,12,4,SP4 9PX,SP4,Semi-Detached,Freehold,False,SALISBURY,WILTSHIRE,WILTSHIRE,A,51.162165,-1.764034,South West,England,Wiltshire
{045A1899-3780-9A24-E063-4804A8C048EA},339950,2023-07-26,2023,7,3,SN4 8LJ,SN4,Terraced,Freehold,False,SWINDON,WILTSHIRE,WILTSHIRE,A,51.519702,-1.788829,South West,England,Swindon
{045A1899-37F3-9A24-E063-4804A8C048EA},510000,2023-07-21,2023,7,3,HX3 7TD,HX3,Detached,Freehold,False,HALIFAX,CALDERDALE,WEST YORKSHIRE,A,53.733293,-1.865585,Yorkshire and The Humber,England,Calderdale
{045A1899-37FC-9A24-E063-4804A8C048EA},152500,2023-08-10,2023,8,3,BD17 6LY,BD17,Terraced,Freehold,False,SHIPLEY,BRADFORD,WEST YORKSHIRE,A,53.84331,-1.763757,Yorkshire and The Humber,England,Bradford
{045A1899-386E-9A24-E063-4804A8C048EA},202500,2023-07-10,2023,7,3,LS26 9DA,LS26,Semi-Detached,Freehold,False,LEEDS,LEEDS,WEST YORKSHIRE,A,53.757274,-1.494719,Yorkshire and The Humber,England,Leeds
{045A1899-39AF-9A24-E063-4804A8C048EA},235000,2023-07-21,2023,7,3,LS28 7NE,LS28,Terraced,Freehold,False,PUDSEY,LEEDS,WEST YORKSHIRE,A,53.81296,-1.675751,Yorkshire and The Humber,England,Leeds
{045A1899-39D5-9A24-E063-4804A8C048EA},190000,2023-06-30,2023,6,2,HX1 3ER,HX1,Semi-Detached,Freehold,False,HALIFAX,CALDERDALE,WEST YORKSHIRE,A,53.717229,-1.890532,Yorkshire and The Humber,England,Calderdale
{045A1899-3AD9-9A24-E063-4804A8C048EA},349995,2023-02-03,2023,2,1,WF4 3NE,WF4,Detached,Freehold,False,WAKEFIELD,WAKEFIELD,WEST YORKSHIRE,A,53.630719,-1.518308,Yorkshire and The Humber,England,Wakefield
{045A1899-3B4F-9A24-E063-4804A8C048EA},565000,2023-07-13,2023,7,3,LS23 6RX,LS23,Detached,Freehold,False,WETHERBY,LEEDS,WEST YORKSHIRE,A,53.891872,-1.346066,Yorkshire and The Humber,England,Leeds
{045A1899-3C10-9A24-E063-4804A8C048EA},1750000,2023-07-21,2023,7,3,LS17 9NB,LS17,Detached,Freehold,False,LEEDS,LEEDS,WEST YORKSHIRE,A,53.853924,-1.525877,Yorkshire and The Humber,England,Leeds
{045A1899-3C2A-9A24-E063-4804A8C048EA},338000,2023-04-04,2023,4,2,LS6 2SA,LS6,Detached,Freehold,False,LEEDS,LEEDS,WEST YORKSHIRE,A,53.817266,-1.58542,Yorkshire and The Humber,England,Leeds
{045A1899-3C34-9A24-E063-4804A8C048EA},196000,2023-07-28,2023,7,3,LS9 9EP,LS9,Semi-Detached,Freehold,False,LEEDS,LEEDS,WEST YORKSHIRE,A,53.790047,-1.5172,Yorkshire and The Humber,England,Leeds
{045A1899-3C35-9A24-E063-4804A8C048EA},115000,2022-05-27,2022,5,2,WF3 1AD,WF3,Flat/Maisonette,Leasehold,False,WAKEFIELD,LEEDS,WEST YORKSHIRE,B,53.729205,-1.571098,Yorkshire and The Humber,England,Leeds
{045A1899-3C65-9A24-E063-4804A8C048EA},60000,2023-06-30,2023,6,2,LS27 8QA,LS27,Flat/Maisonette,Leasehold,False,LEEDS,LEEDS,WEST YORKSHIRE,A,53.743672,-1.601473,Yorkshire and The Humber,England,Leeds
{045A1899-3C74-9A24-E063-4804A8C048EA},260000,2023-07-31,2023,7,3,WF2 0FD,WF2,Detached,Freehold,False,WAKEFIELD,WAKEFIELD,WEST YORKSHIRE,A,53.642325,-1.516603,Yorkshire and The Humber,England,Wakefield
{045A1899-3C78-9A24-E063-4804A8C048EA},199950,2023-07-21,2023,7,3,LS28 6LD,LS28,Semi-Detached,Freehold,False,PUDSEY,LEEDS,WEST YORKSHIRE,A,53.81296,-1.675751,Yorkshire and The Humber,England,Leeds
{045A1899-3D79-9A24-E063-4804A8C048EA},90000,2023-02-24,2023,2,1,HX2 8SZ,HX2,Semi-Detached,Freehold,False,HALIFAX,CALDERDALE,WEST YORKSHIRE,A,53.758184,-1.886877,Yorkshire and The Humber,England,Calderdale
{045A1899-3DF2-9A24-E063-4804A8C048EA},95000,2023-07-14,2023,7,3,LS14 5JZ,LS14,Flat/Maisonette,Leasehold,False,LEEDS,LEEDS,WEST YORKSHIRE,A,53.824018,-1.451275,Yorkshire and The Humber,England,Leeds
{045A1899-3E0C-9A24-E063-4804A8C048EA},240000,2023-08-07,2023,8,3,LS10 4FQ,LS10,Terraced,Freehold,False,LEEDS,LEEDS,WEST YORKSHIRE,A,53.781097,-1.535939,Yorkshire and The Humber,England,Leeds
{045A1899-3E3C-9A24-E063-4804A8C048EA},165000,2021-12-21,2021,12,4,YO25 6BF,YO25,Terraced,Freehold,True,DRIFFIELD,EAST RIDING OF YORKSHIRE,EAST RIDING OF YORKSHIRE,A,54.000871,-0.444985,Yorkshire and The Humber,England,East Riding of Yorkshire
{045A1899-3E54-9A24-E063-4804A8C048EA},265000,2022-03-15,2022,3,1,HU16 5UN,HU16,Detached,Freehold,True,COTTINGHAM,EAST RIDING OF YORKSHIRE,EAST RIDING OF YORKSHIRE,A,53.790456,-0.406881,Yorkshire and The Humber,England,East Riding of Yorkshire
{045A1899-3FFD-9A24-E063-4804A8C048EA},220000,2023-07-18,2023,7,3,S6 4NA,S6,Terraced,Freehold,False,SHEFFIELD,SHEFFIELD,SOUTH YORKSHIRE,A,53.40497,-1.506208,Yorkshire and The Humber,England,Sheffield
{045A1899-4000-9A24-E063-4804A8C048EA},225000,2023-03-20,2023,3,1,S10 1LL,S10,Terraced,Leasehold,False,SHEFFIELD,SHEFFIELD,SOUTH YORKSHIRE,A,53.386063,-1.509673,Yorkshire and The Humber,England,Sheffield
{045A1899-4009-9A24-E063-4804A8C048EA},220000,2023-07-27,2023,7,3,S36 2TP,S36,Semi-Detached,Freehold,False,SHEFFIELD,SHEFFIELD,SOUTH YORKSHIRE,A,53.526286,-1.667048,Yorkshire and The Humber,England,Barnsley
{045A1899-403D-9A24-E063-4804A8C048EA},78500,2023-05-12,2023,5,2,LS8 5LF,LS8,Terraced,Freehold,False,LEEDS,LEEDS,WEST YORKSHIRE,A,53.814593,-1.499498,Yorkshire and The Humber,England,Leeds
{045A1899-4085-9A24-E063-4804A8C048EA},325000,2023-02-24,2023,2,1,BD10 0DQ,BD10,Detached,Freehold,False,BRADFORD,BRADFORD,WEST YORKSHIRE,A,53.835796,-1.729413,Yorkshire and The Humber,England,Bradford
{045A1899-40FD-9A24-E063-4804A8C048EA},395000,2021-12-16,2021,12,4,LS11 8DU,LS11,Detached,Freehold,False,LEEDS,LEEDS,WEST YORKSHIRE,A,53.782836,-1.563556,Yorkshire and The Humber,England,Leeds
{045A1899-4147-9A24-E063-4804A8C048EA},185000,2022-03-18,2022,3,1,HX3 8QL,HX3,Terraced,Freehold,False,HALIFAX,CALDERDALE,WEST YORKSHIRE,A,53.733293,-1.865585,Yorkshire and The Humber,England,Calderdale
{045A1899-41C0-9A24-E063-4804A8C048EA},95000,2022-07-08,2022,7,3,WF14 8PD,WF14,Terraced,Freehold,False,MIRFIELD,KIRKLEES,WEST YORKSHIRE,A,53.683547,-1.678288,Yorkshire and The Humber,England,Kirklees
{045A1899-4216-9A24-E063-4804A8C048EA},255995,2022-08-05,2022,8,3,HD6 3FD,HD6,Terraced,Freehold,True,BRIGHOUSE,CALDERDALE,WEST YORKSHIRE,A,53.708819,-1.785385,Yorkshire and The Humber,England,Calderdale
{045A1899-424B-9A24-E063-4804A8C048EA},299950,2019-07-26,2019,7,3,WF1 4FZ,WF1,Detached,Freehold,True,WAKEFIELD,WAKEFIELD,WEST YORKSHIRE,A,53.681753,-1.477301,Yorkshire and The Humber,England,Wakefield
{045A1899-443A-9A24-E063-4804A8C048EA},348634,2021-06-07,2021,6,2,E20 3AT,E20,Flat/Maisonette,Leasehold,True,LONDON,HACKNEY,GREATER LONDON,B,51.549225,-0.01189,London,England,Newham
{045A1899-44EE-9A24-E063-4804A8C048EA},315000,2022-06-30,2022,6,2,HA1 4GJ,HA1,Flat/Maisonette,Leasehold,True,HARROW,HARROW,GREATER LONDON,B,51.577763,-0.333257,London,England,Harrow
{045A1899-4567-9A24-E063-4804A8C048EA},435000,2023-08-01,2023,8,3,BS16 3DT,BS16,Terraced,Freehold,False,BRISTOL,CITY OF BRISTOL,CITY OF BRISTOL,B,51.502204,-2.521266,South West,England,South Gloucestershire
{045A1899-45E2-9A24-E063-4804A8C048EA},305000,2023-06-16,2023,6,2,LU2 7QW,LU2,Terraced,Freehold,False,LUTON,LUTON,LUTON,B,51.89175,-0.399907,East of England,England,Luton
{045A1899-4706-9A24-E063-4804A8C048EA},277500,2022-04-11,2022,4,2,SL1 3GN,SL1,Flat/Maisonette,Leasehold,True,SLOUGH,SLOUGH,SLOUGH,B,51.518776,-0.643225,South East,England,Slough
{045A1899-47A3-9A24-E063-4804A8C048EA},201000,2023-07-14,2023,7,3,MK12 5BQ,MK12,Terraced,Freehold,False,MILTON KEYNES,MILTON KEYNES,MILTON KEYNES,B,52.054883,-0.810579,South East,England,Milton Keynes
{045A1899-4815-9A24-E063-4804A8C048EA},600000,2022-11-22,2022,11,4,HP18 0RB,HP18,Other,Freehold,False,AYLESBURY,BUCKINGHAMSHIRE,BUCKINGHAMSHIRE,B,51.834904,-0.856423,South East,England,Buckinghamshire
{045A1899-486A-9A24-E063-4804A8C048EA},180000,2023-07-27,2023,7,3,CB7 4AF,CB7,Flat/Maisonette,Leasehold,False,ELY,EAST CAMBRIDGESHIRE,CAMBRIDGESHIRE,B,52.404916,0.278813,East of England,England,East Cambridgeshire
{045A1899-4976-9A24-E063-4804A8C048EA},94500,2023-03-13,2023,3,1,CH65 4AF,CH65,Terraced,Freehold,False,ELLESMERE PORT,CHESHIRE WEST AND CHESTER,CHESHIRE WEST AND CHESTER,B,53.276939,-2.892593,North West,England,Cheshire West and Chester
{045A1899-4980-9A24-E063-4804A8C048EA},96000,2023-07-13,2023,7,3,CW8 4DD,CW8,Terraced,Freehold,False,NORTHWICH,CHESHIRE WEST AND CHESTER,CHESHIRE WEST AND CHESTER,B,53.255317,-2.524199,North West,England,Cheshire West and Chester
{045A1899-4AC5-9A24-E063-4804A8C048EA},315000,2020-02-14,2020,2,1,TR11 4TB,TR11,Other,Freehold,False,FALMOUTH,CORNWALL,CORNWALL,B,50.157012,-5.074317,South West,England,Cornwall
{045A1899-4B7C-9A24-E063-4804A8C048EA},433333,2022-03-18,2022,3,1,LA8 9QQ,LA8,Other,Freehold,False,KENDAL,WESTMORLAND AND FURNESS,WESTMORLAND AND FURNESS,B,54.254975,-2.711128,North West,England,Westmorland and Furness
{045A1899-4B7D-9A24-E063-4804A8C048EA},225000,2022-04-07,2022,4,2,CA10 1EU,CA10,Semi-Detached,Freehold,False,PENRITH,WESTMORLAND AND FURNESS,WESTMORLAND AND FURNESS,B,54.649465,-2.741143,North West,England,Westmorland and Furness
{045A1899-4C29-9A24-E063-4804A8C048EA},325000,2023-07-25,2023,7,3,NP12 1AA,NP12,Other,Freehold,False,BLACKWOOD,CAERPHILLY,CAERPHILLY,B,51.64887,-3.200269,Wales,Wales,Caerphilly
{045A1899-4C48-9A24-E063-4804A8C048EA},328000,2023-07-05,2023,7,3,SA70 7DY,SA70,Terraced,Leasehold,False,TENBY,PEMBROKESHIRE,PEMBROKESHIRE,B,51.695101,-4.8196,Wales,Wales,Pembrokeshire
{045A1899-4CFE-9A24-E063-4804A8C048EA},350,2022-04-20,2022,4,2,SY15 6NW,SY15,Other,Freehold,False,MONTGOMERY,POWYS,POWYS,B,52.566175,-3.147371,Wales,Wales,Powys
{045A1899-4DA7-9A24-E063-4804A8C048EA},300000,2023-07-28,2023,7,3,EX2 8HF,EX2,Other,Freehold,False,EXETER,EXETER,DEVON,B,50.696534,-3.528378,South West,England,Exeter
{045A1899-4E28-9A24-E063-4804A8C048EA},120000,2022-07-20,2022,7,3,BH2 5RT,BH2,Flat/Maisonette,Leasehold,False,BOURNEMOUTH,"BOURNEMOUTH, CHRISTCHURCH AND POOLE","BOURNEMOUTH, CHRISTCHURCH AND POOLE",B,50.721308,-1.891257,South West,England,"Bournemouth, Christchurch and Poole"
{045A1899-4EF8-9A24-E063-4804A8C048EA},80999,2023-07-20,2023,7,3,DL17 8EX,DL17,Terraced,Freehold,False,FERRYHILL,COUNTY DURHAM,COUNTY DURHAM,B,54.699665,-1.519927,North East,England,County Durham
{045A1899-5069-9A24-E063-4804A8C048EA},115000,2023-02-28,2023,2,1,S44 6QT,S44,Terraced,Freehold,False,CHESTERFIELD,BOLSOVER,DERBYSHIRE,B,53.222408,-1.290591,East Midlands,England,Bolsover
{045A1899-50CB-9A24-E063-4804A8C048EA},470000,2023-02-16,2023,2,1,E11 2SD,E11,Flat/Maisonette,Leasehold,False,LONDON,REDBRIDGE,GREATER LONDON,B,51.563984,0.022689,London,England,Redbridge
{045A1899-5128-9A24-E063-4804A8C048EA},170000,2023-07-07,2023,7,3,BN27 1EB,BN27,Semi-Detached,Freehold,False,HAILSHAM,WEALDEN,EAST SUSSEX,B,50.89056,0.187086,South East,England,Wealden
{045A1899-5214-9A24-E063-4804A8C048EA},232500,2023-05-04,2023,5,2,SS2 4HJ,SS2,Terraced,Freehold,False,SOUTHEND-ON-SEA,SOUTHEND-ON-SEA,SOUTHEND-ON-SEA,B,51.542896,0.735714,East of England,England,Southend-on-Sea
{045A1899-5362-9A24-E063-4804A8C048EA},156000,2023-08-25,2023,8,3,M30 0SR,M30,Flat/Maisonette,Leasehold,False,MANCHESTER,SALFORD,GREATER MANCHESTER,B,53.484157,-2.344962,North West,England,Salford
{045A1899-558A-9A24-E063-4804A8C048EA},95000,2022-11-07,2022,11,4,PO5 2NF,PO5,Flat/Maisonette,Leasehold,False,SOUTHSEA,PORTSMOUTH,PORTSMOUTH,B,50.78819,-1.07762,South East,England,Portsmouth
{045A1899-558C-9A24-E063-4804A8C048EA},400000,2023-04-14,2023,4,2,SO50 9FH,SO50,Other,Freehold,False,EASTLEIGH,EASTLEIGH,HAMPSHIRE,B,50.971774,-1.346393,South East,England,Eastleigh
{045A1899-564F-9A24-E063-4804A8C048EA},149500,2023-07-21,2023,7,3,SO30 3FJ,SO30,Semi-Detached,Freehold,False,SOUTHAMPTON,SOUTHAMPTON,SOUTHAMPTON,B,50.904896,-1.301378,South East,England,Eastleigh
{045A1899-56E2-9A24-E063-4804A8C048EA},59158,2022-10-31,2022,10,4,DN36 4ZL,DN36,Terraced,Freehold,True,GRIMSBY,NORTH EAST LINCOLNSHIRE,NORTH EAST LINCOLNSHIRE,B,53.526126,-0.028852,Yorkshire and The Humber,England,North East Lincolnshire
{045A1899-578B-9A24-E063-4804A8C048EA},300000,2023-07-13,2023,7,3,DA13 0SR,DA13,Other,Freehold,False,GRAVESEND,GRAVESHAM,KENT,B,51.333345,0.36577,South East,England,Gravesham
{045A1899-57D0-9A24-E063-4804A8C048EA},320000,2023-07-31,2023,7,3,CT11 8NQ,CT11,Flat/Maisonette,Freehold,False,RAMSGATE,THANET,KENT,B,51.337771,1.41385,South East,England,Thanet
{045A1899-5823-9A24-E063-4804A8C048EA},241501,2023-07-13,2023,7,3,CT2 0NN,CT2,Semi-Detached,Freehold,False,CANTERBURY,CANTERBURY,KENT,B,51.287712,1.083366,South East,England,Canterbury
{045A1899-5865-9A24-E063-4804A8C048EA},102500,2023-07-24,2023,7,3,L5 6PX,L5,Other,Freehold,False,LIVERPOOL,LIVERPOOL,MERSEYSIDE,B,53.424403,-2.957606,North West,England,Liverpool
{045A1899-58AC-9A24-E063-4804A8C048EA},165000,2023-07-07,2023,7,3,WA4 6PZ,WA4,Terraced,Leasehold,False,WARRINGTON,WARRINGTON,WARRINGTON,B,53.375905,-2.564973,North West,England,Warrington
{045A1899-58FF-9A24-E063-4804A8C048EA},70000,2023-07-07,2023,7,3,BB5 3JP,BB5,Terraced,Freehold,False,ACCRINGTON,HYNDBURN,LANCASHIRE,B,53.753894,-2.344699,North West,England,Hyndburn
{045A1899-5979-9A24-E063-4804A8C048EA},610,2023-04-21,2023,4,2,FY8 3JX,FY8,Other,Freehold,False,LYTHAM ST ANNES,FYLDE,LANCASHIRE,B,53.7533,-3.001045,North West,England,Fylde
{045A1899-59F6-9A24-E063-4804A8C048EA},85000,2022-05-13,2022,5,2,PR6 9AR,PR6,Other,Freehold,False,CHORLEY,CHORLEY,LANCASHIRE,B,53.690878,-2.568938,North West,England,Chorley
{045A1899-5A61-9A24-E063-4804A8C048EA},47398,2022-12-16,2022,12,4,L40 7AL,L40,Flat/Maisonette,Leasehold,True,ORMSKIRK,WEST LANCASHIRE,LANCASHIRE,B,53.589737,-2.857521,North West,England,West Lancashire
{045A1899-5B0F-9A24-E063-4804A8C048EA},200000,2023-07-28,2023,7,3,PE21 9HY,PE21,Terraced,Freehold,False,BOSTON,BOSTON,LINCOLNSHIRE,B,52.9783,-0.028187,East Midlands,England,Boston
{045A1899-5B1B-9A24-E063-4804A8C048EA},243000,2023-07-11,2023,7,3,PE10 9QY,PE10,Detached,Freehold,False,BOURNE,SOUTH KESTEVEN,LINCOLNSHIRE,B,52.770663,-0.377152,East Midlands,England,South Kesteven
{045A1899-5B93-9A24-E063-4804A8C048EA},190000,2023-07-28,2023,7,3,LE67 5FY,LE67,Semi-Detached,Freehold,False,COALVILLE,NORTH WEST LEICESTERSHIRE,LEICESTERSHIRE,B,52.689993,-1.30905,East Midlands,England,Hinckley and Bosworth
{045A1899-5C47-9A24-E063-4804A8C048EA},90000,2023-07-06,2023,7,3,OL12 9JQ,OL12,Flat/Maisonette,Leasehold,False,ROCHDALE,ROCHDALE,GREATER MANCHESTER,B,53.631174,-2.139188,North West,England,Rochdale
{045A1899-5CE5-9A24-E063-4804A8C048EA},251375,2021-09-17,2021,9,3,M5 4RT,M5,Flat/Maisonette,Leasehold,True,SALFORD,SALFORD,GREATER MANCHESTER,B,53.478991,-2.267065,North West,England,Salford
{045A1899-5CF2-9A24-E063-4804A8C048EA},260685,2021-09-17,2021,9,3,M5 4RN,M5,Flat/Maisonette,Leasehold,True,SALFORD,SALFORD,GREATER MANCHESTER,B,53.478991,-2.267065,North West,England,Salford
{045A1899-5CFB-9A24-E063-4804A8C048EA},186203,2021-09-17,2021,9,3,M5 4RN,M5,Flat/Maisonette,Leasehold,True,SALFORD,SALFORD,GREATER MANCHESTER,B,53.478991,-2.267065,North West,England,Salford
{045A1899-5DF2-9A24-E063-4804A8C048EA},3250000,2021-11-12,2021,11,4,DY4 7UU,DY4,Other,Freehold,False,TIPTON,SANDWELL,WEST MIDLANDS,B,52.526434,-2.071644,West Midlands,England,Sandwell
{045A1899-5ED7-9A24-E063-4804A8C048EA},2993089,2023-07-19,2023,7,3,L1 0AR,L1,Other,Freehold,False,LIVERPOOL,LIVERPOOL,MERSEYSIDE,B,53.399414,-2.985366,North West,England,Liverpool
{045A1899-5F15-9A24-E063-4804A8C048EA},51000,2023-05-05,2023,5,2,PR9 9AW,PR9,Flat/Maisonette,Leasehold,False,SOUTHPORT,SEFTON,MERSEYSIDE,B,53.651503,-3.003564,North West,England,Sefton
{045A1899-5FF5-9A24-E063-4804A8C048EA},460000,2023-07-14,2023,7,3,N17 6RG,N17,Terraced,Freehold,False,LONDON,HARINGEY,GREATER LONDON,B,51.589258,-0.056875,London,England,Haringey
{045A1899-6144-9A24-E063-4804A8C048EA},10000,2023-01-20,2023,1,1,E10 6NT,E10,Other,Freehold,False,LONDON,WALTHAM FOREST,GREATER LONDON,B,51.566832,-0.031597,London,England,Waltham Forest
{045A1899-6148-9A24-E063-4804A8C048EA},450000,2020-09-18,2020,9,3,NR1 3TF,NR1,Other,Freehold,False,NORWICH,NORWICH,NORFOLK,B,52.628998,1.300876,East of England,England,Norwich
{045A1899-61C0-9A24-E063-4804A8C048EA},310500,2022-01-10,2022,1,1,PE38 9AX,PE38,Other,Freehold,False,DOWNHAM MARKET,KING'S LYNN AND WEST NORFOLK,NORFOLK,B,52.60585,0.368983,East of England,England,King's Lynn and West Norfolk
{045A1899-63F0-9A24-E063-4804A8C048EA},340000,2021-11-26,2021,11,4,DL8 5AQ,DL8,Other,Freehold,False,LEYBURN,NORTH YORKSHIRE,NORTH YORKSHIRE,B,54.333843,-1.626875,Yorkshire and The Humber,England,North Yorkshire
{045A1899-6414-9A24-E063-4804A8C048EA},345000,2021-11-19,2021,11,4,HG1 2HR,HG1,Flat/Maisonette,Leasehold,True,HARROGATE,NORTH YORKSHIRE,NORTH YORKSHIRE,B,53.993275,-1.529254,Yorkshire and The Humber,England,North Yorkshire
{045A1899-657C-9A24-E063-4804A8C048EA},737500,2023-07-21,2023,7,3,DY3 4DA,DY3,Other,Freehold,False,DUDLEY,SOUTH STAFFORDSHIRE,STAFFORDSHIRE,B,52.518466,-2.11851,West Midlands,England,Dudley
{045A1899-6615-9A24-E063-4804A8C048EA},60000,2023-07-13,2023,7,3,ST4 2BL,ST4,Terraced,Freehold,False,STOKE-ON-TRENT,STOKE-ON-TRENT,STOKE-ON-TRENT,B,52.990985,-2.194636,West Midlands,England,Stoke-on-Trent
{045A1899-6691-9A24-E063-4804A8C048EA},148000,2023-03-01,2023,3,1,SE19 3PR,SE19,Flat/Maisonette,Leasehold,False,LONDON,CROYDON,GREATER LONDON,B,51.418992,-0.089274,London,England,Croydon
{045A1899-6717-9A24-E063-4804A8C048EA},150000,2020-12-08,2020,12,4,IP33 3NB,IP33,Other,Freehold,False,BURY ST EDMUNDS,WEST SUFFOLK,SUFFOLK,B,52.248687,0.667635,East of England,England,West Suffolk
{045A1899-6747-9A24-E063-4804A8C048EA},310000,2023-07-21,2023,7,3,IP14 4DU,IP14,Detached,Freehold,False,STOWMARKET,MID SUFFOLK,SUFFOLK,B,52.191122,1.002501,East of England,England,Mid Suffolk
{045A1899-6833-9A24-E063-4804A8C048EA},280000,2023-03-31,2023,3,1,TA5 2QW,TA5,Semi-Detached,Freehold,False,BRIDGWATER,SOMERSET,SOMERSET,B,51.150116,-3.061091,South West,England,Somerset
{045A1899-6869-9A24-E063-4804A8C048EA},1150000,2023-03-03,2023,3,1,TA1 3PT,TA1,Other,Freehold,False,TAUNTON,SOMERSET,SOMERSET,B,51.01506,-3.117738,South West,England,Somerset
{045A1899-6A85-9A24-E063-4804A8C048EA},145000,2023-07-28,2023,7,3,S71 1AF,S71,Terraced,Freehold,False,BARNSLEY,BARNSLEY,SOUTH YORKSHIRE,B,53.557729,-1.43854,Yorkshire and The Humber,England,Barnsley
{045A1899-6B1A-9A24-E063-4804A8C048EA},2710000,2021-10-13,2021,10,4,SE11 4NA,SE11,Other,Leasehold,False,LONDON,LAMBETH,GREATER LONDON,B,51.493917,-0.105749,London,England,Southwark
{045A1899-6BA9-9A24-E063-4804A8C048EA},250000,2021-08-27,2021,8,3,ME20 7UZ,ME20,Other,Leasehold,False,AYLESFORD,TONBRIDGE AND MALLING,KENT,B,51.298408,0.448312,South East,England,Tonbridge and Malling
{045A1899-6C51-9A24-E063-4804A8C048EA},500000,2023-03-08,2023,3,1,NE4 8BB,NE4,Other,Freehold,False,NEWCASTLE UPON TYNE,NEWCASTLE UPON TYNE,TYNE AND WEAR,B,54.967941,-1.644444,North East,England,Newcastle upon Tyne
{045A1899-6CA2-9A24-E063-4804A8C048EA},39999,2023-03-31,2023,3,1,NE33 4SU,NE33,Other,Freehold,False,SOUTH SHIELDS,SOUTH TYNESIDE,TYNE AND WEAR,B,54.994931,-1.439729,North East,England,South Tyneside
{045A1899-6D79-9A24-E063-4804A8C048EA},160000,2023-06-27,2023,6,2,CF81 9FH,CF81,Terraced,Freehold,False,BARGOED,CAERPHILLY,CAERPHILLY,B,51.746602,-3.282775,Wales,Wales,Caerphilly
{045A1899-6DC6-9A24-E063-4804A8C048EA},110000,2023-08-01,2023,8,3,SA18 2LD,SA18,Terraced,Freehold,False,AMMANFORD,CARMARTHENSHIRE,CARMARTHENSHIRE,B,51.77496,-4.024412,Wales,Wales,Carmarthenshire
{045A1899-6E3E-9A24-E063-4804A8C048EA},365000,2022-01-03,2022,1,1,CV1 2BA,CV1,Terraced,Freehold,False,COVENTRY,COVENTRY,WEST MIDLANDS,B,52.403897,-1.490457,West Midlands,England,Coventry
{045A1899-6E74-9A24-E063-4804A8C048EA},220000,2023-08-08,2023,8,3,CV31 3HB,CV31,Terraced,Freehold,False,LEAMINGTON SPA,WARWICK,WARWICKSHIRE,B,52.278285,-1.532424,West Midlands,England,Warwick
{045A1899-6E77-9A24-E063-4804A8C048EA},70000,2023-06-09,2023,6,2,CV11 5PR,CV11,Other,Freehold,False,NUNEATON,NUNEATON AND BEDWORTH,WARWICKSHIRE,B,52.517144,-1.467796,West Midlands,England,Nuneaton and Bedworth
{045A1899-6E87-9A24-E063-4804A8C048EA},900000,2023-07-10,2023,7,3,OX17 1EA,OX17,Other,Freehold,False,BANBURY,STRATFORD-ON-AVON,WARWICKSHIRE,B,52.12701,-1.402873,West Midlands,England,Stratford-on-Avon
{045A1899-6E8E-9A24-E063-4804A8C048EA},100000,2023-06-16,2023,6,2,CV21 2ND,CV21,Flat/Maisonette,Leasehold,False,RUGBY,RUGBY,WARWICKSHIRE,B,52.392684,-1.2503,West Midlands,England,Rugby
{045A1899-6ECD-9A24-E063-4804A8C048EA},555000,2023-07-03,2023,7,3,B29 7DW,B29,Terraced,Freehold,False,BIRMINGHAM,BIRMINGHAM,WEST MIDLANDS,B,52.444802,-1.962846,West Midlands,England,Birmingham
{045A1899-6F5B-9A24-E063-4804A8C048EA},550000,2023-03-29,2023,3,1,B11 1XA,B11,Other,Freehold,False,BIRMINGHAM,BIRMINGHAM,WEST MIDLANDS,B,52.443865,-1.847739,West Midlands,England,Birmingham
{045A1899-701A-9A24-E063-4804A8C048EA},895000,2023-07-07,2023,7,3,TA11 7DG,TA11,Other,Freehold,False,SOMERTON,SOMERSET,SOMERSET,B,51.052818,-2.741413,South West,England,Somerset
{045A1899-70CF-9A24-E063-4804A8C048EA},1068992,2023-02-08,2023,2,1,RH19 4QY,RH19,Detached,Freehold,False,EAST GRINSTEAD,MID SUSSEX,WEST SUSSEX,B,51.121452,0.001412,South East,England,Mid Sussex
{045A1899-70E3-9A24-E063-4804A8C048EA},4200000,2023-04-03,2023,4,2,SN2 2QE,SN2,Other,Freehold,False,SWINDON,SWINDON,SWINDON,B,51.5733,-1.778782,South West,England,Swindon
{045A1899-710D-9A24-E063-4804A8C048EA},240000,2023-07-18,2023,7,3,BA14 8HY,BA14,Other,Freehold,False,TROWBRIDGE,WILTSHIRE,WILTSHIRE,B,51.31813,-2.180415,South West,England,Wiltshire
{045A1899-713C-9A24-E063-4804A8C048EA},150000,2022-02-01,2022,2,1,BA12 6FA,BA12,Other,Freehold,True,WARMINSTER,WILTSHIRE,WILTSHIRE,B,51.20234,-2.161597,South West,England,Wiltshire
{045A1899-724A-9A24-E063-4804A8C048EA},150000,2023-05-15,2023,5,2,LS7 4NJ,LS7,Flat/Maisonette,Leasehold,False,LEEDS,LEEDS,WEST YORKSHIRE,B,53.820965,-1.539722,Yorkshire and The Humber,England,Leeds
{045A1899-72BE-9A24-E063-4804A8C048EA},83700,2022-10-17,2022,10,4,HU13 0FZ,HU13,Semi-Detached,Freehold,True,HESSLE,EAST RIDING OF YORKSHIRE,EAST RIDING OF YORKSHIRE,B,53.728728,-0.428162,Yorkshire and The Humber,England,East Riding of Yorkshire
{045A1899-72E3-9A24-E063-4804A8C048EA},195000,2023-08-01,2023,8,3,HU18 1RA,HU18,Terraced,Freehold,False,HORNSEA,EAST RIDING OF YORKSHIRE,EAST RIDING OF YORKSHIRE,B,53.90171,-0.167285,Yorkshire and The Humber,England,East Riding of Yorkshire
{045A1899-7363-9A24-E063-4804A8C048EA},65000,2022-10-14,2022,10,4,WF10 5ZA,WF10,Semi-Detached,Freehold,True,CASTLEFORD,WAKEFIELD,WEST YORKSHIRE,B,53.720072,-1.339079,Yorkshire and The Humber,England,Wakefield
{045E6543-57EE-4942-804D-D838B6A05466},131000,2015-05-22,2015,5,2,PO33 2BT,PO33,Terraced,Freehold,False,RYDE,ISLE OF WIGHT,ISLE OF WIGHT,A,50.730831,-1.186054,South East,England,Isle of Wight
{045F19AC-0526-4E13-8CD6-29146362CD09},175500,2015-08-14,2015,8,3,S72 7AB,S72,Detached,Freehold,False,BARNSLEY,BARNSLEY,SOUTH YORKSHIRE,A,53.591652,-1.402015,Yorkshire and The Humber,England,Barnsley
{0485A095-E075-4611-B970-1CD7BDBF520D},479950,2015-06-15,2015,6,2,HP10 8BW,HP10,Semi-Detached,Freehold,False,HIGH WYCOMBE,WYCOMBE,BUCKINGHAMSHIRE,A,51.581075,-0.675632,South East,England,Buckinghamshire
{048F7AAF-5AF5-44DB-94A9-3D7018F66F8F},63825,2015-01-22,2015,1,1,YO31 9PS,YO31,Flat/Maisonette,Leasehold,False,YORK,YORK,YORK,A,53.965487,-1.050149,Yorkshire and The Humber,England,York
{0493EAEC-4972-4E28-BDF1-E849B3BD4138},159999,2015-01-15,2015,1,1,SN3 4XL,SN3,Terraced,Freehold,False,SWINDON,SWINDON,SWINDON,A,51.561817,-1.743061,South West,England,Swindon
{049EFAC9-17CC-452C-8929-4C44408A1783},327500,2015-02-27,2015,2,1,GU34 5BX,GU34,Detached,Freehold,False,ALTON,EAST HAMPSHIRE,HAMPSHIRE,A,51.146679,-0.980526,South East,England,East Hampshire
{04C1000B-AD00-47A3-987E-FAE92FF0EF3A},129500,2015-05-22,2015,5,2,LE13 1QL,LE13,Semi-Detached,Freehold,False,MELTON MOWBRAY,MELTON,LEICESTERSHIRE,A,52.757606,-0.888721,East Midlands,England,Melton
{04C37413-1B53-4DB1-A114-04CAA3618835},185000,2015-07-30,2015,7,3,M7 2HL,M7,Semi-Detached,Freehold,False,SALFORD,SALFORD,GREATER MANCHESTER,A,53.492669,-2.263683,North West,England,Salford
{04C9B31C-2E08-4DEF-B16D-666B13535C3E},135000,2015-02-27,2015,2,1,B26 2LE,B26,Semi-Detached,Leasehold,False,BIRMINGHAM,BIRMINGHAM,WEST MIDLANDS,A,52.461484,-1.798418,West Midlands,England,Birmingham
{04E114BD-4F6B-4E85-9123-F10674F89E22},289000,2015-08-07,2015,8,3,LS19 6DX,LS19,Semi-Detached,Freehold,False,LEEDS,LEEDS,WEST YORKSHIRE,A,53.866873,-1.694586,Yorkshire and The Humber,England,Leeds
{04E1484D-5B86-49B4-ADFD-4498385E52C4},275000,2015-07-30,2015,7,3,BS9 2EH,BS9,Semi-Detached,Leasehold,False,BRISTOL,CITY OF BRISTOL,CITY OF BRISTOL,A,51.480056,-2.64945,South West,England,"Bristol, City of"
{04E95BF8-0EC0-4A23-8FE9-67ECFE4FFA53},360000,2015-07-16,2015,7,3,NG23 5LA,NG23,Detached,Freehold,False,NEWARK,RUSHCLIFFE,NOTTINGHAMSHIRE,A,53.145555,-0.8506,East Midlands,England,Newark and Sherwood
{05029DC3-8D89-42D8-B584-FF3B1EB13973},102000,2015-05-14,2015,5,2,B15 2LH,B15,Flat/Maisonette,Leasehold,False,BIRMINGHAM,BIRMINGHAM,WEST MIDLANDS,A,52.469735,-1.930513,West Midlands,England,Birmingham
{05056B21-5E7A-4C86-B81B-9238E0F3DF2A},453000,2015-03-11,2015,3,1,SG1 6GR,SG1,Detached,Freehold,False,STEVENAGE,NORTH HERTFORDSHIRE,HERTFORDSHIRE,A,51.923086,-0.169149,East of England,England,Stevenage
{05057986-42F3-4454-B859-0561A5F24954},1225000,2015-04-15,2015,4,2,TW11 9HW,TW11,Terraced,Freehold,False,TEDDINGTON,RICHMOND UPON THAMES,GREATER LONDON,A,51.427439,-0.343552,London,England,Richmond upon Thames
{050763F1-0476-4FB8-A380-819B1F434363},124950,2015-04-10,2015,4,2,NG34 9EX,NG34,Semi-Detached,Freehold,False,SLEAFORD,NORTH KESTEVEN,LINCOLNSHIRE,A,52.990969,-0.408108,East Midlands,England,North Kesteven
{0515CC62-70DF-45AF-BF75-E026B00566EB},104000,2015-09-07,2015,9,3,SA1 8BY,SA1,Terraced,Freehold,False,SWANSEA,SWANSEA,SWANSEA,A,51.641191,-3.908676,Wales,Wales,Swansea
{052BAFD7-281A-4836-AAA7-929BA94CE53C},300000,2015-07-31,2015,7,3,N9 9UG,N9,Terraced,Freehold,False,LONDON,ENFIELD,GREATER LONDON,A,51.622159,-0.082948,London,England,Enfield
{053151B7-FC2E-47DD-9D04-65C75B51D961},90000,2015-05-13,2015,5,2,S43 2AF,S43,Semi-Detached,Freehold,False,CHESTERFIELD,CHESTERFIELD,DERBYSHIRE,A,53.249284,-1.371838,East Midlands,England,Chesterfield
{0557217B-8C00-40B3-A4DC-84708C2B9164},290020,2015-09-01,2015,9,3,M33 4AT,M33,Semi-Detached,Freehold,False,SALE,TRAFFORD,GREATER MANCHESTER,A,53.430922,-2.317727,North West,England,Trafford
{055EDA1A-8CE0-49FF-98B3-7784FD43437B},285000,2015-03-27,2015,3,1,TR13 9DZ,TR13,Semi-Detached,Freehold,False,HELSTON,CORNWALL,CORNWALL,A,50.144576,-5.305849,South West,England,Cornwall
{058D5994-8002-4FE8-830B-5C3742F2BD8E},250000,2015-01-09,2015,1,1,BR1 5JR,BR1,Terraced,Freehold,False,BROMLEY,LEWISHAM,GREATER LONDON,A,51.396696,0.043102,London,England,Bromley
{0590B63A-527E-413B-9186-36934E68AD2D},174350,2015-07-03,2015,7,3,CT21 5TT,CT21,Detached,Freehold,False,HYTHE,SHEPWAY,KENT,A,51.070783,1.068379,South East,England,Folkestone and Hythe
{05973194-7F7E-4CA0-AA75-2CAF59075F5B},143500,2015-03-30,2015,3,1,LL57 1HQ,LL57,Detached,Freehold,False,BANGOR,GWYNEDD,GWYNEDD,A,53.215202,-4.143022,Wales,Wales,Gwynedd
{0598800B-C15D-47B1-B5D9-198BF6B8C217},98000,2015-06-05,2015,6,2,S71 3NW,S71,Semi-Detached,Freehold,False,BARNSLEY,BARNSLEY,SOUTH YORKSHIRE,A,53.557729,-1.43854,Yorkshire and The Humber,England,Barnsley
{05B1D94A-B860-4E2C-A76F-EC0759F5FC10},113000,2015-05-01,2015,5,2,DE21 4DA,DE21,Semi-Detached,Freehold,False,DERBY,CITY OF DERBY,CITY OF DERBY,A,52.926436,-1.459555,East Midlands,England,Derby
{05CF87CA-07DF-4CF3-8A98-EB34BB69C335},197000,2015-02-10,2015,2,1,DE23 6LE,DE23,Detached,Freehold,False,DERBY,CITY OF DERBY,CITY OF DERBY,A,52.90888,-1.477839,East Midlands,England,Derby
{05D9930F-8CC5-48D4-A824-EDF2C8DCB3FA},167000,2015-07-31,2015,7,3,OX29 8HQ,OX29,Flat/Maisonette,Leasehold,False,WITNEY,WEST OXFORDSHIRE,OXFORDSHIRE,A,51.820984,-1.392935,South East,England,West Oxfordshire
{05EA3FD2-94F8-46E5-86D1-183BEF6137E1},319995,2015-02-27,2015,2,1,DA8 2BT,DA8,Semi-Detached,Freehold,True,ERITH,BEXLEY,GREATER LONDON,A,51.484994,0.170386,London,England,Bexley
{05EB6F6A-6004-4ED0-ABDF-49297246AD70},965000,2015-06-19,2015,6,2,TW7 4JE,TW7,Detached,Freehold,False,ISLEWORTH,HOUNSLOW,GREATER LONDON,A,51.466465,-0.339706,London,England,Hounslow
{05F26F3A-96F8-4D6B-82E1-AA60D9E0FE1A},137000,2015-01-09,2015,1,1,PL20 7BA,PL20,Terraced,Freehold,False,YELVERTON,WEST DEVON,DEVON,A,50.490316,-4.117222,South West,England,West Devon
{0623E213-5409-43DB-BC4F-8CF440B7F87B},245000,2015-07-03,2015,7,3,LU2 7GB,LU2,Semi-Detached,Freehold,False,LUTON,CENTRAL BEDFORDSHIRE,CENTRAL BEDFORDSHIRE,A,51.89175,-0.399907,East of England,England,Luton
{0633F9A7-B93B-4AC8-937E-05771CFD35AA},164995,2015-06-12,2015,6,2,PO13 0SH,PO13,Terraced,Freehold,False,GOSPORT,GOSPORT,HAMPSHIRE,A,50.80249,-1.195665,South East,England,Gosport
{06547110-3BE8-4EDF-B498-D983BF0DF79D},90000,2015-05-01,2015,5,2,DH2 2HH,DH2,Semi-Detached,Freehold,False,CHESTER LE STREET,COUNTY DURHAM,COUNTY DURHAM,A,54.864144,-1.582851,North East,England,County Durham
{067323F3-1F35-4DC1-A865-729035210383},160000,2015-04-13,2015,4,2,CV5 8HF,CV5,Terraced,Freehold,False,COVENTRY,COVENTRY,WEST MIDLANDS,A,52.417185,-1.572657,West Midlands,England,Coventry
{069270D6-01E5-45F3-840D-07515026427B},155000,2015-02-10,2015,2,1,TR3 6XB,TR3,Terraced,Freehold,False,TRURO,CORNWALL,CORNWALL,A,50.261854,-5.113385,South West,England,Cornwall
{069DFB05-2EB5-4BA3-93F2-B634CE2573BE},130000,2015-08-14,2015,8,3,CW11 3LS,CW11,Semi-Detached,Freehold,False,SANDBACH,CHESHIRE EAST,CHESHIRE EAST,A,53.143751,-2.352229,North West,England,Cheshire East
{06C06890-E2C7-4951-8324-55E85132747C},123000,2015-07-03,2015,7,3,S6 3JU,S6,Terraced,Leasehold,False,SHEFFIELD,SHEFFIELD,SOUTH YORKSHIRE,A,53.40497,-1.506208,Yorkshire and The Humber,England,Sheffield
{06C9F487-1700-9388-E063-4804A8C0BD98},600000,2023-08-23,2023,8,3,EN1 4AN,EN1,Terraced,Freehold,False,ENFIELD,ENFIELD,GREATER LONDON,A,51.664558,-0.073002,London,England,Enfield
{06C9F487-1701-9388-E063-4804A8C0BD98},440000,2023-08-29,2023,8,3,HA4 7QR,HA4,Flat/Maisonette,Leasehold,False,RUISLIP,HILLINGDON,GREATER LONDON,A,51.588748,-0.434223,London,England,Hillingdon
{06C9F487-178F-9388-E063-4804A8C0BD98},423000,2023-05-26,2023,5,2,N17 9GD,N17,Flat/Maisonette,Leasehold,False,LONDON,HARINGEY,GREATER LONDON,A,51.589258,-0.056875,London,England,Haringey
{06C9F487-17BF-9388-E063-4804A8C0BD98},655000,2023-08-18,2023,8,3,HA4 8TW,HA4,Semi-Detached,Freehold,False,RUISLIP,HILLINGDON,GREATER LONDON,A,51.588748,-0.434223,London,England,Hillingdon
{06C9F487-183C-9388-E063-4804A8C0BD98},1425000,2023-08-07,2023,8,3,N2 0DJ,N2,Semi-Detached,Freehold,False,LONDON,BARNET,GREATER LONDON,A,51.582578,-0.180326,London,England,Barnet
{06C9F487-19D9-9388-E063-4804A8C0BD98},555000,2022-04-04,2022,4,2,NW11 8TJ,NW11,Flat/Maisonette,Leasehold,False,LONDON,BARNET,GREATER LONDON,A,51.573675,-0.208288,London,England,Barnet
{06C9F487-1A9A-9388-E063-4804A8C0BD98},321000,2022-08-26,2022,8,3,UB2 4WH,UB2,Flat/Maisonette,Leasehold,True,SOUTHALL,EALING,GREATER LONDON,A,51.496429,-0.380959,London,England,Ealing
{06C9F487-1B70-9388-E063-4804A8C0BD98},581000,2023-03-06,2023,3,1,N16 9AH,N16,Flat/Maisonette,Leasehold,False,LONDON,HACKNEY,GREATER LONDON,A,51.566842,-0.082678,London,England,Hackney
{06C9F487-1C64-9388-E063-4804A8C0BD98},470000,2023-08-15,2023,8,3,BS32 4HX,BS32,Semi-Detached,Freehold,False,BRISTOL,SOUTH GLOUCESTERSHIRE,SOUTH GLOUCESTERSHIRE,A,51.541137,-2.5452,South West,England,South Gloucestershire
{06C9F487-1CF6-9388-E063-4804A8C0BD98},615780,2023-07-11,2023,7,3,BA2 5QG,BA2,Semi-Detached,Freehold,False,BATH,BATH AND NORTH EAST SOMERSET,BATH AND NORTH EAST SOMERSET,A,51.370463,-2.353513,South West,England,Bath and North East Somerset
{06C9F487-1E4A-9388-E063-4804A8C0BD98},281000,2023-04-06,2023,4,2,LU2 0JR,LU2,Terraced,Freehold,False,LUTON,LUTON,LUTON,A,51.89175,-0.399907,East of England,England,Luton
{06C9F487-1E7A-9388-E063-4804A8C0BD98},281000,2023-08-21,2023,8,3,LU5 5JB,LU5,Terraced,Freehold,False,DUNSTABLE,CENTRAL BEDFORDSHIRE,CENTRAL BEDFORDSHIRE,A,51.910129,-0.528033,East of England,England,Central Bedfordshire
{06C9F487-1E97-9388-E063-4804A8C0BD98},500000,2023-09-01,2023,9,3,MK43 0HT,MK43,Detached,Freehold,False,BEDFORD,CENTRAL BEDFORDSHIRE,CENTRAL BEDFORDSHIRE,A,52.062518,-0.544636,East of England,England,Central Bedfordshire
{06C9F487-1EE5-9388-E063-4804A8C0BD98},335000,2023-02-07,2023,2,1,LU2 9JP,LU2,Semi-Detached,Freehold,False,LUTON,LUTON,LUTON,A,51.89175,-0.399907,East of England,England,Luton
{06C9F487-1F6F-9388-E063-4804A8C0BD98},687500,2020-04-01,2020,4,2,MK45 4PQ,MK45,Detached,Freehold,False,BEDFORD,CENTRAL BEDFORDSHIRE,CENTRAL BEDFORDSHIRE,A,52.081023,-0.446037,East of England,England,Bedford
{06C9F487-1F83-9388-E063-4804A8C0BD98},266950,2021-12-13,2021,12,4,SG16 6HN,SG16,Terraced,Freehold,True,HENLOW,CENTRAL BEDFORDSHIRE,CENTRAL BEDFORDSHIRE,A,52.008055,-0.297047,East of England,England,Central Bedfordshire
{06C9F487-1F95-9388-E063-4804A8C0BD98},173000,2021-12-10,2021,12,4,LU1 4GB,LU1,Flat/Maisonette,Leasehold,True,LUTON,LUTON,LUTON,A,51.882351,-0.445921,East of England,England,Luton
{06C9F487-1F9B-9388-E063-4804A8C0BD98},168000,2020-01-24,2020,1,1,MK45 1DS,MK45,Flat/Maisonette,Leasehold,False,BEDFORD,CENTRAL BEDFORDSHIRE,CENTRAL BEDFORDSHIRE,A,52.081023,-0.446037,East of England,England,Bedford
{06C9F487-1FB8-9388-E063-4804A8C0BD98},355995,2022-02-25,2022,2,1,MK42 6EH,MK42,Terraced,Freehold,True,BEDFORD,BEDFORD,BEDFORD,A,52.111701,-0.493135,East of England,England,Bedford
{06C9F487-1FDE-9388-E063-4804A8C0BD98},425000,2022-03-03,2022,3,1,SG17 5EZ,SG17,Detached,Freehold,False,SHEFFORD,CENTRAL BEDFORDSHIRE,CENTRAL BEDFORDSHIRE,A,52.037293,-0.339677,East of England,England,Central Bedfordshire
{06C9F487-2006-9388-E063-4804A8C0BD98},499995,2021-04-01,2021,4,2,SG5 4TB,SG5,Detached,Freehold,True,HITCHIN,CENTRAL BEDFORDSHIRE,CENTRAL BEDFORDSHIRE,A,51.950769,-0.274351,East of England,England,North Hertfordshire
{06C9F487-2010-9388-E063-4804A8C0BD98},395000,2022-06-27,2022,6,2,LU5 6GZ,LU5,Semi-Detached,Freehold,True,DUNSTABLE,CENTRAL BEDFORDSHIRE,CENTRAL BEDFORDSHIRE,A,51.910129,-0.528033,East of England,England,Central Bedfordshire
{06C9F487-2036-9388-E063-4804A8C0BD98},535000,2022-10-26,2022,10,4,MK45 4SY,MK45,Detached,Freehold,True,BEDFORD,CENTRAL BEDFORDSHIRE,CENTRAL BEDFORDSHIRE,A,52.081023,-0.446037,East of England,England,Bedford
{06C9F487-21A3-9388-E063-4804A8C0BD98},490000,2023-03-24,2023,3,1,W14 0PN,W14,Flat/Maisonette,Leasehold,False,LONDON,HAMMERSMITH AND FULHAM,GREATER LONDON,A,51.486582,-0.206607,London,England,Hammersmith and Fulham
{06C9F487-2219-9388-E063-4804A8C0BD98},295000,2023-08-25,2023,8,3,OX14 1JU,OX14,Terraced,Freehold,False,ABINGDON,VALE OF WHITE HORSE,OXFORDSHIRE,A,51.685438,-1.267788,South East,England,Vale of White Horse
{06C9F487-226A-9388-E063-4804A8C0BD98},585000,2023-08-15,2023,8,3,SL6 4DN,SL6,Terraced,Freehold,False,MAIDENHEAD,WINDSOR AND MAIDENHEAD,WINDSOR AND MAIDENHEAD,A,51.52585,-0.759142,South East,England,Windsor and Maidenhead
{06C9F487-231C-9388-E063-4804A8C0BD98},570000,2023-08-03,2023,8,3,RG7 4JU,RG7,Terraced,Freehold,False,READING,WEST BERKSHIRE,WEST BERKSHIRE,A,51.392991,-0.960554,South East,England,Wokingham
{06C9F487-2376-9388-E063-4804A8C0BD98},255000,2023-02-21,2023,2,1,RG40 2DT,RG40,Flat/Maisonette,Leasehold,False,WOKINGHAM,WOKINGHAM,WOKINGHAM,A,51.422516,-0.821314,South East,England,Wokingham
{06C9F487-2388-9388-E063-4804A8C0BD98},402000,2023-05-31,2023,5,2,RG42 2FQ,RG42,Terraced,Freehold,False,BRACKNELL,BRACKNELL FOREST,BRACKNELL FOREST,A,51.430806,-0.791151,South East,England,Bracknell Forest
{06C9F487-242F-9388-E063-4804A8C0BD98},385000,2022-06-10,2022,6,2,RG12 8FR,RG12,Terraced,Freehold,False,BRACKNELL,BRACKNELL FOREST,BRACKNELL FOREST,A,51.393641,-0.761846,South East,England,Bracknell Forest
{06C9F487-2455-9388-E063-4804A8C0BD98},289000,2021-05-27,2021,5,2,RG40 1LQ,RG40,Flat/Maisonette,Leasehold,True,WOKINGHAM,WOKINGHAM,WOKINGHAM,A,51.422516,-0.821314,South East,England,Wokingham
{06C9F487-2483-9388-E063-4804A8C0BD98},471700,2022-03-01,2022,3,1,RG1 3GB,RG1,Flat/Maisonette,Leasehold,True,READING,READING,READING,A,51.44841,-0.976047,South East,England,Reading
{06C9F487-24F5-9388-E063-4804A8C0BD98},302500,2022-02-28,2022,2,1,RG30 1EZ,RG30,Flat/Maisonette,Leasehold,True,READING,READING,READING,A,51.462181,-1.027258,South East,England,Reading
{06C9F487-254B-9388-E063-4804A8C0BD98},618000,2023-09-04,2023,9,3,RG40 1DY,RG40,Detached,Freehold,False,WOKINGHAM,WOKINGHAM,WOKINGHAM,A,51.422516,-0.821314,South East,England,Wokingham
{06C9F487-2634-9388-E063-4804A8C0BD98},650000,2022-03-03,2022,3,1,BS7 8UT,BS7,Semi-Detached,Freehold,False,BRISTOL,CITY OF BRISTOL,CITY OF BRISTOL,A,51.499105,-2.576377,South West,England,"Bristol, City of"
{06C9F487-2684-9388-E063-4804A8C0BD98},475850,2023-07-28,2023,7,3,BS7 9NN,BS7,Terraced,Leasehold,False,BRISTOL,CITY OF BRISTOL,CITY OF BRISTOL,A,51.499105,-2.576377,South West,England,"Bristol, City of"
{06C9F487-2755-9388-E063-4804A8C0BD98},865000,2023-04-05,2023,4,2,HP8 4PH,HP8,Terraced,Freehold,False,CHALFONT ST GILES,BUCKINGHAMSHIRE,BUCKINGHAMSHIRE,A,51.662088,-0.549692,South East,England,Buckinghamshire
{06C9F487-2783-9388-E063-4804A8C0BD98},875000,2023-07-14,2023,7,3,HP14 3BX,HP14,Detached,Freehold,False,HIGH WYCOMBE,BUCKINGHAMSHIRE,BUCKINGHAMSHIRE,A,51.638674,-0.832147,South East,England,Buckinghamshire
{06C9F487-27A2-9388-E063-4804A8C0BD98},300000,2023-09-01,2023,9,3,HP13 7AT,HP13,Terraced,Freehold,False,HIGH WYCOMBE,BUCKINGHAMSHIRE,BUCKINGHAMSHIRE,A,51.64267,-0.721198,South East,England,Buckinghamshire
{06C9F487-27B0-9388-E063-4804A8C0BD98},415000,2023-07-21,2023,7,3,MK16 8SN,MK16,Detached,Freehold,False,NEWPORT PAGNELL,MILTON KEYNES,MILTON KEYNES,A,52.084595,-0.742713,South East,England,Milton Keynes
{06C9F487-27CE-9388-E063-4804A8C0BD98},420000,2023-07-21,2023,7,3,HP19 7WB,HP19,Semi-Detached,Freehold,False,AYLESBURY,BUCKINGHAMSHIRE,BUCKINGHAMSHIRE,A,51.81549,-0.824273,South East,England,Buckinghamshire
{06C9F487-27E0-9388-E063-4804A8C0BD98},425000,2023-03-17,2023,3,1,HP20 1ES,HP20,Detached,Freehold,False,AYLESBURY,BUCKINGHAMSHIRE,BUCKINGHAMSHIRE,A,51.820079,-0.812111,South East,England,Buckinghamshire
{06C9F487-281E-9388-E063-4804A8C0BD98},415000,2023-08-07,2023,8,3,HP13 5TY,HP13,Terraced,Freehold,False,HIGH WYCOMBE,BUCKINGHAMSHIRE,BUCKINGHAMSHIRE,A,51.64267,-0.721198,South East,England,Buckinghamshire
{06C9F487-289B-9388-E063-4804A8C0BD98},240000,2023-08-03,2023,8,3,HP19 9AA,HP19,Terraced,Freehold,False,AYLESBURY,BUCKINGHAMSHIRE,BUCKINGHAMSHIRE,A,51.81549,-0.824273,South East,England,Buckinghamshire
{06C9F487-299F-9388-E063-4804A8C0BD98},410000,2022-07-27,2022,7,3,HP22 3BE,HP22,Semi-Detached,Freehold,True,AYLESBURY,BUCKINGHAMSHIRE,BUCKINGHAMSHIRE,A,51.829245,-0.790378,South East,England,Buckinghamshire
{06C9F487-29CB-9388-E063-4804A8C0BD98},350000,2020-08-14,2020,8,3,MK18 2GT,MK18,Detached,Freehold,True,BUCKINGHAM,BUCKINGHAMSHIRE,BUCKINGHAMSHIRE,A,51.999556,-0.986118,South East,England,Buckinghamshire
{06C9F487-2A40-9388-E063-4804A8C0BD98},451000,2023-07-31,2023,7,3,HP13 7BQ,HP13,Semi-Detached,Freehold,False,HIGH WYCOMBE,BUCKINGHAMSHIRE,BUCKINGHAMSHIRE,A,51.64267,-0.721198,South East,England,Buckinghamshire
{06C9F487-2A7B-9388-E063-4804A8C0BD98},213500,2023-07-25,2023,7,3,MK18 7HT,MK18,Terraced,Freehold,False,BUCKINGHAM,BUCKINGHAMSHIRE,BUCKINGHAMSHIRE,A,51.999556,-0.986118,South East,England,Buckinghamshire
{06C9F487-2AE6-9388-E063-4804A8C0BD98},105000,2023-04-06,2023,4,2,CB24 9JF,CB24,Flat/Maisonette,Leasehold,False,CAMBRIDGE,SOUTH CAMBRIDGESHIRE,CAMBRIDGESHIRE,A,52.242524,0.162386,East of England,England,South Cambridgeshire
{06C9F487-2AEB-9388-E063-4804A8C0BD98},325000,2023-08-25,2023,8,3,PE27 6HT,PE27,Semi-Detached,Freehold,False,ST IVES,HUNTINGDONSHIRE,CAMBRIDGESHIRE,A,52.342258,-0.085895,East of England,England,Huntingdonshire
{06C9F487-2B23-9388-E063-4804A8C0BD98},268000,2023-03-23,2023,3,1,PE7 3YY,PE7,Detached,Freehold,False,PETERBOROUGH,HUNTINGDONSHIRE,CAMBRIDGESHIRE,A,52.495016,-0.312863,East of England,England,Huntingdonshire
{06C9F487-2B39-9388-E063-4804A8C0BD98},270000,2023-07-31,2023,7,3,PE29 3AX,PE29,Terraced,Freehold,False,HUNTINGDON,HUNTINGDONSHIRE,CAMBRIDGESHIRE,A,52.340114,-0.175462,East of England,England,Huntingdonshire
{06C9F487-2B51-9388-E063-4804A8C0BD98},360000,2023-08-16,2023,8,3,CB7 4QR,CB7,Detached,Freehold,False,ELY,EAST CAMBRIDGESHIRE,CAMBRIDGESHIRE,A,52.404916,0.278813,East of England,England,East Cambridgeshire
{06C9F487-2B75-9388-E063-4804A8C0BD98},183000,2023-08-04,2023,8,3,PE15 8BQ,PE15,Detached,Freehold,False,MARCH,FENLAND,CAMBRIDGESHIRE,A,52.49922,0.066045,East of England,England,Fenland
{06C9F487-2B9C-9388-E063-4804A8C0BD98},335000,2023-09-07,2023,9,3,PE15 0NR,PE15,Detached,Freehold,False,MARCH,FENLAND,CAMBRIDGESHIRE,A,52.49922,0.066045,East of England,England,Fenland
{06C9F487-2B9F-9388-E063-4804A8C0BD98},355000,2023-02-16,2023,2,1,PE7 1JD,PE7,Detached,Freehold,False,PETERBOROUGH,FENLAND,CAMBRIDGESHIRE,A,52.495016,-0.312863,East of England,England,Huntingdonshire
{06C9F487-2C00-9388-E063-4804A8C0BD98},245000,2023-08-25,2023,8,3,PE13 5LS,PE13,Semi-Detached,Freehold,False,WISBECH,FENLAND,CAMBRIDGESHIRE,A,52.674755,0.181158,East of England,England,Fenland
{06C9F487-2C42-9388-E063-4804A8C0BD98},670000,2023-08-11,2023,8,3,CB4 1DG,CB4,Semi-Detached,Freehold,False,CAMBRIDGE,CAMBRIDGE,CAMBRIDGESHIRE,A,52.21888,0.134957,East of England,England,Cambridge
{06C9F487-2CCE-9388-E063-4804A8C0BD98},405000,2022-01-28,2022,1,1,CB7 7AA,CB7,Detached,Freehold,True,ELY,EAST CAMBRIDGESHIRE,CAMBRIDGESHIRE,A,52.404916,0.278813,East of England,England,East Cambridgeshire
{06C9F487-2D63-9388-E063-4804A8C0BD98},349995,2022-07-22,2022,7,3,CB6 2HD,CB6,Detached,Freehold,True,ELY,EAST CAMBRIDGESHIRE,CAMBRIDGESHIRE,A,52.388297,0.196731,East of England,England,East Cambridgeshire
{06C9F487-2D67-9388-E063-4804A8C0BD98},265000,2022-07-29,2022,7,3,PE7 2GG,PE7,Terraced,Freehold,True,PETERBOROUGH,FENLAND,CAMBRIDGESHIRE,A,52.495016,-0.312863,East of England,England,Huntingdonshire
{06C9F487-2EB2-9388-E063-4804A8C0BD98},38000,2023-08-31,2023,8,3,TS3 6PN,TS3,Terraced,Freehold,False,MIDDLESBROUGH,MIDDLESBROUGH,MIDDLESBROUGH,A,54.554516,-1.202104,North East,England,Middlesbrough
{06C9F487-3296-9388-E063-4804A8C0BD98},139000,2023-08-25,2023,8,3,CW9 5LJ,CW9,Terraced,Freehold,False,NORTHWICH,CHESHIRE WEST AND CHESTER,CHESHIRE WEST AND CHESTER,A,53.285172,-2.469696,North West,England,Cheshire West and Chester
{06C9F487-3308-9388-E063-4804A8C0BD98},80000,2023-09-06,2023,9,3,CW8 1BG,CW8,Flat/Maisonette,Leasehold,False,NORTHWICH,CHESHIRE WEST AND CHESTER,CHESHIRE WEST AND CHESTER,A,53.255317,-2.524199,North West,England,Cheshire West and Chester
{06C9F487-3361-9388-E063-4804A8C0BD98},427500,2023-08-04,2023,8,3,SK9 7TN,SK9,Flat/Maisonette,Leasehold,False,ALDERLEY EDGE,CHESHIRE EAST,CHESHIRE EAST,A,53.338194,-2.218412,North West,England,Cheshire East
{06C9F487-3406-9388-E063-4804A8C0BD98},230000,2021-04-14,2021,4,2,CH1 4FD,CH1,Flat/Maisonette,Leasehold,False,CHESTER,CHESHIRE WEST AND CHESTER,CHESHIRE WEST AND CHESTER,A,53.195856,-2.903438,North West,England,Cheshire West and Chester
{06C9F487-3469-9388-E063-4804A8C0BD98},274995,2021-12-10,2021,12,4,CW12 3QX,CW12,Detached,Freehold,True,CONGLETON,CHESHIRE EAST,CHESHIRE EAST,A,53.163538,-2.216117,North West,England,Cheshire East
{06C9F487-3559-9388-E063-4804A8C0BD98},487995,2022-09-23,2022,9,3,CH4 7FZ,CH4,Detached,Freehold,True,CHESTER,CHESHIRE WEST AND CHESTER,CHESHIRE WEST AND CHESTER,A,53.17796,-2.943864,Wales,Wales,Flintshire
{06C9F487-35EB-9388-E063-4804A8C0BD98},200000,2023-03-17,2023,3,1,PL10 1DH,PL10,Terraced,Freehold,False,TORPOINT,CORNWALL,CORNWALL,A,50.346081,-4.216166,South West,England,Cornwall
{06C9F487-3611-9388-E063-4804A8C0BD98},400000,2023-08-01,2023,8,3,TR16 5EB,TR16,Semi-Detached,Freehold,False,REDRUTH,CORNWALL,CORNWALL,A,50.243407,-5.184903,South West,England,Cornwall
{06C9F487-3612-9388-E063-4804A8C0BD98},385000,2023-07-10,2023,7,3,TR19 7LJ,TR19,Terraced,Freehold,False,PENZANCE,CORNWALL,CORNWALL,A,50.151427,-5.65995,South West,England,Cornwall
{06C9F487-3687-9388-E063-4804A8C0BD98},225000,2023-08-09,2023,8,3,PL26 7HB,PL26,Terraced,Freehold,False,ST AUSTELL,CORNWALL,CORNWALL,A,50.381963,-4.793411,South West,England,Cornwall
{06C9F487-36EE-9388-E063-4804A8C0BD98},317000,2023-02-10,2023,2,1,TR7 2JN,TR7,Semi-Detached,Freehold,False,NEWQUAY,CORNWALL,CORNWALL,A,50.41931,-5.064554,South West,England,Cornwall
{06C9F487-37B4-9388-E063-4804A8C0BD98},270000,2022-03-11,2022,3,1,PL30 3BZ,PL30,Semi-Detached,Freehold,False,BODMIN,CORNWALL,CORNWALL,A,50.58111,-4.791478,South West,England,Cornwall
{06C9F487-37D2-9388-E063-4804A8C0BD98},200000,2022-08-05,2022,8,3,PL17 8FJ,PL17,Semi-Detached,Freehold,True,CALLINGTON,CORNWALL,CORNWALL,A,50.493495,-4.281659,South West,England,Cornwall
{06C9F487-37E1-9388-E063-4804A8C0BD98},625000,2022-10-07,2022,10,4,TR8 4SX,TR8,Detached,Freehold,True,NEWQUAY,CORNWALL,CORNWALL,A,50.3821,-5.119146,South West,England,Cornwall
{06C9F487-37F8-9388-E063-4804A8C0BD98},214000,2023-01-13,2023,1,1,PL14 5QB,PL14,Detached,Freehold,False,LISKEARD,CORNWALL,CORNWALL,A,50.456853,-4.466637,South West,England,Cornwall
{06C9F487-37FB-9388-E063-4804A8C0BD98},650000,2023-02-03,2023,2,1,TR11 5QZ,TR11,Detached,Freehold,True,FALMOUTH,CORNWALL,CORNWALL,A,50.157012,-5.074317,South West,England,Cornwall
{06C9F487-387C-9388-E063-4804A8C0BD98},305000,2023-09-05,2023,9,3,TR27 6PF,TR27,Detached,Freehold,False,HAYLE,CORNWALL,CORNWALL,A,50.203262,-5.374843,South West,England,Cornwall
{06C9F487-38CA-9388-E063-4804A8C0BD98},35000,2023-04-27,2023,4,2,CA26 3SQ,CA26,Terraced,Freehold,False,FRIZINGTON,CUMBERLAND,CUMBERLAND,A,54.534942,-3.499928,North West,England,Cumberland
{06C9F487-38F0-9388-E063-4804A8C0BD98},159000,2023-08-24,2023,8,3,CA28 6SA,CA28,Semi-Detached,Freehold,False,WHITEHAVEN,CUMBERLAND,CUMBERLAND,A,54.549073,-3.589022,North West,England,Cumberland
{06C9F487-39C4-9388-E063-4804A8C0BD98},130000,2023-07-28,2023,7,3,CA14 2YD,CA14,Terraced,Freehold,False,WORKINGTON,CUMBERLAND,CUMBERLAND,A,54.612687,-3.54557,North West,England,Cumberland
{06C9F487-3A57-9388-E063-4804A8C0BD98},476995,2022-09-09,2022,9,3,LA12 9FN,LA12,Detached,Freehold,True,ULVERSTON,WESTMORLAND AND FURNESS,WESTMORLAND AND FURNESS,A,54.142379,-3.093442,North West,England,Westmorland and Furness
{06C9F487-3A7C-9388-E063-4804A8C0BD98},54500,2023-08-01,2023,8,3,CA3 9PW,CA3,Flat/Maisonette,Leasehold,False,CARLISLE,CUMBERLAND,CUMBERLAND,A,54.923404,-2.950602,North West,England,Cumberland
{06C9F487-3A96-9388-E063-4804A8C0BD98},210000,2023-08-18,2023,8,3,LA9 5HY,LA9,Terraced,Freehold,False,KENDAL,WESTMORLAND AND FURNESS,WESTMORLAND AND FURNESS,A,54.341781,-2.755897,North West,England,Westmorland and Furness
{06C9F487-3AD4-9388-E063-4804A8C0BD98},175000,2023-08-02,2023,8,3,CA1 2UG,CA1,Semi-Detached,Freehold,False,CARLISLE,CUMBERLAND,CUMBERLAND,A,54.887374,-2.920664,North West,England,Cumberland
{06C9F487-3B3E-9388-E063-4804A8C0BD98},175000,2023-08-25,2023,8,3,SA44 5XL,SA44,Semi-Detached,Freehold,False,LLANDYSUL,CARMARTHENSHIRE,CARMARTHENSHIRE,A,52.136996,-4.381035,Wales,Wales,Ceredigion
{06C9F487-3B80-9388-E063-4804A8C0BD98},136500,2023-07-14,2023,7,3,LL77 7ED,LL77,Terraced,Freehold,False,LLANGEFNI,ISLE OF ANGLESEY,ISLE OF ANGLESEY,A,53.249388,-4.302351,Wales,Wales,Isle of Anglesey
{06C9F487-3BF5-9388-E063-4804A8C0BD98},615000,2023-07-27,2023,7,3,LL58 8AQ,LL58,Detached,Freehold,False,BEAUMARIS,ISLE OF ANGLESEY,ISLE OF ANGLESEY,A,53.290818,-4.137233,Wales,Wales,Isle of Anglesey
{06C9F487-3CF0-9388-E063-4804A8C0BD98},360000,2023-08-02,2023,8,3,NP25 4PE,NP25,Detached,Freehold,False,MONMOUTH,MONMOUTHSHIRE,MONMOUTHSHIRE,A,51.808344,-2.725202,Wales,Wales,Monmouthshire
{06C9F487-3D5C-9388-E063-4804A8C0BD98},192000,2023-09-01,2023,9,3,CF44 6EY,CF44,Semi-Detached,Freehold,False,ABERDARE,RHONDDA CYNON TAFF,RHONDDA CYNON TAFF,A,51.702765,-3.409405,Wales,Wales,Rhondda Cynon Taf
{06C9F487-3E13-9388-E063-4804A8C0BD98},143000,2023-08-18,2023,8,3,SA61 2PF,SA61,Terraced,Freehold,False,HAVERFORDWEST,PEMBROKESHIRE,PEMBROKESHIRE,A,51.809488,-4.973409,Wales,Wales,Pembrokeshire
{06C9F487-3F53-9388-E063-4804A8C0BD98},270000,2022-05-06,2022,5,2,SA61 1TS,SA61,Detached,Freehold,False,HAVERFORDWEST,PEMBROKESHIRE,PEMBROKESHIRE,A,51.809488,-4.973409,Wales,Wales,Pembrokeshire
{06C9F487-3FC0-9388-E063-4804A8C0BD98},555995,2022-07-05,2022,7,3,CH5 3FL,CH5,Detached,Freehold,True,DEESIDE,FLINTSHIRE,FLINTSHIRE,A,53.224506,-3.071442,Wales,Wales,Flintshire
{06C9F487-408F-9388-E063-4804A8C0BD98},327500,2022-10-28,2022,10,4,CF3 3NL,CF3,Detached,Freehold,True,CARDIFF,CARDIFF,CARDIFF,A,51.533038,-3.073072,Wales,Wales,Newport
{06C9F487-4163-9388-E063-4804A8C0BD98},740000,2023-09-27,2023,9,3,EX5 1PD,EX5,Detached,Freehold,False,EXETER,EAST DEVON,DEVON,A,50.749262,-3.414394,South West,England,East Devon
{06C9F487-4179-9388-E063-4804A8C0BD98},180000,2023-08-25,2023,8,3,PL2 1PH,PL2,Terraced,Freehold,False,PLYMOUTH,CITY OF PLYMOUTH,CITY OF PLYMOUTH,A,50.38349,-4.171304,South West,England,Plymouth
{06C9F487-41E8-9388-E063-4804A8C0BD98},330000,2023-05-03,2023,5,2,EX14 2HR,EX14,Detached,Freehold,False,HONITON,EAST DEVON,DEVON,A,50.788608,-3.20463,South West,England,East Devon
{06C9F487-424A-9388-E063-4804A8C0BD98},205000,2023-07-31,2023,7,3,PL2 1DX,PL2,Terraced,Freehold,False,PLYMOUTH,CITY OF PLYMOUTH,CITY OF PLYMOUTH,A,50.38349,-4.171304,South West,England,Plymouth
{06C9F487-4252-9388-E063-4804A8C0BD98},317500,2023-04-11,2023,4,2,EX31 2DF,EX31,Detached,Freehold,False,BARNSTAPLE,NORTH DEVON,DEVON,A,51.073394,-4.119132,South West,England,North Devon
{06C9F487-426C-9388-E063-4804A8C0BD98},160000,2023-08-21,2023,8,3,PL2 1RG,PL2,Terraced,Freehold,False,PLYMOUTH,CITY OF PLYMOUTH,CITY OF PLYMOUTH,A,50.38349,-4.171304,South West,England,Plymouth
{06C9F487-42E7-9388-E063-4804A8C0BD98},345000,2023-04-19,2023,4,2,EX34 0BP,EX34,Detached,Freehold,False,ILFRACOMBE,NORTH DEVON,DEVON,A,51.157764,-4.12201,South West,England,North Devon
{06C9F487-434C-9388-E063-4804A8C0BD98},595000,2023-09-26,2023,9,3,PL20 7EB,PL20,Detached,Freehold,False,YELVERTON,WEST DEVON,DEVON,A,50.490316,-4.117222,South West,England,West Devon
{06C9F487-43A7-9388-E063-4804A8C0BD98},950000,2023-08-02,2023,8,3,EX16 8RY,EX16,Detached,Freehold,False,TIVERTON,MID DEVON,DEVON,A,50.891109,-3.487079,South West,England,Mid Devon
{06C9F487-43AF-9388-E063-4804A8C0BD98},505000,2023-03-22,2023,3,1,PL9 9SA,PL9,Detached,Freehold,False,PLYMOUTH,CITY OF PLYMOUTH,CITY OF PLYMOUTH,A,50.35128,-4.078291,South West,England,Plymouth
{06C9F487-441E-9388-E063-4804A8C0BD98},215000,2023-07-21,2023,7,3,TQ12 4QE,TQ12,Terraced,Freehold,False,NEWTON ABBOT,TEIGNBRIDGE,DEVON,A,50.487816,-3.640981,South West,England,Teignbridge
{06C9F487-45D4-9388-E063-4804A8C0BD98},355000,2022-06-13,2022,6,2,EX18 7EZ,EX18,Detached,Freehold,False,CHULMLEIGH,MID DEVON,DEVON,A,50.914009,-3.86955,South West,England,North Devon
{06C9F487-4662-9388-E063-4804A8C0BD98},479950,2023-07-04,2023,7,3,TQ13 9TU,TQ13,Detached,Freehold,True,NEWTON ABBOT,TEIGNBRIDGE,DEVON,A,50.517898,-3.758813,South West,England,Teignbridge
{06C9F487-4681-9388-E063-4804A8C0BD98},260000,2022-06-10,2022,6,2,PL3 4QW,PL3,Terraced,Freehold,False,PLYMOUTH,CITY OF PLYMOUTH,CITY OF PLYMOUTH,A,50.379735,-4.14978,South West,England,Plymouth
{06C9F487-46B9-9388-E063-4804A8C0BD98},260000,2023-08-07,2023,8,3,BH17 8BE,BH17,Terraced,Freehold,False,POOLE,"BOURNEMOUTH, CHRISTCHURCH AND POOLE","BOURNEMOUTH, CHRISTCHURCH AND POOLE",A,50.753319,-1.951445,South West,England,"Bournemouth, Christchurch and Poole"
{06C9F487-46CF-9388-E063-4804A8C0BD98},475000,2022-07-11,2022,7,3,BH23 1NB,BH23,Detached,Freehold,False,CHRISTCHURCH,"BOURNEMOUTH, CHRISTCHURCH AND POOLE","BOURNEMOUTH, CHRISTCHURCH AND POOLE",A,50.748049,-1.794572,South West,England,"Bournemouth, Christchurch and Poole"
{06C9F487-4746-9388-E063-4804A8C0BD98},350000,2023-08-25,2023,8,3,BH15 3NR,BH15,Semi-Detached,Freehold,False,POOLE,"BOURNEMOUTH, CHRISTCHURCH AND POOLE","BOURNEMOUTH, CHRISTCHURCH AND POOLE",A,50.722211,-1.97379,South West,England,"Bournemouth, Christchurch and Poole"
{06C9F487-47A9-9388-E063-4804A8C0BD98},325000,2023-08-22,2023,8,3,BH17 9LQ,BH17,Semi-Detached,Freehold,False,POOLE,"BOURNEMOUTH, CHRISTCHURCH AND POOLE","BOURNEMOUTH, CHRISTCHURCH AND POOLE",A,50.753319,-1.951445,South West,England,"Bournemouth, Christchurch and Poole"
{06C9F487-486F-9388-E063-4804A8C0BD98},165000,2023-08-18,2023,8,3,BH17 9LW,BH17,Flat/Maisonette,Leasehold,False,POOLE,"BOURNEMOUTH, CHRISTCHURCH AND POOLE","BOURNEMOUTH, CHRISTCHURCH AND POOLE",A,50.753319,-1.951445,South West,England,"Bournemouth, Christchurch and Poole"
{06C9F487-48D4-9388-E063-4804A8C0BD98},434500,2023-09-14,2023,9,3,BH6 5LX,BH6,Detached,Freehold,False,BOURNEMOUTH,"BOURNEMOUTH, CHRISTCHURCH AND POOLE","BOURNEMOUTH, CHRISTCHURCH AND POOLE",A,50.730456,-1.797624,South West,England,"Bournemouth, Christchurch and Poole"
{06C9F487-491D-9388-E063-4804A8C0BD98},365000,2023-07-21,2023,7,3,BH14 0DT,BH14,Detached,Freehold,False,POOLE,"BOURNEMOUTH, CHRISTCHURCH AND POOLE","BOURNEMOUTH, CHRISTCHURCH AND POOLE",A,50.707787,-1.948447,South West,England,"Bournemouth, Christchurch and Poole"
{06C9F487-4A02-9388-E063-4804A8C0BD98},315000,2023-08-07,2023,8,3,BH22 0JL,BH22,Terraced,Freehold,False,FERNDOWN,DORSET,DORSET,A,50.804943,-1.892895,South West,England,Dorset
{06C9F487-4A6A-9388-E063-4804A8C0BD98},55000,2023-08-18,2023,8,3,DL5 7NE,DL5,Terraced,Freehold,False,NEWTON AYCLIFFE,COUNTY DURHAM,COUNTY DURHAM,A,54.624623,-1.564346,North East,England,County Durham
{06C9F487-4B80-9388-E063-4804A8C0BD98},32500,2023-03-24,2023,3,1,DL15 8NJ,DL15,Terraced,Freehold,False,CROOK,COUNTY DURHAM,COUNTY DURHAM,A,54.735543,-1.748218,North East,England,County Durham
{06C9F487-4BBF-9388-E063-4804A8C0BD98},75000,2023-01-23,2023,1,1,DL3 6SS,DL3,Flat/Maisonette,Leasehold,False,DARLINGTON,DARLINGTON,DARLINGTON,A,54.530884,-1.559966,North East,England,Darlington
{06C9F487-4BD8-9388-E063-4804A8C0BD98},70000,2023-08-25,2023,8,3,DH6 2PX,DH6,Semi-Detached,Freehold,False,DURHAM,COUNTY DURHAM,COUNTY DURHAM,A,54.736526,-1.52634,North East,England,County Durham
{06C9F487-4D2B-9388-E063-4804A8C0BD98},34000,2023-09-05,2023,9,3,DH8 6DT,DH8,Terraced,Freehold,False,CONSETT,COUNTY DURHAM,COUNTY DURHAM,A,54.854265,-1.825856,North East,England,County Durham
{06C9F487-4D73-9388-E063-4804A8C0BD98},215000,2023-07-25,2023,7,3,DE24 0PL,DE24,Semi-Detached,Freehold,False,DERBY,CITY OF DERBY,CITY OF DERBY,A,52.900064,-1.433242,East Midlands,England,Derby
{06C9F487-4E3A-9388-E063-4804A8C0BD98},285000,2023-07-24,2023,7,3,S18 1RP,S18,Semi-Detached,Leasehold,False,DRONFIELD,NORTH EAST DERBYSHIRE,DERBYSHIRE,A,53.272606,-1.489948,East Midlands,England,North East Derbyshire
{06C9F487-4E5B-9388-E063-4804A8C0BD98},180000,2023-08-17,2023,8,3,SK13 8LX,SK13,Terraced,Leasehold,False,GLOSSOP,HIGH PEAK,DERBYSHIRE,A,53.470299,-1.975569,East Midlands,England,High Peak
{06C9F487-4F5D-9388-E063-4804A8C0BD98},168750,2023-09-13,2023,9,3,DE4 4DT,DE4,Flat/Maisonette,Leasehold,False,MATLOCK,DERBYSHIRE DALES,DERBYSHIRE,A,53.11774,-1.583832,East Midlands,England,Derbyshire Dales
{06C9F487-4F6B-9388-E063-4804A8C0BD98},386000,2023-07-18,2023,7,3,SK17 9SH,SK17,Detached,Freehold,False,BUXTON,DERBYSHIRE DALES,DERBYSHIRE,A,53.143908,-1.810733,East Midlands,England,Derbyshire Dales
{06C9F487-4F71-9388-E063-4804A8C0BD98},352500,2023-08-17,2023,8,3,S42 6JB,S42,Detached,Freehold,False,CHESTERFIELD,NORTH EAST DERBYSHIRE,DERBYSHIRE,A,53.199904,-1.393776,East Midlands,England,North East Derbyshire
{06C9F487-50A4-9388-E063-4804A8C0BD98},270000,2022-05-15,2022,5,2,DE6 3BJ,DE6,Semi-Detached,Freehold,False,ASHBOURNE,DERBYSHIRE DALES,DERBYSHIRE,A,53.014571,-1.730361,East Midlands,England,Derbyshire Dales
{06C9F487-533B-9388-E063-4804A8C0BD98},3925000,2021-09-30,2021,9,3,E9 7NA,E9,Detached,Freehold,False,LONDON,HACKNEY,GREATER LONDON,A,51.547774,-0.042718,London,England,Hackney
{06C9F487-5425-9388-E063-4804A8C0BD98},760000,2023-08-08,2023,8,3,BN2 8FG,BN2,Detached,Freehold,False,BRIGHTON,BRIGHTON AND HOVE,BRIGHTON AND HOVE,A,50.831221,-0.11955,South East,England,Brighton and Hove
{06C9F487-54AD-9388-E063-4804A8C0BD98},296500,2023-03-29,2023,3,1,BN9 9NT,BN9,Terraced,Freehold,False,NEWHAVEN,LEWES,EAST SUSSEX,A,50.794114,0.045632,South East,England,Lewes
{06C9F487-5669-9388-E063-4804A8C0BD98},460000,2022-12-16,2022,12,4,BN3 4GU,BN3,Flat/Maisonette,Leasehold,True,HOVE,BRIGHTON AND HOVE,BRIGHTON AND HOVE,A,50.828916,-0.198014,South East,England,Brighton and Hove
{06C9F487-56A3-9388-E063-4804A8C0BD98},280000,2023-07-28,2023,7,3,BN27 2EE,BN27,Detached,Freehold,False,HAILSHAM,WEALDEN,EAST SUSSEX,A,50.89056,0.187086,South East,England,Wealden
{06C9F487-5766-9388-E063-4804A8C0BD98},825000,2023-08-02,2023,8,3,IG10 1SJ,IG10,Detached,Freehold,False,LOUGHTON,EPPING FOREST,ESSEX,A,51.656203,0.078348,East of England,England,Epping Forest
{06C9F487-57A3-9388-E063-4804A8C0BD98},285000,2022-10-21,2022,10,4,SS14 3TA,SS14,Semi-Detached,Freehold,False,BASILDON,BASILDON,ESSEX,A,51.575154,0.469437,East of England,England,Basildon
{06C9F487-5817-9388-E063-4804A8C0BD98},358000,2022-12-02,2022,12,4,SS9 5YG,SS9,Semi-Detached,Freehold,False,LEIGH-ON-SEA,SOUTHEND-ON-SEA,SOUTHEND-ON-SEA,A,51.541192,0.659632,East of England,England,Southend-on-Sea
{06C9F487-582C-9388-E063-4804A8C0BD98},290000,2023-05-31,2023,5,2,SS17 7JY,SS17,Terraced,Freehold,False,STANFORD-LE-HOPE,THURROCK,THURROCK,A,51.510893,0.431285,East of England,England,Thurrock
{06C9F487-584F-9388-E063-4804A8C0BD98},470000,2023-08-31,2023,8,3,CM2 6UF,CM2,Detached,Freehold,False,CHELMSFORD,CHELMSFORD,ESSEX,A,51.736232,0.489157,East of England,England,Chelmsford
{06C9F487-58DD-9388-E063-4804A8C0BD98},148000,2023-04-18,2023,4,2,RM15 5BD,RM15,Flat/Maisonette,Leasehold,False,SOUTH OCKENDON,THURROCK,THURROCK,B,51.502312,0.252564,East of England,England,Thurrock
{06C9F487-58E4-9388-E063-4804A8C0BD98},500000,2023-08-11,2023,8,3,SS6 9HR,SS6,Semi-Detached,Freehold,False,RAYLEIGH,ROCHFORD,ESSEX,A,51.581784,0.627601,East of England,England,Rochford
{06C9F487-5970-9388-E063-4804A8C0BD98},303000,2023-08-21,2023,8,3,CM17 9QR,CM17,Terraced,Freehold,False,HARLOW,HARLOW,ESSEX,A,51.754092,0.135899,East of England,England,Epping Forest
{06C9F487-59E3-9388-E063-4804A8C0BD98},350000,2023-07-28,2023,7,3,CO16 7JF,CO16,Semi-Detached,Freehold,False,CLACTON-ON-SEA,TENDRING,ESSEX,A,51.806191,1.145399,East of England,England,Tendring
{06C9F487-5A83-9388-E063-4804A8C0BD98},460000,2023-07-21,2023,7,3,SS7 2RJ,SS7,Detached,Freehold,False,BENFLEET,CASTLE POINT,ESSEX,A,51.554368,0.620914,East of England,England,Castle Point
{06C9F487-5AB5-9388-E063-4804A8C0BD98},285000,2023-04-06,2023,4,2,SS8 8BN,SS8,Semi-Detached,Freehold,False,CANVEY ISLAND,CASTLE POINT,ESSEX,A,51.517066,0.580139,East of England,England,Castle Point
{06C9F487-5AC3-9388-E063-4804A8C0BD98},315000,2023-08-11,2023,8,3,SS4 1ED,SS4,Terraced,Freehold,False,ROCHFORD,ROCHFORD,ESSEX,A,51.571305,0.706361,East of England,England,Rochford
{06C9F487-5B7A-9388-E063-4804A8C0BD98},395000,2023-08-14,2023,8,3,CO2 9GP,CO2,Detached,Freehold,False,COLCHESTER,COLCHESTER,ESSEX,A,51.87314,0.923155,East of England,England,Colchester
{06C9F487-5D82-9388-E063-4804A8C0BD98},190000,2021-11-02,2021,11,4,OL16 3ER,OL16,Semi-Detached,Freehold,False,ROCHDALE,ROCHDALE,GREATER MANCHESTER,A,53.610358,-2.112245,North West,England,Rochdale
{06C9F487-5DFC-9388-E063-4804A8C0BD98},260000,2023-08-17,2023,8,3,M24 2BT,M24,Detached,Freehold,False,MANCHESTER,ROCHDALE,GREATER MANCHESTER,A,53.55785,-2.205895,North West,England,Rochdale
{06C9F487-5E35-9388-E063-4804A8C0BD98},81250,2023-09-08,2023,9,3,WN2 3HD,WN2,Terraced,Freehold,False,WIGAN,WIGAN,GREATER MANCHESTER,A,53.504705,-2.582998,North West,England,Wigan
{06C9F487-5ECE-9388-E063-4804A8C0BD98},195000,2023-08-11,2023,8,3,SK2 7NU,SK2,Terraced,Freehold,False,STOCKPORT,STOCKPORT,GREATER MANCHESTER,A,53.387415,-2.141698,North West,England,Stockport
{06C9F487-5EE7-9388-E063-4804A8C0BD98},110000,2023-09-14,2023,9,3,WN2 4DB,WN2,Terraced,Leasehold,False,WIGAN,WIGAN,GREATER MANCHESTER,A,53.504705,-2.582998,North West,England,Wigan
{06C9F487-5F03-9388-E063-4804A8C0BD98},108000,2023-08-18,2023,8,3,OL2 6AL,OL2,Terraced,Leasehold,False,OLDHAM,OLDHAM,GREATER MANCHESTER,A,53.582818,-2.091856,North West,England,Oldham
{06C9F487-5F8A-9388-E063-4804A8C0BD98},615200,2023-03-27,2023,3,1,WA15 6AH,WA15,Semi-Detached,Freehold,False,ALTRINCHAM,TRAFFORD,GREATER MANCHESTER,A,53.395943,-2.309089,North West,England,Trafford
{06C9F487-6120-9388-E063-4804A8C0BD98},335000,2023-09-01,2023,9,3,GL7 5LT,GL7,Terraced,Leasehold,False,CIRENCESTER,COTSWOLD,GLOUCESTERSHIRE,A,51.67188,-1.772894,South West,England,Cotswold
{06C9F487-6154-9388-E063-4804A8C0BD98},252000,2023-08-07,2023,8,3,GL2 9DN,GL2,Terraced,Freehold,False,GLOUCESTER,TEWKESBURY,GLOUCESTERSHIRE,A,51.879783,-2.202531,South West,England,Gloucester
{06C9F487-61AD-9388-E063-4804A8C0BD98},175000,2023-08-17,2023,8,3,BS15 4QY,BS15,Flat/Maisonette,Leasehold,False,BRISTOL,SOUTH GLOUCESTERSHIRE,SOUTH GLOUCESTERSHIRE,A,51.454128,-2.491474,South West,England,South Gloucestershire
{06C9F487-61F8-9388-E063-4804A8C0BD98},508000,2023-07-31,2023,7,3,GL7 2DG,GL7,Terraced,Freehold,False,CIRENCESTER,COTSWOLD,GLOUCESTERSHIRE,A,51.67188,-1.772894,South West,England,Cotswold
{06C9F487-620F-9388-E063-4804A8C0BD98},1875000,2023-08-18,2023,8,3,GL55 6BJ,GL55,Detached,Freehold,False,CHIPPING CAMPDEN,COTSWOLD,GLOUCESTERSHIRE,A,52.047952,-1.782735,South West,England,Cotswold
{06C9F487-6215-9388-E063-4804A8C0BD98},200000,2023-07-24,2023,7,3,BS15 9AB,BS15,Flat/Maisonette,Leasehold,False,BRISTOL,SOUTH GLOUCESTERSHIRE,SOUTH GLOUCESTERSHIRE,A,51.454128,-2.491474,South West,England,South Gloucestershire
{06C9F487-621A-9388-E063-4804A8C0BD98},315000,2023-08-11,2023,8,3,GL20 7TW,GL20,Detached,Freehold,False,TEWKESBURY,TEWKESBURY,GLOUCESTERSHIRE,A,51.981036,-2.136767,South West,England,Tewkesbury
{06C9F487-622A-9388-E063-4804A8C0BD98},320000,2023-09-21,2023,9,3,GL12 8RE,GL12,Semi-Detached,Freehold,False,WOTTON-UNDER-EDGE,STROUD,GLOUCESTERSHIRE,A,51.638191,-2.45732,South West,England,South Gloucestershire
{06C9F487-6233-9388-E063-4804A8C0BD98},282000,2023-08-03,2023,8,3,GL7 1HE,GL7,Terraced,Freehold,False,CIRENCESTER,COTSWOLD,GLOUCESTERSHIRE,A,51.67188,-1.772894,South West,England,Cotswold
{06C9F487-6328-9388-E063-4804A8C0BD98},197500,2021-11-19,2021,11,4,GL52 2LT,GL52,Flat/Maisonette,Leasehold,False,CHELTENHAM,CHELTENHAM,GLOUCESTERSHIRE,A,51.942933,-2.061163,South West,England,Tewkesbury
{06C9F487-63AC-9388-E063-4804A8C0BD98},242500,2022-06-30,2022,6,2,GL15 5TS,GL15,Terraced,Freehold,True,LYDNEY,FOREST OF DEAN,GLOUCESTERSHIRE,A,51.762549,-2.473633,South West,England,Forest of Dean
{06C9F487-63EB-9388-E063-4804A8C0BD98},389995,2022-09-30,2022,9,3,GL3 5AD,GL3,Detached,Freehold,True,GLOUCESTER,TEWKESBURY,GLOUCESTERSHIRE,A,51.879893,-2.178794,South West,England,Tewkesbury
{06C9F487-6452-9388-E063-4804A8C0BD98},122000,2023-08-17,2023,8,3,GL1 3DR,GL1,Flat/Maisonette,Leasehold,False,GLOUCESTER,GLOUCESTER,GLOUCESTERSHIRE,A,51.855759,-2.236414,South West,England,Gloucester
{06C9F487-6476-9388-E063-4804A8C0BD98},345000,2023-07-31,2023,7,3,GL52 2HX,GL52,Terraced,Freehold,False,CHELTENHAM,CHELTENHAM,GLOUCESTERSHIRE,A,51.942933,-2.061163,South West,England,Tewkesbury
{06C9F487-64A9-9388-E063-4804A8C0BD98},487000,2023-08-15,2023,8,3,EN8 8DH,EN8,Terraced,Freehold,False,WALTHAM CROSS,BROXBOURNE,HERTFORDSHIRE,A,51.7002,-0.039072,East of England,England,Broxbourne
{06C9F487-6613-9388-E063-4804A8C0BD98},415000,2023-08-11,2023,8,3,SG6 4QA,SG6,Terraced,Freehold,False,LETCHWORTH GARDEN CITY,NORTH HERTFORDSHIRE,HERTFORDSHIRE,A,51.972816,-0.215121,East of England,England,North Hertfordshire
{06C9F487-6668-9388-E063-4804A8C0BD98},1450000,2023-08-25,2023,8,3,WD3 7NN,WD3,Detached,Freehold,False,RICKMANSWORTH,THREE RIVERS,HERTFORDSHIRE,A,51.644305,-0.493547,East of England,England,Three Rivers
{06C9F487-66D0-9388-E063-4804A8C0BD98},242500,2023-03-31,2023,3,1,EN10 6FH,EN10,Flat/Maisonette,Leasehold,False,BROXBOURNE,BROXBOURNE,HERTFORDSHIRE,A,51.745959,-0.023228,East of England,England,Broxbourne
{06C9F487-672F-9388-E063-4804A8C0BD98},202500,2023-07-28,2023,7,3,AL10 8TL,AL10,Flat/Maisonette,Leasehold,False,HATFIELD,WELWYN HATFIELD,HERTFORDSHIRE,A,51.755044,-0.232808,East of England,England,Welwyn Hatfield
{06C9F487-682F-9388-E063-4804A8C0BD98},1300000,2022-05-31,2022,5,2,SG4 9FP,SG4,Detached,Freehold,True,HITCHIN,NORTH HERTFORDSHIRE,HERTFORDSHIRE,A,51.851954,-0.232992,East of England,England,North Hertfordshire
{06C9F487-6891-9388-E063-4804A8C0BD98},325000,2022-12-07,2022,12,4,HP1 1BG,HP1,Flat/Maisonette,Leasehold,True,HEMEL HEMPSTEAD,DACORUM,HERTFORDSHIRE,A,51.766629,-0.485406,East of England,England,Dacorum
{06C9F487-68D8-9388-E063-4804A8C0BD98},357000,2023-07-06,2023,7,3,HP2 4HU,HP2,Terraced,Freehold,False,HEMEL HEMPSTEAD,DACORUM,HERTFORDSHIRE,A,51.758615,-0.469315,East of England,England,Dacorum
{06C9F487-69F6-9388-E063-4804A8C0BD98},241000,2023-07-21,2023,7,3,PO4 0LW,PO4,Terraced,Freehold,False,SOUTHSEA,PORTSMOUTH,PORTSMOUTH,A,50.796785,-1.059415,South East,England,Portsmouth
{06C9F487-6A0C-9388-E063-4804A8C0BD98},260000,2023-09-05,2023,9,3,PO14 3ST,PO14,Terraced,Freehold,False,FAREHAM,FAREHAM,HAMPSHIRE,A,50.866703,-1.258933,South East,England,Fareham
{06C9F487-6A50-9388-E063-4804A8C0BD98},750000,2023-04-14,2023,4,2,BH23 4ET,BH23,Detached,Freehold,False,CHRISTCHURCH,"BOURNEMOUTH, CHRISTCHURCH AND POOLE","BOURNEMOUTH, CHRISTCHURCH AND POOLE",A,50.748049,-1.794572,South West,England,"Bournemouth, Christchurch and Poole"
{06C9F487-6A52-9388-E063-4804A8C0BD98},95000,2023-04-28,2023,4,2,SO23 7HA,SO23,Flat/Maisonette,Leasehold,False,WINCHESTER,WINCHESTER,HAMPSHIRE,A,51.094049,-1.306527,South East,England,Winchester
{06C9F487-6A77-9388-E063-4804A8C0BD98},1435000,2023-07-21,2023,7,3,GU51 4QP,GU51,Detached,Freehold,False,FLEET,HART,HAMPSHIRE,A,51.276555,-0.819619,South East,England,Hart
{06C9F487-6A91-9388-E063-4804A8C0BD98},227500,2023-06-30,2023,6,2,PO6 4ER,PO6,Terraced,Freehold,False,PORTSMOUTH,PORTSMOUTH,PORTSMOUTH,A,50.845876,-1.056881,South East,England,Portsmouth
{06C9F487-6B64-9388-E063-4804A8C0BD98},71000,2023-07-28,2023,7,3,SO17 1SE,SO17,Flat/Maisonette,Leasehold,False,SOUTHAMPTON,SOUTHAMPTON,SOUTHAMPTON,A,50.929624,-1.391053,South East,England,Southampton
{06C9F487-6B6C-9388-E063-4804A8C0BD98},381500,2023-08-03,2023,8,3,GU12 4EB,GU12,Semi-Detached,Freehold,False,ALDERSHOT,RUSHMOOR,HAMPSHIRE,A,51.239667,-0.705572,South East,England,Guildford
{06C9F487-6BC9-9388-E063-4804A8C0BD98},460000,2023-07-14,2023,7,3,RG28 7JQ,RG28,Semi-Detached,Freehold,False,WHITCHURCH,BASINGSTOKE AND DEANE,HAMPSHIRE,A,51.233706,-1.345321,South East,England,Basingstoke and Deane
{06C9F487-6C5E-9388-E063-4804A8C0BD98},557500,2023-07-20,2023,7,3,SO45 5TN,SO45,Detached,Freehold,False,SOUTHAMPTON,NEW FOREST,HAMPSHIRE,A,50.851482,-1.401929,South East,England,New Forest
{06C9F487-6C9F-9388-E063-4804A8C0BD98},297500,2023-09-08,2023,9,3,SO30 2XN,SO30,Terraced,Freehold,False,SOUTHAMPTON,EASTLEIGH,HAMPSHIRE,A,50.904896,-1.301378,South East,England,Eastleigh
{06C9F487-6CA2-9388-E063-4804A8C0BD98},316000,2023-03-20,2023,3,1,SO30 2EX,SO30,Semi-Detached,Freehold,False,SOUTHAMPTON,EASTLEIGH,HAMPSHIRE,A,50.904896,-1.301378,South East,England,Eastleigh
{06C9F487-6E39-9388-E063-4804A8C0BD98},505000,2023-06-30,2023,6,2,SO23 8RS,SO23,Flat/Maisonette,Leasehold,False,WINCHESTER,WINCHESTER,HAMPSHIRE,A,51.094049,-1.306527,South East,England,Winchester
{06C9F487-6E9F-9388-E063-4804A8C0BD98},370000,2021-09-08,2021,9,3,RG28 7FQ,RG28,Semi-Detached,Freehold,False,WHITCHURCH,BASINGSTOKE AND DEANE,HAMPSHIRE,A,51.233706,-1.345321,South East,England,Basingstoke and Deane
{06C9F487-6FAD-9388-E063-4804A8C0BD98},800000,2022-03-23,2022,3,1,SO32 1HB,SO32,Detached,Freehold,False,SOUTHAMPTON,WINCHESTER,HAMPSHIRE,A,50.928452,-1.281317,South East,England,Eastleigh
{06C9F487-700B-9388-E063-4804A8C0BD98},235000,2022-01-28,2022,1,1,RG27 9QW,RG27,Flat/Maisonette,Leasehold,True,HOOK,HART,HAMPSHIRE,A,51.309174,-0.905094,South East,England,Hart
{06C9F487-704C-9388-E063-4804A8C0BD98},195000,2023-04-05,2023,4,2,HU16 4NG,HU16,Semi-Detached,Freehold,False,COTTINGHAM,EAST RIDING OF YORKSHIRE,EAST RIDING OF YORKSHIRE,A,53.790456,-0.406881,Yorkshire and The Humber,England,East Riding of Yorkshire
{06C9F487-710E-9388-E063-4804A8C0BD98},124950,2023-08-04,2023,8,3,HU5 5LE,HU5,Semi-Detached,Freehold,False,HULL,CITY OF KINGSTON UPON HULL,CITY OF KINGSTON UPON HULL,A,53.759429,-0.384891,Yorkshire and The Humber,England,"Kingston upon Hull, City of"
{06C9F487-71F4-9388-E063-4804A8C0BD98},178000,2023-04-21,2023,4,2,DN36 4TW,DN36,Semi-Detached,Freehold,False,GRIMSBY,NORTH EAST LINCOLNSHIRE,NORTH EAST LINCOLNSHIRE,A,53.526126,-0.028852,Yorkshire and The Humber,England,North East Lincolnshire
{06C9F487-724A-9388-E063-4804A8C0BD98},172500,2022-04-22,2022,4,2,HU7 3NX,HU7,Terraced,Freehold,True,HULL,CITY OF KINGSTON UPON HULL,CITY OF KINGSTON UPON HULL,A,53.779611,-0.322878,Yorkshire and The Humber,England,"Kingston upon Hull, City of"
{06C9F487-73DC-9388-E063-4804A8C0BD98},350000,2023-08-04,2023,8,3,WR3 8EY,WR3,Terraced,Freehold,False,WORCESTER,WORCESTER,WORCESTERSHIRE,A,52.207146,-2.218418,West Midlands,England,Worcester
{06C9F487-7487-9388-E063-4804A8C0BD98},469000,2023-09-14,2023,9,3,PO38 1XX,PO38,Detached,Freehold,False,VENTNOR,ISLE OF WIGHT,ISLE OF WIGHT,A,50.596932,-1.266923,South East,England,Isle of Wight
{06C9F487-7514-9388-E063-4804A8C0BD98},290000,2023-07-31,2023,7,3,ME6 5DY,ME6,Terraced,Freehold,False,SNODLAND,TONBRIDGE AND MALLING,KENT,A,51.32857,0.440272,South East,England,Tonbridge and Malling
{06C9F487-753C-9388-E063-4804A8C0BD98},460000,2023-08-17,2023,8,3,BR6 9PE,BR6,Semi-Detached,Freehold,False,ORPINGTON,BROMLEY,GREATER LONDON,A,51.359231,0.083019,London,England,Bromley
{06C9F487-75EA-9388-E063-4804A8C0BD98},815000,2023-08-17,2023,8,3,CT20 2NZ,CT20,Detached,Freehold,False,FOLKESTONE,FOLKESTONE AND HYTHE,KENT,A,51.082797,1.160654,South East,England,Folkestone and Hythe
{06C9F487-7683-9388-E063-4804A8C0BD98},1510000,2023-08-30,2023,8,3,TN11 0AB,TN11,Detached,Freehold,False,TONBRIDGE,TONBRIDGE AND MALLING,KENT,A,51.217191,0.243529,South East,England,Tonbridge and Malling
{06C9F487-7695-9388-E063-4804A8C0BD98},310000,2023-03-30,2023,3,1,DA7 4HX,DA7,Flat/Maisonette,Leasehold,False,BEXLEYHEATH,BEXLEY,GREATER LONDON,A,51.46191,0.133616,London,England,Bexley
{06C9F487-76F4-9388-E063-4804A8C0BD98},300000,2023-07-17,2023,7,3,ME5 8TT,ME5,Terraced,Freehold,False,CHATHAM,MEDWAY,MEDWAY,A,51.334501,0.540699,South East,England,Medway
{06C9F487-7764-9388-E063-4804A8C0BD98},330000,2023-07-28,2023,7,3,ME5 9HT,ME5,Terraced,Freehold,False,CHATHAM,TONBRIDGE AND MALLING,KENT,A,51.334501,0.540699,South East,England,Medway
{06C9F487-77CD-9388-E063-4804A8C0BD98},325000,2023-05-25,2023,5,2,DA2 6BD,DA2,Semi-Detached,Freehold,False,DARTFORD,DARTFORD,KENT,A,51.442356,0.241698,South East,England,Dartford
{06C9F487-77DF-9388-E063-4804A8C0BD98},250000,2023-07-07,2023,7,3,ME8 6UP,ME8,Semi-Detached,Freehold,False,GILLINGHAM,MEDWAY,MEDWAY,A,51.344901,0.597511,South East,England,Medway
{06C9F487-77FF-9388-E063-4804A8C0BD98},405000,2022-08-19,2022,8,3,CT14 9UZ,CT14,Detached,Freehold,False,DEAL,DOVER,KENT,A,51.256369,1.346774,South East,England,Dover
{06C9F487-781C-9388-E063-4804A8C0BD98},283000,2023-08-01,2023,8,3,TN2 4HJ,TN2,Semi-Detached,Freehold,False,TUNBRIDGE WELLS,TUNBRIDGE WELLS,KENT,A,51.150947,0.286144,South East,England,Tunbridge Wells
{06C9F487-7834-9388-E063-4804A8C0BD98},855000,2023-03-31,2023,3,1,CT2 8EG,CT2,Detached,Freehold,False,CANTERBURY,CANTERBURY,KENT,A,51.287712,1.083366,South East,England,Canterbury
{06C9F487-7954-9388-E063-4804A8C0BD98},1155000,2023-03-29,2023,3,1,TN4 8AX,TN4,Detached,Freehold,False,TUNBRIDGE WELLS,TUNBRIDGE WELLS,KENT,A,51.137046,0.258696,South East,England,Tunbridge Wells
{06C9F487-7A40-9388-E063-4804A8C0BD98},163000,2023-03-03,2023,3,1,M26 4HG,M26,Terraced,Leasehold,False,MANCHESTER,BURY,GREATER MANCHESTER,A,53.562516,-2.322907,North West,England,Bury
{06C9F487-7A72-9388-E063-4804A8C0BD98},262500,2023-09-15,2023,9,3,BL8 2PE,BL8,Semi-Detached,Leasehold,False,BURY,BURY,GREATER MANCHESTER,A,53.596336,-2.320657,North West,England,Bury
{06C9F487-7B09-9388-E063-4804A8C0BD98},83000,2023-09-12,2023,9,3,BL1 2NZ,BL1,Terraced,Freehold,False,BOLTON,BOLTON,GREATER MANCHESTER,A,53.610671,-2.425087,North West,England,Bolton
{06C9F487-7B64-9388-E063-4804A8C0BD98},132000,2023-05-31,2023,5,2,BB1 2HR,BB1,Semi-Detached,Freehold,False,BLACKBURN,BLACKBURN WITH DARWEN,BLACKBURN WITH DARWEN,A,53.787998,-2.481779,North West,England,Ribble Valley
{06C9F487-7BD9-9388-E063-4804A8C0BD98},187000,2023-07-21,2023,7,3,PR1 4PN,PR1,Semi-Detached,Freehold,False,PRESTON,PRESTON,LANCASHIRE,A,53.73961,-2.72862,North West,England,South Ribble
{06C9F487-7C0D-9388-E063-4804A8C0BD98},97500,2023-03-17,2023,3,1,BB11 2LB,BB11,Semi-Detached,Freehold,False,BURNLEY,BURNLEY,LANCASHIRE,A,53.783265,-2.238234,North West,England,Burnley
{06C9F487-7C19-9388-E063-4804A8C0BD98},122000,2023-08-07,2023,8,3,FY1 6QG,FY1,Semi-Detached,Freehold,False,BLACKPOOL,BLACKPOOL,BLACKPOOL,A,53.825721,-3.044093,North West,England,Blackpool
{06C9F487-7C1B-9388-E063-4804A8C0BD98},142000,2023-08-04,2023,8,3,PR6 7US,PR6,Semi-Detached,Freehold,False,CHORLEY,CHORLEY,LANCASHIRE,A,53.690878,-2.568938,North West,England,Chorley
{06C9F487-7C30-9388-E063-4804A8C0BD98},64000,2023-09-18,2023,9,3,BB3 3DF,BB3,Terraced,Leasehold,False,DARWEN,BLACKBURN WITH DARWEN,BLACKBURN WITH DARWEN,A,53.723198,-2.462881,North West,England,Blackburn with Darwen
{06C9F487-7EFD-9388-E063-4804A8C0BD98},90000,2023-08-24,2023,8,3,BB18 6QN,BB18,Terraced,Freehold,False,BARNOLDSWICK,PENDLE,LANCASHIRE,A,53.918795,-2.186495,North West,England,Pendle
{06C9F487-7F3E-9388-E063-4804A8C0BD98},94500,2022-03-25,2022,3,1,FY1 3RJ,FY1,Flat/Maisonette,Leasehold,False,BLACKPOOL,BLACKPOOL,BLACKPOOL,A,53.825721,-3.044093,North West,England,Blackpool
{06C9F487-7F63-9388-E063-4804A8C0BD98},356500,2023-08-18,2023,8,3,PR2 3QU,PR2,Semi-Detached,Freehold,False,PRESTON,PRESTON,LANCASHIRE,A,53.779934,-2.654823,North West,England,Preston
{06C9F487-7F69-9388-E063-4804A8C0BD98},332500,2023-08-18,2023,8,3,PR25 1EA,PR25,Detached,Freehold,False,LEYLAND,SOUTH RIBBLE,LANCASHIRE,A,53.697597,-2.709461,North West,England,South Ribble
{06C9F487-7F80-9388-E063-4804A8C0BD98},114000,2021-12-22,2021,12,4,BB7 9EE,BB7,Terraced,Leasehold,False,CLITHEROE,RIBBLE VALLEY,LANCASHIRE,A,53.812432,-2.405214,North West,England,Hyndburn
{06C9F487-803C-9388-E063-4804A8C0BD98},202500,2022-06-24,2022,6,2,LA5 8HQ,LA5,Semi-Detached,Freehold,False,CARNFORTH,LANCASTER,LANCASHIRE,A,54.134272,-2.769572,North West,England,Lancaster
{06C9F487-805A-9388-E063-4804A8C0BD98},975000,2022-07-21,2022,7,3,FY8 4AD,FY8,Detached,Freehold,False,LYTHAM ST ANNES,FYLDE,LANCASHIRE,A,53.7533,-3.001045,North West,England,Fylde
{06C9F487-80DF-9388-E063-4804A8C0BD98},182995,2022-08-24,2022,8,3,PR25 1EF,PR25,Semi-Detached,Freehold,True,LEYLAND,SOUTH RIBBLE,LANCASHIRE,A,53.697597,-2.709461,North West,England,South Ribble
{06C9F487-8148-9388-E063-4804A8C0BD98},147500,2023-08-04,2023,8,3,FY8 1FF,FY8,Flat/Maisonette,Leasehold,False,LYTHAM ST ANNES,FYLDE,LANCASHIRE,A,53.7533,-3.001045,North West,England,Fylde
{06C9F487-81E1-9388-E063-4804A8C0BD98},325000,2023-09-15,2023,9,3,LN4 1SR,LN4,Detached,Freehold,False,LINCOLN,NORTH KESTEVEN,LINCOLNSHIRE,A,53.112047,-0.324217,East Midlands,England,North Kesteven
{06C9F487-83C7-9388-E063-4804A8C0BD98},213750,2022-01-28,2022,1,1,LN5 9ZL,LN5,Semi-Detached,Freehold,True,LINCOLN,NORTH KESTEVEN,LINCOLNSHIRE,A,53.100174,-0.529249,East Midlands,England,North Kesteven
{06C9F487-8452-9388-E063-4804A8C0BD98},699000,2022-12-02,2022,12,4,LN1 4AU,LN1,Detached,Freehold,True,LINCOLN,WEST LINDSEY,LINCOLNSHIRE,A,53.240553,-0.543522,East Midlands,England,Lincoln
{06C9F487-847B-9388-E063-4804A8C0BD98},203000,2023-07-28,2023,7,3,NG31 9BS,NG31,Semi-Detached,Freehold,False,GRANTHAM,SOUTH KESTEVEN,LINCOLNSHIRE,A,52.926,-0.641553,East Midlands,England,South Kesteven
{06C9F487-85EB-9388-E063-4804A8C0BD98},283000,2023-02-10,2023,2,1,LE4 1EA,LE4,Detached,Freehold,False,LEICESTER,LEICESTER,LEICESTER,A,52.668154,-1.139471,East Midlands,England,Leicester
{06C9F487-8635-9388-E063-4804A8C0BD98},875000,2023-07-28,2023,7,3,CV9 1RD,CV9,Detached,Freehold,False,ATHERSTONE,HINCKLEY AND BOSWORTH,LEICESTERSHIRE,A,52.575663,-1.543894,West Midlands,England,North Warwickshire
{06C9F487-8684-9388-E063-4804A8C0BD98},350000,2023-06-23,2023,6,2,LE2 4DG,LE2,Semi-Detached,Freehold,False,LEICESTER,OADBY AND WIGSTON,LEICESTERSHIRE,A,52.63624,-1.115227,East Midlands,England,Leicester
{06C9F487-86CB-9388-E063-4804A8C0BD98},275000,2023-08-24,2023,8,3,LE12 7FY,LE12,Semi-Detached,Freehold,False,LOUGHBOROUGH,CHARNWOOD,LEICESTERSHIRE,A,52.752143,-1.141418,East Midlands,England,Charnwood
{06C9F487-8750-9388-E063-4804A8C0BD98},119000,2023-08-25,2023,8,3,LE18 2DD,LE18,Flat/Maisonette,Leasehold,False,WIGSTON,OADBY AND WIGSTON,LEICESTERSHIRE,A,52.596261,-1.117626,East Midlands,England,Oadby and Wigston
{06C9F487-8891-9388-E063-4804A8C0BD98},205596,2022-08-01,2022,8,3,LE13 0TQ,LE13,Terraced,Freehold,True,MELTON MOWBRAY,MELTON,LEICESTERSHIRE,A,52.757606,-0.888721,East Midlands,England,Melton
{06C9F487-88B1-9388-E063-4804A8C0BD98},339995,2022-10-07,2022,10,4,LE67 2NA,LE67,Detached,Freehold,True,COALVILLE,NORTH WEST LEICESTERSHIRE,LEICESTERSHIRE,A,52.689993,-1.30905,East Midlands,England,Hinckley and Bosworth
{06C9F487-88C5-9388-E063-4804A8C0BD98},450000,2022-11-30,2022,11,4,LE9 9RN,LE9,Detached,Freehold,True,LEICESTER,HINCKLEY AND BOSWORTH,LEICESTERSHIRE,A,52.577143,-1.303046,East Midlands,England,Hinckley and Bosworth
{06C9F487-8A06-9388-E063-4804A8C0BD98},290000,2023-09-11,2023,9,3,WN7 2TW,WN7,Detached,Leasehold,False,LEIGH,WIGAN,GREATER MANCHESTER,A,53.484098,-2.530152,North West,England,Wigan
{06C9F487-8AA6-9388-E063-4804A8C0BD98},370000,2021-05-17,2021,5,2,M26 1SE,M26,Detached,Freehold,True,MANCHESTER,BURY,GREATER MANCHESTER,A,53.562516,-2.322907,North West,England,Bury
{06C9F487-8AB0-9388-E063-4804A8C0BD98},244431,2020-06-29,2020,6,2,M15 6JQ,M15,Flat/Maisonette,Leasehold,True,MANCHESTER,MANCHESTER,GREATER MANCHESTER,A,53.472441,-2.249201,North West,England,Manchester
{06C9F487-8AF1-9388-E063-4804A8C0BD98},398000,2021-04-16,2021,4,2,M15 4UD,M15,Flat/Maisonette,Leasehold,True,MANCHESTER,MANCHESTER,GREATER MANCHESTER,A,53.472441,-2.249201,North West,England,Manchester
{06C9F487-8B31-9388-E063-4804A8C0BD98},153750,2023-08-17,2023,8,3,SK8 1BR,SK8,Flat/Maisonette,Leasehold,False,CHEADLE,STOCKPORT,GREATER MANCHESTER,A,53.361378,-2.185293,North West,England,Stockport
{06C9F487-8B64-9388-E063-4804A8C0BD98},300000,2023-03-24,2023,3,1,M24 5AN,M24,Semi-Detached,Freehold,False,MANCHESTER,ROCHDALE,GREATER MANCHESTER,A,53.55785,-2.205895,North West,England,Rochdale
{06C9F487-8C8E-9388-E063-4804A8C0BD98},320000,2021-10-19,2021,10,4,M15 4SA,M15,Flat/Maisonette,Leasehold,True,MANCHESTER,MANCHESTER,GREATER MANCHESTER,A,53.472441,-2.249201,North West,England,Manchester
{06C9F487-8CD6-9388-E063-4804A8C0BD98},197001,2022-06-30,2022,6,2,M1 2HS,M1,Flat/Maisonette,Leasehold,False,MANCHESTER,MANCHESTER,GREATER MANCHESTER,A,53.483028,-2.231782,North West,England,Manchester
{06C9F487-8D85-9388-E063-4804A8C0BD98},167000,2021-12-21,2021,12,4,B29 6GU,B29,Flat/Maisonette,Leasehold,True,BIRMINGHAM,BIRMINGHAM,WEST MIDLANDS,A,52.444802,-1.962846,West Midlands,England,Birmingham
{06C9F487-8D8B-9388-E063-4804A8C0BD98},190000,2021-12-22,2021,12,4,B29 6GU,B29,Flat/Maisonette,Leasehold,True,BIRMINGHAM,BIRMINGHAM,WEST MIDLANDS,A,52.444802,-1.962846,West Midlands,England,Birmingham
{06C9F487-8F31-9388-E063-4804A8C0BD98},180000,2023-08-04,2023,8,3,L13 7DL,L13,Terraced,Freehold,False,LIVERPOOL,LIVERPOOL,MERSEYSIDE,A,53.414875,-2.91051,North West,England,Liverpool
{06C9F487-8F85-9388-E063-4804A8C0BD98},125000,2023-08-24,2023,8,3,PR9 0JJ,PR9,Flat/Maisonette,Leasehold,False,SOUTHPORT,SEFTON,MERSEYSIDE,A,53.651503,-3.003564,North West,England,Sefton
{06C9F487-8F97-9388-E063-4804A8C0BD98},117000,2023-08-31,2023,8,3,L31 8AG,L31,Flat/Maisonette,Leasehold,False,LIVERPOOL,SEFTON,MERSEYSIDE,A,53.510885,-2.941655,North West,England,Sefton
{06C9F487-8FC0-9388-E063-4804A8C0BD98},130000,2023-07-31,2023,7,3,PR8 4EG,PR8,Terraced,Freehold,False,SOUTHPORT,SEFTON,MERSEYSIDE,A,53.593282,-3.046891,North West,England,Sefton
{06C9F487-8FFE-9388-E063-4804A8C0BD98},191000,2023-07-28,2023,7,3,CH46 6BT,CH46,Detached,Freehold,False,WIRRAL,WIRRAL,MERSEYSIDE,A,53.415076,-3.109011,North West,England,Wirral
{06C9F487-9022-9388-E063-4804A8C0BD98},182500,2023-03-14,2023,3,1,CH44 8HG,CH44,Terraced,Freehold,False,WALLASEY,WIRRAL,MERSEYSIDE,A,53.407744,-3.018893,North West,England,Wirral
{06C9F487-910B-9388-E063-4804A8C0BD98},110000,2023-08-18,2023,8,3,CH44 4EF,CH44,Terraced,Freehold,False,WALLASEY,WIRRAL,MERSEYSIDE,A,53.407744,-3.018893,North West,England,Wirral
{06C9F487-9185-9388-E063-4804A8C0BD98},110000,2023-07-03,2023,7,3,L11 2WX,L11,Semi-Detached,Freehold,False,LIVERPOOL,LIVERPOOL,MERSEYSIDE,A,53.435735,-2.923811,North West,England,Liverpool
{06C9F487-9250-9388-E063-4804A8C0BD98},128000,2022-01-28,2022,1,1,CH45 5AD,CH45,Flat/Maisonette,Leasehold,True,WALLASEY,WIRRAL,MERSEYSIDE,A,53.424651,-3.06333,North West,England,Wirral
{06C9F487-9327-9388-E063-4804A8C0BD98},99000,2023-08-17,2023,8,3,L10 4YR,L10,Terraced,Freehold,False,LIVERPOOL,KNOWSLEY,MERSEYSIDE,A,53.468109,-2.927632,North West,England,Liverpool
{06C9F487-943F-9388-E063-4804A8C0BD98},1020000,2023-08-14,2023,8,3,HA5 3BN,HA5,Semi-Detached,Freehold,False,PINNER,HARROW,GREATER LONDON,A,51.585392,-0.376456,London,England,Harrow
{06C9F487-9446-9388-E063-4804A8C0BD98},775000,2021-06-29,2021,6,2,NW6 7UN,NW6,Terraced,Freehold,False,LONDON,BRENT,GREATER LONDON,A,51.544167,-0.20988,London,England,Brent
{06C9F487-951C-9388-E063-4804A8C0BD98},112000,2023-08-14,2023,8,3,NE24 1HN,NE24,Terraced,Freehold,False,BLYTH,NORTHUMBERLAND,NORTHUMBERLAND,A,55.112727,-1.526013,North East,England,Northumberland
{06C9F487-9528-9388-E063-4804A8C0BD98},82000,2023-06-27,2023,6,2,NE63 0QF,NE63,Terraced,Freehold,False,ASHINGTON,NORTHUMBERLAND,NORTHUMBERLAND,A,55.18157,-1.580614,North East,England,Northumberland
{06C9F487-959D-9388-E063-4804A8C0BD98},165950,2022-06-24,2022,6,2,NE63 9AJ,NE63,Semi-Detached,Freehold,True,ASHINGTON,NORTHUMBERLAND,NORTHUMBERLAND,A,55.18157,-1.580614,North East,England,Northumberland
{06C9F487-9613-9388-E063-4804A8C0BD98},338000,2023-08-25,2023,8,3,NE61 2DJ,NE61,Semi-Detached,Freehold,False,MORPETH,NORTHUMBERLAND,NORTHUMBERLAND,A,55.161368,-1.695212,North East,England,Northumberland
{06C9F487-9625-9388-E063-4804A8C0BD98},120000,2023-09-14,2023,9,3,NE19 1HB,NE19,Terraced,Freehold,False,NEWCASTLE UPON TYNE,NORTHUMBERLAND,NORTHUMBERLAND,A,55.314577,-2.362314,North East,England,Northumberland
{06C9F487-9660-9388-E063-4804A8C0BD98},315000,2023-07-28,2023,7,3,NE63 9FF,NE63,Detached,Leasehold,False,ASHINGTON,NORTHUMBERLAND,NORTHUMBERLAND,A,55.18157,-1.580614,North East,England,Northumberland
{06C9F487-96D8-9388-E063-4804A8C0BD98},1050000,2023-08-24,2023,8,3,HA8 7QU,HA8,Semi-Detached,Freehold,False,EDGWARE,HARROW,GREATER LONDON,A,51.623247,-0.288294,London,England,Barnet
{06C9F487-96FC-9388-E063-4804A8C0BD98},1575000,2023-03-31,2023,3,1,HA3 6ST,HA3,Detached,Freehold,False,HARROW,HARROW,GREATER LONDON,A,51.588931,-0.314948,London,England,Harrow
{06C9F487-9714-9388-E063-4804A8C0BD98},655000,2023-08-18,2023,8,3,W13 0SP,W13,Semi-Detached,Freehold,False,LONDON,EALING,GREATER LONDON,A,51.50409,-0.316999,London,England,Ealing
{06C9F487-9769-9388-E063-4804A8C0BD98},395000,2023-09-15,2023,9,3,HA8 6PR,HA8,Flat/Maisonette,Leasehold,False,EDGWARE,HARROW,GREATER LONDON,A,51.623247,-0.288294,London,England,Barnet
{06C9F487-97ED-9388-E063-4804A8C0BD98},1325000,2023-02-10,2023,2,1,NW11 6HE,NW11,Semi-Detached,Freehold,False,LONDON,BARNET,GREATER LONDON,A,51.573675,-0.208288,London,England,Barnet
{06C9F487-990D-9388-E063-4804A8C0BD98},1425000,2023-04-20,2023,4,2,WC2R 1HA,WC2R,Flat/Maisonette,Leasehold,False,LONDON,CITY OF WESTMINSTER,GREATER LONDON,A,,,,,
{06C9F487-9932-9388-E063-4804A8C0BD98},5200000,2023-08-23,2023,8,3,W1K 2SE,W1K,Flat/Maisonette,Leasehold,False,LONDON,CITY OF WESTMINSTER,GREATER LONDON,A,51.509127,-0.15217,London,England,Westminster
{06C9F487-9992-9388-E063-4804A8C0BD98},510000,2023-07-25,2023,7,3,PE36 5BE,PE36,Semi-Detached,Freehold,False,HUNSTANTON,KING'S LYNN AND WEST NORFOLK,NORFOLK,A,52.932495,0.490617,East of England,England,King's Lynn and West Norfolk
{06C9F487-99F2-9388-E063-4804A8C0BD98},975000,2023-07-27,2023,7,3,NR11 7NS,NR11,Detached,Freehold,False,NORWICH,NORTH NORFOLK,NORFOLK,A,52.789714,1.2314,East of England,England,Broadland
{06C9F487-9A1E-9388-E063-4804A8C0BD98},325000,2023-08-17,2023,8,3,NR9 4AF,NR9,Semi-Detached,Freehold,False,NORWICH,SOUTH NORFOLK,NORFOLK,A,52.599166,1.17496,East of England,England,South Norfolk
{06C9F487-9B83-9388-E063-4804A8C0BD98},215000,2023-08-11,2023,8,3,NR14 7GG,NR14,Detached,Freehold,False,NORWICH,SOUTH NORFOLK,NORFOLK,A,52.569066,1.293346,East of England,England,South Norfolk
{06C9F487-9C45-9388-E063-4804A8C0BD98},300000,2022-04-29,2022,4,2,NR13 6QH,NR13,Detached,Freehold,False,NORWICH,BROADLAND,NORFOLK,A,52.666868,1.512619,East of England,England,Broadland
{06C9F487-9CC7-9388-E063-4804A8C0BD98},700000,2022-10-05,2022,10,4,NR13 6HY,NR13,Detached,Freehold,False,NORWICH,BROADLAND,NORFOLK,A,52.666868,1.512619,East of England,England,Broadland
{06C9F487-9CE2-9388-E063-4804A8C0BD98},295000,2022-10-28,2022,10,4,NR13 4TN,NR13,Semi-Detached,Freehold,True,NORWICH,BROADLAND,NORFOLK,A,52.666868,1.512619,East of England,England,Broadland
{06C9F487-9E22-9388-E063-4804A8C0BD98},348500,2023-08-25,2023,8,3,NN6 6LW,NN6,Semi-Detached,Freehold,False,NORTHAMPTON,WEST NORTHAMPTONSHIRE,WEST NORTHAMPTONSHIRE,A,52.263454,-0.746808,East Midlands,England,North Northamptonshire
{06C9F487-9E71-9388-E063-4804A8C0BD98},160000,2023-07-21,2023,7,3,NN16 8RS,NN16,Terraced,Freehold,False,KETTERING,NORTH NORTHAMPTONSHIRE,NORTH NORTHAMPTONSHIRE,A,52.40591,-0.722153,East Midlands,England,North Northamptonshire
{06C9F487-9ECB-9388-E063-4804A8C0BD98},310000,2023-08-07,2023,8,3,NN18 8QG,NN18,Detached,Freehold,False,CORBY,NORTH NORTHAMPTONSHIRE,NORTH NORTHAMPTONSHIRE,A,52.489271,-0.717928,East Midlands,England,North Northamptonshire
{06C9F487-9F4B-9388-E063-4804A8C0BD98},430000,2022-12-02,2022,12,4,NN6 0RL,NN6,Detached,Freehold,False,NORTHAMPTON,NORTH NORTHAMPTONSHIRE,NORTH NORTHAMPTONSHIRE,A,52.263454,-0.746808,East Midlands,England,North Northamptonshire
{06C9F487-A052-9388-E063-4804A8C0BD98},333495,2022-09-30,2022,9,3,NN8 3AX,NN8,Detached,Freehold,True,WELLINGBOROUGH,NORTH NORTHAMPTONSHIRE,NORTH NORTHAMPTONSHIRE,A,52.302877,-0.685432,East Midlands,England,North Northamptonshire
{06C9F487-A09D-9388-E063-4804A8C0BD98},329995,2023-07-21,2023,7,3,NN6 0FX,NN6,Terraced,Freehold,True,NORTHAMPTON,NORTH NORTHAMPTONSHIRE,NORTH NORTHAMPTONSHIRE,A,52.263454,-0.746808,East Midlands,England,North Northamptonshire
{06C9F487-A146-9388-E063-4804A8C0BD98},251500,2023-04-21,2023,4,2,NG9 2ER,NG9,Semi-Detached,Freehold,False,NOTTINGHAM,BROXTOWE,NOTTINGHAMSHIRE,A,52.921358,-1.205159,East Midlands,England,Broxtowe
{06C9F487-A27A-9388-E063-4804A8C0BD98},192500,2023-09-04,2023,9,3,NG18 5QT,NG18,Semi-Detached,Freehold,False,MANSFIELD,MANSFIELD,NOTTINGHAMSHIRE,A,53.136892,-1.193955,East Midlands,England,Mansfield
{06C9F487-A2B1-9388-E063-4804A8C0BD98},175000,2023-06-30,2023,6,2,NG21 0DZ,NG21,Semi-Detached,Freehold,False,MANSFIELD,NEWARK AND SHERWOOD,NOTTINGHAMSHIRE,A,53.183122,-1.057632,East Midlands,England,Newark and Sherwood
{06C9F487-A487-9388-E063-4804A8C0BD98},280995,2022-06-24,2022,6,2,NG16 3JG,NG16,Detached,Freehold,True,NOTTINGHAM,BROXTOWE,NOTTINGHAMSHIRE,A,53.017204,-1.296747,East Midlands,England,Broxtowe
{06C9F487-A497-9388-E063-4804A8C0BD98},194195,2021-04-26,2021,4,2,NG24 3XH,NG24,Semi-Detached,Freehold,True,NEWARK,NEWARK AND SHERWOOD,NOTTINGHAMSHIRE,A,53.051412,-0.775347,East Midlands,England,Newark and Sherwood
{06C9F487-A4A7-9388-E063-4804A8C0BD98},500000,2023-08-21,2023,8,3,LE12 6LJ,LE12,Detached,Freehold,False,LOUGHBOROUGH,RUSHCLIFFE,NOTTINGHAMSHIRE,A,52.752143,-1.141418,East Midlands,England,Charnwood
{06C9F487-A4BF-9388-E063-4804A8C0BD98},334995,2022-11-30,2022,11,4,DN22 8FX,DN22,Detached,Freehold,True,RETFORD,BASSETLAW,NOTTINGHAMSHIRE,A,53.33053,-0.823128,East Midlands,England,Bassetlaw
{06C9F487-A4FA-9388-E063-4804A8C0BD98},190000,2023-08-10,2023,8,3,DN22 9HW,DN22,Semi-Detached,Freehold,False,RETFORD,BASSETLAW,NOTTINGHAMSHIRE,A,53.33053,-0.823128,East Midlands,England,Bassetlaw
{06C9F487-A54E-9388-E063-4804A8C0BD98},293000,2023-09-08,2023,9,3,YO21 1NZ,YO21,Detached,Freehold,False,WHITBY,NORTH YORKSHIRE,NORTH YORKSHIRE,A,54.48105,-0.61659,Yorkshire and The Humber,England,North Yorkshire
{06C9F487-A58B-9388-E063-4804A8C0BD98},442000,2023-08-10,2023,8,3,YO24 2UY,YO24,Detached,Freehold,False,YORK,YORK,YORK,A,53.953367,-1.092666,Yorkshire and The Humber,England,York
{06C9F487-A5A9-9388-E063-4804A8C0BD98},295000,2023-08-14,2023,8,3,YO12 7QZ,YO12,Semi-Detached,Freehold,False,SCARBOROUGH,NORTH YORKSHIRE,NORTH YORKSHIRE,A,54.282606,-0.412063,Yorkshire and The Humber,England,North Yorkshire
{06C9F487-A5CD-9388-E063-4804A8C0BD98},178000,2023-08-18,2023,8,3,YO17 7HD,YO17,Terraced,Freehold,False,MALTON,NORTH YORKSHIRE,NORTH YORKSHIRE,A,54.124513,-0.52102,Yorkshire and The Humber,England,North Yorkshire
{06C9F487-A5E8-9388-E063-4804A8C0BD98},190000,2023-08-04,2023,8,3,DL10 6EF,DL10,Terraced,Freehold,False,RICHMOND,NORTH YORKSHIRE,NORTH YORKSHIRE,A,54.472809,-1.693895,Yorkshire and The Humber,England,North Yorkshire
{06C9F487-A63B-9388-E063-4804A8C0BD98},355000,2023-08-02,2023,8,3,DL10 5NU,DL10,Semi-Detached,Freehold,False,RICHMOND,NORTH YORKSHIRE,NORTH YORKSHIRE,A,54.472809,-1.693895,Yorkshire and The Humber,England,North Yorkshire
{06C9F487-A71D-9388-E063-4804A8C0BD98},414000,2023-07-14,2023,7,3,HG2 8DS,HG2,Semi-Detached,Freehold,False,HARROGATE,NORTH YORKSHIRE,NORTH YORKSHIRE,A,53.989048,-1.549754,Yorkshire and The Humber,England,North Yorkshire
{06C9F487-A74E-9388-E063-4804A8C0BD98},285000,2023-09-22,2023,9,3,YO32 9UL,YO32,Semi-Detached,Freehold,False,YORK,YORK,YORK,A,54.007926,-1.07996,Yorkshire and The Humber,England,York
{06C9F487-A75A-9388-E063-4804A8C0BD98},300000,2023-06-30,2023,6,2,TS9 6LE,TS9,Semi-Detached,Freehold,False,MIDDLESBROUGH,NORTH YORKSHIRE,NORTH YORKSHIRE,A,54.470074,-1.192883,Yorkshire and The Humber,England,North Yorkshire
{06C9F487-A7BB-9388-E063-4804A8C0BD98},750000,2023-08-29,2023,8,3,LS29 0HQ,LS29,Terraced,Freehold,False,ILKLEY,NORTH YORKSHIRE,NORTH YORKSHIRE,A,53.926975,-1.802011,Yorkshire and The Humber,England,Bradford
{06C9F487-A7F8-9388-E063-4804A8C0BD98},375000,2022-01-21,2022,1,1,YO13 0DG,YO13,Detached,Freehold,False,SCARBOROUGH,NORTH YORKSHIRE,NORTH YORKSHIRE,A,54.299319,-0.458122,Yorkshire and The Humber,England,North Yorkshire
{06C9F487-A884-9388-E063-4804A8C0BD98},390995,2022-08-03,2022,8,3,DN14 9GA,DN14,Detached,Freehold,True,GOOLE,NORTH YORKSHIRE,NORTH YORKSHIRE,A,53.70676,-0.861201,Yorkshire and The Humber,England,East Riding of Yorkshire
{06C9F487-A89E-9388-E063-4804A8C0BD98},1045000,2022-09-13,2022,9,3,LS22 4WS,LS22,Detached,Freehold,False,WETHERBY,NORTH YORKSHIRE,NORTH YORKSHIRE,A,53.927202,-1.3884,Yorkshire and The Humber,England,Leeds
{06C9F487-A926-9388-E063-4804A8C0BD98},220000,2023-08-31,2023,8,3,YO14 9ER,YO14,Semi-Detached,Freehold,False,FILEY,NORTH YORKSHIRE,NORTH YORKSHIRE,A,54.206599,-0.2986,Yorkshire and The Humber,England,North Yorkshire
{06C9F487-A944-9388-E063-4804A8C0BD98},195000,2023-09-07,2023,9,3,YO12 4NE,YO12,Terraced,Freehold,False,SCARBOROUGH,NORTH YORKSHIRE,NORTH YORKSHIRE,A,54.282606,-0.412063,Yorkshire and The Humber,England,North Yorkshire
{06C9F487-A95D-9388-E063-4804A8C0BD98},575000,2023-08-18,2023,8,3,YO31 7YD,YO31,Terraced,Freehold,False,YORK,YORK,YORK,A,53.965487,-1.050149,Yorkshire and The Humber,England,York
{06C9F487-A963-9388-E063-4804A8C0BD98},347500,2023-08-10,2023,8,3,HG5 0SY,HG5,Detached,Freehold,False,KNARESBOROUGH,NORTH YORKSHIRE,NORTH YORKSHIRE,A,54.017907,-1.466036,Yorkshire and The Humber,England,North Yorkshire
{06C9F487-A997-9388-E063-4804A8C0BD98},290000,2023-07-07,2023,7,3,OX26 3DY,OX26,Semi-Detached,Freehold,False,BICESTER,CHERWELL,OXFORDSHIRE,A,51.896212,-1.141229,South East,England,Cherwell
{06C9F487-A9C1-9388-E063-4804A8C0BD98},506600,2023-08-04,2023,8,3,RG4 7NS,RG4,Semi-Detached,Freehold,False,READING,READING,READING,A,51.47914,-0.950102,South East,England,Reading
{06C9F487-A9EB-9388-E063-4804A8C0BD98},435000,2023-09-11,2023,9,3,OX10 8NR,OX10,Terraced,Freehold,False,WALLINGFORD,SOUTH OXFORDSHIRE,OXFORDSHIRE,A,51.625343,-1.086167,South East,England,South Oxfordshire
{06C9F487-AA00-9388-E063-4804A8C0BD98},710000,2023-07-28,2023,7,3,OX2 9QS,OX2,Detached,Freehold,False,OXFORD,VALE OF WHITE HORSE,OXFORDSHIRE,A,51.745626,-1.297204,South East,England,Vale of White Horse
{06C9F487-AAFC-9388-E063-4804A8C0BD98},435000,2023-08-18,2023,8,3,SN7 8FN,SN7,Detached,Freehold,False,FARINGDON,VALE OF WHITE HORSE,OXFORDSHIRE,A,51.636567,-1.505131,South East,England,Vale of White Horse
{06C9F487-AB66-9388-E063-4804A8C0BD98},542000,2022-02-04,2022,2,1,SN7 8FS,SN7,Detached,Freehold,True,FARINGDON,VALE OF WHITE HORSE,OXFORDSHIRE,A,51.636567,-1.505131,South East,England,Vale of White Horse
{06C9F487-ABCA-9388-E063-4804A8C0BD98},437600,2022-07-29,2022,7,3,OX10 6GB,OX10,Semi-Detached,Freehold,True,WALLINGFORD,SOUTH OXFORDSHIRE,OXFORDSHIRE,A,51.625343,-1.086167,South East,England,South Oxfordshire
{06C9F487-ABCF-9388-E063-4804A8C0BD98},689999,2022-06-30,2022,6,2,OX14 4SQ,OX14,Detached,Freehold,True,ABINGDON,SOUTH OXFORDSHIRE,OXFORDSHIRE,A,51.685438,-1.267788,South East,England,Vale of White Horse
{06C9F487-ABD3-9388-E063-4804A8C0BD98},405000,2022-07-29,2022,7,3,OX25 5TB,OX25,Semi-Detached,Freehold,True,BICESTER,CHERWELL,OXFORDSHIRE,A,51.870726,-1.118809,South East,England,Cherwell
{06C9F487-ACA4-9388-E063-4804A8C0BD98},1670000,2023-08-02,2023,8,3,OX12 9PZ,OX12,Detached,Freehold,False,WANTAGE,VALE OF WHITE HORSE,OXFORDSHIRE,A,51.600284,-1.424007,South East,England,Vale of White Horse
{06C9F487-AFCA-9388-E063-4804A8C0BD98},150000,2023-08-18,2023,8,3,ST5 9LR,ST5,Terraced,Freehold,False,NEWCASTLE,NEWCASTLE-UNDER-LYME,STAFFORDSHIRE,A,53.006881,-2.218567,West Midlands,England,Newcastle-under-Lyme
{06C9F487-B04C-9388-E063-4804A8C0BD98},149500,2023-08-23,2023,8,3,ST10 1DY,ST10,Terraced,Freehold,False,STOKE-ON-TRENT,STAFFORDSHIRE MOORLANDS,STAFFORDSHIRE,A,52.985175,-1.987117,West Midlands,England,Staffordshire Moorlands
{06C9F487-B0B2-9388-E063-4804A8C0BD98},195000,2021-12-17,2021,12,4,DE14 1QB,DE14,Terraced,Freehold,True,BURTON-ON-TRENT,EAST STAFFORDSHIRE,STAFFORDSHIRE,A,52.807367,-1.647901,West Midlands,England,East Staffordshire
{06C9F487-B2AB-9388-E063-4804A8C0BD98},530000,2023-03-31,2023,3,1,DA7 6AN,DA7,Semi-Detached,Freehold,False,BEXLEYHEATH,BEXLEY,GREATER LONDON,A,51.46191,0.133616,London,England,Bexley
{06C9F487-B33A-9388-E063-4804A8C0BD98},517500,2023-04-11,2023,4,2,SW17 9SQ,SW17,Flat/Maisonette,Leasehold,False,LONDON,WANDSWORTH,GREATER LONDON,A,51.438517,-0.162517,London,England,Wandsworth
{06C9F487-B36F-9388-E063-4804A8C0BD98},180000,2023-07-10,2023,7,3,KT9 2DQ,KT9,Flat/Maisonette,Leasehold,False,CHESSINGTON,KINGSTON UPON THAMES,GREATER LONDON,A,51.36739,-0.306154,London,England,Kingston upon Thames
{06C9F487-B569-9388-E063-4804A8C0BD98},396400,2023-08-10,2023,8,3,SE25 5BG,SE25,Flat/Maisonette,Leasehold,False,LONDON,CROYDON,GREATER LONDON,A,51.400915,-0.092486,London,England,Croydon
{06C9F487-B5A0-9388-E063-4804A8C0BD98},350000,2022-02-22,2022,2,1,DA5 3QJ,DA5,Flat/Maisonette,Leasehold,False,BEXLEY,BEXLEY,GREATER LONDON,A,51.443129,0.142151,London,England,Bexley
{06C9F487-B61E-9388-E063-4804A8C0BD98},487000,2022-05-11,2022,5,2,KT3 3FR,KT3,Flat/Maisonette,Leasehold,True,NEW MALDEN,KINGSTON UPON THAMES,GREATER LONDON,A,51.40737,-0.261198,London,England,Kingston upon Thames
{06C9F487-B63D-9388-E063-4804A8C0BD98},554000,2021-12-10,2021,12,4,KT3 3FG,KT3,Flat/Maisonette,Leasehold,True,NEW MALDEN,KINGSTON UPON THAMES,GREATER LONDON,A,51.40737,-0.261198,London,England,Kingston upon Thames
{06C9F487-B740-9388-E063-4804A8C0BD98},300000,2021-12-17,2021,12,4,GU32 3EH,GU32,Terraced,Freehold,False,PETERSFIELD,EAST HAMPSHIRE,HAMPSHIRE,A,51.00463,-0.938844,South East,England,East Hampshire
{06C9F487-B756-9388-E063-4804A8C0BD98},400000,2022-04-08,2022,4,2,PO11 9RN,PO11,Detached,Freehold,False,HAYLING ISLAND,HAVANT,HAMPSHIRE,A,50.781047,-0.963799,South East,England,Havant
{06C9F487-B79C-9388-E063-4804A8C0BD98},220000,2023-06-27,2023,6,2,NR33 7TT,NR33,Semi-Detached,Freehold,False,LOWESTOFT,EAST SUFFOLK,SUFFOLK,A,52.467446,1.740933,East of England,England,East Suffolk
{06C9F487-B7BB-9388-E063-4804A8C0BD98},545000,2023-07-11,2023,7,3,NR35 1NE,NR35,Detached,Freehold,False,BUNGAY,EAST SUFFOLK,SUFFOLK,A,52.455258,1.438913,East of England,England,East Suffolk
{06C9F487-B8B4-9388-E063-4804A8C0BD98},360000,2023-08-11,2023,8,3,CB9 9SJ,CB9,Semi-Detached,Freehold,False,HAVERHILL,WEST SUFFOLK,SUFFOLK,A,52.088728,0.438943,East of England,England,West Suffolk
{06C9F487-B9C1-9388-E063-4804A8C0BD98},450000,2022-04-22,2022,4,2,IP31 3UF,IP31,Detached,Freehold,True,BURY ST EDMUNDS,MID SUFFOLK,SUFFOLK,A,52.275418,0.930597,East of England,England,Mid Suffolk
{06C9F487-B9D7-9388-E063-4804A8C0BD98},370000,2022-05-06,2022,5,2,IP13 9FA,IP13,Terraced,Freehold,False,WOODBRIDGE,EAST SUFFOLK,SUFFOLK,A,52.221265,1.336924,East of England,England,East Suffolk
{06C9F487-BA1A-9388-E063-4804A8C0BD98},425000,2022-06-30,2022,6,2,IP32 6TT,IP32,Detached,Freehold,True,BURY ST EDMUNDS,WEST SUFFOLK,SUFFOLK,A,52.256417,0.695501,East of England,England,West Suffolk
{06C9F487-BA22-9388-E063-4804A8C0BD98},575000,2022-07-20,2022,7,3,IP30 9GT,IP30,Detached,Freehold,True,BURY ST EDMUNDS,MID SUFFOLK,SUFFOLK,A,52.234472,0.910248,East of England,England,Mid Suffolk
{06C9F487-BB0B-9388-E063-4804A8C0BD98},122500,2023-09-01,2023,9,3,IP1 2EG,IP1,Flat/Maisonette,Leasehold,False,IPSWICH,IPSWICH,SUFFOLK,A,52.066056,1.136714,East of England,England,Ipswich
{06C9F487-BBE8-9388-E063-4804A8C0BD98},260000,2023-08-23,2023,8,3,TF10 7FQ,TF10,Detached,Freehold,False,NEWPORT,WREKIN,WREKIN,A,52.768227,-2.373909,West Midlands,England,Telford and Wrekin
{06C9F487-BC03-9388-E063-4804A8C0BD98},685000,2023-04-19,2023,4,2,SY8 2EJ,SY8,Detached,Freehold,False,LUDLOW,SHROPSHIRE,SHROPSHIRE,A,52.373373,-2.713635,West Midlands,England,Shropshire
{06C9F487-BC69-9388-E063-4804A8C0BD98},385000,2022-08-04,2022,8,3,SY10 7FE,SY10,Detached,Freehold,True,OSWESTRY,SHROPSHIRE,SHROPSHIRE,A,52.886964,-3.03214,West Midlands,England,Shropshire
{06C9F487-BCC8-9388-E063-4804A8C0BD98},340000,2023-09-01,2023,9,3,TF1 3PW,TF1,Detached,Freehold,False,TELFORD,WREKIN,WREKIN,A,52.707115,-2.483649,West Midlands,England,Telford and Wrekin
{06C9F487-BD48-9388-E063-4804A8C0BD98},385000,2022-11-28,2022,11,4,WV16 4AS,WV16,Detached,Freehold,False,BRIDGNORTH,SHROPSHIRE,SHROPSHIRE,A,52.529766,-2.419226,West Midlands,England,Shropshire
{06C9F487-BE1F-9388-E063-4804A8C0BD98},390000,2023-09-13,2023,9,3,BA1 4JZ,BA1,Terraced,Freehold,False,BATH,BATH AND NORTH EAST SOMERSET,BATH AND NORTH EAST SOMERSET,A,51.39085,-2.355423,South West,England,Bath and North East Somerset
{06C9F487-BEF7-9388-E063-4804A8C0BD98},360000,2023-08-30,2023,8,3,BS48 2HW,BS48,Semi-Detached,Freehold,False,BRISTOL,NORTH SOMERSET,NORTH SOMERSET,A,51.425526,-2.774384,South West,England,North Somerset
{06C9F487-BF5E-9388-E063-4804A8C0BD98},330000,2022-01-25,2022,1,1,BS21 7UU,BS21,Detached,Freehold,False,CLEVEDON,NORTH SOMERSET,NORTH SOMERSET,A,51.428713,-2.857751,South West,England,North Somerset
{06C9F487-BFE7-9388-E063-4804A8C0BD98},475000,2023-08-04,2023,8,3,BS14 9JA,BS14,Detached,Freehold,False,BRISTOL,BATH AND NORTH EAST SOMERSET,BATH AND NORTH EAST SOMERSET,A,51.42562,-2.570014,South West,England,"Bristol, City of"
{06C9F487-BFF0-9388-E063-4804A8C0BD98},490000,2023-08-31,2023,8,3,TA4 3LA,TA4,Detached,Freehold,False,TAUNTON,SOMERSET,SOMERSET,A,51.044472,-3.311741,South West,England,Somerset
{06C9F487-C06F-9388-E063-4804A8C0BD98},296000,2023-08-11,2023,8,3,PO22 8AY,PO22,Terraced,Freehold,False,BOGNOR REGIS,ARUN,WEST SUSSEX,A,50.78761,-0.645016,South East,England,Arun
{06C9F487-C093-9388-E063-4804A8C0BD98},619000,2023-01-27,2023,1,1,BN2 9XJ,BN2,Terraced,Freehold,False,BRIGHTON,BRIGHTON AND HOVE,BRIGHTON AND HOVE,A,50.831221,-0.11955,South East,England,Brighton and Hove
{06C9F487-C0FA-9388-E063-4804A8C0BD98},365000,2023-03-10,2023,3,1,BN16 3EF,BN16,Semi-Detached,Freehold,False,LITTLEHAMPTON,ARUN,WEST SUSSEX,A,50.812718,-0.5176,South East,England,Arun
{06C9F487-C11A-9388-E063-4804A8C0BD98},357000,2023-08-11,2023,8,3,PO21 4SF,PO21,Detached,Freehold,False,BOGNOR REGIS,ARUN,WEST SUSSEX,A,50.787852,-0.709929,South East,England,Arun
{06C9F487-C14D-9388-E063-4804A8C0BD98},375000,2023-08-18,2023,8,3,TN21 8SG,TN21,Semi-Detached,Freehold,False,HEATHFIELD,WEALDEN,EAST SUSSEX,A,50.971424,0.1995,South East,England,Wealden
{06C9F487-C175-9388-E063-4804A8C0BD98},485000,2023-03-24,2023,3,1,CR2 8PG,CR2,Semi-Detached,Freehold,False,SOUTH CROYDON,CROYDON,GREATER LONDON,A,51.345234,-0.074508,London,England,Croydon
{06C9F487-C186-9388-E063-4804A8C0BD98},1395000,2023-08-04,2023,8,3,KT20 6JE,KT20,Detached,Freehold,False,TADWORTH,REIGATE AND BANSTEAD,SURREY,A,51.300682,-0.233068,South East,England,Reigate and Banstead
{06C9F487-C1CF-9388-E063-4804A8C0BD98},870000,2023-08-23,2023,8,3,GU22 8RZ,GU22,Detached,Freehold,False,WOKING,WOKING,SURREY,A,51.314701,-0.547013,South East,England,Woking
{06C9F487-C22A-9388-E063-4804A8C0BD98},475000,2023-04-14,2023,4,2,SM5 3BW,SM5,Terraced,Freehold,False,CARSHALTON,SUTTON,GREATER LONDON,A,51.373457,-0.170698,London,England,Sutton
{06C9F487-C231-9388-E063-4804A8C0BD98},530000,2023-07-14,2023,7,3,CR5 1EF,CR5,Terraced,Freehold,False,COULSDON,CROYDON,GREATER LONDON,A,51.301944,-0.117234,London,England,Croydon
{06C9F487-C3AA-9388-E063-4804A8C0BD98},745936,2023-08-04,2023,8,3,SW16 3AA,SW16,Terraced,Freehold,False,LONDON,CROYDON,GREATER LONDON,A,51.425463,-0.143319,London,England,Wandsworth
{06C9F487-C3AE-9388-E063-4804A8C0BD98},1273500,2023-09-14,2023,9,3,KT10 0ND,KT10,Semi-Detached,Freehold,False,ESHER,ELMBRIDGE,SURREY,A,51.385521,-0.348443,South East,England,Elmbridge
{06C9F487-C3B2-9388-E063-4804A8C0BD98},330500,2023-04-04,2023,4,2,GU4 7XR,GU4,Terraced,Freehold,False,GUILDFORD,GUILDFORD,SURREY,A,51.252679,-0.534753,South East,England,Guildford
{06C9F487-C471-9388-E063-4804A8C0BD98},1050000,2023-08-11,2023,8,3,RH2 8HN,RH2,Detached,Freehold,False,REIGATE,REIGATE AND BANSTEAD,SURREY,A,51.231247,-0.193445,South East,England,Reigate and Banstead
{06C9F487-C48F-9388-E063-4804A8C0BD98},295000,2023-04-14,2023,4,2,TW16 7TS,TW16,Flat/Maisonette,Leasehold,False,SUNBURY-ON-THAMES,SPELTHORNE,SURREY,A,51.413599,-0.405759,South East,England,Spelthorne
{06C9F487-C4BC-9388-E063-4804A8C0BD98},490000,2023-03-14,2023,3,1,GU15 4LU,GU15,Terraced,Freehold,False,CAMBERLEY,SURREY HEATH,SURREY,A,51.33555,-0.742367,South East,England,Surrey Heath
{06C9F487-C57E-9388-E063-4804A8C0BD98},270000,2023-07-21,2023,7,3,RH6 7PX,RH6,Flat/Maisonette,Leasehold,False,HORLEY,REIGATE AND BANSTEAD,SURREY,A,51.177052,-0.166134,South East,England,Reigate and Banstead
{06C9F487-C5F3-9388-E063-4804A8C0BD98},394500,2022-01-28,2022,1,1,KT20 5FR,KT20,Flat/Maisonette,Leasehold,True,TADWORTH,REIGATE AND BANSTEAD,SURREY,A,51.300682,-0.233068,South East,England,Reigate and Banstead
{06C9F487-C679-9388-E063-4804A8C0BD98},456500,2022-06-29,2022,6,2,RH6 8TR,RH6,Detached,Freehold,True,HORLEY,REIGATE AND BANSTEAD,SURREY,A,51.177052,-0.166134,South East,England,Reigate and Banstead
{06C9F487-C6EC-9388-E063-4804A8C0BD98},535000,2023-07-13,2023,7,3,RH3 7JZ,RH3,Semi-Detached,Freehold,False,BETCHWORTH,MOLE VALLEY,SURREY,A,51.234547,-0.252062,South East,England,Mole Valley
{06C9F487-C7A1-9388-E063-4804A8C0BD98},280000,2023-04-06,2023,4,2,DN4 6SA,DN4,Detached,Freehold,False,DONCASTER,DONCASTER,SOUTH YORKSHIRE,A,53.499899,-1.184259,Yorkshire and The Humber,England,Doncaster
{06C9F487-C7BD-9388-E063-4804A8C0BD98},155000,2023-08-18,2023,8,3,S63 8NE,S63,Detached,Freehold,False,ROTHERHAM,BARNSLEY,SOUTH YORKSHIRE,A,53.518201,-1.327457,Yorkshire and The Humber,England,Barnsley
{06C9F487-C7EC-9388-E063-4804A8C0BD98},163000,2023-08-18,2023,8,3,DN8 4RX,DN8,Semi-Detached,Freehold,False,DONCASTER,DONCASTER,SOUTH YORKSHIRE,A,53.613875,-0.961385,Yorkshire and The Humber,England,Doncaster
{06C9F487-C80F-9388-E063-4804A8C0BD98},310000,2023-07-21,2023,7,3,DN6 9PY,DN6,Detached,Freehold,False,DONCASTER,DONCASTER,SOUTH YORKSHIRE,A,53.591356,-1.205524,Yorkshire and The Humber,England,Doncaster
{06C9F487-C88C-9388-E063-4804A8C0BD98},155000,2023-06-30,2023,6,2,S9 1PJ,S9,Semi-Detached,Leasehold,False,SHEFFIELD,SHEFFIELD,SOUTH YORKSHIRE,A,53.381471,-1.403229,Yorkshire and The Humber,England,Sheffield
{06C9F487-C8BB-9388-E063-4804A8C0BD98},212000,2023-07-28,2023,7,3,S72 9DY,S72,Detached,Freehold,False,BARNSLEY,BARNSLEY,SOUTH YORKSHIRE,A,53.591652,-1.402015,Yorkshire and The Humber,England,Barnsley
{06C9F487-CAE8-9388-E063-4804A8C0BD98},201995,2022-06-16,2022,6,2,DN6 7FP,DN6,Detached,Freehold,True,DONCASTER,DONCASTER,SOUTH YORKSHIRE,A,53.591356,-1.205524,Yorkshire and The Humber,England,Doncaster
{06C9F487-CAF5-9388-E063-4804A8C0BD98},164995,2022-06-30,2022,6,2,DN12 4BF,DN12,Semi-Detached,Freehold,True,DONCASTER,DONCASTER,SOUTH YORKSHIRE,A,53.479381,-1.237842,Yorkshire and The Humber,England,Doncaster
{06C9F487-CBDF-9388-E063-4804A8C0BD98},85000,2023-09-12,2023,9,3,TS3 7NR,TS3,Semi-Detached,Freehold,False,MIDDLESBROUGH,MIDDLESBROUGH,MIDDLESBROUGH,A,54.554516,-1.202104,North East,England,Middlesbrough
{06C9F487-CC08-9388-E063-4804A8C0BD98},320000,2023-08-18,2023,8,3,SE9 5HY,SE9,Flat/Maisonette,Leasehold,False,LONDON,GREENWICH,GREATER LONDON,A,51.424094,0.048423,London,England,Bromley
{06C9F487-CDCD-9388-E063-4804A8C0BD98},315000,2022-04-13,2022,4,2,SE7 7AB,SE7,Flat/Maisonette,Leasehold,False,LONDON,GREENWICH,GREATER LONDON,A,51.479819,0.028999,London,England,Greenwich
{06C9F487-CDF0-9388-E063-4804A8C0BD98},950000,2023-06-27,2023,6,2,SW12 0HP,SW12,Flat/Maisonette,Leasehold,False,LONDON,LAMBETH,GREATER LONDON,A,51.444054,-0.150883,London,England,Wandsworth
{06C9F487-CE8B-9388-E063-4804A8C0BD98},860000,2023-09-01,2023,9,3,E15 1DU,E15,Flat/Maisonette,Leasehold,False,LONDON,NEWHAM,GREATER LONDON,A,51.551493,-0.001925,London,England,Waltham Forest
{06C9F487-CF51-9388-E063-4804A8C0BD98},910000,2019-07-30,2019,7,3,SW4 0QE,SW4,Terraced,Freehold,False,LONDON,WANDSWORTH,GREATER LONDON,A,51.468046,-0.130462,London,England,Lambeth
{06C9F487-CF6F-9388-E063-4804A8C0BD98},368000,2022-02-17,2022,2,1,SW12 9BF,SW12,Flat/Maisonette,Leasehold,True,LONDON,WANDSWORTH,GREATER LONDON,A,51.444054,-0.150883,London,England,Wandsworth
{06C9F487-CFE3-9388-E063-4804A8C0BD98},326995,2022-05-26,2022,5,2,IG11 0ZR,IG11,Flat/Maisonette,Leasehold,True,BARKING,BARKING AND DAGENHAM,GREATER LONDON,A,51.533175,0.075205,London,England,Barking and Dagenham
{06C9F487-D028-9388-E063-4804A8C0BD98},1608960,2022-08-22,2022,8,3,SW8 1GS,SW8,Flat/Maisonette,Leasehold,True,LONDON,LAMBETH,GREATER LONDON,A,,,,,
{06C9F487-D1EA-9388-E063-4804A8C0BD98},470000,2022-10-20,2022,10,4,TN11 0FY,TN11,Semi-Detached,Freehold,True,TONBRIDGE,TONBRIDGE AND MALLING,KENT,A,51.217191,0.243529,South East,England,Tonbridge and Malling
{06C9F487-D227-9388-E063-4804A8C0BD98},499995,2022-12-20,2022,12,4,CT3 2EL,CT3,Detached,Freehold,True,CANTERBURY,DOVER,KENT,A,51.22499,1.204927,South East,England,Dover
{06C9F487-D25D-9388-E063-4804A8C0BD98},282000,2023-04-25,2023,4,2,DA10 0LY,DA10,Terraced,Freehold,False,SWANSCOMBE,DARTFORD,KENT,A,51.446428,0.304804,South East,England,Dartford
{06C9F487-D2D6-9388-E063-4804A8C0BD98},625000,2023-07-28,2023,7,3,TN12 6FH,TN12,Detached,Freehold,False,TONBRIDGE,TUNBRIDGE WELLS,KENT,A,51.170792,0.486496,South East,England,Maidstone
{06C9F487-D384-9388-E063-4804A8C0BD98},200000,2023-08-10,2023,8,3,NE3 1QH,NE3,Flat/Maisonette,Leasehold,False,NEWCASTLE UPON TYNE,NEWCASTLE UPON TYNE,TYNE AND WEAR,A,55.01919,-1.660212,North East,England,Newcastle upon Tyne
{06C9F487-D49E-9388-E063-4804A8C0BD98},55000,2023-04-14,2023,4,2,NE38 8ST,NE38,Terraced,Leasehold,False,WASHINGTON,SUNDERLAND,TYNE AND WEAR,B,54.882405,-1.548091,North East,England,Sunderland
{06C9F487-D4B0-9388-E063-4804A8C0BD98},134000,2023-07-28,2023,7,3,NE29 7RQ,NE29,Terraced,Freehold,False,NORTH SHIELDS,NORTH TYNESIDE,TYNE AND WEAR,A,55.013652,-1.464239,North East,England,North Tyneside
{06C9F487-D547-9388-E063-4804A8C0BD98},137000,2023-07-07,2023,7,3,DH5 9EW,DH5,Semi-Detached,Freehold,False,HOUGHTON LE SPRING,SUNDERLAND,TYNE AND WEAR,A,54.810854,-1.435899,North East,England,Sunderland
{06C9F487-D6DA-9388-E063-4804A8C0BD98},215000,2023-08-18,2023,8,3,SA15 3NZ,SA15,Terraced,Freehold,False,LLANELLI,CARMARTHENSHIRE,CARMARTHENSHIRE,A,51.676294,-4.157174,Wales,Wales,Carmarthenshire
{06C9F487-D6EC-9388-E063-4804A8C0BD98},775000,2023-09-08,2023,9,3,CF72 8PX,CF72,Detached,Leasehold,False,PONTYCLUN,RHONDDA CYNON TAFF,RHONDDA CYNON TAFF,A,51.533635,-3.459251,Wales,Wales,Rhondda Cynon Taf
{06C9F487-D724-9388-E063-4804A8C0BD98},377000,2023-03-31,2023,3,1,CF64 4AJ,CF64,Semi-Detached,Freehold,False,DINAS POWYS,THE VALE OF GLAMORGAN,THE VALE OF GLAMORGAN,A,51.433726,-3.184608,Wales,Wales,Vale of Glamorgan
{06C9F487-D747-9388-E063-4804A8C0BD98},145000,2023-02-13,2023,2,1,NP20 7AS,NP20,Terraced,Freehold,False,NEWPORT,NEWPORT,NEWPORT,A,51.613537,-3.008691,Wales,Wales,Newport
{06C9F487-D868-9388-E063-4804A8C0BD98},135000,2023-08-18,2023,8,3,SA11 2PE,SA11,Terraced,Freehold,False,NEATH,NEATH PORT TALBOT,NEATH PORT TALBOT,A,51.70681,-3.716289,Wales,Wales,Neath Port Talbot
{06C9F487-D887-9388-E063-4804A8C0BD98},164800,2023-08-17,2023,8,3,SA1 6EW,SA1,Terraced,Freehold,False,SWANSEA,SWANSEA,SWANSEA,A,51.641191,-3.908676,Wales,Wales,Swansea
{06C9F487-D966-9388-E063-4804A8C0BD98},145000,2023-08-02,2023,8,3,LD7 1EY,LD7,Terraced,Freehold,False,KNIGHTON,POWYS,POWYS,A,52.306865,-3.168874,Wales,Wales,Powys
{06C9F487-D985-9388-E063-4804A8C0BD98},199500,2023-08-11,2023,8,3,LL26 0BJ,LL26,Semi-Detached,Freehold,False,LLANRWST,CONWY,CONWY,A,53.13461,-3.791597,Wales,Wales,Conwy
{06C9F487-D9A6-9388-E063-4804A8C0BD98},260000,2023-09-07,2023,9,3,LL28 4RY,LL28,Detached,Freehold,False,COLWYN BAY,CONWY,CONWY,A,53.314622,-3.752051,Wales,Wales,Conwy
{06C9F487-D9EA-9388-E063-4804A8C0BD98},1200000,2023-08-17,2023,8,3,CF64 4HA,CF64,Detached,Freehold,False,DINAS POWYS,THE VALE OF GLAMORGAN,THE VALE OF GLAMORGAN,A,51.433726,-3.184608,Wales,Wales,Vale of Glamorgan
{06C9F487-DA29-9388-E063-4804A8C0BD98},110000,2023-09-07,2023,9,3,NP4 9QE,NP4,Terraced,Freehold,False,PONTYPOOL,TORFAEN,TORFAEN,A,51.681972,-3.022203,Wales,Wales,Torfaen
{06C9F487-DAA7-9388-E063-4804A8C0BD98},430000,2023-09-15,2023,9,3,CF14 1EQ,CF14,Detached,Freehold,False,CARDIFF,CARDIFF,CARDIFF,A,51.540665,-3.193845,Wales,Wales,Cardiff
{06C9F487-DAC4-9388-E063-4804A8C0BD98},174000,2023-08-14,2023,8,3,LL29 9UE,LL29,Detached,Freehold,False,COLWYN BAY,CONWY,CONWY,A,53.279024,-3.697829,Wales,Wales,Conwy
{06C9F487-DACA-9388-E063-4804A8C0BD98},175000,2023-08-10,2023,8,3,LL22 7EE,LL22,Semi-Detached,Freehold,False,ABERGELE,CONWY,CONWY,A,53.282807,-3.58708,Wales,Wales,Conwy
{06C9F487-DB4C-9388-E063-4804A8C0BD98},370000,2023-09-13,2023,9,3,LL23 7BF,LL23,Detached,Freehold,False,BALA,GWYNEDD,GWYNEDD,A,52.927121,-3.637755,Wales,Wales,Gwynedd
{06C9F487-DB90-9388-E063-4804A8C0BD98},190000,2023-08-25,2023,8,3,LL11 2EU,LL11,Semi-Detached,Freehold,False,WREXHAM,WREXHAM,WREXHAM,A,53.054875,-3.001477,Wales,Wales,Wrexham
{06C9F487-DBB7-9388-E063-4804A8C0BD98},312000,2023-07-21,2023,7,3,LL29 9DN,LL29,Detached,Freehold,False,COLWYN BAY,CONWY,CONWY,A,53.279024,-3.697829,Wales,Wales,Conwy
{06C9F487-DBD6-9388-E063-4804A8C0BD98},76000,2023-09-04,2023,9,3,SA73 3RE,SA73,Semi-Detached,Freehold,False,MILFORD HAVEN,PEMBROKESHIRE,PEMBROKESHIRE,A,51.723267,-5.035855,Wales,Wales,Pembrokeshire
{06C9F487-DC05-9388-E063-4804A8C0BD98},143000,2023-08-21,2023,8,3,CF37 1NR,CF37,Terraced,Freehold,False,PONTYPRIDD,RHONDDA CYNON TAFF,RHONDDA CYNON TAFF,A,51.607826,-3.330097,Wales,Wales,Rhondda Cynon Taf
{06C9F487-DC23-9388-E063-4804A8C0BD98},136000,2023-08-11,2023,8,3,LL12 9BA,LL12,Terraced,Freehold,False,WREXHAM,FLINTSHIRE,FLINTSHIRE,A,53.059322,-2.985659,Wales,Wales,Wrexham
{06C9F487-DC58-9388-E063-4804A8C0BD98},375000,2023-08-09,2023,8,3,B13 8EX,B13,Terraced,Freehold,False,BIRMINGHAM,BIRMINGHAM,WEST MIDLANDS,A,52.441307,-1.883026,West Midlands,England,Birmingham
{06C9F487-DDBD-9388-E063-4804A8C0BD98},165000,2023-08-17,2023,8,3,CV6 4FD,CV6,Terraced,Freehold,False,COVENTRY,COVENTRY,WEST MIDLANDS,A,52.43714,-1.522304,West Midlands,England,Coventry
{06C9F487-DE1E-9388-E063-4804A8C0BD98},140000,2023-03-17,2023,3,1,CV22 6AZ,CV22,Flat/Maisonette,Leasehold,False,RUGBY,RUGBY,WARWICKSHIRE,A,52.360616,-1.291257,West Midlands,England,Rugby
{06C9F487-DE65-9388-E063-4804A8C0BD98},340000,2023-08-07,2023,8,3,CV34 5NS,CV34,Semi-Detached,Freehold,False,WARWICK,WARWICK,WARWICKSHIRE,A,52.294903,-1.5943,West Midlands,England,Warwick
{06C9F487-DF7F-9388-E063-4804A8C0BD98},900000,2023-08-07,2023,8,3,CV31 3PA,CV31,Detached,Freehold,False,LEAMINGTON SPA,WARWICK,WARWICKSHIRE,A,52.278285,-1.532424,West Midlands,England,Warwick
{06C9F487-DF8A-9388-E063-4804A8C0BD98},335000,2023-07-28,2023,7,3,B92 7EX,B92,Semi-Detached,Freehold,False,SOLIHULL,SOLIHULL,WEST MIDLANDS,A,52.442334,-1.772642,West Midlands,England,Solihull
{06C9F487-E022-9388-E063-4804A8C0BD98},290000,2023-08-18,2023,8,3,WS4 1DH,WS4,Semi-Detached,Freehold,False,WALSALL,WALSALL,WEST MIDLANDS,A,52.592932,-1.969763,West Midlands,England,Walsall
{06C9F487-E068-9388-E063-4804A8C0BD98},150000,2023-07-31,2023,7,3,WS3 2RG,WS3,Terraced,Freehold,False,WALSALL,WALSALL,WEST MIDLANDS,A,52.615995,-2.002255,West Midlands,England,Walsall
{06C9F487-E095-9388-E063-4804A8C0BD98},245000,2023-07-28,2023,7,3,B43 7LB,B43,Semi-Detached,Freehold,False,BIRMINGHAM,WALSALL,WEST MIDLANDS,A,52.535116,-1.940451,West Midlands,England,Sandwell
{06C9F487-E0B6-9388-E063-4804A8C0BD98},245000,2023-08-18,2023,8,3,B43 7JY,B43,Semi-Detached,Freehold,False,BIRMINGHAM,WALSALL,WEST MIDLANDS,A,52.535116,-1.940451,West Midlands,England,Sandwell
{06C9F487-E123-9388-E063-4804A8C0BD98},90000,2022-10-28,2022,10,4,WV10 6RH,WV10,Semi-Detached,Leasehold,False,WOLVERHAMPTON,WOLVERHAMPTON,WEST MIDLANDS,A,52.618523,-2.143241,West Midlands,England,Wolverhampton
{06C9F487-E2B6-9388-E063-4804A8C0BD98},188000,2023-08-10,2023,8,3,B42 2QL,B42,Semi-Detached,Freehold,False,BIRMINGHAM,BIRMINGHAM,WEST MIDLANDS,A,52.537261,-1.919792,West Midlands,England,Birmingham
{06C9F487-E2CB-9388-E063-4804A8C0BD98},400000,2023-04-11,2023,4,2,B74 3LE,B74,Semi-Detached,Freehold,False,SUTTON COLDFIELD,WALSALL,WEST MIDLANDS,A,52.601074,-1.848686,West Midlands,England,Birmingham
{06C9F487-E2D1-9388-E063-4804A8C0BD98},180000,2023-08-18,2023,8,3,B69 1JJ,B69,Terraced,Freehold,False,OLDBURY,SANDWELL,WEST MIDLANDS,A,52.510206,-2.055882,West Midlands,England,Sandwell
{06C9F487-E38C-9388-E063-4804A8C0BD98},158000,2023-08-14,2023,8,3,CV3 2AL,CV3,Flat/Maisonette,Leasehold,False,COVENTRY,COVENTRY,WEST MIDLANDS,A,52.388396,-1.513675,West Midlands,England,Coventry
{06C9F487-E421-9388-E063-4804A8C0BD98},245000,2023-07-31,2023,7,3,B14 7DA,B14,Terraced,Freehold,False,BIRMINGHAM,BIRMINGHAM,WEST MIDLANDS,A,52.427231,-1.906416,West Midlands,England,Birmingham
{06C9F487-E446-9388-E063-4804A8C0BD98},65000,2023-08-04,2023,8,3,B97 6AH,B97,Flat/Maisonette,Leasehold,False,REDDITCH,REDDITCH,WORCESTERSHIRE,A,52.295649,-1.945387,West Midlands,England,Redditch
{06C9F487-E468-9388-E063-4804A8C0BD98},280000,2023-07-21,2023,7,3,WR5 2BB,WR5,Flat/Maisonette,Leasehold,False,WORCESTER,WORCESTER,WORCESTERSHIRE,A,52.170092,-2.199798,West Midlands,England,Worcester
{06C9F487-E46E-9388-E063-4804A8C0BD98},480000,2023-04-04,2023,4,2,WR2 6LB,WR2,Detached,Freehold,True,WORCESTER,MALVERN HILLS,WORCESTERSHIRE,A,52.20641,-2.245135,West Midlands,England,Worcester
{06C9F487-E503-9388-E063-4804A8C0BD98},465000,2022-03-14,2022,3,1,WR10 3FD,WR10,Detached,Freehold,True,PERSHORE,WYCHAVON,WORCESTERSHIRE,A,52.070055,-2.119109,West Midlands,England,Wychavon
{06C9F487-E57C-9388-E063-4804A8C0BD98},390000,2023-08-29,2023,8,3,DY11 7XT,DY11,Detached,Freehold,False,KIDDERMINSTER,WYCHAVON,WORCESTERSHIRE,A,52.403329,-2.264041,West Midlands,England,Wyre Forest
{06C9F487-E742-9388-E063-4804A8C0BD98},495000,2023-08-24,2023,8,3,PO22 7BX,PO22,Semi-Detached,Freehold,False,BOGNOR REGIS,ARUN,WEST SUSSEX,A,50.78761,-0.645016,South East,England,Arun
{06C9F487-E7A4-9388-E063-4804A8C0BD98},477000,2023-08-09,2023,8,3,RH12 1SZ,RH12,Terraced,Freehold,False,HORSHAM,HORSHAM,WEST SUSSEX,A,51.081301,-0.291849,South East,England,Horsham
{06C9F487-E835-9388-E063-4804A8C0BD98},330000,2023-08-22,2023,8,3,BN17 6QX,BN17,Semi-Detached,Freehold,False,LITTLEHAMPTON,ARUN,WEST SUSSEX,A,50.820158,-0.524974,South East,England,Arun
{06C9F487-E863-9388-E063-4804A8C0BD98},487500,2023-08-29,2023,8,3,RH10 4UN,RH10,Detached,Freehold,False,CRAWLEY,MID SUSSEX,WEST SUSSEX,A,51.112904,-0.175289,South East,England,Crawley
{06C9F487-E88C-9388-E063-4804A8C0BD98},620000,2023-08-11,2023,8,3,PO18 8TF,PO18,Detached,Freehold,False,CHICHESTER,CHICHESTER,WEST SUSSEX,A,50.843666,-0.814551,South East,England,Chichester
{06C9F487-E924-9388-E063-4804A8C0BD98},505995,2022-01-28,2022,1,1,RH16 4XW,RH16,Semi-Detached,Freehold,True,HAYWARDS HEATH,MID SUSSEX,WEST SUSSEX,A,50.995833,-0.081682,South East,England,Mid Sussex
{06C9F487-EA33-9388-E063-4804A8C0BD98},435000,2023-08-18,2023,8,3,BN6 9JA,BN6,Terraced,Freehold,False,HASSOCKS,MID SUSSEX,WEST SUSSEX,A,50.933589,-0.178786,South East,England,Mid Sussex
{06C9F487-EA63-9388-E063-4804A8C0BD98},245000,2023-07-18,2023,7,3,SN2 2HG,SN2,Semi-Detached,Freehold,False,SWINDON,SWINDON,SWINDON,A,51.5733,-1.778782,South West,England,Swindon
{06C9F487-EA6B-9388-E063-4804A8C0BD98},430000,2023-08-30,2023,8,3,BA15 2NH,BA15,Terraced,Freehold,False,BRADFORD-ON-AVON,WILTSHIRE,WILTSHIRE,A,51.377127,-2.239412,South West,England,Wiltshire
{06C9F487-EB2A-9388-E063-4804A8C0BD98},147500,2023-09-15,2023,9,3,SN4 9JP,SN4,Flat/Maisonette,Leasehold,False,SWINDON,SWINDON,SWINDON,A,51.519702,-1.788829,South West,England,Swindon
{06C9F487-EB6B-9388-E063-4804A8C0BD98},145000,2023-07-05,2023,7,3,SN25 1TY,SN25,Flat/Maisonette,Leasehold,False,SWINDON,SWINDON,SWINDON,A,51.603237,-1.812654,South West,England,Swindon
{06C9F487-EBC2-9388-E063-4804A8C0BD98},125000,2021-09-30,2021,9,3,SN25 1XX,SN25,Flat/Maisonette,Leasehold,False,SWINDON,SWINDON,SWINDON,A,51.603237,-1.812654,South West,England,Swindon
{06C9F487-EC44-9388-E063-4804A8C0BD98},175000,2023-08-01,2023,8,3,SN6 7AH,SN6,Flat/Maisonette,Leasehold,False,SWINDON,SWINDON,SWINDON,A,51.629315,-1.71549,South West,England,Swindon
{06C9F487-ED61-9388-E063-4804A8C0BD98},330000,2023-07-28,2023,7,3,SN2 7JL,SN2,Semi-Detached,Freehold,False,SWINDON,SWINDON,SWINDON,A,51.5733,-1.778782,South West,England,Swindon
{06C9F487-EE74-9388-E063-4804A8C0BD98},215000,2023-07-28,2023,7,3,LS28 5JJ,LS28,Terraced,Freehold,False,PUDSEY,LEEDS,WEST YORKSHIRE,A,53.81296,-1.675751,Yorkshire and The Humber,England,Leeds
{06C9F487-EFAD-9388-E063-4804A8C0BD98},133000,2023-08-25,2023,8,3,LS10 3TE,LS10,Terraced,Freehold,False,LEEDS,LEEDS,WEST YORKSHIRE,A,53.781097,-1.535939,Yorkshire and The Humber,England,Leeds
{06C9F487-EFF9-9388-E063-4804A8C0BD98},155000,2023-07-25,2023,7,3,HD3 4HG,HD3,Terraced,Freehold,False,HUDDERSFIELD,KIRKLEES,WEST YORKSHIRE,A,53.65048,-1.8086,Yorkshire and The Humber,England,Kirklees
{06C9F487-F018-9388-E063-4804A8C0BD98},150000,2023-08-04,2023,8,3,LS13 2RG,LS13,Semi-Detached,Freehold,False,LEEDS,LEEDS,WEST YORKSHIRE,A,53.799717,-1.616579,Yorkshire and The Humber,England,Leeds
{06C9F487-F02B-9388-E063-4804A8C0BD98},350000,2023-08-09,2023,8,3,LS22 6RS,LS22,Detached,Freehold,False,WETHERBY,LEEDS,WEST YORKSHIRE,A,53.927202,-1.3884,Yorkshire and The Humber,England,Leeds
{06C9F487-F0DD-9388-E063-4804A8C0BD98},400000,2023-08-14,2023,8,3,HD2 2AS,HD2,Detached,Freehold,False,HUDDERSFIELD,KIRKLEES,WEST YORKSHIRE,A,53.677242,-1.75657,Yorkshire and The Humber,England,Kirklees
{06C9F487-F0FB-9388-E063-4804A8C0BD98},390000,2023-04-21,2023,4,2,LS6 4SJ,LS6,Detached,Freehold,False,LEEDS,LEEDS,WEST YORKSHIRE,A,53.817266,-1.58542,Yorkshire and The Humber,England,Leeds
{06C9F487-F187-9388-E063-4804A8C0BD98},158750,2023-07-28,2023,7,3,LS26 0NG,LS26,Terraced,Freehold,False,LEEDS,LEEDS,WEST YORKSHIRE,A,53.757274,-1.494719,Yorkshire and The Humber,England,Leeds
{06C9F487-F21B-9388-E063-4804A8C0BD98},315000,2023-08-18,2023,8,3,LS29 8QU,LS29,Flat/Maisonette,Leasehold,False,ILKLEY,BRADFORD,WEST YORKSHIRE,A,53.926975,-1.802011,Yorkshire and The Humber,England,Bradford
{06C9F487-F28A-9388-E063-4804A8C0BD98},252000,2023-08-30,2023,8,3,WF5 0RE,WF5,Semi-Detached,Freehold,False,OSSETT,WAKEFIELD,WEST YORKSHIRE,A,53.687869,-1.578968,Yorkshire and The Humber,England,Wakefield
{06C9F487-F31D-9388-E063-4804A8C0BD98},205995,2022-04-28,2022,4,2,YO42 2YA,YO42,Semi-Detached,Freehold,True,YORK,EAST RIDING OF YORKSHIRE,EAST RIDING OF YORKSHIRE,A,53.933777,-0.769749,Yorkshire and The Humber,England,East Riding of Yorkshire
{06C9F487-F3E3-9388-E063-4804A8C0BD98},220000,2023-07-21,2023,7,3,HU11 4DX,HU11,Semi-Detached,Freehold,False,HULL,EAST RIDING OF YORKSHIRE,EAST RIDING OF YORKSHIRE,A,53.864136,-0.288599,Yorkshire and The Humber,England,East Riding of Yorkshire
{06C9F487-F46B-9388-E063-4804A8C0BD98},210000,2023-03-27,2023,3,1,TS11 6DZ,TS11,Semi-Detached,Freehold,False,REDCAR,REDCAR AND CLEVELAND,REDCAR AND CLEVELAND,A,54.590353,-1.027165,North East,England,Redcar and Cleveland
{06C9F487-F4D3-9388-E063-4804A8C0BD98},101500,2023-02-03,2023,2,1,LS18 4TW,LS18,Terraced,Freehold,False,LEEDS,LEEDS,WEST YORKSHIRE,A,53.84035,-1.627577,Yorkshire and The Humber,England,Leeds
{06C9F487-F555-9388-E063-4804A8C0BD98},139995,2020-10-30,2020,10,4,HX2 8WF,HX2,Detached,Freehold,True,HALIFAX,CALDERDALE,WEST YORKSHIRE,A,53.758184,-1.886877,Yorkshire and The Humber,England,Calderdale
{06C9F487-F572-9388-E063-4804A8C0BD98},300000,2022-04-26,2022,4,2,BD11 2JH,BD11,Semi-Detached,Freehold,False,BRADFORD,KIRKLEES,WEST YORKSHIRE,A,53.749484,-1.68837,Yorkshire and The Humber,England,Kirklees
{06C9F487-F64C-9388-E063-4804A8C0BD98},470000,2022-12-08,2022,12,4,LS29 0LL,LS29,Terraced,Freehold,False,ILKLEY,BRADFORD,WEST YORKSHIRE,A,53.926975,-1.802011,Yorkshire and The Humber,England,Bradford
{06C9F487-F6D5-9388-E063-4804A8C0BD98},90000,2023-08-23,2023,8,3,BD21 1BW,BD21,Terraced,Freehold,False,KEIGHLEY,BRADFORD,WEST YORKSHIRE,A,53.875145,-1.888008,Yorkshire and The Humber,England,Bradford
{06C9F487-F6E1-9388-E063-4804A8C0BD98},245000,2023-08-25,2023,8,3,HX2 9XB,HX2,Terraced,Freehold,False,HALIFAX,CALDERDALE,WEST YORKSHIRE,A,53.758184,-1.886877,Yorkshire and The Humber,England,Calderdale
{06C9F487-F6EC-9388-E063-4804A8C0BD98},89000,2023-08-11,2023,8,3,BD3 7FE,BD3,Flat/Maisonette,Leasehold,False,BRADFORD,LEEDS,WEST YORKSHIRE,A,53.798131,-1.735226,Yorkshire and The Humber,England,Bradford
{06C9F487-F70B-9388-E063-4804A8C0BD98},200000,2021-07-02,2021,7,3,LS9 6SH,LS9,Semi-Detached,Freehold,False,LEEDS,LEEDS,WEST YORKSHIRE,A,53.790047,-1.5172,Yorkshire and The Humber,England,Leeds
{06C9F487-F715-9388-E063-4804A8C0BD98},128000,2023-07-25,2023,7,3,WF3 2JP,WF3,Terraced,Freehold,False,WAKEFIELD,LEEDS,WEST YORKSHIRE,A,53.729205,-1.571098,Yorkshire and The Humber,England,Leeds
{06C9F487-F766-9388-E063-4804A8C0BD98},288547,2022-06-28,2022,6,2,EN9 1FQ,EN9,Flat/Maisonette,Leasehold,False,WALTHAM ABBEY,EPPING FOREST,ESSEX,B,51.688372,0.025783,East of England,England,Epping Forest
{06C9F487-F7C1-9388-E063-4804A8C0BD98},280000,2023-07-25,2023,7,3,NW4 2BT,NW4,Flat/Maisonette,Leasehold,False,LONDON,BARNET,GREATER LONDON,B,51.577902,-0.217806,London,England,Barnet
{06C9F487-F7CA-9388-E063-4804A8C0BD98},890000,2023-08-16,2023,8,3,UB10 0TR,UB10,Detached,Freehold,False,UXBRIDGE,HILLINGDON,GREATER LONDON,B,51.528137,-0.442085,London,England,Hillingdon
{06C9F487-F7DC-9388-E063-4804A8C0BD98},250000,2023-06-22,2023,6,2,E14 7GE,E14,Flat/Maisonette,Leasehold,False,LONDON,TOWER HAMLETS,GREATER LONDON,B,51.495959,-0.022969,London,England,Tower Hamlets
{06C9F487-F7E0-9388-E063-4804A8C0BD98},175000,2023-07-11,2023,7,3,UB6 8LP,UB6,Flat/Maisonette,Leasehold,False,GREENFORD,EALING,GREATER LONDON,B,51.532411,-0.331136,London,England,Ealing
{06C9F487-F80E-9388-E063-4804A8C0BD98},52500000,2021-10-29,2021,10,4,EC4N 6HL,EC4N,Other,Leasehold,False,LONDON,CITY OF LONDON,GREATER LONDON,B,51.511529,-0.0866,London,England,City of London
{06C9F487-F922-9388-E063-4804A8C0BD98},805000,2023-07-26,2023,7,3,BS6 7BT,BS6,Flat/Maisonette,Leasehold,False,BRISTOL,CITY OF BRISTOL,CITY OF BRISTOL,B,51.474474,-2.612323,South West,England,"Bristol, City of"
{06C9F487-F973-9388-E063-4804A8C0BD98},330000,2023-08-03,2023,8,3,LU5 5BB,LU5,Semi-Detached,Freehold,False,DUNSTABLE,CENTRAL BEDFORDSHIRE,CENTRAL BEDFORDSHIRE,B,51.910129,-0.528033,East of England,England,Central Bedfordshire
{06C9F487-F9F1-9388-E063-4804A8C0BD98},823455,2022-02-28,2022,2,1,W6 0JR,W6,Flat/Maisonette,Leasehold,True,LONDON,HAMMERSMITH AND FULHAM,GREATER LONDON,B,51.487948,-0.216535,London,England,Hammersmith and Fulham
{06C9F487-FABD-9388-E063-4804A8C0BD98},425000,2023-08-23,2023,8,3,GU47 0SE,GU47,Semi-Detached,Freehold,False,SANDHURST,BRACKNELL FOREST,BRACKNELL FOREST,B,51.343459,-0.786301,South East,England,Bracknell Forest
{06C9F487-FB1F-9388-E063-4804A8C0BD98},237000,2023-07-21,2023,7,3,HP19 9NP,HP19,Terraced,Freehold,False,AYLESBURY,BUCKINGHAMSHIRE,BUCKINGHAMSHIRE,B,51.81549,-0.824273,South East,England,Buckinghamshire
{06C9F487-FB6E-9388-E063-4804A8C0BD98},485773,2022-07-29,2022,7,3,SL1 7ES,SL1,Terraced,Freehold,True,SLOUGH,BUCKINGHAMSHIRE,BUCKINGHAMSHIRE,B,51.518776,-0.643225,South East,England,Slough
{06C9F487-FBFC-9388-E063-4804A8C0BD98},640000,2023-08-21,2023,8,3,CB2 9GR,CB2,Semi-Detached,Freehold,False,CAMBRIDGE,SOUTH CAMBRIDGESHIRE,CAMBRIDGESHIRE,B,52.17899,0.124518,East of England,England,Cambridge
{06C9F487-FC1F-9388-E063-4804A8C0BD98},140500,2023-07-31,2023,7,3,PE26 1JW,PE26,Terraced,Freehold,False,HUNTINGDON,HUNTINGDONSHIRE,CAMBRIDGESHIRE,B,52.432844,-0.131181,East of England,England,Huntingdonshire
{06C9F487-FC2A-9388-E063-4804A8C0BD98},170000,2023-08-25,2023,8,3,PE1 5EZ,PE1,Terraced,Freehold,False,PETERBOROUGH,CITY OF PETERBOROUGH,CITY OF PETERBOROUGH,B,52.583191,-0.241216,East of England,England,Peterborough
{06C9F487-FCAF-9388-E063-4804A8C0BD98},145000,2023-03-31,2023,3,1,TS18 4NB,TS18,Semi-Detached,Freehold,False,STOCKTON-ON-TEES,STOCKTON-ON-TEES,STOCKTON-ON-TEES,B,54.567809,-1.336435,North East,England,Stockton-on-Tees
{06C9F487-FCD0-9388-E063-4804A8C0BD98},97000,2023-08-03,2023,8,3,WA4 1AZ,WA4,Other,Leasehold,False,WARRINGTON,WARRINGTON,WARRINGTON,B,53.375905,-2.564973,North West,England,Warrington
{06C9F487-FCE1-9388-E063-4804A8C0BD98},120000,2023-08-25,2023,8,3,WA7 5QX,WA7,Other,Freehold,False,RUNCORN,HALTON,HALTON,B,53.326997,-2.714006,North West,England,Halton
{06C9F487-FDC0-9388-E063-4804A8C0BD98},725000,2023-04-14,2023,4,2,WA4 6PE,WA4,Detached,Leasehold,False,WARRINGTON,WARRINGTON,WARRINGTON,B,53.375905,-2.564973,North West,England,Warrington
{06C9F487-FE93-9388-E063-4804A8C0BD98},185000,2021-08-16,2021,8,3,CA7 9EN,CA7,Terraced,Freehold,True,WIGTON,CUMBERLAND,CUMBERLAND,B,54.748543,-3.051416,North West,England,Cumberland
{06C9F487-FF21-9388-E063-4804A8C0BD98},583336,2022-06-30,2022,6,2,CF24 1NH,CF24,Terraced,Leasehold,False,CARDIFF,CARDIFF,CARDIFF,B,51.498204,-3.179652,Wales,Wales,Cardiff
{06C9F487-FF42-9388-E063-4804A8C0BD98},55500,2023-08-25,2023,8,3,NP22 4PP,NP22,Terraced,Freehold,False,TREDEGAR,BLAENAU GWENT,BLAENAU GWENT,B,51.78252,-3.238765,Wales,Wales,Blaenau Gwent
{06C9F487-FF4E-9388-E063-4804A8C0BD98},302000,2023-09-15,2023,9,3,SA10 6EH,SA10,Detached,Leasehold,False,NEATH,NEATH PORT TALBOT,NEATH PORT TALBOT,B,51.660068,-3.842119,Wales,Wales,Neath Port Talbot
{06C9F487-FFDC-9388-E063-4804A8C0BD98},88200,2022-02-18,2022,2,1,NP19 0RP,NP19,Terraced,Freehold,True,NEWPORT,NEWPORT,NEWPORT,B,51.581289,-2.952109,Wales,Wales,Newport
{06C9F487-FFF9-9388-E063-4804A8C0BD98},115000,2023-04-06,2023,4,2,SY21 7RD,SY21,Detached,Freehold,False,WELSHPOOL,POWYS,POWYS,B,52.6873,-3.077517,Wales,Wales,Powys
{06C9F488-0040-9388-E063-4804A8C0BD98},287000,2021-09-30,2021,9,3,EX10 0NL,EX10,Other,Freehold,False,SIDMOUTH,EAST DEVON,DEVON,B,50.718968,-3.284313,South West,England,East Devon
{06C9F488-00E2-9388-E063-4804A8C0BD98},600000,2022-04-06,2022,4,2,EX37 9AU,EX37,Other,Freehold,False,UMBERLEIGH,TORRIDGE,DEVON,B,50.966739,-3.916059,South West,England,North Devon
{06C9F488-014F-9388-E063-4804A8C0BD98},205000,2023-08-31,2023,8,3,DT1 2FE,DT1,Flat/Maisonette,Leasehold,False,DORCHESTER,DORSET,DORSET,B,50.709528,-2.438475,South West,England,Dorset
{06C9F488-0185-9388-E063-4804A8C0BD98},465000,2023-07-21,2023,7,3,BH9 1AJ,BH9,Detached,Freehold,False,BOURNEMOUTH,"BOURNEMOUTH, CHRISTCHURCH AND POOLE","BOURNEMOUTH, CHRISTCHURCH AND POOLE",B,50.750662,-1.866057,South West,England,"Bournemouth, Christchurch and Poole"
{06C9F488-01D8-9388-E063-4804A8C0BD98},136500,2023-07-28,2023,7,3,DH1 2HA,DH1,Terraced,Freehold,False,DURHAM,COUNTY DURHAM,COUNTY DURHAM,B,54.785945,-1.529169,North East,England,County Durham
{06C9F488-02BC-9388-E063-4804A8C0BD98},140000,2023-07-28,2023,7,3,DE1 3RX,DE1,Terraced,Freehold,False,DERBY,CITY OF DERBY,CITY OF DERBY,B,52.927413,-1.477126,East Midlands,England,Derby
{06C9F488-02E3-9388-E063-4804A8C0BD98},110000,2023-08-16,2023,8,3,DE7 6HY,DE7,Semi-Detached,Freehold,False,ILKESTON,EREWASH,DERBYSHIRE,B,53.007513,-1.377202,East Midlands,England,Amber Valley
{06C9F488-0343-9388-E063-4804A8C0BD98},550000,2023-09-04,2023,9,3,IG4 5DB,IG4,Terraced,Freehold,False,ILFORD,REDBRIDGE,GREATER LONDON,B,51.57945,0.059992,London,England,Redbridge
{06C9F488-03A7-9388-E063-4804A8C0BD98},260000,2023-04-02,2023,4,2,E14 7AX,E14,Flat/Maisonette,Leasehold,False,LONDON,TOWER HAMLETS,GREATER LONDON,B,51.495959,-0.022969,London,England,Tower Hamlets
{06C9F488-03AD-9388-E063-4804A8C0BD98},690000,2023-05-19,2023,5,2,E18 1ED,E18,Semi-Detached,Freehold,False,LONDON,REDBRIDGE,GREATER LONDON,B,51.593167,0.018902,London,England,Redbridge
{06C9F488-03B2-9388-E063-4804A8C0BD98},585000,2023-09-13,2023,9,3,E14 9RU,E14,Flat/Maisonette,Leasehold,False,LONDON,TOWER HAMLETS,GREATER LONDON,B,51.495959,-0.022969,London,England,Tower Hamlets
{06C9F488-042D-9388-E063-4804A8C0BD98},1650000,2022-04-22,2022,4,2,TN22 3SA,TN22,Other,Freehold,False,UCKFIELD,WEALDEN,EAST SUSSEX,B,50.971332,0.098931,South East,England,Wealden
{06C9F488-0477-9388-E063-4804A8C0BD98},1050000,2022-07-27,2022,7,3,CM8 3DR,CM8,Other,Freehold,False,WITHAM,BRAINTREE,ESSEX,B,51.802881,0.643603,East of England,England,Braintree
{06C9F488-0526-9388-E063-4804A8C0BD98},230000,2023-07-21,2023,7,3,WN3 4DA,WN3,Other,Freehold,False,WIGAN,WIGAN,GREATER MANCHESTER,B,53.527982,-2.666198,North West,England,Wigan
{06C9F488-053A-9388-E063-4804A8C0BD98},90000,2022-11-16,2022,11,4,M46 0DW,M46,Terraced,Leasehold,False,MANCHESTER,WIGAN,GREATER MANCHESTER,B,53.521568,-2.489127,North West,England,Wigan
{06C9F488-05FA-9388-E063-4804A8C0BD98},175000,2023-03-07,2023,3,1,M28 3GB,M28,Terraced,Freehold,False,MANCHESTER,SALFORD,GREATER MANCHESTER,B,53.500987,-2.37932,North West,England,Salford
{06C9F488-0657-9388-E063-4804A8C0BD98},490000,2023-08-16,2023,8,3,GL7 3DW,GL7,Other,Freehold,False,LECHLADE,COTSWOLD,GLOUCESTERSHIRE,B,51.67188,-1.772894,South West,England,Cotswold
{06C9F488-065B-9388-E063-4804A8C0BD98},332500,2023-08-11,2023,8,3,BS16 7JQ,BS16,Semi-Detached,Freehold,False,BRISTOL,SOUTH GLOUCESTERSHIRE,SOUTH GLOUCESTERSHIRE,B,51.502204,-2.521266,South West,England,South Gloucestershire
