transaction_id,price,date_of_transfer,year,month,quarter,postcode,postcode_outward,property_type_full,duration_full,is_new_build,town_city,district,county,ppd_category_type,latitude,longitude,region,country,admin_district
{00143514-B97C-43ED-9918-1BD9167CFB91},245000,2015-05-29,2015,5,2,E6 5NX,E6,Flat/Maisonette,Leasehold,False,LONDON,NEWHAM,GREATER LONDON,A,51.537873,0.059643,London,England,Newham
{002160D4-6B50-48C0-80B3-325B878702F5},295000,2015-02-20,2015,2,1,CV11 6FE,CV11,Detached,Freehold,False,NUNEATON,NUNEATON AND BEDWORTH,WARWICKSHIRE,A,52.517144,-1.467796,West Midlands,England,Nuneaton and Bedworth
{00372E26-2E0B-4750-A323-88F18172E083},293000,2015-05-08,2015,5,2,EN6 2NY,EN6,Terraced,Freehold,False,POTTERS BAR,HERTSMERE,HERTFORDSHIRE,A,51.709706,-0.111599,East of England,England,Welwyn Hatfield
{0040F673-D403-47C3-928F-0EC051CF71B9},165000,2015-06-26,2015,6,2,OX18 1AG,OX18,Flat/Maisonette,Leasehold,False,CARTERTON,WEST OXFORDSHIRE,OXFORDSHIRE,A,51.770993,-1.585169,South East,England,West Oxfordshire
{006A4115-6B6E-4BA5-91B2-1732F8796325},190000,2015-03-27,2015,3,1,LE7 3DL,LE7,Semi-Detached,Freehold,False,LEICESTER,CHARNWOOD,LEICESTERSHIRE,A,52.700189,-1.089444,East Midlands,England,Charnwood
{0087C169-9C0D-46ED-B9F3-F1B04E417C45},375000,2015-04-14,2015,4,2,RH6 0GS,RH6,Semi-Detached,Freehold,True,HORLEY,MOLE VALLEY,SURREY,A,51.177052,-0.166134,South East,England,Reigate and Banstead
{0093227D-5C8B-4A89-9192-854A83C16B14},240000,2015-08-27,2015,8,3,BN11 2RH,BN11,Terraced,Freehold,False,WORTHING,WORTHING,WEST SUSSEX,A,50.813174,-0.365202,South East,England,Worthing
{00A62892-268C-48AF-BB71-422DC8525056},245000,2015-03-02,2015,3,1,DT2 9UN,DT2,Detached,Freehold,False,DORCHESTER,WEST DORSET,DORSET,A,50.776522,-2.569883,South West,England,Dorset
{00A659B9-FEF5-4B89-BAE6-BF8B2A5F6F14},233000,2015-02-09,2015,2,1,SN16 9GU,SN16,Terraced,Freehold,False,MALMESBURY,WILTSHIRE,WILTSHIRE,A,51.573336,-2.210457,South West,England,Wiltshire
{00CEB7EA-5DFA-4E8A-A945-D99B1F627629},245000,2015-08-14,2015,8,3,WS5 3QR,WS5,Detached,Freehold,False,WALSALL,WALSALL,WEST MIDLANDS,A,52.55352,-1.967843,West Midlands,England,Sandwell
{00CED1FF-B9E0-4F79-9648-DBBA8F277EF8},235000,2015-06-05,2015,6,2,DN19 7JL,DN19,Detached,Freehold,False,BARROW-UPON-HUMBER,NORTH LINCOLNSHIRE,NORTH LINCOLNSHIRE,A,53.684486,-0.331763,Yorkshire and The Humber,England,North Lincolnshire
{00E85C9C-03C6-439D-B835-347FB41DEEB0},255000,2015-03-31,2015,3,1,IP30 9AT,IP30,Semi-Detached,Freehold,False,BURY ST EDMUNDS,MID SUFFOLK,SUFFOLK,A,52.234472,0.910248,East of England,England,Mid Suffolk
{0128F3DF-E1FD-4941-9C5F-66093BB9B63E},90100,2015-06-17,2015,6,2,DN2 5EG,DN2,Terraced,Freehold,False,DONCASTER,DONCASTER,SOUTH YORKSHIRE,A,53.534937,-1.11222,Yorkshire and The Humber,England,Doncaster
{012982FD-5844-4E44-865B-57AC021A36C5},265000,2015-09-14,2015,9,3,TN26 1LE,TN26,Detached,Freehold,False,ASHFORD,ASHFORD,KENT,A,51.061667,0.833074,South East,England,Ashford
{012BF00C-E388-4FC5-92E9-51B00F295B51},670000,2015-06-26,2015,6,2,BS41 9HW,BS41,Detached,Freehold,False,BRISTOL,NORTH SOMERSET,NORTH SOMERSET,A,51.426325,-2.671038,South West,England,North Somerset
{01323F0E-ADAD-49D0-B1B9-FE4B9002E51E},117500,2015-02-13,2015,2,1,SO53 2PY,SO53,Flat/Maisonette,Leasehold,False,EASTLEIGH,EASTLEIGH,HAMPSHIRE,A,50.98442,-1.388413,South East,England,Eastleigh
{0148F827-EE5A-47C0-ABAB-9F66E4F67603},130000,2015-03-13,2015,3,1,FY7 7LN,FY7,Semi-Detached,Freehold,False,FLEETWOOD,WYRE,LANCASHIRE,A,53.915076,-3.030166,North West,England,Wyre
{017830A0-2EC9-411C-99FF-AD75AB616FA4},270000,2015-05-07,2015,5,2,CV37 9FT,CV37,Detached,Freehold,False,STRATFORD-UPON-AVON,STRATFORD-ON-AVON,WARWICKSHIRE,A,52.205167,-1.724406,West Midlands,England,Stratford-on-Avon
{0199E7C8-2BF7-4D73-8CD6-D446CD417FE3},140500,2015-03-03,2015,3,1,NN11 4TU,NN11,Semi-Detached,Freehold,False,DAVENTRY,DAVENTRY,NORTHAMPTONSHIRE,A,52.276505,-1.152548,East Midlands,England,West Northamptonshire
{01A494A5-F5BA-4E77-B805-C7DC27AE9E55},350000,2015-08-27,2015,8,3,E17 9BS,E17,Flat/Maisonette,Leasehold,False,LONDON,WALTHAM FOREST,GREATER LONDON,A,51.579004,-0.031909,London,England,Waltham Forest
{01A91C6B-E737-4C2D-96F6-48EE52E53930},255000,2015-03-05,2015,3,1,SE18 7TL,SE18,Terraced,Freehold,False,LONDON,GREENWICH,GREATER LONDON,A,51.494899,0.071752,London,England,Greenwich
{01B30B63-17A5-4C56-86E4-D423374B4B05},399999,2015-01-14,2015,1,1,N5 1DT,N5,Flat/Maisonette,Leasehold,False,LONDON,ISLINGTON,GREATER LONDON,A,51.548756,-0.105274,London,England,Islington
{01C2B779-DCAD-4B99-B5CF-C37D6064A20E},215000,2015-07-30,2015,7,3,CH4 0HP,CH4,Semi-Detached,Freehold,False,CHESTER,FLINTSHIRE,FLINTSHIRE,A,53.17796,-2.943864,Wales,Wales,Flintshire
{01D62712-D0B0-4B06-BDF6-E79B99970E58},145000,2015-06-05,2015,6,2,LL68 0RE,LL68,Detached,Freehold,False,AMLWCH,ISLE OF ANGLESEY,ISLE OF ANGLESEY,A,53.392228,-4.476424,Wales,Wales,Isle of Anglesey
{01DD25ED-F590-49AB-8FDB-FC8B7FABA028},125000,2015-01-08,2015,1,1,SA4 3BW,SA4,Terraced,Freehold,False,SWANSEA,SWANSEA,SWANSEA,A,51.74492,-4.048,Wales,Wales,Carmarthenshire
{01E1B2A7-AFD6-482E-9E2A-1F16079700FD},85000,2015-01-30,2015,1,1,L8 9US,L8,Terraced,Freehold,False,LIVERPOOL,LIVERPOOL,MERSEYSIDE,A,53.396431,-2.952978,North West,England,Liverpool
{01EB45EF-614F-40F3-E063-4704A8C05FDE},1250000,2023-06-09,2023,6,2,E3 5RH,E3,Terraced,Freehold,False,LONDON,TOWER HAMLETS,GREATER LONDON,A,51.53724,-0.030697,London,England,Tower Hamlets
{01EB45EF-616C-40F3-E063-4704A8C05FDE},1093500,2023-06-09,2023,6,2,SE15 2TE,SE15,Terraced,Freehold,False,LONDON,SOUTHWARK,GREATER LONDON,A,51.466812,-0.073138,London,England,Southwark
{01EB45EF-618F-40F3-E063-4704A8C05FDE},735000,2023-06-23,2023,6,2,SE13 6BJ,SE13,Terraced,Freehold,False,LONDON,LEWISHAM,GREATER LONDON,A,51.465778,-0.022921,London,England,Lewisham
{01EB45EF-61CE-40F3-E063-4704A8C05FDE},285000,2023-06-15,2023,6,2,CO11 2FL,CO11,Terraced,Freehold,False,MANNINGTREE,TENDRING,ESSEX,A,51.910259,1.143202,East of England,England,Tendring
{01EB45EF-6266-40F3-E063-4704A8C05FDE},420000,2021-12-21,2021,12,4,SS3 0FT,SS3,Detached,Freehold,True,SOUTHEND-ON-SEA,ROCHFORD,ESSEX,A,51.554338,0.800775,East of England,England,Rochford
{01EB45EF-62AD-40F3-E063-4704A8C05FDE},385000,2022-03-28,2022,3,1,CO3 0RX,CO3,Detached,Freehold,False,COLCHESTER,COLCHESTER,ESSEX,A,51.882916,0.861778,East of England,England,Colchester
{01EB45EF-62C7-40F3-E063-4704A8C05FDE},524995,2022-04-29,2022,4,2,SS5 6FF,SS5,Detached,Freehold,True,HOCKLEY,ROCHFORD,ESSEX,A,51.623604,0.611074,East of England,England,Rochford
{01EB45EF-6367-40F3-E063-4704A8C05FDE},659995,2022-09-23,2022,9,3,SS11 7LQ,SS11,Detached,Freehold,True,WICKFORD,CHELMSFORD,ESSEX,A,51.623047,0.521766,East of England,England,Chelmsford
{01EB45EF-6428-40F3-E063-4704A8C05FDE},785000,2023-06-02,2023,6,2,HA6 2QT,HA6,Flat/Maisonette,Leasehold,False,NORTHWOOD,HILLINGDON,GREATER LONDON,A,51.605629,-0.420255,London,England,Hillingdon
{01EB45EF-65ED-40F3-E063-4704A8C05FDE},180000,2023-03-29,2023,3,1,E1 8PZ,E1,Flat/Maisonette,Leasehold,False,LONDON,TOWER HAMLETS,GREATER LONDON,A,51.519424,-0.051069,London,England,Tower Hamlets
{01EB45EF-666B-40F3-E063-4704A8C05FDE},565000,2023-07-05,2023,7,3,N6 5PJ,N6,Flat/Maisonette,Leasehold,False,LONDON,HARINGEY,GREATER LONDON,A,51.576516,-0.136117,London,England,Haringey
{01EB45EF-66F4-40F3-E063-4704A8C05FDE},300000,2021-06-25,2021,6,2,UB4 9BU,UB4,Flat/Maisonette,Leasehold,False,HAYES,HILLINGDON,GREATER LONDON,A,51.52124,-0.403301,London,England,Hillingdon
{01EB45EF-6729-40F3-E063-4704A8C05FDE},425000,2021-11-05,2021,11,4,W5 2NX,W5,Flat/Maisonette,Leasehold,False,LONDON,EALING,GREATER LONDON,A,51.494584,-0.306977,London,England,Ealing
{01EB45EF-67BD-40F3-E063-4704A8C05FDE},300000,2021-12-22,2021,12,4,UB3 3FG,UB3,Flat/Maisonette,Leasehold,True,HAYES,HILLINGDON,GREATER LONDON,A,51.511522,-0.415444,London,England,Hillingdon
{01EB45EF-67D7-40F3-E063-4704A8C05FDE},750000,2022-01-28,2022,1,1,N4 2ZY,N4,Flat/Maisonette,Leasehold,True,LONDON,HACKNEY,GREATER LONDON,A,51.563793,-0.094795,London,England,Hackney
{01EB45EF-680C-40F3-E063-4704A8C05FDE},416500,2023-02-16,2023,2,1,N3 2AN,N3,Flat/Maisonette,Leasehold,False,LONDON,BARNET,GREATER LONDON,A,51.593606,-0.198596,London,England,Barnet
{01EB45EF-6816-40F3-E063-4704A8C05FDE},468000,2022-05-13,2022,5,2,E8 2LJ,E8,Flat/Maisonette,Leasehold,False,LONDON,HACKNEY,GREATER LONDON,A,51.546744,-0.056537,London,England,Hackney
{01EB45EF-6832-40F3-E063-4704A8C05FDE},470000,2022-06-20,2022,6,2,HA8 0BE,HA8,Flat/Maisonette,Leasehold,False,EDGWARE,BARNET,GREATER LONDON,A,51.623247,-0.288294,London,England,Barnet
{01EB45EF-6A42-40F3-E063-4704A8C05FDE},476000,2023-06-30,2023,6,2,BS40 5HB,BS40,Detached,Freehold,False,BRISTOL,NORTH SOMERSET,NORTH SOMERSET,A,51.364386,-2.762724,South West,England,North Somerset
{01EB45EF-6AB7-40F3-E063-4704A8C05FDE},275000,2023-05-30,2023,5,2,BS23 3JD,BS23,Terraced,Freehold,False,WESTON-SUPER-MARE,NORTH SOMERSET,NORTH SOMERSET,A,51.345358,-2.965043,South West,England,North Somerset
{01EB45EF-6AD0-40F3-E063-4704A8C05FDE},315000,2023-05-26,2023,5,2,BS16 9NR,BS16,Terraced,Freehold,False,BRISTOL,SOUTH GLOUCESTERSHIRE,SOUTH GLOUCESTERSHIRE,A,51.502204,-2.521266,South West,England,South Gloucestershire
{01EB45EF-6B30-40F3-E063-4704A8C05FDE},350000,2023-06-02,2023,6,2,BA2 4PU,BA2,Terraced,Leasehold,False,BATH,BATH AND NORTH EAST SOMERSET,BATH AND NORTH EAST SOMERSET,A,51.370463,-2.353513,South West,England,Bath and North East Somerset
{01EB45EF-6B72-40F3-E063-4704A8C05FDE},290000,2023-06-30,2023,6,2,BS4 1EB,BS4,Terraced,Freehold,False,BRISTOL,CITY OF BRISTOL,CITY OF BRISTOL,A,51.426491,-2.575735,South West,England,"Bristol, City of"
{01EB45EF-6BB4-40F3-E063-4704A8C05FDE},520800,2021-05-04,2021,5,2,NW2 3NJ,NW2,Flat/Maisonette,Leasehold,False,LONDON,CAMDEN,GREATER LONDON,A,51.562283,-0.251961,London,England,Brent
{01EB45EF-6BD5-40F3-E063-4704A8C05FDE},960000,2022-01-05,2022,1,1,W2 3AH,W2,Flat/Maisonette,Leasehold,False,LONDON,CITY OF WESTMINSTER,GREATER LONDON,A,51.515592,-0.181426,London,England,Westminster
{01EB45EF-6BE3-40F3-E063-4704A8C05FDE},915000,2023-02-10,2023,2,1,W2 5PU,W2,Flat/Maisonette,Leasehold,False,LONDON,CITY OF WESTMINSTER,GREATER LONDON,A,51.515592,-0.181426,London,England,Westminster
{01EB45EF-6BEF-40F3-E063-4704A8C05FDE},1030000,2022-12-05,2022,12,4,NW8 7HN,NW8,Flat/Maisonette,Leasehold,True,LONDON,CITY OF WESTMINSTER,GREATER LONDON,A,51.536612,-0.184597,London,England,Westminster
{01EB45EF-6BF4-40F3-E063-4704A8C05FDE},2950000,2022-11-30,2022,11,4,NW8 7HN,NW8,Flat/Maisonette,Leasehold,True,LONDON,CITY OF WESTMINSTER,GREATER LONDON,A,51.536612,-0.184597,London,England,Westminster
{01EB45EF-6CB4-40F3-E063-4704A8C05FDE},280000,2023-06-30,2023,6,2,LU2 0AX,LU2,Semi-Detached,Freehold,False,LUTON,LUTON,LUTON,A,51.89175,-0.399907,East of England,England,Luton
{01EB45EF-6CF2-40F3-E063-4704A8C05FDE},320000,2023-07-06,2023,7,3,MK40 3QS,MK40,Terraced,Freehold,False,BEDFORD,BEDFORD,BEDFORD,A,52.144142,-0.452158,East of England,England,Bedford
{01EB45EF-6CF3-40F3-E063-4704A8C05FDE},300000,2023-05-26,2023,5,2,LU1 5EY,LU1,Semi-Detached,Freehold,False,LUTON,LUTON,LUTON,A,51.882351,-0.445921,East of England,England,Luton
{01EB45EF-6CF7-40F3-E063-4704A8C05FDE},475000,2023-07-07,2023,7,3,MK41 0JR,MK41,Detached,Freehold,False,BEDFORD,BEDFORD,BEDFORD,A,52.137177,-0.42655,East of England,England,Bedford
{01EB45EF-6D75-40F3-E063-4704A8C05FDE},270000,2023-06-13,2023,6,2,MK45 4DX,MK45,Flat/Maisonette,Leasehold,False,BEDFORD,CENTRAL BEDFORDSHIRE,CENTRAL BEDFORDSHIRE,A,52.081023,-0.446037,East of England,England,Bedford
{01EB45EF-6EC2-40F3-E063-4704A8C05FDE},475000,2022-06-30,2022,6,2,MK45 3QF,MK45,Detached,Freehold,True,BEDFORD,CENTRAL BEDFORDSHIRE,CENTRAL BEDFORDSHIRE,A,52.081023,-0.446037,East of England,England,Bedford
{01EB45EF-6F0C-40F3-E063-4704A8C05FDE},425000,2022-07-01,2022,7,3,SG18 8YR,SG18,Terraced,Freehold,True,BIGGLESWADE,CENTRAL BEDFORDSHIRE,CENTRAL BEDFORDSHIRE,A,52.095103,-0.25397,East of England,England,Central Bedfordshire
{01EB45EF-6F89-40F3-E063-4704A8C05FDE},250000,2023-06-16,2023,6,2,MK45 1NB,MK45,Terraced,Freehold,False,BEDFORD,CENTRAL BEDFORDSHIRE,CENTRAL BEDFORDSHIRE,A,52.081023,-0.446037,East of England,England,Bedford
{01EB45EF-6F95-40F3-E063-4704A8C05FDE},465000,2023-05-25,2023,5,2,MK45 3BU,MK45,Detached,Freehold,False,BEDFORD,BEDFORD,BEDFORD,A,52.081023,-0.446037,East of England,England,Bedford
{01EB45EF-70A2-40F3-E063-4704A8C05FDE},625000,2021-04-26,2021,4,2,SW6 4LQ,SW6,Flat/Maisonette,Leasehold,False,LONDON,HAMMERSMITH AND FULHAM,GREATER LONDON,A,51.486399,-0.199326,London,England,Hammersmith and Fulham
{01EB45EF-7266-40F3-E063-4704A8C05FDE},180000,2023-06-16,2023,6,2,RG31 7EN,RG31,Flat/Maisonette,Leasehold,False,READING,WEST BERKSHIRE,WEST BERKSHIRE,A,51.439826,-1.052322,South East,England,West Berkshire
{01EB45EF-731E-40F3-E063-4704A8C05FDE},440000,2023-03-31,2023,3,1,RG12 7ZU,RG12,Terraced,Freehold,False,BRACKNELL,BRACKNELL FOREST,BRACKNELL FOREST,A,51.393641,-0.761846,South East,England,Bracknell Forest
{01EB45EF-7343-40F3-E063-4704A8C05FDE},1485000,2023-06-28,2023,6,2,RG4 8SL,RG4,Detached,Freehold,False,READING,READING,READING,A,51.47914,-0.950102,South East,England,Reading
{01EB45EF-7452-40F3-E063-4704A8C05FDE},170000,2023-06-30,2023,6,2,RG17 8FA,RG17,Flat/Maisonette,Leasehold,False,HUNGERFORD,WEST BERKSHIRE,WEST BERKSHIRE,A,51.41476,-1.518025,South East,England,West Berkshire
{01EB45EF-74D2-40F3-E063-4704A8C05FDE},175000,2021-09-28,2021,9,3,RG30 3NE,RG30,Flat/Maisonette,Leasehold,False,READING,READING,READING,A,51.462181,-1.027258,South East,England,Reading
{01EB45EF-7512-40F3-E063-4704A8C05FDE},477500,2022-05-03,2022,5,2,RG42 4JG,RG42,Semi-Detached,Freehold,True,BRACKNELL,BRACKNELL FOREST,BRACKNELL FOREST,A,51.430806,-0.791151,South East,England,Bracknell Forest
{01EB45EF-7547-40F3-E063-4704A8C05FDE},437500,2022-07-28,2022,7,3,RG31 7DT,RG31,Detached,Freehold,True,READING,WEST BERKSHIRE,WEST BERKSHIRE,A,51.439826,-1.052322,South East,England,West Berkshire
{01EB45EF-7724-40F3-E063-4704A8C05FDE},210000,2023-06-12,2023,6,2,BS5 8AB,BS5,Flat/Maisonette,Leasehold,False,BRISTOL,CITY OF BRISTOL,CITY OF BRISTOL,A,51.452837,-2.527941,South West,England,"Bristol, City of"
{01EB45EF-7743-40F3-E063-4704A8C05FDE},415000,2023-07-11,2023,7,3,SL7 1TX,SL7,Terraced,Freehold,False,MARLOW,BUCKINGHAMSHIRE,BUCKINGHAMSHIRE,A,51.582479,-0.77251,South East,England,Buckinghamshire
{01EB45EF-7892-40F3-E063-4704A8C05FDE},340000,2023-01-26,2023,1,1,HP13 6YA,HP13,Semi-Detached,Freehold,False,HIGH WYCOMBE,BUCKINGHAMSHIRE,BUCKINGHAMSHIRE,A,51.64267,-0.721198,South East,England,Buckinghamshire
{01EB45EF-790D-40F3-E063-4704A8C05FDE},270000,2023-05-26,2023,5,2,HP5 3ET,HP5,Flat/Maisonette,Leasehold,False,CHESHAM,BUCKINGHAMSHIRE,BUCKINGHAMSHIRE,A,51.710852,-0.607678,South East,England,Buckinghamshire
{01EB45EF-79CF-40F3-E063-4704A8C05FDE},450000,2019-08-09,2019,8,3,HP22 5HJ,HP22,Terraced,Freehold,True,AYLESBURY,BUCKINGHAMSHIRE,BUCKINGHAMSHIRE,A,51.829245,-0.790378,South East,England,Buckinghamshire
{01EB45EF-7A37-40F3-E063-4704A8C05FDE},396000,2022-03-31,2022,3,1,HP27 0EQ,HP27,Flat/Maisonette,Leasehold,True,PRINCES RISBOROUGH,BUCKINGHAMSHIRE,BUCKINGHAMSHIRE,A,51.723792,-0.87482,South East,England,Buckinghamshire
{01EB45EF-7AD1-40F3-E063-4704A8C05FDE},400000,2023-02-17,2023,2,1,MK18 2RF,MK18,Detached,Freehold,True,BUCKINGHAM,BUCKINGHAMSHIRE,BUCKINGHAMSHIRE,A,51.999556,-0.986118,South East,England,Buckinghamshire
{01EB45EF-7B84-40F3-E063-4704A8C05FDE},225000,2022-11-17,2022,11,4,CB7 4TZ,CB7,Terraced,Freehold,False,ELY,EAST CAMBRIDGESHIRE,CAMBRIDGESHIRE,A,52.404916,0.278813,East of England,England,East Cambridgeshire
{01EB45EF-7C05-40F3-E063-4704A8C05FDE},490000,2023-06-26,2023,6,2,CB7 5DG,CB7,Detached,Freehold,False,ELY,EAST CAMBRIDGESHIRE,CAMBRIDGESHIRE,A,52.404916,0.278813,East of England,England,East Cambridgeshire
{01EB45EF-7C18-40F3-E063-4704A8C05FDE},1300000,2023-06-30,2023,6,2,CB3 0RX,CB3,Detached,Freehold,False,CAMBRIDGE,SOUTH CAMBRIDGESHIRE,CAMBRIDGESHIRE,A,52.196906,0.107287,East of England,England,Cambridge
{01EB45EF-7D0D-40F3-E063-4704A8C05FDE},520000,2023-06-08,2023,6,2,PE13 3DN,PE13,Semi-Detached,Freehold,False,WISBECH,FENLAND,CAMBRIDGESHIRE,A,52.674755,0.181158,East of England,England,Fenland
{01EB45EF-7D2E-40F3-E063-4704A8C05FDE},910000,2023-02-22,2023,2,1,CB22 3DQ,CB22,Detached,Freehold,False,CAMBRIDGE,SOUTH CAMBRIDGESHIRE,CAMBRIDGESHIRE,A,52.154217,0.135969,East of England,England,South Cambridgeshire
{01EB45EF-7EA1-40F3-E063-4704A8C05FDE},539495,2022-07-24,2022,7,3,PE27 4AF,PE27,Detached,Freehold,True,ST IVES,HUNTINGDONSHIRE,CAMBRIDGESHIRE,A,52.342258,-0.085895,East of England,England,Huntingdonshire
{01EB45EF-7FCE-40F3-E063-4704A8C05FDE},160000,2023-03-20,2023,3,1,TS16 0FD,TS16,Flat/Maisonette,Leasehold,False,STOCKTON-ON-TEES,STOCKTON-ON-TEES,STOCKTON-ON-TEES,A,54.526087,-1.353983,North East,England,Stockton-on-Tees
{01EB45EF-8069-40F3-E063-4704A8C05FDE},182830,2023-06-16,2023,6,2,TS26 9NW,TS26,Semi-Detached,Freehold,False,HARTLEPOOL,HARTLEPOOL,HARTLEPOOL,A,54.679336,-1.218937,North East,England,Hartlepool
{01EB45EF-8144-40F3-E063-4704A8C05FDE},115000,2023-07-05,2023,7,3,TS5 5BJ,TS5,Semi-Detached,Freehold,False,MIDDLESBROUGH,MIDDLESBROUGH,MIDDLESBROUGH,A,54.532518,-1.268024,North East,England,Middlesbrough
{01EB45EF-8255-40F3-E063-4704A8C05FDE},425000,2023-05-26,2023,5,2,SK12 1YY,SK12,Detached,Leasehold,False,STOCKPORT,CHESHIRE EAST,CHESHIRE EAST,A,53.349014,-2.143133,North West,England,Cheshire East
{01EB45EF-82A0-40F3-E063-4704A8C05FDE},166000,2023-06-23,2023,6,2,SK9 2QF,SK9,Terraced,Leasehold,False,WILMSLOW,CHESHIRE EAST,CHESHIRE EAST,A,53.338194,-2.218412,North West,England,Cheshire East
{01EB45EF-82AB-40F3-E063-4704A8C05FDE},274000,2023-06-02,2023,6,2,WA8 3JB,WA8,Semi-Detached,Leasehold,False,WIDNES,HALTON,HALTON,A,53.386242,-2.727596,North West,England,Halton
{01EB45EF-830C-40F3-E063-4704A8C05FDE},225500,2023-06-09,2023,6,2,WA2 0UL,WA2,Detached,Leasehold,False,WARRINGTON,WARRINGTON,WARRINGTON,A,53.409848,-2.566612,North West,England,Warrington
{01EB45EF-84C6-40F3-E063-4704A8C05FDE},160500,2023-02-16,2023,2,1,CW7 1DR,CW7,Terraced,Freehold,False,WINSFORD,CHESHIRE WEST AND CHESTER,CHESHIRE WEST AND CHESTER,B,53.196435,-2.537028,North West,England,Cheshire West and Chester
{01EB45EF-84D5-40F3-E063-4704A8C05FDE},193000,2023-06-12,2023,6,2,CW5 5ET,CW5,Semi-Detached,Freehold,False,NANTWICH,CHESHIRE EAST,CHESHIRE EAST,A,53.068117,-2.535311,North West,England,Cheshire East
{01EB45EF-854A-40F3-E063-4704A8C05FDE},205000,2023-06-21,2023,6,2,CW11 1BU,CW11,Detached,Freehold,False,SANDBACH,CHESHIRE EAST,CHESHIRE EAST,A,53.143751,-2.352229,North West,England,Cheshire East
{01EB45EF-85C2-40F3-E063-4704A8C05FDE},1085000,2023-04-12,2023,4,2,WA16 9TD,WA16,Semi-Detached,Freehold,False,KNUTSFORD,CHESHIRE EAST,CHESHIRE EAST,A,53.334654,-2.449066,North West,England,Cheshire East
{01EB45EF-8871-40F3-E063-4704A8C05FDE},160000,2023-06-16,2023,6,2,CW1 6EU,CW1,Semi-Detached,Freehold,False,CREWE,CHESHIRE EAST,CHESHIRE EAST,A,53.11644,-2.434314,North West,England,Cheshire East
{01EB45EF-892B-40F3-E063-4704A8C05FDE},385000,2023-05-30,2023,5,2,TR7 2TF,TR7,Detached,Freehold,False,NEWQUAY,CORNWALL,CORNWALL,A,50.41931,-5.064554,South West,England,Cornwall
{01EB45EF-89AE-40F3-E063-4704A8C05FDE},153000,2021-05-07,2021,5,2,PL26 7ZA,PL26,Detached,Freehold,False,ST AUSTELL,CORNWALL,CORNWALL,A,50.381963,-4.793411,South West,England,Cornwall
{01EB45EF-89D9-40F3-E063-4704A8C05FDE},176659,2023-02-24,2023,2,1,PL24 2AG,PL24,Terraced,Freehold,False,PAR,CORNWALL,CORNWALL,A,50.348595,-4.715019,South West,England,Cornwall
{01EB45EF-8AD2-40F3-E063-4704A8C05FDE},475000,2022-04-01,2022,4,2,TR27 4FT,TR27,Detached,Freehold,True,HAYLE,CORNWALL,CORNWALL,A,50.203262,-5.374843,South West,England,Cornwall
{01EB45EF-8B2E-40F3-E063-4704A8C05FDE},112500,2023-06-02,2023,6,2,TR19 6FA,TR19,Terraced,Leasehold,False,PENZANCE,CORNWALL,CORNWALL,A,50.151427,-5.65995,South West,England,Cornwall
{01EB45EF-8B58-40F3-E063-4704A8C05FDE},275000,2023-05-19,2023,5,2,TR13 0SN,TR13,Semi-Detached,Freehold,False,HELSTON,CORNWALL,CORNWALL,A,50.144576,-5.305849,South West,England,Cornwall
{01EB45EF-8DA2-40F3-E063-4704A8C05FDE},390000,2022-03-31,2022,3,1,LA9 7TF,LA9,Detached,Freehold,True,KENDAL,WESTMORLAND AND FURNESS,WESTMORLAND AND FURNESS,A,54.341781,-2.755897,North West,England,Westmorland and Furness
{01EB45EF-8E56-40F3-E063-4704A8C05FDE},101500,2023-07-14,2023,7,3,CA2 6HR,CA2,Terraced,Freehold,False,CARLISLE,CUMBERLAND,CUMBERLAND,A,54.887978,-2.941412,North West,England,Cumberland
{01EB45EF-8EEC-40F3-E063-4704A8C05FDE},250000,2023-06-30,2023,6,2,NP23 4DU,NP23,Terraced,Freehold,False,EBBW VALE,BLAENAU GWENT,BLAENAU GWENT,A,51.798676,-3.187478,Wales,Wales,Blaenau Gwent
{01EB45EF-8F60-40F3-E063-4704A8C05FDE},79750,2023-07-13,2023,7,3,CF42 5AW,CF42,Terraced,Freehold,False,TREORCHY,RHONDDA CYNON TAFF,RHONDDA CYNON TAFF,A,51.659421,-3.500285,Wales,Wales,Rhondda Cynon Taf
{01EB45EF-8F98-40F3-E063-4704A8C05FDE},360000,2023-07-06,2023,7,3,CF31 5ES,CF31,Detached,Freehold,False,BRIDGEND,BRIDGEND,BRIDGEND,A,51.513714,-3.590816,Wales,Wales,Bridgend
{01EB45EF-8FF3-40F3-E063-4704A8C05FDE},140000,2023-06-09,2023,6,2,CF23 7HG,CF23,Flat/Maisonette,Leasehold,False,CARDIFF,CARDIFF,CARDIFF,A,51.498215,-3.170504,Wales,Wales,Cardiff
{01EB45EF-90F0-40F3-E063-4704A8C05FDE},215000,2023-06-16,2023,6,2,NP18 3RA,NP18,Semi-Detached,Freehold,False,NEWPORT,NEWPORT,NEWPORT,A,51.628089,-2.972014,Wales,Wales,Torfaen
{01EB45EF-921F-40F3-E063-4704A8C05FDE},143000,2023-01-23,2023,1,1,LL11 5SE,LL11,Semi-Detached,Freehold,False,WREXHAM,WREXHAM,WREXHAM,A,53.054875,-3.001477,Wales,Wales,Wrexham
{01EB45EF-9227-40F3-E063-4704A8C05FDE},162500,2023-07-07,2023,7,3,SY21 9DY,SY21,Terraced,Freehold,False,WELSHPOOL,POWYS,POWYS,A,52.6873,-3.077517,Wales,Wales,Powys
{01EB45EF-9232-40F3-E063-4704A8C05FDE},208000,2022-12-02,2022,12,4,CH6 5WB,CH6,Detached,Leasehold,False,FLINT,FLINTSHIRE,FLINTSHIRE,A,53.246398,-3.133405,Wales,Wales,Flintshire
{01EB45EF-9258-40F3-E063-4704A8C05FDE},145000,2023-05-19,2023,5,2,SA18 3QX,SA18,Terraced,Freehold,False,AMMANFORD,CARMARTHENSHIRE,CARMARTHENSHIRE,A,51.77496,-4.024412,Wales,Wales,Carmarthenshire
{01EB45EF-92F1-40F3-E063-4704A8C05FDE},145000,2023-06-14,2023,6,2,LL18 4PL,LL18,Semi-Detached,Freehold,False,RHYL,DENBIGHSHIRE,DENBIGHSHIRE,A,53.304265,-3.417193,Wales,Wales,Denbighshire
{01EB45EF-92FC-40F3-E063-4704A8C05FDE},475000,2023-06-02,2023,6,2,CH4 9GF,CH4,Detached,Freehold,False,CHESTER,FLINTSHIRE,FLINTSHIRE,A,53.17796,-2.943864,Wales,Wales,Flintshire
{01EB45EF-9337-40F3-E063-4704A8C05FDE},294995,2021-03-30,2021,3,1,LL18 6HZ,LL18,Detached,Freehold,True,RHYL,DENBIGHSHIRE,DENBIGHSHIRE,A,53.304265,-3.417193,Wales,Wales,Denbighshire
{01EB45EF-937E-40F3-E063-4704A8C05FDE},504000,2021-03-22,2021,3,1,NP16 6TP,NP16,Semi-Detached,Freehold,False,CHEPSTOW,MONMOUTHSHIRE,MONMOUTHSHIRE,A,51.629223,-2.668065,Wales,Wales,Monmouthshire
{01EB45EF-943A-40F3-E063-4704A8C05FDE},97000,2022-04-01,2022,4,2,SA16 0RT,SA16,Terraced,Freehold,False,BURRY PORT,CARMARTHENSHIRE,CARMARTHENSHIRE,A,51.684685,-4.255286,Wales,Wales,Carmarthenshire
{01EB45EF-94A3-40F3-E063-4704A8C05FDE},233000,2023-02-15,2023,2,1,SA3 4QX,SA3,Flat/Maisonette,Leasehold,False,SWANSEA,SWANSEA,SWANSEA,A,51.600155,-3.99433,Wales,Wales,Swansea
{01EB45EF-9548-40F3-E063-4704A8C05FDE},345000,2022-06-30,2022,6,2,NP16 5US,NP16,Terraced,Freehold,True,CHEPSTOW,MONMOUTHSHIRE,MONMOUTHSHIRE,A,51.629223,-2.668065,Wales,Wales,Monmouthshire
{01EB45EF-95F2-40F3-E063-4704A8C05FDE},72000,2023-07-03,2023,7,3,SA1 2HF,SA1,Terraced,Freehold,False,SWANSEA,SWANSEA,SWANSEA,A,51.641191,-3.908676,Wales,Wales,Swansea
{01EB45EF-967E-40F3-E063-4704A8C05FDE},155000,2023-06-27,2023,6,2,PL2 1EY,PL2,Terraced,Freehold,False,PLYMOUTH,CITY OF PLYMOUTH,CITY OF PLYMOUTH,A,50.38349,-4.171304,South West,England,Plymouth
{01EB45EF-96BA-40F3-E063-4704A8C05FDE},132000,2023-06-30,2023,6,2,PL21 0YP,PL21,Flat/Maisonette,Leasehold,False,IVYBRIDGE,SOUTH HAMS,DEVON,A,50.349756,-3.884855,South West,England,South Hams
{01EB45EF-970C-40F3-E063-4704A8C05FDE},665000,2023-02-24,2023,2,1,EX8 3JU,EX8,Detached,Freehold,False,EXMOUTH,EAST DEVON,DEVON,A,50.616099,-3.407554,South West,England,East Devon
{01EB45EF-985B-40F3-E063-4704A8C05FDE},182000,2023-06-23,2023,6,2,PL2 3RQ,PL2,Semi-Detached,Freehold,False,PLYMOUTH,CITY OF PLYMOUTH,CITY OF PLYMOUTH,A,50.38349,-4.171304,South West,England,Plymouth
{01EB45EF-98CF-40F3-E063-4704A8C05FDE},370000,2023-06-07,2023,6,2,TQ14 9TS,TQ14,Detached,Freehold,False,TEIGNMOUTH,TEIGNBRIDGE,DEVON,A,50.549731,-3.495986,South West,England,Teignbridge
{01EB45EF-9907-40F3-E063-4704A8C05FDE},1033000,2023-07-19,2023,7,3,EX20 2PL,EX20,Detached,Freehold,False,OKEHAMPTON,WEST DEVON,DEVON,A,50.86815,-4.11808,South West,England,Torridge
{01EB45EF-99C5-40F3-E063-4704A8C05FDE},248500,2023-05-30,2023,5,2,PL4 7DF,PL4,Terraced,Freehold,False,PLYMOUTH,CITY OF PLYMOUTH,CITY OF PLYMOUTH,A,50.369881,-4.120604,South West,England,Plymouth
{01EB45EF-9A2D-40F3-E063-4704A8C05FDE},278000,2023-06-16,2023,6,2,EX2 4JQ,EX2,Terraced,Freehold,False,EXETER,EXETER,DEVON,A,50.696534,-3.528378,South West,England,Exeter
{01EB45EF-9A51-40F3-E063-4704A8C05FDE},235000,2023-02-27,2023,2,1,EX16 4HA,EX16,Semi-Detached,Freehold,False,TIVERTON,MID DEVON,DEVON,A,50.891109,-3.487079,South West,England,Mid Devon
{01EB45EF-9A9B-40F3-E063-4704A8C05FDE},270000,2022-08-08,2022,8,3,TQ4 7FA,TQ4,Semi-Detached,Freehold,False,PAIGNTON,TORBAY,TORBAY,A,50.412569,-3.575423,South West,England,Torbay
{01EB45EF-9ADE-40F3-E063-4704A8C05FDE},250000,2023-05-09,2023,5,2,PL6 5PD,PL6,Semi-Detached,Freehold,False,PLYMOUTH,CITY OF PLYMOUTH,CITY OF PLYMOUTH,A,50.40519,-4.122841,South West,England,Plymouth
{01EB45EF-9B47-40F3-E063-4704A8C05FDE},380000,2023-06-15,2023,6,2,PL19 0SB,PL19,Detached,Freehold,False,TAVISTOCK,WEST DEVON,DEVON,A,50.548516,-4.149741,South West,England,West Devon
{01EB45EF-9CF1-40F3-E063-4704A8C05FDE},242950,2021-12-13,2021,12,4,TQ13 9TU,TQ13,Semi-Detached,Freehold,True,NEWTON ABBOT,TEIGNBRIDGE,DEVON,A,50.517898,-3.758813,South West,England,Teignbridge
{01EB45EF-9D52-40F3-E063-4704A8C05FDE},330000,2023-07-03,2023,7,3,BH11 8TP,BH11,Terraced,Freehold,False,BOURNEMOUTH,"BOURNEMOUTH, CHRISTCHURCH AND POOLE","BOURNEMOUTH, CHRISTCHURCH AND POOLE",A,50.750304,-1.916875,South West,England,"Bournemouth, Christchurch and Poole"
{01EB45EF-9D59-40F3-E063-4704A8C05FDE},300000,2023-02-13,2023,2,1,BH9 1EP,BH9,Terraced,Freehold,False,BOURNEMOUTH,"BOURNEMOUTH, CHRISTCHURCH AND POOLE","BOURNEMOUTH, CHRISTCHURCH AND POOLE",A,50.750662,-1.866057,South West,England,"Bournemouth, Christchurch and Poole"
{01EB45EF-9DB8-40F3-E063-4704A8C05FDE},195000,2023-06-23,2023,6,2,BH22 0JN,BH22,Flat/Maisonette,Leasehold,False,FERNDOWN,DORSET,DORSET,A,50.804943,-1.892895,South West,England,Dorset
{01EB45EF-9DF8-40F3-E063-4704A8C05FDE},133000,2023-07-13,2023,7,3,DT5 2HD,DT5,Flat/Maisonette,Leasehold,False,PORTLAND,DORSET,DORSET,A,50.542937,-2.435092,South West,England,Dorset
{01EB45EF-9E3F-40F3-E063-4704A8C05FDE},362500,2023-05-30,2023,5,2,DT11 7RR,DT11,Semi-Detached,Freehold,False,BLANDFORD FORUM,DORSET,DORSET,A,50.83601,-2.232822,South West,England,Dorset
{01EB45EF-9ED2-40F3-E063-4704A8C05FDE},245000,2023-06-15,2023,6,2,BH2 6LU,BH2,Flat/Maisonette,Leasehold,False,BOURNEMOUTH,"BOURNEMOUTH, CHRISTCHURCH AND POOLE","BOURNEMOUTH, CHRISTCHURCH AND POOLE",A,50.721308,-1.891257,South West,England,"Bournemouth, Christchurch and Poole"
{01EB45EF-9EE7-40F3-E063-4704A8C05FDE},288000,2022-11-25,2022,11,4,BH12 4BZ,BH12,Detached,Freehold,False,POOLE,"BOURNEMOUTH, CHRISTCHURCH AND POOLE","BOURNEMOUTH, CHRISTCHURCH AND POOLE",A,50.736671,-1.947962,South West,England,"Bournemouth, Christchurch and Poole"
{01EB45EF-9EF4-40F3-E063-4704A8C05FDE},260000,2021-09-24,2021,9,3,BH21 2UG,BH21,Flat/Maisonette,Leasehold,False,WIMBORNE,DORSET,DORSET,A,50.810805,-1.964302,South West,England,Dorset
{01EB45EF-9EF7-40F3-E063-4704A8C05FDE},417000,2023-07-03,2023,7,3,BH9 1JH,BH9,Detached,Freehold,False,BOURNEMOUTH,"BOURNEMOUTH, CHRISTCHURCH AND POOLE","BOURNEMOUTH, CHRISTCHURCH AND POOLE",A,50.750662,-1.866057,South West,England,"Bournemouth, Christchurch and Poole"
{01EB45EF-9F14-40F3-E063-4704A8C05FDE},655000,2023-06-30,2023,6,2,BH4 8AS,BH4,Semi-Detached,Freehold,False,BOURNEMOUTH,"BOURNEMOUTH, CHRISTCHURCH AND POOLE","BOURNEMOUTH, CHRISTCHURCH AND POOLE",A,50.720398,-1.89973,South West,England,"Bournemouth, Christchurch and Poole"
{01EB45EF-9F24-40F3-E063-4704A8C05FDE},380000,2023-06-09,2023,6,2,BH10 4FJ,BH10,Detached,Freehold,False,BOURNEMOUTH,"BOURNEMOUTH, CHRISTCHURCH AND POOLE","BOURNEMOUTH, CHRISTCHURCH AND POOLE",A,50.755442,-1.888471,South West,England,"Bournemouth, Christchurch and Poole"
{01EB45EF-9FD0-40F3-E063-4704A8C05FDE},720000,2023-07-14,2023,7,3,BH23 2NJ,BH23,Detached,Freehold,False,CHRISTCHURCH,"BOURNEMOUTH, CHRISTCHURCH AND POOLE","BOURNEMOUTH, CHRISTCHURCH AND POOLE",A,50.748049,-1.794572,South West,England,"Bournemouth, Christchurch and Poole"
{01EB45EF-A030-40F3-E063-4704A8C05FDE},360000,2021-12-16,2021,12,4,BH2 5FA,BH2,Flat/Maisonette,Leasehold,True,BOURNEMOUTH,"BOURNEMOUTH, CHRISTCHURCH AND POOLE","BOURNEMOUTH, CHRISTCHURCH AND POOLE",A,50.721308,-1.891257,South West,England,"Bournemouth, Christchurch and Poole"
{01EB45EF-A07E-40F3-E063-4704A8C05FDE},303000,2022-09-30,2022,9,3,SP8 4YN,SP8,Detached,Freehold,True,GILLINGHAM,DORSET,DORSET,A,51.036594,-2.27041,South West,England,Dorset
{01EB45EF-A0DF-40F3-E063-4704A8C05FDE},713000,2023-06-19,2023,6,2,BH24 2PY,BH24,Detached,Freehold,False,RINGWOOD,DORSET,DORSET,A,50.848654,-1.781858,South East,England,New Forest
{01EB45EF-A1CE-40F3-E063-4704A8C05FDE},110000,2023-06-21,2023,6,2,DL5 6LT,DL5,Detached,Freehold,False,NEWTON AYCLIFFE,COUNTY DURHAM,COUNTY DURHAM,A,54.624623,-1.564346,North East,England,County Durham
{01EB45EF-A23F-40F3-E063-4704A8C05FDE},83000,2023-07-03,2023,7,3,SR8 5QB,SR8,Semi-Detached,Freehold,False,PETERLEE,COUNTY DURHAM,COUNTY DURHAM,A,54.765017,-1.340287,North East,England,County Durham
{01EB45EF-A2E6-40F3-E063-4704A8C05FDE},246000,2023-06-16,2023,6,2,DL14 6PP,DL14,Detached,Freehold,False,BISHOP AUCKLAND,COUNTY DURHAM,COUNTY DURHAM,A,54.648299,-1.685172,North East,England,County Durham
{01EB45EF-A332-40F3-E063-4704A8C05FDE},136000,2021-12-08,2021,12,4,DL17 0AT,DL17,Detached,Freehold,False,FERRYHILL,COUNTY DURHAM,COUNTY DURHAM,A,54.699665,-1.519927,North East,England,County Durham
{01EB45EF-A333-40F3-E063-4704A8C05FDE},69999,2023-06-29,2023,6,2,SR8 4LA,SR8,Terraced,Freehold,False,PETERLEE,COUNTY DURHAM,COUNTY DURHAM,A,54.765017,-1.340287,North East,England,County Durham
{01EB45EF-A366-40F3-E063-4704A8C05FDE},162500,2023-06-30,2023,6,2,DL3 0BJ,DL3,Semi-Detached,Freehold,False,DARLINGTON,DARLINGTON,DARLINGTON,A,54.530884,-1.559966,North East,England,Darlington
{01EB45EF-A397-40F3-E063-4704A8C05FDE},85000,2023-07-12,2023,7,3,DL1 4LR,DL1,Terraced,Freehold,False,DARLINGTON,DARLINGTON,DARLINGTON,A,54.530419,-1.538817,North East,England,Darlington
{01EB45EF-A436-40F3-E063-4704A8C05FDE},195000,2023-06-30,2023,6,2,DH7 6TH,DH7,Terraced,Freehold,False,DURHAM,COUNTY DURHAM,COUNTY DURHAM,A,54.825027,-1.630431,North East,England,County Durham
{01EB45EF-A53C-40F3-E063-4704A8C05FDE},610000,2023-02-03,2023,2,1,DE22 2JY,DE22,Detached,Freehold,False,DERBY,CITY OF DERBY,CITY OF DERBY,A,52.943142,-1.495359,East Midlands,England,Derby
{01EB45EF-A56C-40F3-E063-4704A8C05FDE},900000,2023-07-03,2023,7,3,DE22 1AQ,DE22,Detached,Freehold,False,DERBY,CITY OF DERBY,CITY OF DERBY,A,52.943142,-1.495359,East Midlands,England,Derby
{01EB45EF-A733-40F3-E063-4704A8C05FDE},194126,2023-06-30,2023,6,2,DE21 6FT,DE21,Semi-Detached,Freehold,False,DERBY,CITY OF DERBY,CITY OF DERBY,A,52.926436,-1.459555,East Midlands,England,Derby
{01EB45EF-A74D-40F3-E063-4704A8C05FDE},260000,2023-06-13,2023,6,2,DE11 7JR,DE11,Semi-Detached,Freehold,False,SWADLINCOTE,SOUTH DERBYSHIRE,DERBYSHIRE,A,52.769207,-1.571714,East Midlands,England,South Derbyshire
{01EB45EF-A9C1-40F3-E063-4704A8C05FDE},200000,2023-06-13,2023,6,2,S40 3HT,S40,Detached,Freehold,False,CHESTERFIELD,CHESTERFIELD,DERBYSHIRE,A,53.227652,-1.424632,East Midlands,England,Chesterfield
{01EB45EF-AAA4-40F3-E063-4704A8C05FDE},670000,2023-07-06,2023,7,3,E10 7BB,E10,Terraced,Freehold,False,LONDON,WALTHAM FOREST,GREATER LONDON,A,51.566832,-0.031597,London,England,Waltham Forest
{01EB45EF-AAE0-40F3-E063-4704A8C05FDE},345000,2023-03-30,2023,3,1,RM8 3JD,RM8,Terraced,Freehold,False,DAGENHAM,BARKING AND DAGENHAM,GREATER LONDON,A,51.554998,0.140869,London,England,Barking and Dagenham
{01EB45EF-AAEB-40F3-E063-4704A8C05FDE},500000,2023-01-26,2023,1,1,IG3 9DG,IG3,Terraced,Freehold,False,ILFORD,REDBRIDGE,GREATER LONDON,A,51.571201,0.105192,London,England,Redbridge
{01EB45EF-AC7D-40F3-E063-4704A8C05FDE},478000,2023-06-14,2023,6,2,E15 4DQ,E15,Terraced,Freehold,False,LONDON,NEWHAM,GREATER LONDON,A,51.551493,-0.001925,London,England,Waltham Forest
{01EB45EF-AD78-40F3-E063-4704A8C05FDE},825000,2023-06-01,2023,6,2,TN38 0TU,TN38,Detached,Freehold,False,ST LEONARDS-ON-SEA,HASTINGS,EAST SUSSEX,A,50.862351,0.555927,South East,England,Hastings
{01EB45EF-ADD1-40F3-E063-4704A8C05FDE},192000,2023-05-19,2023,5,2,TN33 0BG,TN33,Flat/Maisonette,Leasehold,False,BATTLE,ROTHER,EAST SUSSEX,A,50.940411,0.452018,South East,England,Rother
{01EB45EF-AE64-40F3-E063-4704A8C05FDE},320000,2023-07-20,2023,7,3,BN1 6DB,BN1,Flat/Maisonette,Leasehold,False,BRIGHTON,BRIGHTON AND HOVE,BRIGHTON AND HOVE,A,50.859799,-0.104845,South East,England,Brighton and Hove
{01EB45EF-AF8D-40F3-E063-4704A8C05FDE},349995,2021-04-30,2021,4,2,BN27 4FP,BN27,Detached,Freehold,True,HAILSHAM,WEALDEN,EAST SUSSEX,A,50.89056,0.187086,South East,England,Wealden
{01EB45EF-AF8E-40F3-E063-4704A8C05FDE},310000,2021-10-19,2021,10,4,BN27 2RD,BN27,Detached,Freehold,False,HAILSHAM,WEALDEN,EAST SUSSEX,A,50.89056,0.187086,South East,England,Wealden
{01EB45EF-B037-40F3-E063-4704A8C05FDE},365000,2023-07-10,2023,7,3,SS9 3PJ,SS9,Terraced,Freehold,False,LEIGH-ON-SEA,SOUTHEND-ON-SEA,SOUTHEND-ON-SEA,A,51.541192,0.659632,East of England,England,Southend-on-Sea
{01EB45EF-B269-40F3-E063-4704A8C05FDE},242500,2023-06-09,2023,6,2,CM2 6UP,CM2,Flat/Maisonette,Leasehold,False,CHELMSFORD,CHELMSFORD,ESSEX,A,51.736232,0.489157,East of England,England,Chelmsford
{01EB45EF-B2AA-40F3-E063-4704A8C05FDE},155000,2022-10-25,2022,10,4,CM2 0UT,CM2,Flat/Maisonette,Leasehold,False,CHELMSFORD,CHELMSFORD,ESSEX,A,51.736232,0.489157,East of England,England,Chelmsford
{01EB45EF-B2DC-40F3-E063-4704A8C05FDE},275000,2023-05-19,2023,5,2,CM0 8AJ,CM0,Flat/Maisonette,Leasehold,False,BURNHAM-ON-CROUCH,MALDON,ESSEX,A,51.641626,0.816849,East of England,England,Maldon
{01EB45EF-B3A5-40F3-E063-4704A8C05FDE},550000,2023-05-30,2023,5,2,CM3 5QB,CM3,Semi-Detached,Freehold,False,CHELMSFORD,CHELMSFORD,ESSEX,A,51.802242,0.558243,East of England,England,Braintree
{01EB45EF-B524-40F3-E063-4704A8C05FDE},300000,2023-07-18,2023,7,3,CO16 8YG,CO16,Detached,Freehold,False,CLACTON-ON-SEA,TENDRING,ESSEX,A,51.806191,1.145399,East of England,England,Tendring
{01EB45EF-B550-40F3-E063-4704A8C05FDE},240000,2023-06-02,2023,6,2,SS11 8PE,SS11,Flat/Maisonette,Leasehold,False,WICKFORD,BASILDON,ESSEX,A,51.623047,0.521766,East of England,England,Chelmsford
{01EB45EF-B5B9-40F3-E063-4704A8C05FDE},303000,2023-06-20,2023,6,2,CO16 9JY,CO16,Detached,Freehold,False,CLACTON-ON-SEA,TENDRING,ESSEX,A,51.806191,1.145399,East of England,England,Tendring
{01EB45EF-B603-40F3-E063-4704A8C05FDE},285000,2023-06-27,2023,6,2,CM1 1QL,CM1,Semi-Detached,Freehold,False,CHELMSFORD,CHELMSFORD,ESSEX,A,51.751738,0.495849,East of England,England,Chelmsford
{01EB45EF-B647-40F3-E063-4704A8C05FDE},335000,2023-05-10,2023,5,2,CO3 8AP,CO3,Semi-Detached,Freehold,False,COLCHESTER,COLCHESTER,ESSEX,A,51.882916,0.861778,East of England,England,Colchester
{01EB45EF-B973-40F3-E063-4704A8C05FDE},170000,2023-05-22,2023,5,2,M24 2SE,M24,Terraced,Freehold,False,MANCHESTER,ROCHDALE,GREATER MANCHESTER,A,53.55785,-2.205895,North West,England,Rochdale
{01EB45EF-B97E-40F3-E063-4704A8C05FDE},113000,2023-06-02,2023,6,2,BL3 3LS,BL3,Terraced,Leasehold,False,BOLTON,BOLTON,GREATER MANCHESTER,A,53.555905,-2.459272,North West,England,Bolton
{01EB45EF-B9CE-40F3-E063-4704A8C05FDE},122500,2023-01-31,2023,1,1,M6 8LF,M6,Flat/Maisonette,Leasehold,False,SALFORD,SALFORD,GREATER MANCHESTER,A,53.487315,-2.293582,North West,England,Salford
{01EB45EF-BA42-40F3-E063-4704A8C05FDE},325000,2023-07-07,2023,7,3,M13 0EJ,M13,Terraced,Freehold,False,MANCHESTER,MANCHESTER,GREATER MANCHESTER,A,53.45435,-2.199416,North West,England,Manchester
{01EB45EF-BA4F-40F3-E063-4704A8C05FDE},120500,2023-06-09,2023,6,2,M44 5DP,M44,Flat/Maisonette,Leasehold,False,MANCHESTER,SALFORD,GREATER MANCHESTER,A,53.443062,-2.412602,North West,England,Salford
{01EB45EF-BA91-40F3-E063-4704A8C05FDE},280000,2023-06-28,2023,6,2,M35 9NZ,M35,Detached,Leasehold,False,MANCHESTER,OLDHAM,GREATER MANCHESTER,A,53.503131,-2.135089,North West,England,Oldham
{01EB45EF-BAE6-40F3-E063-4704A8C05FDE},225000,2023-06-30,2023,6,2,OL12 7GL,OL12,Semi-Detached,Freehold,False,ROCHDALE,ROCHDALE,GREATER MANCHESTER,A,53.631174,-2.139188,North West,England,Rochdale
{01EB45EF-BB37-40F3-E063-4704A8C05FDE},225000,2023-07-07,2023,7,3,M33 2YE,M33,Flat/Maisonette,Leasehold,False,SALE,TRAFFORD,GREATER MANCHESTER,A,53.430922,-2.317727,North West,England,Trafford
{01EB45EF-BB5B-40F3-E063-4704A8C05FDE},264000,2023-06-30,2023,6,2,OL12 9LS,OL12,Semi-Detached,Freehold,False,ROCHDALE,ROCHDALE,GREATER MANCHESTER,A,53.631174,-2.139188,North West,England,Rochdale
{01EB45EF-BBBF-40F3-E063-4704A8C05FDE},265000,2023-05-30,2023,5,2,SK6 1HX,SK6,Semi-Detached,Freehold,False,STOCKPORT,STOCKPORT,GREATER MANCHESTER,A,53.401404,-2.045427,North West,England,Stockport
{01EB45EF-BBC2-40F3-E063-4704A8C05FDE},175000,2023-06-30,2023,6,2,BL1 6NW,BL1,Semi-Detached,Leasehold,False,BOLTON,BOLTON,GREATER MANCHESTER,A,53.610671,-2.425087,North West,England,Bolton
{01EB45EF-BBC6-40F3-E063-4704A8C05FDE},475000,2023-05-24,2023,5,2,SK2 5EA,SK2,Detached,Leasehold,False,STOCKPORT,STOCKPORT,GREATER MANCHESTER,A,53.387415,-2.141698,North West,England,Stockport
{01EB45EF-BC20-40F3-E063-4704A8C05FDE},207000,2023-06-30,2023,6,2,WN3 4EH,WN3,Terraced,Freehold,False,WIGAN,WIGAN,GREATER MANCHESTER,A,53.527982,-2.666198,North West,England,Wigan
{01EB45EF-BC9B-40F3-E063-4704A8C05FDE},195000,2023-07-07,2023,7,3,M29 7HT,M29,Semi-Detached,Leasehold,False,MANCHESTER,WIGAN,GREATER MANCHESTER,A,53.491844,-2.47748,North West,England,Wigan
{01EB45EF-BDC1-40F3-E063-4704A8C05FDE},273000,2023-06-29,2023,6,2,GL52 6YY,GL52,Semi-Detached,Freehold,False,CHELTENHAM,CHELTENHAM,GLOUCESTERSHIRE,A,51.942933,-2.061163,South West,England,Tewkesbury
{01EB45EF-BDE4-40F3-E063-4704A8C05FDE},790000,2023-02-10,2023,2,1,GL54 2NG,GL54,Detached,Freehold,False,CHELTENHAM,COTSWOLD,GLOUCESTERSHIRE,A,51.892669,-1.754639,South West,England,Cotswold
{01EB45EF-BE5D-40F3-E063-4704A8C05FDE},250000,2023-06-09,2023,6,2,GL52 5GA,GL52,Terraced,Freehold,False,CHELTENHAM,CHELTENHAM,GLOUCESTERSHIRE,A,51.942933,-2.061163,South West,England,Tewkesbury
{01EB45EF-BF25-40F3-E063-4704A8C05FDE},200000,2021-12-03,2021,12,4,BS16 1UJ,BS16,Flat/Maisonette,Leasehold,False,BRISTOL,SOUTH GLOUCESTERSHIRE,SOUTH GLOUCESTERSHIRE,A,51.502204,-2.521266,South West,England,South Gloucestershire
{01EB45EF-BFE7-40F3-E063-4704A8C05FDE},299995,2021-10-29,2021,10,4,GL3 5AE,GL3,Semi-Detached,Freehold,True,GLOUCESTER,TEWKESBURY,GLOUCESTERSHIRE,A,51.879893,-2.178794,South West,England,Tewkesbury
{01EB45EF-C099-40F3-E063-4704A8C05FDE},690000,2022-09-23,2022,9,3,BS35 1BX,BS35,Detached,Freehold,True,BRISTOL,SOUTH GLOUCESTERSHIRE,SOUTH GLOUCESTERSHIRE,A,51.605677,-2.507707,South West,England,South Gloucestershire
{01EB45EF-C11F-40F3-E063-4704A8C05FDE},175000,2023-06-16,2023,6,2,GL1 5QD,GL1,Semi-Detached,Freehold,False,GLOUCESTER,GLOUCESTER,GLOUCESTERSHIRE,A,51.855759,-2.236414,South West,England,Gloucester
{01EB45EF-C1C2-40F3-E063-4704A8C05FDE},595000,2023-01-26,2023,1,1,HP23 4QL,HP23,Semi-Detached,Freehold,False,TRING,DACORUM,HERTFORDSHIRE,A,51.800243,-0.652625,East of England,England,Dacorum
{01EB45EF-C237-40F3-E063-4704A8C05FDE},340000,2023-06-01,2023,6,2,WD3 1BP,WD3,Flat/Maisonette,Leasehold,False,RICKMANSWORTH,THREE RIVERS,HERTFORDSHIRE,A,51.644305,-0.493547,East of England,England,Three Rivers
{01EB45EF-C2CF-40F3-E063-4704A8C05FDE},410000,2023-05-31,2023,5,2,HP3 9AY,HP3,Terraced,Freehold,False,HEMEL HEMPSTEAD,DACORUM,HERTFORDSHIRE,A,51.741073,-0.493083,East of England,England,Dacorum
{01EB45EF-C309-40F3-E063-4704A8C05FDE},580000,2023-04-14,2023,4,2,EN11 8JE,EN11,Detached,Freehold,False,HODDESDON,BROXBOURNE,HERTFORDSHIRE,A,51.768675,-0.012074,East of England,England,Broxbourne
{01EB45EF-C342-40F3-E063-4704A8C05FDE},280000,2023-06-23,2023,6,2,EN8 0XG,EN8,Terraced,Freehold,False,WALTHAM CROSS,BROXBOURNE,HERTFORDSHIRE,A,51.7002,-0.039072,East of England,England,Broxbourne
{01EB45EF-C363-40F3-E063-4704A8C05FDE},622500,2023-07-03,2023,7,3,WD3 1NJ,WD3,Semi-Detached,Freehold,False,RICKMANSWORTH,THREE RIVERS,HERTFORDSHIRE,A,51.644305,-0.493547,East of England,England,Three Rivers
{01EB45EF-C3BE-40F3-E063-4704A8C05FDE},1025000,2023-07-04,2023,7,3,EN6 1US,EN6,Detached,Freehold,False,POTTERS BAR,HERTSMERE,HERTFORDSHIRE,A,51.709706,-0.111599,East of England,England,Welwyn Hatfield
{01EB45EF-C4E8-40F3-E063-4704A8C05FDE},318000,2021-06-30,2021,6,2,SG4 0BQ,SG4,Flat/Maisonette,Leasehold,False,HITCHIN,NORTH HERTFORDSHIRE,HERTFORDSHIRE,A,51.851954,-0.232992,East of England,England,North Hertfordshire
{01EB45EF-C5DA-40F3-E063-4704A8C05FDE},930000,2022-05-04,2022,5,2,WD23 2GW,WD23,Flat/Maisonette,Leasehold,False,BUSHEY,HERTSMERE,HERTFORDSHIRE,A,51.653169,-0.368135,East of England,England,Hertsmere
{01EB45EF-C751-40F3-E063-4704A8C05FDE},283000,2023-05-23,2023,5,2,SO53 2LY,SO53,Terraced,Freehold,False,EASTLEIGH,EASTLEIGH,HAMPSHIRE,A,50.98442,-1.388413,South East,England,Eastleigh
{01EB45EF-C757-40F3-E063-4704A8C05FDE},255000,2023-05-30,2023,5,2,SO30 2NU,SO30,Terraced,Freehold,False,SOUTHAMPTON,EASTLEIGH,HAMPSHIRE,A,50.904896,-1.301378,South East,England,Eastleigh
{01EB45EF-C7F8-40F3-E063-4704A8C05FDE},1520000,2023-07-12,2023,7,3,SP6 2JA,SP6,Detached,Freehold,False,FORDINGBRIDGE,NEW FOREST,HAMPSHIRE,A,50.914486,-1.828364,South West,England,Dorset
{01EB45EF-C877-40F3-E063-4704A8C05FDE},230000,2023-06-16,2023,6,2,PO4 0LW,PO4,Terraced,Freehold,False,SOUTHSEA,PORTSMOUTH,PORTSMOUTH,A,50.796785,-1.059415,South East,England,Portsmouth
{01EB45EF-C9FF-40F3-E063-4704A8C05FDE},262000,2023-05-12,2023,5,2,SO40 4SQ,SO40,Terraced,Freehold,False,SOUTHAMPTON,NEW FOREST,HAMPSHIRE,A,50.915681,-1.49976,South East,England,New Forest
{01EB45EF-CA67-40F3-E063-4704A8C05FDE},465000,2023-07-05,2023,7,3,GU35 9QW,GU35,Semi-Detached,Freehold,False,BORDON,EAST HAMPSHIRE,HAMPSHIRE,A,51.110702,-0.855419,South East,England,East Hampshire
{01EB45EF-CA9C-40F3-E063-4704A8C05FDE},451000,2023-06-30,2023,6,2,GU14 0RR,GU14,Detached,Freehold,False,FARNBOROUGH,RUSHMOOR,HAMPSHIRE,A,51.29829,-0.750298,South East,England,Rushmoor
{01EB45EF-CAA8-40F3-E063-4704A8C05FDE},720000,2023-05-16,2023,5,2,SO23 9QX,SO23,Flat/Maisonette,Leasehold,False,WINCHESTER,WINCHESTER,HAMPSHIRE,A,51.094049,-1.306527,South East,England,Winchester
{01EB45EF-CB30-40F3-E063-4704A8C05FDE},525000,2023-06-06,2023,6,2,PO16 9FB,PO16,Detached,Freehold,False,FAREHAM,FAREHAM,HAMPSHIRE,A,50.852239,-1.157545,South East,England,Fareham
{01EB45EF-CB37-40F3-E063-4704A8C05FDE},523000,2023-06-13,2023,6,2,SO21 2PU,SO21,Semi-Detached,Freehold,False,WINCHESTER,WINCHESTER,HAMPSHIRE,A,51.118847,-1.329173,South East,England,Winchester
{01EB45EF-CBE8-40F3-E063-4704A8C05FDE},340000,2023-06-28,2023,6,2,SO53 3LQ,SO53,Semi-Detached,Freehold,False,EASTLEIGH,EASTLEIGH,HAMPSHIRE,A,50.98442,-1.388413,South East,England,Eastleigh
{01EB45EF-CD6F-40F3-E063-4704A8C05FDE},530000,2021-12-06,2021,12,4,SO22 6GT,SO22,Semi-Detached,Freehold,True,WINCHESTER,WINCHESTER,HAMPSHIRE,A,51.075623,-1.32015,South East,England,Winchester
{01EB45EF-CDA2-40F3-E063-4704A8C05FDE},975000,2022-03-07,2022,3,1,SO20 6DF,SO20,Semi-Detached,Freehold,False,STOCKBRIDGE,TEST VALLEY,HAMPSHIRE,A,51.139692,-1.587992,South East,England,Test Valley
{01EB45EF-CDD3-40F3-E063-4704A8C05FDE},549000,2022-04-14,2022,4,2,RG27 9GP,RG27,Detached,Freehold,True,HOOK,HART,HAMPSHIRE,A,51.309174,-0.905094,South East,England,Hart
{01EB45EF-CE0C-40F3-E063-4704A8C05FDE},800000,2022-08-24,2022,8,3,GU51 3HB,GU51,Terraced,Freehold,True,FLEET,HART,HAMPSHIRE,A,51.276555,-0.819619,South East,England,Hart
{01EB45EF-CF68-40F3-E063-4704A8C05FDE},420000,2023-06-23,2023,6,2,DN41 7NQ,DN41,Detached,Freehold,False,GRIMSBY,NORTH EAST LINCOLNSHIRE,NORTH EAST LINCOLNSHIRE,A,53.579766,-0.176192,Yorkshire and The Humber,England,North East Lincolnshire
{01EB45EF-CF78-40F3-E063-4704A8C05FDE},184000,2023-01-05,2023,1,1,DN33 3LN,DN33,Semi-Detached,Freehold,False,GRIMSBY,NORTH EAST LINCOLNSHIRE,NORTH EAST LINCOLNSHIRE,A,53.545821,-0.089157,Yorkshire and The Humber,England,North East Lincolnshire
{01EB45EF-CF7E-40F3-E063-4704A8C05FDE},105000,2023-01-20,2023,1,1,YO25 8LJ,YO25,Terraced,Freehold,False,DRIFFIELD,EAST RIDING OF YORKSHIRE,EAST RIDING OF YORKSHIRE,B,54.000871,-0.444985,Yorkshire and The Humber,England,East Riding of Yorkshire
{01EB45EF-CFD0-40F3-E063-4704A8C05FDE},497500,2023-05-25,2023,5,2,HU17 9HQ,HU17,Detached,Freehold,False,BEVERLEY,EAST RIDING OF YORKSHIRE,EAST RIDING OF YORKSHIRE,A,53.843016,-0.438586,Yorkshire and The Humber,England,East Riding of Yorkshire
{01EB45EF-D018-40F3-E063-4704A8C05FDE},239999,2023-06-12,2023,6,2,YO25 8EY,YO25,Detached,Freehold,False,DRIFFIELD,EAST RIDING OF YORKSHIRE,EAST RIDING OF YORKSHIRE,A,54.000871,-0.444985,Yorkshire and The Humber,England,East Riding of Yorkshire
{01EB45EF-D09C-40F3-E063-4704A8C05FDE},105000,2023-06-23,2023,6,2,HU8 9BW,HU8,Terraced,Freehold,False,HULL,CITY OF KINGSTON UPON HULL,CITY OF KINGSTON UPON HULL,A,53.779252,-0.273477,Yorkshire and The Humber,England,"Kingston upon Hull, City of"
{01EB45EF-D0DF-40F3-E063-4704A8C05FDE},140000,2023-06-30,2023,6,2,DN17 4NB,DN17,Semi-Detached,Freehold,False,SCUNTHORPE,NORTH LINCOLNSHIRE,NORTH LINCOLNSHIRE,A,53.569536,-0.655546,Yorkshire and The Humber,England,North Lincolnshire
{01EB45EF-D0FA-40F3-E063-4704A8C05FDE},197500,2023-07-07,2023,7,3,DN35 8BP,DN35,Semi-Detached,Freehold,False,CLEETHORPES,NORTH EAST LINCOLNSHIRE,NORTH EAST LINCOLNSHIRE,A,53.559217,-0.032599,Yorkshire and The Humber,England,North East Lincolnshire
{01EB45EF-D124-40F3-E063-4704A8C05FDE},270000,2023-02-07,2023,2,1,DN18 5TA,DN18,Detached,Freehold,False,BARTON-UPON-HUMBER,NORTH LINCOLNSHIRE,NORTH LINCOLNSHIRE,A,53.680342,-0.446151,Yorkshire and The Humber,England,North Lincolnshire
{01EB45EF-D131-40F3-E063-4704A8C05FDE},195000,2022-01-28,2022,1,1,DN33 3TR,DN33,Detached,Freehold,False,GRIMSBY,NORTH EAST LINCOLNSHIRE,NORTH EAST LINCOLNSHIRE,A,53.545821,-0.089157,Yorkshire and The Humber,England,North East Lincolnshire
{01EB45EF-D1C8-40F3-E063-4704A8C05FDE},110000,2023-05-30,2023,5,2,HU5 5RN,HU5,Terraced,Freehold,False,HULL,CITY OF KINGSTON UPON HULL,CITY OF KINGSTON UPON HULL,B,53.759429,-0.384891,Yorkshire and The Humber,England,"Kingston upon Hull, City of"
{01EB45EF-D1D6-40F3-E063-4704A8C05FDE},261000,2023-06-15,2023,6,2,YO25 4LS,YO25,Terraced,Freehold,False,DRIFFIELD,EAST RIDING OF YORKSHIRE,EAST RIDING OF YORKSHIRE,A,54.000871,-0.444985,Yorkshire and The Humber,England,East Riding of Yorkshire
{01EB45EF-D1FC-40F3-E063-4704A8C05FDE},93000,2023-05-31,2023,5,2,HU6 7YH,HU6,Terraced,Freehold,False,HULL,CITY OF KINGSTON UPON HULL,CITY OF KINGSTON UPON HULL,A,53.7866,-0.360214,Yorkshire and The Humber,England,"Kingston upon Hull, City of"
{01EB45EF-D2DB-40F3-E063-4704A8C05FDE},286000,2023-06-12,2023,6,2,B97 4RG,B97,Semi-Detached,Freehold,False,REDDITCH,REDDITCH,WORCESTERSHIRE,A,52.295649,-1.945387,West Midlands,England,Redditch
{01EB45EF-D2E1-40F3-E063-4704A8C05FDE},625000,2023-06-07,2023,6,2,WR14 3LG,WR14,Detached,Freehold,False,MALVERN,MALVERN HILLS,WORCESTERSHIRE,A,52.121948,-2.331225,West Midlands,England,Malvern Hills
{01EB45EF-D2ED-40F3-E063-4704A8C05FDE},351500,2023-07-18,2023,7,3,WR2 6QS,WR2,Semi-Detached,Freehold,False,WORCESTER,MALVERN HILLS,WORCESTERSHIRE,A,52.20641,-2.245135,West Midlands,England,Worcester
{01EB45EF-D31A-40F3-E063-4704A8C05FDE},520000,2023-05-31,2023,5,2,B60 1PP,B60,Detached,Freehold,False,BROMSGROVE,BROMSGROVE,WORCESTERSHIRE,A,52.333812,-2.053397,West Midlands,England,Bromsgrove
{01EB45EF-D3B4-40F3-E063-4704A8C05FDE},305000,2023-06-20,2023,6,2,HR1 2RL,HR1,Detached,Freehold,False,HEREFORD,HEREFORDSHIRE,HEREFORDSHIRE,A,52.050582,-2.710655,West Midlands,England,"Herefordshire, County of"
{01EB45EF-D3E5-40F3-E063-4704A8C05FDE},87500,2023-02-16,2023,2,1,PO36 8NU,PO36,Flat/Maisonette,Leasehold,False,SANDOWN,ISLE OF WIGHT,ISLE OF WIGHT,A,50.643296,-1.169846,South East,England,Isle of Wight
{01EB45EF-D41A-40F3-E063-4704A8C05FDE},475000,2023-06-23,2023,6,2,PO36 8AL,PO36,Semi-Detached,Freehold,False,SANDOWN,ISLE OF WIGHT,ISLE OF WIGHT,A,50.643296,-1.169846,South East,England,Isle of Wight
{01EB45EF-D466-40F3-E063-4704A8C05FDE},369000,2023-07-13,2023,7,3,PO32 6AU,PO32,Detached,Freehold,False,EAST COWES,ISLE OF WIGHT,ISLE OF WIGHT,A,50.761198,-1.278751,South East,England,Isle of Wight
{01EB45EF-D494-40F3-E063-4704A8C05FDE},300000,2023-07-03,2023,7,3,ME1 2LL,ME1,Terraced,Freehold,False,ROCHESTER,MEDWAY,MEDWAY,A,51.36729,0.507789,South East,England,Medway
{01EB45EF-D4CC-40F3-E063-4704A8C05FDE},675000,2023-05-26,2023,5,2,DA7 4UL,DA7,Terraced,Freehold,False,BEXLEYHEATH,BEXLEY,GREATER LONDON,A,51.46191,0.133616,London,England,Bexley
{01EB45EF-D4D7-40F3-E063-4704A8C05FDE},350000,2023-07-06,2023,7,3,DA1 1YF,DA1,Terraced,Freehold,False,DARTFORD,DARTFORD,KENT,A,51.438429,0.201229,South East,England,Dartford
{01EB45EF-D521-40F3-E063-4704A8C05FDE},960000,2023-07-07,2023,7,3,BR2 9BY,BR2,Detached,Freehold,False,BROMLEY,BROMLEY,GREATER LONDON,A,51.391531,0.009999,London,England,Bromley
{01EB45EF-D548-40F3-E063-4704A8C05FDE},1650000,2023-06-15,2023,6,2,TN3 0PA,TN3,Detached,Freehold,False,TUNBRIDGE WELLS,TUNBRIDGE WELLS,KENT,A,51.13513,0.206884,South East,England,Tunbridge Wells
{01EB45EF-D646-40F3-E063-4704A8C05FDE},410000,2023-06-14,2023,6,2,ME16 0PL,ME16,Semi-Detached,Freehold,False,MAIDSTONE,MAIDSTONE,KENT,A,51.268843,0.494439,South East,England,Maidstone
{01EB45EF-D66C-40F3-E063-4704A8C05FDE},1530000,2023-07-03,2023,7,3,TN13 3AP,TN13,Detached,Freehold,False,SEVENOAKS,SEVENOAKS,KENT,A,51.284269,0.194409,South East,England,Sevenoaks
{01EB45EF-D6E9-40F3-E063-4704A8C05FDE},675000,2023-07-12,2023,7,3,CT4 6DR,CT4,Detached,Freehold,False,CANTERBURY,FOLKESTONE AND HYTHE,KENT,A,51.247406,1.031798,South East,England,Canterbury
{01EB45EF-D6F4-40F3-E063-4704A8C05FDE},230000,2023-06-16,2023,6,2,CT14 6DZ,CT14,Terraced,Freehold,False,DEAL,DOVER,KENT,A,51.256369,1.346774,South East,England,Dover
{01EB45EF-D6F7-40F3-E063-4704A8C05FDE},477500,2023-05-26,2023,5,2,ME15 7ST,ME15,Semi-Detached,Freehold,False,MAIDSTONE,MAIDSTONE,KENT,A,51.263716,0.561508,South East,England,Maidstone
{01EB45EF-D76D-40F3-E063-4704A8C05FDE},462500,2023-06-30,2023,6,2,ME3 8TF,ME3,Semi-Detached,Freehold,False,ROCHESTER,MEDWAY,MEDWAY,A,51.411471,0.514304,South East,England,Medway
{01EB45EF-D810-40F3-E063-4704A8C05FDE},325000,2023-06-16,2023,6,2,TN8 5JB,TN8,Terraced,Freehold,False,EDENBRIDGE,SEVENOAKS,KENT,A,51.206273,0.068335,South East,England,Sevenoaks
{01EB45EF-D81C-40F3-E063-4704A8C05FDE},230000,2023-06-23,2023,6,2,ME4 6QH,ME4,Terraced,Freehold,False,CHATHAM,MEDWAY,MEDWAY,A,51.366995,0.525746,South East,England,Medway
{01EB45EF-D88F-40F3-E063-4704A8C05FDE},1350000,2023-06-09,2023,6,2,ME17 2AJ,ME17,Detached,Freehold,False,MAIDSTONE,MAIDSTONE,KENT,A,51.23836,0.719035,South East,England,Maidstone
{01EB45EF-D8EB-40F3-E063-4704A8C05FDE},213000,2023-06-26,2023,6,2,ME8 8TR,ME8,Terraced,Freehold,False,GILLINGHAM,MEDWAY,MEDWAY,A,51.344901,0.597511,South East,England,Medway
{01EB45EF-D97D-40F3-E063-4704A8C05FDE},735000,2023-07-03,2023,7,3,TN25 4QR,TN25,Detached,Freehold,False,ASHFORD,ASHFORD,KENT,A,51.114833,0.88238,South East,England,Ashford
{01EB45EF-D9C0-40F3-E063-4704A8C05FDE},240000,2023-02-10,2023,2,1,ME4 3JQ,ME4,Flat/Maisonette,Leasehold,False,CHATHAM,MEDWAY,MEDWAY,A,51.366995,0.525746,South East,England,Medway
{01EB45EF-D9C1-40F3-E063-4704A8C05FDE},237500,2022-05-12,2022,5,2,DA9 9GY,DA9,Flat/Maisonette,Leasehold,False,GREENHITHE,DARTFORD,KENT,A,51.448441,0.266146,South East,England,Dartford
{01EB45EF-DA47-40F3-E063-4704A8C05FDE},85000,2023-04-05,2023,4,2,DA12 1PL,DA12,Flat/Maisonette,Leasehold,False,GRAVESEND,GRAVESHAM,KENT,A,51.432388,0.390251,South East,England,Gravesham
{01EB45EF-DB30-40F3-E063-4704A8C05FDE},137000,2023-06-30,2023,6,2,M34 2AD,M34,Terraced,Freehold,False,MANCHESTER,TAMESIDE,GREATER MANCHESTER,A,53.466505,-2.115933,North West,England,Tameside
{01EB45EF-DCFC-40F3-E063-4704A8C05FDE},229500,2023-06-23,2023,6,2,PR4 1TB,PR4,Semi-Detached,Freehold,False,PRESTON,FYLDE,LANCASHIRE,A,53.72003,-2.799674,North West,England,South Ribble
{01EB45EF-DE14-40F3-E063-4704A8C05FDE},125000,2023-05-19,2023,5,2,LA3 3QE,LA3,Terraced,Freehold,False,MORECAMBE,LANCASTER,LANCASHIRE,A,54.062999,-2.87615,North West,England,Lancaster
{01EB45EF-DE2E-40F3-E063-4704A8C05FDE},230000,2023-06-22,2023,6,2,PR5 5ZA,PR5,Detached,Freehold,False,PRESTON,SOUTH RIBBLE,LANCASHIRE,A,53.725667,-2.69114,North West,England,South Ribble
{01EB45EF-DF86-40F3-E063-4704A8C05FDE},390000,2023-07-04,2023,7,3,BB8 8TD,BB8,Semi-Detached,Freehold,False,COLNE,PENDLE,LANCASHIRE,A,53.851815,-2.176817,North West,England,Pendle
{01EB45EF-DFC7-40F3-E063-4704A8C05FDE},136000,2023-06-26,2023,6,2,BB2 4UE,BB2,Semi-Detached,Freehold,False,BLACKBURN,BLACKBURN WITH DARWEN,BLACKBURN WITH DARWEN,A,53.732527,-2.509398,North West,England,Blackburn with Darwen
{01EB45EF-DFEC-40F3-E063-4704A8C05FDE},119000,2022-05-31,2022,5,2,FY5 2DZ,FY5,Semi-Detached,Freehold,False,THORNTON-CLEVELEYS,WYRE,LANCASHIRE,A,53.861768,-3.028081,North West,England,Blackpool
{01EB45EF-E06D-40F3-E063-4704A8C05FDE},150500,2023-06-20,2023,6,2,LA3 3AJ,LA3,Semi-Detached,Freehold,False,MORECAMBE,LANCASTER,LANCASHIRE,A,54.062999,-2.87615,North West,England,Lancaster
{01EB45EF-E095-40F3-E063-4704A8C05FDE},136000,2022-10-31,2022,10,4,PR2 3AF,PR2,Semi-Detached,Freehold,False,PRESTON,PRESTON,LANCASHIRE,A,53.779934,-2.654823,North West,England,Preston
{01EB45EF-E098-40F3-E063-4704A8C05FDE},185000,2023-05-04,2023,5,2,LA1 1AH,LA1,Flat/Maisonette,Leasehold,False,LANCASTER,LANCASTER,LANCASHIRE,A,54.036607,-2.797782,North West,England,Lancaster
{01EB45EF-E115-40F3-E063-4704A8C05FDE},610000,2023-07-17,2023,7,3,FY8 4JD,FY8,Detached,Freehold,False,LYTHAM ST ANNES,FYLDE,LANCASHIRE,A,53.7533,-3.001045,North West,England,Fylde
{01EB45EF-E131-40F3-E063-4704A8C05FDE},599100,2022-08-24,2022,8,3,L39 8RJ,L39,Detached,Freehold,False,ORMSKIRK,WEST LANCASHIRE,LANCASHIRE,A,53.573024,-2.896039,North West,England,West Lancashire
{01EB45EF-E200-40F3-E063-4704A8C05FDE},292500,2021-09-13,2021,9,3,BB1 2FF,BB1,Detached,Freehold,True,BLACKBURN,BLACKBURN WITH DARWEN,BLACKBURN WITH DARWEN,A,53.787998,-2.481779,North West,England,Ribble Valley
{01EB45EF-E249-40F3-E063-4704A8C05FDE},310000,2021-12-15,2021,12,4,PR2 7BG,PR2,Detached,Freehold,True,PRESTON,PRESTON,LANCASHIRE,A,53.779934,-2.654823,North West,England,Preston
{01EB45EF-E284-40F3-E063-4704A8C05FDE},199995,2022-03-11,2022,3,1,PR25 3XP,PR25,Detached,Freehold,True,LEYLAND,SOUTH RIBBLE,LANCASHIRE,A,53.697597,-2.709461,North West,England,South Ribble
{01EB45EF-E292-40F3-E063-4704A8C05FDE},329950,2022-03-28,2022,3,1,FY4 5FU,FY4,Detached,Freehold,True,BLACKPOOL,FYLDE,LANCASHIRE,A,53.7932,-3.020272,North West,England,Blackpool
{01EB45EF-E35E-40F3-E063-4704A8C05FDE},264995,2022-06-01,2022,6,2,BB7 9GE,BB7,Semi-Detached,Freehold,True,CLITHEROE,RIBBLE VALLEY,LANCASHIRE,A,53.812432,-2.405214,North West,England,Hyndburn
{01EB45EF-E36F-40F3-E063-4704A8C05FDE},61500,2023-06-16,2023,6,2,BB12 8HP,BB12,Terraced,Leasehold,False,BURNLEY,BURNLEY,LANCASHIRE,A,53.797879,-2.27612,North West,England,Burnley
{01EB45EF-E389-40F3-E063-4704A8C05FDE},285995,2022-12-09,2022,12,4,FY4 4FU,FY4,Detached,Freehold,False,BLACKPOOL,BLACKPOOL,BLACKPOOL,A,53.7932,-3.020272,North West,England,Blackpool
{01EB45EF-E3C4-40F3-E063-4704A8C05FDE},310000,2023-06-16,2023,6,2,BB6 8EF,BB6,Detached,Freehold,False,BLACKBURN,RIBBLE VALLEY,LANCASHIRE,A,53.788368,-2.403646,North West,England,Hyndburn
{01EB45EF-E448-40F3-E063-4704A8C05FDE},140000,2023-02-06,2023,2,1,PE21 0LL,PE21,Semi-Detached,Freehold,False,BOSTON,BOSTON,LINCOLNSHIRE,A,52.9783,-0.028187,East Midlands,England,Boston
{01EB45EF-E470-40F3-E063-4704A8C05FDE},175000,2023-06-30,2023,6,2,PE22 0LY,PE22,Terraced,Freehold,False,BOSTON,BOSTON,LINCOLNSHIRE,A,53.037018,0.014792,East Midlands,England,East Lindsey
{01EB45EF-E498-40F3-E063-4704A8C05FDE},400000,2023-06-21,2023,6,2,NG31 8LD,NG31,Detached,Freehold,False,GRANTHAM,SOUTH KESTEVEN,LINCOLNSHIRE,A,52.926,-0.641553,East Midlands,England,South Kesteven
{01EB45EF-E4B0-40F3-E063-4704A8C05FDE},230000,2023-06-14,2023,6,2,PE11 3GG,PE11,Semi-Detached,Freehold,False,SPALDING,SOUTH HOLLAND,LINCOLNSHIRE,A,52.780328,-0.155067,East Midlands,England,South Holland
{01EB45EF-E613-40F3-E063-4704A8C05FDE},152000,2023-06-29,2023,6,2,PE10 9GW,PE10,Flat/Maisonette,Freehold,False,BOURNE,SOUTH KESTEVEN,LINCOLNSHIRE,A,52.770663,-0.377152,East Midlands,England,South Kesteven
{01EB45EF-E621-40F3-E063-4704A8C05FDE},102000,2022-01-28,2022,1,1,DN21 1ZF,DN21,Semi-Detached,Freehold,False,GAINSBOROUGH,WEST LINDSEY,LINCOLNSHIRE,A,53.437086,-0.560237,East Midlands,England,West Lindsey
{01EB45EF-E635-40F3-E063-4704A8C05FDE},350000,2022-12-20,2022,12,4,LN6 7HQ,LN6,Detached,Freehold,False,LINCOLN,LINCOLN,LINCOLNSHIRE,A,53.226913,-0.614211,East Midlands,England,North Kesteven
{01EB45EF-E639-40F3-E063-4704A8C05FDE},150000,2023-06-30,2023,6,2,NG31 9HS,NG31,Terraced,Freehold,False,GRANTHAM,SOUTH KESTEVEN,LINCOLNSHIRE,A,52.926,-0.641553,East Midlands,England,South Kesteven
{01EB45EF-E6FD-40F3-E063-4704A8C05FDE},200000,2022-04-08,2022,4,2,PE20 1AT,PE20,Semi-Detached,Freehold,True,BOSTON,BOSTON,LINCOLNSHIRE,A,52.932657,-0.051346,East Midlands,England,Boston
{01EB45EF-E799-40F3-E063-4704A8C05FDE},116000,2023-04-17,2023,4,2,NG31 8FJ,NG31,Flat/Maisonette,Leasehold,False,GRANTHAM,SOUTH KESTEVEN,LINCOLNSHIRE,A,52.926,-0.641553,East Midlands,England,South Kesteven
{01EB45EF-E7D0-40F3-E063-4704A8C05FDE},260000,2023-06-15,2023,6,2,PE9 2YY,PE9,Semi-Detached,Freehold,False,STAMFORD,SOUTH KESTEVEN,LINCOLNSHIRE,A,52.685547,-0.471044,East Midlands,England,Rutland
{01EB45EF-E858-40F3-E063-4704A8C05FDE},9300000,2023-06-09,2023,6,2,W1J 5JF,W1J,Terraced,Freehold,False,LONDON,CITY OF WESTMINSTER,GREATER LONDON,A,51.510876,-0.145009,London,England,Westminster
{01EB45EF-E8BE-40F3-E063-4704A8C05FDE},755000,2023-06-07,2023,6,2,LE12 9TP,LE12,Detached,Freehold,False,LOUGHBOROUGH,NORTH WEST LEICESTERSHIRE,LEICESTERSHIRE,A,52.752143,-1.141418,East Midlands,England,Charnwood
{01EB45EF-E95F-40F3-E063-4704A8C05FDE},145000,2023-01-31,2023,1,1,LE67 9RX,LE67,Flat/Maisonette,Leasehold,False,MARKFIELD,HINCKLEY AND BOSWORTH,LEICESTERSHIRE,A,52.689993,-1.30905,East Midlands,England,Hinckley and Bosworth
{01EB45EF-E9D9-40F3-E063-4704A8C05FDE},260000,2022-12-22,2022,12,4,DE74 2LZ,DE74,Detached,Freehold,False,DERBY,NORTH WEST LEICESTERSHIRE,LEICESTERSHIRE,A,52.836936,-1.28416,East Midlands,England,North West Leicestershire
{01EB45EF-EA41-40F3-E063-4704A8C05FDE},265000,2023-06-23,2023,6,2,LE10 1UU,LE10,Terraced,Freehold,False,HINCKLEY,HINCKLEY AND BOSWORTH,LEICESTERSHIRE,A,52.546726,-1.36977,East Midlands,England,Hinckley and Bosworth
{01EB45EF-EA79-40F3-E063-4704A8C05FDE},395000,2023-06-16,2023,6,2,DE12 7RU,DE12,Detached,Freehold,False,SWADLINCOTE,NORTH WEST LEICESTERSHIRE,LEICESTERSHIRE,A,52.747222,-1.514213,East Midlands,England,North West Leicestershire
{01EB45EF-EABA-40F3-E063-4704A8C05FDE},867000,2023-06-22,2023,6,2,LE16 7JF,LE16,Detached,Freehold,False,MARKET HARBOROUGH,HARBOROUGH,LEICESTERSHIRE,A,52.473684,-0.905185,East Midlands,England,Harborough
{01EB45EF-EACD-40F3-E063-4704A8C05FDE},194340,2023-05-18,2023,5,2,LE17 6LR,LE17,Flat/Maisonette,Leasehold,False,LUTTERWORTH,HARBOROUGH,LEICESTERSHIRE,A,52.453164,-1.19989,East Midlands,England,Harborough
{01EB45EF-EC02-40F3-E063-4704A8C05FDE},257500,2023-03-13,2023,3,1,LE19 3FD,LE19,Semi-Detached,Freehold,False,LEICESTER,BLABY,LEICESTERSHIRE,A,52.565847,-1.201105,East Midlands,England,Blaby
{01EB45EF-EC30-40F3-E063-4704A8C05FDE},415950,2022-02-18,2022,2,1,LE19 4DR,LE19,Detached,Freehold,True,LEICESTER,BLABY,LEICESTERSHIRE,A,52.565847,-1.201105,East Midlands,England,Blaby
{01EB45EF-EE02-40F3-E063-4704A8C05FDE},241000,2023-03-31,2023,3,1,M24 2GE,M24,Detached,Leasehold,False,MANCHESTER,ROCHDALE,GREATER MANCHESTER,A,53.55785,-2.205895,North West,England,Rochdale
{01EB45EF-EE49-40F3-E063-4704A8C05FDE},120000,2021-01-25,2021,1,1,SK4 2LS,SK4,Flat/Maisonette,Leasehold,False,STOCKPORT,STOCKPORT,GREATER MANCHESTER,A,53.436323,-2.168127,North West,England,Stockport
{01EB45EF-EE9D-40F3-E063-4704A8C05FDE},300000,2023-01-19,2023,1,1,M34 5UQ,M34,Terraced,Leasehold,False,MANCHESTER,TAMESIDE,GREATER MANCHESTER,A,53.466505,-2.115933,North West,England,Tameside
{01EB45EF-EEAA-40F3-E063-4704A8C05FDE},180000,2023-05-25,2023,5,2,SK7 3LH,SK7,Flat/Maisonette,Leasehold,False,STOCKPORT,STOCKPORT,GREATER MANCHESTER,A,53.351936,-2.156814,North West,England,Stockport
{01EB45EF-EF62-40F3-E063-4704A8C05FDE},270100,2022-10-28,2022,10,4,M28 1GD,M28,Semi-Detached,Freehold,False,MANCHESTER,WIGAN,GREATER MANCHESTER,A,53.500987,-2.37932,North West,England,Salford
{01EB45EF-F083-40F3-E063-4704A8C05FDE},412500,2021-12-03,2021,12,4,M1 3BD,M1,Flat/Maisonette,Leasehold,True,MANCHESTER,MANCHESTER,GREATER MANCHESTER,A,53.483028,-2.231782,North West,England,Manchester
{01EB45EF-F0FF-40F3-E063-4704A8C05FDE},230587,2022-04-04,2022,4,2,M4 4GR,M4,Flat/Maisonette,Leasehold,True,MANCHESTER,MANCHESTER,GREATER MANCHESTER,A,53.483624,-2.230098,North West,England,Manchester
{01EB45EF-F126-40F3-E063-4704A8C05FDE},445995,2022-05-27,2022,5,2,SK7 1BF,SK7,Semi-Detached,Freehold,True,STOCKPORT,STOCKPORT,GREATER MANCHESTER,A,53.351936,-2.156814,North West,England,Stockport
{01EB45EF-F132-40F3-E063-4704A8C05FDE},194995,2022-05-26,2022,5,2,WN2 2DP,WN2,Terraced,Freehold,True,WIGAN,WIGAN,GREATER MANCHESTER,A,53.504705,-2.582998,North West,England,Wigan
{01EB45EF-F1E2-40F3-E063-4704A8C05FDE},609000,2020-11-30,2020,11,4,SK7 1BF,SK7,Detached,Freehold,True,STOCKPORT,STOCKPORT,GREATER MANCHESTER,A,53.351936,-2.156814,North West,England,Stockport
{01EB45EF-F20A-40F3-E063-4704A8C05FDE},294995,2021-12-17,2021,12,4,M13 9YD,M13,Terraced,Freehold,True,MANCHESTER,MANCHESTER,GREATER MANCHESTER,A,53.45435,-2.199416,North West,England,Manchester
{01EB45EF-F236-40F3-E063-4704A8C05FDE},117000,2022-07-29,2022,7,3,OL5 9GA,OL5,Flat/Maisonette,Leasehold,False,ASHTON-UNDER-LYNE,TAMESIDE,GREATER MANCHESTER,A,53.515888,-2.028477,North West,England,Tameside
{01EB45EF-F24E-40F3-E063-4704A8C05FDE},100000,2023-05-19,2023,5,2,M31 4NZ,M31,Flat/Maisonette,Leasehold,False,MANCHESTER,TRAFFORD,GREATER MANCHESTER,A,53.418405,-2.433459,North West,England,Trafford
{01EB45EF-F26F-40F3-E063-4704A8C05FDE},270000,2023-06-14,2023,6,2,M24 6JG,M24,Detached,Freehold,False,MANCHESTER,ROCHDALE,GREATER MANCHESTER,A,53.55785,-2.205895,North West,England,Rochdale
{01EB45EF-F2A5-40F3-E063-4704A8C05FDE},950000,2023-06-01,2023,6,2,B17 8BF,B17,Detached,Freehold,False,BIRMINGHAM,BIRMINGHAM,WEST MIDLANDS,A,52.462468,-1.964553,West Midlands,England,Birmingham
{01EB45EF-F2D8-40F3-E063-4704A8C05FDE},308000,2023-06-14,2023,6,2,B90 8BF,B90,Semi-Detached,Freehold,False,SOLIHULL,SOLIHULL,WEST MIDLANDS,A,52.394095,-1.85364,West Midlands,England,Bromsgrove
{01EB45EF-F429-40F3-E063-4704A8C05FDE},250000,2022-07-29,2022,7,3,B5 7FF,B5,Flat/Maisonette,Leasehold,True,BIRMINGHAM,BIRMINGHAM,WEST MIDLANDS,A,52.453889,-1.909319,West Midlands,England,Birmingham
{01EB45EF-F435-40F3-E063-4704A8C05FDE},255000,2022-03-24,2022,3,1,B23 7BQ,B23,Semi-Detached,Freehold,True,BIRMINGHAM,BIRMINGHAM,WEST MIDLANDS,B,52.515717,-1.85038,West Midlands,England,Birmingham
{01EB45EF-F50F-40F3-E063-4704A8C05FDE},215500,2022-12-19,2022,12,4,B63 4DF,B63,Terraced,Leasehold,False,HALESOWEN,DUDLEY,WEST MIDLANDS,A,52.447574,-2.054257,West Midlands,England,Dudley
{01EB45EF-F56B-40F3-E063-4704A8C05FDE},120000,2023-07-10,2023,7,3,CH42 5PU,CH42,Terraced,Freehold,False,BIRKENHEAD,WIRRAL,MERSEYSIDE,A,53.372701,-3.008663,North West,England,Wirral
{01EB45EF-F56D-40F3-E063-4704A8C05FDE},145000,2023-05-26,2023,5,2,CH45 2LZ,CH45,Terraced,Freehold,False,WALLASEY,WIRRAL,MERSEYSIDE,A,53.424651,-3.06333,North West,England,Wirral
{01EB45EF-F6EA-40F3-E063-4704A8C05FDE},329500,2023-06-30,2023,6,2,CH43 2GP,CH43,Detached,Freehold,False,PRENTON,WIRRAL,MERSEYSIDE,A,53.389758,-3.06807,North West,England,Wirral
{01EB45EF-F758-40F3-E063-4704A8C05FDE},232500,2023-06-21,2023,6,2,PR8 6LD,PR8,Semi-Detached,Freehold,False,SOUTHPORT,SEFTON,MERSEYSIDE,A,53.593282,-3.046891,North West,England,Sefton
{01EB45EF-F77D-40F3-E063-4704A8C05FDE},249000,2023-01-06,2023,1,1,L22 2BJ,L22,Semi-Detached,Freehold,False,LIVERPOOL,SEFTON,MERSEYSIDE,A,53.470825,-3.022226,North West,England,Sefton
{01EB45EF-F78C-40F3-E063-4704A8C05FDE},327500,2023-06-23,2023,6,2,CH63 5PF,CH63,Semi-Detached,Freehold,False,WIRRAL,WIRRAL,MERSEYSIDE,A,53.343354,-3.004124,North West,England,Wirral
{01EB45EF-F825-40F3-E063-4704A8C05FDE},90000,2023-07-07,2023,7,3,WA11 0JY,WA11,Flat/Maisonette,Leasehold,False,ST HELENS,ST HELENS,MERSEYSIDE,A,53.47211,-2.674044,North West,England,St. Helens
{01EB45EF-F833-40F3-E063-4704A8C05FDE},172500,2023-05-19,2023,5,2,L30 8SB,L30,Terraced,Freehold,False,BOOTLE,SEFTON,MERSEYSIDE,A,53.490467,-2.968167,North West,England,Sefton
{01EB45EF-F99E-40F3-E063-4704A8C05FDE},243750,2020-10-21,2020,10,4,CH62 7FF,CH62,Detached,Freehold,False,WIRRAL,WIRRAL,MERSEYSIDE,A,53.327324,-2.981781,North West,England,Wirral
{01EB45EF-F9D0-40F3-E063-4704A8C05FDE},65000,2021-11-19,2021,11,4,L4 3TL,L4,Terraced,Freehold,False,LIVERPOOL,LIVERPOOL,MERSEYSIDE,B,53.442444,-2.96316,North West,England,Liverpool
{01EB45EF-FA32-40F3-E063-4704A8C05FDE},154000,2023-06-12,2023,6,2,PR9 8LE,PR9,Semi-Detached,Freehold,False,SOUTHPORT,SEFTON,MERSEYSIDE,A,53.651503,-3.003564,North West,England,Sefton
{01EB45EF-FA81-40F3-E063-4704A8C05FDE},88000,2023-06-16,2023,6,2,L4 3SY,L4,Terraced,Freehold,False,LIVERPOOL,LIVERPOOL,MERSEYSIDE,A,53.442444,-2.96316,North West,England,Liverpool
{01EB45EF-FCF3-40F3-E063-4704A8C05FDE},165000,2022-03-11,2022,3,1,NE24 4LA,NE24,Terraced,Freehold,False,BLYTH,NORTHUMBERLAND,NORTHUMBERLAND,A,55.112727,-1.526013,North East,England,Northumberland
{01EB45EF-FEAF-40F3-E063-4704A8C05FDE},585000,2023-06-29,2023,6,2,N18 1JH,N18,Terraced,Freehold,False,LONDON,ENFIELD,GREATER LONDON,A,51.612676,-0.077166,London,England,Enfield
{01EB45EF-FEBA-40F3-E063-4704A8C05FDE},575000,2023-06-16,2023,6,2,UB8 3NY,UB8,Detached,Freehold,False,UXBRIDGE,HILLINGDON,GREATER LONDON,A,51.51909,-0.45698,London,England,Hillingdon
{01EB45EF-FF8E-40F3-E063-4704A8C05FDE},460000,2023-06-23,2023,6,2,UB5 5RQ,UB5,Semi-Detached,Freehold,False,NORTHOLT,EALING,GREATER LONDON,A,51.537794,-0.373767,London,England,Ealing
{01EB45F0-00D3-40F3-E063-4704A8C05FDE},350000,2023-06-22,2023,6,2,N7 6FA,N7,Flat/Maisonette,Leasehold,False,LONDON,ISLINGTON,GREATER LONDON,A,51.561777,-0.114703,London,England,Islington
{01EB45F0-01D9-40F3-E063-4704A8C05FDE},1225000,2023-06-29,2023,6,2,NW3 4UE,NW3,Flat/Maisonette,Leasehold,False,LONDON,CAMDEN,GREATER LONDON,A,51.545363,-0.156413,London,England,Camden
{01EB45F0-02B2-40F3-E063-4704A8C05FDE},232000,2023-06-30,2023,6,2,NR3 4PS,NR3,Terraced,Freehold,False,NORWICH,NORWICH,NORFOLK,A,52.64302,1.284367,East of England,England,Norwich
{01EB45F0-02F1-40F3-E063-4704A8C05FDE},310000,2023-06-13,2023,6,2,PE37 8EU,PE37,Detached,Freehold,False,SWAFFHAM,BRECKLAND,NORFOLK,A,52.637465,0.69785,East of England,England,Breckland
{01EB45F0-048E-40F3-E063-4704A8C05FDE},445000,2023-06-13,2023,6,2,NR31 8AU,NR31,Detached,Freehold,False,GREAT YARMOUTH,GREAT YARMOUTH,NORFOLK,A,52.561502,1.727079,East of England,England,Great Yarmouth
{01EB45F0-04AB-40F3-E063-4704A8C05FDE},245000,2023-06-12,2023,6,2,PE30 5EA,PE30,Terraced,Freehold,False,KING'S LYNN,KING'S LYNN AND WEST NORFOLK,NORFOLK,A,52.74312,0.394955,East of England,England,King's Lynn and West Norfolk
{01EB45F0-04B7-40F3-E063-4704A8C05FDE},152000,2023-04-24,2023,4,2,NR6 6JF,NR6,Flat/Maisonette,Leasehold,False,NORWICH,NORWICH,NORFOLK,A,52.655991,1.275831,East of England,England,Norwich
{01EB45F0-0566-40F3-E063-4704A8C05FDE},285000,2021-12-10,2021,12,4,NR26 8LG,NR26,Flat/Maisonette,Leasehold,False,SHERINGHAM,NORTH NORFOLK,NORFOLK,A,52.941477,1.2168,East of England,England,North Norfolk
{01EB45F0-0635-40F3-E063-4704A8C05FDE},272000,2022-08-09,2022,8,3,NR12 9PH,NR12,Detached,Freehold,False,NORWICH,NORTH NORFOLK,NORFOLK,A,52.772666,1.51264,East of England,England,North Norfolk
{01EB45F0-0727-40F3-E063-4704A8C05FDE},362500,2023-07-07,2023,7,3,NN5 6HW,NN5,Terraced,Freehold,False,NORTHAMPTON,WEST NORTHAMPTONSHIRE,WEST NORTHAMPTONSHIRE,A,52.251426,-0.959721,East Midlands,England,West Northamptonshire
{01EB45F0-073C-40F3-E063-4704A8C05FDE},290000,2023-01-27,2023,1,1,NN3 2PD,NN3,Semi-Detached,Freehold,False,NORTHAMPTON,WEST NORTHAMPTONSHIRE,WEST NORTHAMPTONSHIRE,A,52.268232,-0.817676,East Midlands,England,West Northamptonshire
{01EB45F0-0751-40F3-E063-4704A8C05FDE},515000,2023-07-07,2023,7,3,NN4 6AD,NN4,Detached,Freehold,False,NORTHAMPTON,WEST NORTHAMPTONSHIRE,WEST NORTHAMPTONSHIRE,A,52.206321,-0.893765,East Midlands,England,West Northamptonshire
{01EB45F0-07D7-40F3-E063-4704A8C05FDE},242000,2023-06-29,2023,6,2,NN10 0DJ,NN10,Terraced,Freehold,False,RUSHDEN,NORTH NORTHAMPTONSHIRE,NORTH NORTHAMPTONSHIRE,A,52.292513,-0.610974,East Midlands,England,North Northamptonshire
{01EB45F0-083E-40F3-E063-4704A8C05FDE},272500,2023-06-21,2023,6,2,NN5 6GR,NN5,Terraced,Freehold,False,NORTHAMPTON,WEST NORTHAMPTONSHIRE,WEST NORTHAMPTONSHIRE,A,52.251426,-0.959721,East Midlands,England,West Northamptonshire
{01EB45F0-09C3-40F3-E063-4704A8C05FDE},349000,2022-08-12,2022,8,3,NN18 8TR,NN18,Detached,Freehold,True,CORBY,NORTH NORTHAMPTONSHIRE,NORTH NORTHAMPTONSHIRE,A,52.489271,-0.717928,East Midlands,England,North Northamptonshire
{01EB45F0-0A53-40F3-E063-4704A8C05FDE},235000,2023-06-30,2023,6,2,NN1 4QY,NN1,Terraced,Freehold,False,NORTHAMPTON,WEST NORTHAMPTONSHIRE,WEST NORTHAMPTONSHIRE,A,52.239612,-0.893465,East Midlands,England,West Northamptonshire
{01EB45F0-0ABF-40F3-E063-4704A8C05FDE},157000,2023-05-16,2023,5,2,NG3 3AA,NG3,Terraced,Freehold,False,NOTTINGHAM,CITY OF NOTTINGHAM,CITY OF NOTTINGHAM,A,52.96734,-1.118449,East Midlands,England,Gedling
{01EB45F0-0AD4-40F3-E063-4704A8C05FDE},163000,2023-06-02,2023,6,2,NG17 7FN,NG17,Semi-Detached,Freehold,False,NOTTINGHAM,ASHFIELD,NOTTINGHAMSHIRE,A,53.116026,-1.263148,East Midlands,England,Ashfield
{01EB45F0-0B67-40F3-E063-4704A8C05FDE},135000,2023-06-16,2023,6,2,S80 3QB,S80,Semi-Detached,Freehold,False,WORKSOP,BASSETLAW,NOTTINGHAMSHIRE,A,53.306221,-1.114131,East Midlands,England,Bassetlaw
{01EB45F0-0C5C-40F3-E063-4704A8C05FDE},260000,2023-07-17,2023,7,3,NG2 6SW,NG2,Terraced,Freehold,False,NOTTINGHAM,RUSHCLIFFE,NOTTINGHAMSHIRE,A,52.920057,-1.122309,East Midlands,England,Rushcliffe
{01EB45F0-0C6F-40F3-E063-4704A8C05FDE},330000,2023-07-14,2023,7,3,NG9 6BQ,NG9,Detached,Freehold,False,NOTTINGHAM,BROXTOWE,NOTTINGHAMSHIRE,A,52.921358,-1.205159,East Midlands,England,Broxtowe
{01EB45F0-0CB3-40F3-E063-4704A8C05FDE},350000,2023-01-18,2023,1,1,NG16 1AH,NG16,Detached,Freehold,False,NOTTINGHAM,BROXTOWE,NOTTINGHAMSHIRE,A,53.017204,-1.296747,East Midlands,England,Broxtowe
{01EB45F0-0CEC-40F3-E063-4704A8C05FDE},125000,2023-05-22,2023,5,2,NG5 1AU,NG5,Flat/Maisonette,Leasehold,False,NOTTINGHAM,CITY OF NOTTINGHAM,CITY OF NOTTINGHAM,A,53.010165,-1.109872,East Midlands,England,Gedling
{01EB45F0-0D55-40F3-E063-4704A8C05FDE},425000,2023-02-27,2023,2,1,NG11 6BZ,NG11,Detached,Freehold,False,NOTTINGHAM,RUSHCLIFFE,NOTTINGHAMSHIRE,A,52.915357,-1.163748,East Midlands,England,Nottingham
{01EB45F0-0D87-40F3-E063-4704A8C05FDE},180000,2023-06-30,2023,6,2,NG19 9HQ,NG19,Semi-Detached,Freehold,False,MANSFIELD,MANSFIELD,NOTTINGHAMSHIRE,A,53.151788,-1.159029,East Midlands,England,Mansfield
{01EB45F0-0DB5-40F3-E063-4704A8C05FDE},190000,2023-06-30,2023,6,2,NG5 8HD,NG5,Terraced,Freehold,False,NOTTINGHAM,GEDLING,NOTTINGHAMSHIRE,A,53.010165,-1.109872,East Midlands,England,Gedling
{01EB45F0-0E40-40F3-E063-4704A8C05FDE},525000,2021-06-02,2021,6,2,NG18 2AN,NG18,Detached,Freehold,False,MANSFIELD,MANSFIELD,NOTTINGHAMSHIRE,A,53.136892,-1.193955,East Midlands,England,Mansfield
{01EB45F0-0E43-40F3-E063-4704A8C05FDE},685000,2021-06-29,2021,6,2,NG12 5EB,NG12,Detached,Freehold,True,NOTTINGHAM,RUSHCLIFFE,NOTTINGHAMSHIRE,A,52.845687,-1.063495,East Midlands,England,Rushcliffe
{01EB45F0-0E55-40F3-E063-4704A8C05FDE},340000,2021-10-15,2021,10,4,NG5 1EQ,NG5,Detached,Freehold,True,NOTTINGHAM,CITY OF NOTTINGHAM,CITY OF NOTTINGHAM,A,53.010165,-1.109872,East Midlands,England,Gedling
{01EB45F0-0E6F-40F3-E063-4704A8C05FDE},250000,2023-05-26,2023,5,2,NG22 9AE,NG22,Detached,Freehold,False,NEWARK,NEWARK AND SHERWOOD,NOTTINGHAMSHIRE,A,53.232856,-0.886169,East Midlands,England,Bassetlaw
{01EB45F0-0F21-40F3-E063-4704A8C05FDE},260000,2022-05-09,2022,5,2,NG15 0AL,NG15,Semi-Detached,Freehold,True,NOTTINGHAM,ASHFIELD,NOTTINGHAMSHIRE,A,53.090894,-1.164098,East Midlands,England,Gedling
{01EB45F0-0F50-40F3-E063-4704A8C05FDE},394950,2022-05-25,2022,5,2,NG12 5SQ,NG12,Detached,Freehold,True,NOTTINGHAM,RUSHCLIFFE,NOTTINGHAMSHIRE,A,52.845687,-1.063495,East Midlands,England,Rushcliffe
{01EB45F0-0F59-40F3-E063-4704A8C05FDE},255000,2022-06-20,2022,6,2,NG15 0BZ,NG15,Semi-Detached,Freehold,True,NOTTINGHAM,ASHFIELD,NOTTINGHAMSHIRE,A,53.090894,-1.164098,East Midlands,England,Gedling
{01EB45F0-0F61-40F3-E063-4704A8C05FDE},255000,2022-06-23,2022,6,2,NG15 0BZ,NG15,Semi-Detached,Freehold,True,NOTTINGHAM,ASHFIELD,NOTTINGHAMSHIRE,A,53.090894,-1.164098,East Midlands,England,Gedling
{01EB45F0-0FCD-40F3-E063-4704A8C05FDE},369995,2022-08-19,2022,8,3,S81 7SP,S81,Detached,Freehold,True,WORKSOP,BASSETLAW,NOTTINGHAMSHIRE,A,53.355487,-1.120007,East Midlands,England,Bassetlaw
{01EB45F0-0FFA-40F3-E063-4704A8C05FDE},204995,2022-11-11,2022,11,4,NG22 9XR,NG22,Detached,Freehold,True,NEWARK,NEWARK AND SHERWOOD,NOTTINGHAMSHIRE,A,53.232856,-0.886169,East Midlands,England,Bassetlaw
{01EB45F0-102B-40F3-E063-4704A8C05FDE},249995,2021-02-04,2021,2,1,NG4 4NA,NG4,Detached,Freehold,True,NOTTINGHAM,GEDLING,NOTTINGHAMSHIRE,A,52.973636,-1.113988,East Midlands,England,Gedling
{01EB45F0-103A-40F3-E063-4704A8C05FDE},177500,2021-07-05,2021,7,3,NG15 6XF,NG15,Semi-Detached,Freehold,True,NOTTINGHAM,ASHFIELD,NOTTINGHAMSHIRE,A,53.090894,-1.164098,East Midlands,England,Gedling
{01EB45F0-1076-40F3-E063-4704A8C05FDE},210000,2023-05-05,2023,5,2,NG16 1BP,NG16,Semi-Detached,Freehold,False,NOTTINGHAM,BROXTOWE,NOTTINGHAMSHIRE,A,53.017204,-1.296747,East Midlands,England,Broxtowe
{01EB45F0-10EF-40F3-E063-4704A8C05FDE},245000,2023-06-22,2023,6,2,YO12 6PS,YO12,Semi-Detached,Freehold,False,SCARBOROUGH,NORTH YORKSHIRE,NORTH YORKSHIRE,A,54.282606,-0.412063,Yorkshire and The Humber,England,North Yorkshire
{01EB45F0-1193-40F3-E063-4704A8C05FDE},210000,2023-06-09,2023,6,2,YO21 3AH,YO21,Terraced,Freehold,False,WHITBY,NORTH YORKSHIRE,NORTH YORKSHIRE,A,54.48105,-0.61659,Yorkshire and The Humber,England,North Yorkshire
{01EB45F0-11D5-40F3-E063-4704A8C05FDE},350000,2023-06-16,2023,6,2,YO11 3PU,YO11,Detached,Freehold,False,SCARBOROUGH,NORTH YORKSHIRE,NORTH YORKSHIRE,A,54.232877,-0.37784,Yorkshire and The Humber,England,North Yorkshire
{01EB45F0-1227-40F3-E063-4704A8C05FDE},205000,2023-06-22,2023,6,2,HG1 3EL,HG1,Terraced,Freehold,False,HARROGATE,NORTH YORKSHIRE,NORTH YORKSHIRE,A,53.993275,-1.529254,Yorkshire and The Humber,England,North Yorkshire
{01EB45F0-1334-40F3-E063-4704A8C05FDE},290000,2023-06-23,2023,6,2,YO8 9SJ,YO8,Detached,Freehold,False,SELBY,NORTH YORKSHIRE,NORTH YORKSHIRE,A,53.78447,-1.087689,Yorkshire and The Humber,England,North Yorkshire
{01EB45F0-1335-40F3-E063-4704A8C05FDE},195000,2023-06-09,2023,6,2,DL11 6NA,DL11,Terraced,Freehold,False,RICHMOND,NORTH YORKSHIRE,NORTH YORKSHIRE,A,54.376936,-2.139939,Yorkshire and The Humber,England,North Yorkshire
{01EB45F0-143F-40F3-E063-4704A8C05FDE},725000,2022-05-11,2022,5,2,YO7 3SZ,YO7,Detached,Freehold,False,THIRSK,NORTH YORKSHIRE,NORTH YORKSHIRE,A,54.221949,-1.342171,Yorkshire and The Humber,England,North Yorkshire
{01EB45F0-145D-40F3-E063-4704A8C05FDE},203995,2022-07-01,2022,7,3,YO7 3FN,YO7,Semi-Detached,Freehold,True,THIRSK,NORTH YORKSHIRE,NORTH YORKSHIRE,A,54.221949,-1.342171,Yorkshire and The Humber,England,North Yorkshire
{01EB45F0-1536-40F3-E063-4704A8C05FDE},220000,2023-06-21,2023,6,2,DL6 3DG,DL6,Terraced,Freehold,False,NORTHALLERTON,NORTH YORKSHIRE,NORTH YORKSHIRE,A,54.360752,-1.416163,Yorkshire and The Humber,England,North Yorkshire
{01EB45F0-15A5-40F3-E063-4704A8C05FDE},410000,2023-06-27,2023,6,2,OX12 9AW,OX12,Detached,Freehold,False,WANTAGE,VALE OF WHITE HORSE,OXFORDSHIRE,A,51.600284,-1.424007,South East,England,Vale of White Horse
{01EB45F0-160D-40F3-E063-4704A8C05FDE},275000,2023-06-23,2023,6,2,OX7 5NG,OX7,Terraced,Freehold,False,CHIPPING NORTON,WEST OXFORDSHIRE,OXFORDSHIRE,A,51.946213,-1.541888,South East,England,West Oxfordshire
{01EB45F0-1651-40F3-E063-4704A8C05FDE},765000,2023-06-14,2023,6,2,GL7 3QT,GL7,Detached,Freehold,False,LECHLADE,WEST OXFORDSHIRE,OXFORDSHIRE,A,51.67188,-1.772894,South West,England,Cotswold
{01EB45F0-1819-40F3-E063-4704A8C05FDE},357000,2022-06-29,2022,6,2,OX18 1PH,OX18,Semi-Detached,Freehold,True,CARTERTON,WEST OXFORDSHIRE,OXFORDSHIRE,A,51.770993,-1.585169,South East,England,West Oxfordshire
{01EB45F0-195F-40F3-E063-4704A8C05FDE},625000,2021-11-18,2021,11,4,KT3 6EY,KT3,Terraced,Freehold,False,NEW MALDEN,MERTON,GREATER LONDON,A,51.40737,-0.261198,London,England,Kingston upon Thames
{01EB45F0-19FD-40F3-E063-4704A8C05FDE},335000,2023-05-30,2023,5,2,WV4 4DL,WV4,Detached,Freehold,False,WOLVERHAMPTON,WOLVERHAMPTON,WEST MIDLANDS,A,52.560567,-2.117915,West Midlands,England,Wolverhampton
{01EB45F0-1A62-40F3-E063-4704A8C05FDE},195000,2023-06-30,2023,6,2,WS12 4EU,WS12,Semi-Detached,Freehold,False,CANNOCK,CANNOCK CHASE,STAFFORDSHIRE,A,52.718288,-2.01689,West Midlands,England,Cannock Chase
{01EB45F0-1AF0-40F3-E063-4704A8C05FDE},200000,2023-06-16,2023,6,2,DE15 0AW,DE15,Detached,Freehold,False,BURTON-ON-TRENT,EAST STAFFORDSHIRE,STAFFORDSHIRE,A,52.800631,-1.598773,West Midlands,England,East Staffordshire
{01EB45F0-1B00-40F3-E063-4704A8C05FDE},128000,2023-06-14,2023,6,2,ST6 5PN,ST6,Semi-Detached,Freehold,False,STOKE-ON-TRENT,STOKE-ON-TRENT,STOKE-ON-TRENT,A,53.070174,-2.197711,West Midlands,England,Stoke-on-Trent
{01EB45F0-1B2D-40F3-E063-4704A8C05FDE},180000,2023-06-13,2023,6,2,WS15 2JU,WS15,Terraced,Freehold,False,RUGELEY,CANNOCK CHASE,STAFFORDSHIRE,A,52.764187,-1.946335,West Midlands,England,Cannock Chase
{01EB45F0-1C53-40F3-E063-4704A8C05FDE},129300,2023-03-06,2023,3,1,ST3 6DY,ST3,Terraced,Freehold,False,STOKE-ON-TRENT,STOKE-ON-TRENT,STOKE-ON-TRENT,A,52.988789,-2.130318,West Midlands,England,Stoke-on-Trent
{01EB45F0-1F57-40F3-E063-4704A8C05FDE},310995,2022-03-18,2022,3,1,ST11 9FL,ST11,Detached,Freehold,True,STOKE-ON-TRENT,STAFFORDSHIRE MOORLANDS,STAFFORDSHIRE,A,52.965142,-2.060434,West Midlands,England,Staffordshire Moorlands
{01EB45F0-1F5D-40F3-E063-4704A8C05FDE},243000,2023-06-02,2023,6,2,ST16 1FT,ST16,Terraced,Freehold,False,STAFFORD,STAFFORD,STAFFORDSHIRE,A,52.801047,-2.120645,West Midlands,England,Stafford
{01EB45F0-1F7E-40F3-E063-4704A8C05FDE},152500,2022-06-17,2022,6,2,WS15 4HE,WS15,Terraced,Freehold,False,RUGELEY,LICHFIELD,STAFFORDSHIRE,A,52.764187,-1.946335,West Midlands,England,Cannock Chase
{01EB45F0-1FB2-40F3-E063-4704A8C05FDE},381500,2022-09-07,2022,9,3,WS14 0FQ,WS14,Detached,Freehold,True,LICHFIELD,LICHFIELD,STAFFORDSHIRE,A,52.674873,-1.823748,West Midlands,England,Lichfield
{01EB45F0-1FFF-40F3-E063-4704A8C05FDE},246000,2021-02-25,2021,2,1,DE13 9BE,DE13,Detached,Freehold,False,BURTON-ON-TRENT,EAST STAFFORDSHIRE,STAFFORDSHIRE,A,52.831495,-1.624434,West Midlands,England,East Staffordshire
{01EB45F0-200D-40F3-E063-4704A8C05FDE},420000,2021-02-10,2021,2,1,WV6 8LP,WV6,Detached,Freehold,False,WOLVERHAMPTON,WOLVERHAMPTON,WEST MIDLANDS,A,52.612853,-2.162363,West Midlands,England,Wolverhampton
{01EB45F0-207D-40F3-E063-4704A8C05FDE},1000000,2023-07-07,2023,7,3,SW14 8PS,SW14,Terraced,Freehold,False,LONDON,RICHMOND UPON THAMES,GREATER LONDON,A,51.465812,-0.261151,London,England,Richmond upon Thames
{01EB45F0-20BE-40F3-E063-4704A8C05FDE},440000,2023-06-22,2023,6,2,BR5 4JW,BR5,Terraced,Freehold,False,ORPINGTON,BROMLEY,GREATER LONDON,A,51.392327,0.115484,London,England,Bromley
{01EB45F0-2166-40F3-E063-4704A8C05FDE},1275000,2023-06-16,2023,6,2,SW11 5JY,SW11,Terraced,Freehold,False,LONDON,WANDSWORTH,GREATER LONDON,A,51.475587,-0.152864,London,England,Wandsworth
{01EB45F0-21F8-40F3-E063-4704A8C05FDE},738000,2023-06-28,2023,6,2,SW15 6QL,SW15,Terraced,Freehold,False,LONDON,WANDSWORTH,GREATER LONDON,A,51.454865,-0.209534,London,England,Wandsworth
{01EB45F0-22E9-40F3-E063-4704A8C05FDE},210000,2023-05-31,2023,5,2,CR0 7BB,CR0,Semi-Detached,Freehold,False,CROYDON,CROYDON,GREATER LONDON,A,51.373138,-0.116486,London,England,Croydon
{01EB45F0-22F2-40F3-E063-4704A8C05FDE},461000,2023-06-30,2023,6,2,BR3 5JN,BR3,Flat/Maisonette,Leasehold,False,BECKENHAM,BROMLEY,GREATER LONDON,A,51.406882,-0.027073,London,England,Bromley
{01EB45F0-2364-40F3-E063-4704A8C05FDE},515000,2023-06-27,2023,6,2,DA16 2HZ,DA16,Semi-Detached,Freehold,False,WELLING,BEXLEY,GREATER LONDON,A,51.468323,0.117141,London,England,Bexley
{01EB45F0-24D4-40F3-E063-4704A8C05FDE},485000,2021-09-30,2021,9,3,KT6 6FB,KT6,Flat/Maisonette,Leasehold,True,SURBITON,KINGSTON UPON THAMES,GREATER LONDON,A,51.383349,-0.302807,London,England,Kingston upon Thames
{01EB45F0-24F0-40F3-E063-4704A8C05FDE},112500,2021-10-22,2021,10,4,CR8 2FU,CR8,Flat/Maisonette,Leasehold,True,PURLEY,CROYDON,GREATER LONDON,A,51.33776,-0.118166,London,England,Croydon
{01EB45F0-2526-40F3-E063-4704A8C05FDE},426500,2021-12-17,2021,12,4,SE19 3JH,SE19,Flat/Maisonette,Leasehold,True,LONDON,CROYDON,GREATER LONDON,A,51.418992,-0.089274,London,England,Croydon
{01EB45F0-258A-40F3-E063-4704A8C05FDE},455000,2022-05-13,2022,5,2,SM5 3NX,SM5,Flat/Maisonette,Leasehold,False,CARSHALTON,SUTTON,GREATER LONDON,A,51.373457,-0.170698,London,England,Sutton
{01EB45F0-2631-40F3-E063-4704A8C05FDE},680000,2023-05-26,2023,5,2,GU32 3EU,GU32,Semi-Detached,Freehold,False,PETERSFIELD,EAST HAMPSHIRE,HAMPSHIRE,A,51.00463,-0.938844,South East,England,East Hampshire
{01EB45F0-2655-40F3-E063-4704A8C05FDE},253000,2023-06-13,2023,6,2,PO7 8AG,PO7,Terraced,Freehold,False,WATERLOOVILLE,HAVANT,HAMPSHIRE,A,50.901786,-1.059292,South East,England,Winchester
{01EB45F0-268E-40F3-E063-4704A8C05FDE},295000,2022-03-17,2022,3,1,GU35 0UE,GU35,Flat/Maisonette,Freehold,False,BORDON,EAST HAMPSHIRE,HAMPSHIRE,A,51.110702,-0.855419,South East,England,East Hampshire
{01EB45F0-26C6-40F3-E063-4704A8C05FDE},350000,2023-06-23,2023,6,2,GU34 2RG,GU34,Flat/Maisonette,Leasehold,False,ALTON,EAST HAMPSHIRE,HAMPSHIRE,A,51.146679,-0.980526,South East,England,East Hampshire
{01EB45F0-2730-40F3-E063-4704A8C05FDE},236000,2023-06-23,2023,6,2,IP23 8HY,IP23,Terraced,Freehold,False,EYE,MID SUFFOLK,SUFFOLK,A,52.307014,1.032715,East of England,England,Mid Suffolk
{01EB45F0-276B-40F3-E063-4704A8C05FDE},560000,2023-07-03,2023,7,3,NR33 8AD,NR33,Detached,Freehold,False,LOWESTOFT,EAST SUFFOLK,SUFFOLK,A,52.467446,1.740933,East of England,England,East Suffolk
{01EB45F0-27D3-40F3-E063-4704A8C05FDE},188500,2023-07-07,2023,7,3,NR33 0UF,NR33,Terraced,Freehold,False,LOWESTOFT,EAST SUFFOLK,SUFFOLK,A,52.467446,1.740933,East of England,England,East Suffolk
{01EB45F0-2827-40F3-E063-4704A8C05FDE},400000,2023-06-16,2023,6,2,IP6 9BJ,IP6,Detached,Freehold,False,IPSWICH,EAST SUFFOLK,SUFFOLK,A,52.146097,1.055093,East of England,England,Mid Suffolk
{01EB45F0-282E-40F3-E063-4704A8C05FDE},302500,2023-06-19,2023,6,2,CB9 7RG,CB9,Semi-Detached,Freehold,False,HAVERHILL,WEST SUFFOLK,SUFFOLK,A,52.088728,0.438943,East of England,England,West Suffolk
{01EB45F0-286D-40F3-E063-4704A8C05FDE},278000,2023-05-26,2023,5,2,IP4 2BZ,IP4,Terraced,Freehold,False,IPSWICH,IPSWICH,SUFFOLK,A,52.072161,1.172038,East of England,England,Ipswich
{01EB45F0-2886-40F3-E063-4704A8C05FDE},180000,2022-07-14,2022,7,3,IP32 7RH,IP32,Flat/Maisonette,Leasehold,False,BURY ST EDMUNDS,WEST SUFFOLK,SUFFOLK,A,52.256417,0.695501,East of England,England,West Suffolk
{01EB45F0-296F-40F3-E063-4704A8C05FDE},715000,2022-02-02,2022,2,1,CO6 4QQ,CO6,Detached,Freehold,False,COLCHESTER,BABERGH,SUFFOLK,A,51.926527,0.694492,East of England,England,Braintree
{01EB45F0-29B2-40F3-E063-4704A8C05FDE},344995,2022-07-15,2022,7,3,IP31 3FQ,IP31,Detached,Freehold,True,BURY ST EDMUNDS,MID SUFFOLK,SUFFOLK,A,52.275418,0.930597,East of England,England,Mid Suffolk
{01EB45F0-2A26-40F3-E063-4704A8C05FDE},220000,2023-06-28,2023,6,2,NR34 9LS,NR34,Detached,Freehold,False,BECCLES,EAST SUFFOLK,SUFFOLK,A,52.459165,1.562385,East of England,England,East Suffolk
{01EB45F0-2AA4-40F3-E063-4704A8C05FDE},360000,2023-05-26,2023,5,2,WV7 3BW,WV7,Semi-Detached,Freehold,False,WOLVERHAMPTON,SHROPSHIRE,SHROPSHIRE,A,52.638175,-2.271173,West Midlands,England,Shropshire
{01EB45F0-2C08-40F3-E063-4704A8C05FDE},375000,2022-03-16,2022,3,1,SY5 6HZ,SY5,Detached,Freehold,False,SHREWSBURY,SHROPSHIRE,SHROPSHIRE,A,52.632079,-2.602825,West Midlands,England,Shropshire
{01EB45F0-2CAB-40F3-E063-4704A8C05FDE},155000,2023-04-06,2023,4,2,TF7 5LW,TF7,Terraced,Freehold,False,TELFORD,WREKIN,WREKIN,A,52.64184,-2.461072,West Midlands,England,Telford and Wrekin
{01EB45F0-2DED-40F3-E063-4704A8C05FDE},255000,2023-06-27,2023,6,2,TA20 1BQ,TA20,Detached,Freehold,False,CHARD,SOMERSET,SOMERSET,A,50.871814,-2.972893,South West,England,Somerset
{01EB45F0-2E21-40F3-E063-4704A8C05FDE},168000,2023-07-12,2023,7,3,TA1 4HL,TA1,Flat/Maisonette,Leasehold,False,TAUNTON,SOMERSET,SOMERSET,A,51.01506,-3.117738,South West,England,Somerset
{01EB45F0-2E9F-40F3-E063-4704A8C05FDE},197950,2023-06-29,2023,6,2,TA6 3HX,TA6,Terraced,Freehold,False,BRIDGWATER,SOMERSET,SOMERSET,A,51.128205,-2.994122,South West,England,Somerset
{01EB45F0-300A-40F3-E063-4704A8C05FDE},265000,2023-04-04,2023,4,2,TA8 2SS,TA8,Semi-Detached,Freehold,False,BURNHAM-ON-SEA,SOMERSET,SOMERSET,A,51.229055,-2.978938,South West,England,Somerset
{01EB45F0-3018-40F3-E063-4704A8C05FDE},435000,2023-07-07,2023,7,3,TA22 9ED,TA22,Detached,Freehold,False,DULVERTON,SOMERSET,SOMERSET,A,51.020798,-3.537137,South West,England,Somerset
{01EB45F0-305E-40F3-E063-4704A8C05FDE},235000,2023-06-30,2023,6,2,BS26 2SN,BS26,Semi-Detached,Freehold,False,AXBRIDGE,SOMERSET,SOMERSET,A,51.287805,-2.810196,South West,England,Somerset
{01EB45F0-31A1-40F3-E063-4704A8C05FDE},755000,2023-05-23,2023,5,2,GU7 1DD,GU7,Semi-Detached,Freehold,False,GODALMING,WAVERLEY,SURREY,A,51.188292,-0.601648,South East,England,Waverley
{01EB45F0-322E-40F3-E063-4704A8C05FDE},598000,2023-02-17,2023,2,1,GU24 9JA,GU24,Semi-Detached,Freehold,False,WOKING,SURREY HEATH,SURREY,A,51.346028,-0.602125,South East,England,Surrey Heath
{01EB45F0-325E-40F3-E063-4704A8C05FDE},600000,2022-09-30,2022,9,3,CR8 2DF,CR8,Semi-Detached,Freehold,False,PURLEY,CROYDON,GREATER LONDON,A,51.33776,-0.118166,London,England,Croydon
{01EB45F0-3260-40F3-E063-4704A8C05FDE},620000,2023-01-20,2023,1,1,SW20 8LX,SW20,Flat/Maisonette,Leasehold,False,LONDON,MERTON,GREATER LONDON,A,51.415614,-0.238191,London,England,Merton
{01EB45F0-326C-40F3-E063-4704A8C05FDE},505000,2023-06-30,2023,6,2,SM1 4QE,SM1,Terraced,Freehold,False,SUTTON,SUTTON,GREATER LONDON,A,51.37568,-0.185323,London,England,Sutton
{01EB45F0-33B7-40F3-E063-4704A8C05FDE},370000,2023-03-30,2023,3,1,CR2 6HW,CR2,Terraced,Freehold,False,SOUTH CROYDON,CROYDON,GREATER LONDON,A,51.345234,-0.074508,London,England,Croydon
{01EB45F0-33D4-40F3-E063-4704A8C05FDE},265000,2023-02-01,2023,2,1,TW16 7BA,TW16,Flat/Maisonette,Leasehold,False,SUNBURY-ON-THAMES,SPELTHORNE,SURREY,A,51.413599,-0.405759,South East,England,Spelthorne
{01EB45F0-3412-40F3-E063-4704A8C05FDE},410000,2022-12-13,2022,12,4,GU16 8BT,GU16,Semi-Detached,Freehold,False,CAMBERLEY,SURREY HEATH,SURREY,A,51.302436,-0.730318,South East,England,Surrey Heath
{01EB45F0-34E2-40F3-E063-4704A8C05FDE},440000,2023-02-17,2023,2,1,GU9 7HX,GU9,Terraced,Freehold,False,FARNHAM,WAVERLEY,SURREY,A,51.21479,-0.804032,South East,England,Waverley
{01EB45F0-35DA-40F3-E063-4704A8C05FDE},255000,2023-06-12,2023,6,2,KT13 9EJ,KT13,Flat/Maisonette,Leasehold,False,WEYBRIDGE,ELMBRIDGE,SURREY,A,51.371439,-0.4635,South East,England,Elmbridge
{01EB45F0-37AB-40F3-E063-4704A8C05FDE},549950,2022-08-19,2022,8,3,RH6 8TE,RH6,Detached,Freehold,True,HORLEY,REIGATE AND BANSTEAD,SURREY,A,51.177052,-0.166134,South East,England,Reigate and Banstead
{01EB45F0-37D7-40F3-E063-4704A8C05FDE},328900,2023-01-13,2023,1,1,GU15 3FB,GU15,Flat/Maisonette,Leasehold,True,CAMBERLEY,SURREY HEATH,SURREY,A,51.33555,-0.742367,South East,England,Surrey Heath
{01EB45F0-37DF-40F3-E063-4704A8C05FDE},220000,2022-11-03,2022,11,4,GU6 8JW,GU6,Terraced,Freehold,False,CRANLEIGH,WAVERLEY,SURREY,A,51.137632,-0.474586,South East,England,Waverley
{01EB45F0-397E-40F3-E063-4704A8C05FDE},250000,2023-06-16,2023,6,2,S75 2RH,S75,Terraced,Freehold,False,BARNSLEY,BARNSLEY,SOUTH YORKSHIRE,A,53.542547,-1.519096,Yorkshire and The Humber,England,Barnsley
{01EB45F0-39DB-40F3-E063-4704A8C05FDE},152500,2022-09-06,2022,9,3,S9 4AJ,S9,Semi-Detached,Leasehold,False,SHEFFIELD,SHEFFIELD,SOUTH YORKSHIRE,A,53.381471,-1.403229,Yorkshire and The Humber,England,Sheffield
{01EB45F0-3A22-40F3-E063-4704A8C05FDE},120000,2023-06-16,2023,6,2,S63 6JS,S63,Terraced,Freehold,False,ROTHERHAM,ROTHERHAM,SOUTH YORKSHIRE,A,53.518201,-1.327457,Yorkshire and The Humber,England,Barnsley
{01EB45F0-3D2A-40F3-E063-4704A8C05FDE},193995,2022-03-28,2022,3,1,DN2 4FP,DN2,Semi-Detached,Freehold,True,DONCASTER,DONCASTER,SOUTH YORKSHIRE,A,53.534937,-1.11222,Yorkshire and The Humber,England,Doncaster
{01EB45F0-3D77-40F3-E063-4704A8C05FDE},77000,2023-05-31,2023,5,2,S20 8EN,S20,Flat/Maisonette,Leasehold,False,SHEFFIELD,SHEFFIELD,SOUTH YORKSHIRE,A,53.335831,-1.329501,Yorkshire and The Humber,England,Sheffield
{01EB45F0-3D9C-40F3-E063-4704A8C05FDE},196995,2022-06-17,2022,6,2,DN2 4FN,DN2,Semi-Detached,Freehold,True,DONCASTER,DONCASTER,SOUTH YORKSHIRE,A,53.534937,-1.11222,Yorkshire and The Humber,England,Doncaster
{01EB45F0-3DCC-40F3-E063-4704A8C05FDE},195000,2022-06-10,2022,6,2,S2 5DY,S2,Flat/Maisonette,Leasehold,True,SHEFFIELD,SHEFFIELD,SOUTH YORKSHIRE,A,53.36847,-1.47125,Yorkshire and The Humber,England,Sheffield
{01EB45F0-3E62-40F3-E063-4704A8C05FDE},30000,2022-04-07,2022,4,2,TS1 3DZ,TS1,Terraced,Freehold,False,MIDDLESBROUGH,MIDDLESBROUGH,MIDDLESBROUGH,A,54.572926,-1.227763,North East,England,Middlesbrough
{01EB45F0-3F47-40F3-E063-4704A8C05FDE},395000,2023-05-19,2023,5,2,SW2 2YD,SW2,Flat/Maisonette,Leasehold,False,LONDON,LAMBETH,GREATER LONDON,A,51.446122,-0.12373,London,England,Lambeth
{01EB45F0-3FAA-40F3-E063-4704A8C05FDE},450000,2022-12-21,2022,12,4,SE13 5AE,SE13,Terraced,Freehold,False,LONDON,LEWISHAM,GREATER LONDON,A,51.465778,-0.022921,London,England,Lewisham
{01EB45F0-3FB8-40F3-E063-4704A8C05FDE},600000,2021-09-30,2021,9,3,SE22 0SE,SE22,Flat/Maisonette,Leasehold,False,LONDON,SOUTHWARK,GREATER LONDON,A,51.452342,-0.071992,London,England,Southwark
{01EB45F0-40EA-40F3-E063-4704A8C05FDE},755000,2023-06-09,2023,6,2,SW18 2BG,SW18,Flat/Maisonette,Leasehold,False,LONDON,WANDSWORTH,GREATER LONDON,A,51.442657,-0.191635,London,England,Wandsworth
{01EB45F0-4157-40F3-E063-4704A8C05FDE},208000,2023-05-23,2023,5,2,SE17 1FJ,SE17,Flat/Maisonette,Leasehold,False,LONDON,SOUTHWARK,GREATER LONDON,A,51.492359,-0.09282,London,England,Southwark
{01EB45F0-4184-40F3-E063-4704A8C05FDE},295000,2023-05-19,2023,5,2,SE18 5BD,SE18,Flat/Maisonette,Leasehold,False,LONDON,GREENWICH,GREATER LONDON,A,51.494899,0.071752,London,England,Greenwich
{01EB45F0-43F9-40F3-E063-4704A8C05FDE},820000,2023-06-16,2023,6,2,TN8 6DY,TN8,Detached,Freehold,False,EDENBRIDGE,SEVENOAKS,KENT,A,51.206273,0.068335,South East,England,Sevenoaks
{01EB45F0-4664-40F3-E063-4704A8C05FDE},520000,2023-05-12,2023,5,2,CT10 2ET,CT10,Detached,Freehold,False,BROADSTAIRS,THANET,KENT,A,51.355077,1.432334,South East,England,Thanet
{01EB45F0-4677-40F3-E063-4704A8C05FDE},165000,2023-06-16,2023,6,2,CT9 2EB,CT9,Flat/Maisonette,Leasehold,False,MARGATE,THANET,KENT,A,51.387707,1.395156,South East,England,Thanet
{01EB45F0-46D4-40F3-E063-4704A8C05FDE},160000,2023-06-06,2023,6,2,CT19 6QT,CT19,Flat/Maisonette,Leasehold,False,FOLKESTONE,FOLKESTONE AND HYTHE,KENT,A,51.086936,1.191728,South East,England,Folkestone and Hythe
{01EB45F0-4710-40F3-E063-4704A8C05FDE},130000,2022-08-31,2022,8,3,TN9 1TL,TN9,Flat/Maisonette,Leasehold,False,TONBRIDGE,TONBRIDGE AND MALLING,KENT,A,51.193943,0.274704,South East,England,Tonbridge and Malling
{01EB45F0-494D-40F3-E063-4704A8C05FDE},52000,2023-06-09,2023,6,2,SR3 1BX,SR3,Terraced,Freehold,False,SUNDERLAND,SUNDERLAND,TYNE AND WEAR,A,54.882823,-1.435191,North East,England,Sunderland
{01EB45F0-4959-40F3-E063-4704A8C05FDE},85000,2023-02-24,2023,2,1,NE10 0QQ,NE10,Terraced,Freehold,False,GATESHEAD,GATESHEAD,TYNE AND WEAR,A,54.963576,-1.569875,North East,England,Gateshead
{01EB45F0-49CB-40F3-E063-4704A8C05FDE},255000,2023-06-06,2023,6,2,NE2 2HS,NE2,Flat/Maisonette,Leasehold,False,NEWCASTLE UPON TYNE,NEWCASTLE UPON TYNE,TYNE AND WEAR,A,54.980913,-1.6078,North East,England,Newcastle upon Tyne
{01EB45F0-4A2E-40F3-E063-4704A8C05FDE},400000,2023-06-19,2023,6,2,SR2 0LT,SR2,Detached,Freehold,False,SUNDERLAND,SUNDERLAND,TYNE AND WEAR,A,54.869384,-1.365354,North East,England,Sunderland
{01EB45F0-4ADF-40F3-E063-4704A8C05FDE},196000,2022-06-22,2022,6,2,DH4 6GW,DH4,Detached,Freehold,False,HOUGHTON LE SPRING,SUNDERLAND,TYNE AND WEAR,B,54.844666,-1.494197,North East,England,Sunderland
{01EB45F0-4BA2-40F3-E063-4704A8C05FDE},750000,2022-03-14,2022,3,1,SR6 7QP,SR6,Detached,Freehold,False,SUNDERLAND,SOUTH TYNESIDE,TYNE AND WEAR,A,54.929847,-1.375919,North East,England,Sunderland
{01EB45F0-4BB4-40F3-E063-4704A8C05FDE},489246,2022-03-24,2022,3,1,NE13 8BD,NE13,Detached,Freehold,True,NEWCASTLE UPON TYNE,NEWCASTLE UPON TYNE,TYNE AND WEAR,A,55.029521,-1.646466,North East,England,Newcastle upon Tyne
{01EB45F0-4BCE-40F3-E063-4704A8C05FDE},249995,2022-04-01,2022,4,2,SR4 9AL,SR4,Semi-Detached,Freehold,True,SUNDERLAND,SUNDERLAND,TYNE AND WEAR,A,54.90399,-1.422715,North East,England,Sunderland
{01EB45F0-4C55-40F3-E063-4704A8C05FDE},370000,2023-06-20,2023,6,2,NE8 1TU,NE8,Terraced,Freehold,False,GATESHEAD,GATESHEAD,TYNE AND WEAR,A,54.955635,-1.633903,North East,England,Gateshead
{01EB45F0-4CC4-40F3-E063-4704A8C05FDE},120000,2023-03-20,2023,3,1,CF32 9RE,CF32,Terraced,Freehold,False,BRIDGEND,BRIDGEND,BRIDGEND,A,51.613178,-3.544791,Wales,Wales,Bridgend
{01EB45F0-4DF8-40F3-E063-4704A8C05FDE},120000,2023-06-09,2023,6,2,NP44 2QF,NP44,Flat/Maisonette,Leasehold,False,CWMBRAN,TORFAEN,TORFAEN,A,51.644069,-3.032869,Wales,Wales,Torfaen
{01EB45F0-4E48-40F3-E063-4704A8C05FDE},138000,2023-06-30,2023,6,2,SA13 1YR,SA13,Terraced,Freehold,False,PORT TALBOT,NEATH PORT TALBOT,NEATH PORT TALBOT,A,51.596524,-3.777606,Wales,Wales,Neath Port Talbot
{01EB45F0-4EBC-40F3-E063-4704A8C05FDE},180000,2023-06-30,2023,6,2,CF37 4LR,CF37,Terraced,Freehold,False,PONTYPRIDD,RHONDDA CYNON TAFF,RHONDDA CYNON TAFF,A,51.607826,-3.330097,Wales,Wales,Rhondda Cynon Taf
{01EB45F0-4EBF-40F3-E063-4704A8C05FDE},445500,2023-05-26,2023,5,2,SA3 1JE,SA3,Detached,Freehold,False,SWANSEA,SWANSEA,SWANSEA,A,51.600155,-3.99433,Wales,Wales,Swansea
{01EB45F0-4F01-40F3-E063-4704A8C05FDE},96000,2023-06-09,2023,6,2,CF37 4SD,CF37,Terraced,Freehold,False,PONTYPRIDD,RHONDDA CYNON TAFF,RHONDDA CYNON TAFF,A,51.607826,-3.330097,Wales,Wales,Rhondda Cynon Taf
{01EB45F0-4F0F-40F3-E063-4704A8C05FDE},160000,2023-06-30,2023,6,2,CF5 3HT,CF5,Flat/Maisonette,Leasehold,False,CARDIFF,CARDIFF,CARDIFF,A,51.492249,-3.222079,Wales,Wales,Cardiff
{01EB45F0-4F4A-40F3-E063-4704A8C05FDE},160000,2022-01-26,2022,1,1,LL53 7RF,LL53,Semi-Detached,Freehold,False,PWLLHELI,GWYNEDD,GWYNEDD,A,52.847975,-4.526251,Wales,Wales,Gwynedd
{01EB45F0-4FC5-40F3-E063-4704A8C05FDE},280000,2023-03-31,2023,3,1,CF45 3DN,CF45,Semi-Detached,Freehold,False,MOUNTAIN ASH,RHONDDA CYNON TAFF,RHONDDA CYNON TAFF,A,51.686794,-3.378443,Wales,Wales,Rhondda Cynon Taf
{01EB45F0-4FCB-40F3-E063-4704A8C05FDE},150000,2023-05-05,2023,5,2,SA10 7NH,SA10,Semi-Detached,Freehold,False,NEATH,NEATH PORT TALBOT,NEATH PORT TALBOT,A,51.660068,-3.842119,Wales,Wales,Neath Port Talbot
{01EB45F0-4FFF-40F3-E063-4704A8C05FDE},132000,2023-05-19,2023,5,2,SA14 7RL,SA14,Terraced,Freehold,False,LLANELLI,CARMARTHENSHIRE,CARMARTHENSHIRE,A,51.702886,-4.133039,Wales,Wales,Carmarthenshire
{01EB45F0-5064-40F3-E063-4704A8C05FDE},230000,2023-06-29,2023,6,2,LL19 8SN,LL19,Detached,Freehold,False,PRESTATYN,DENBIGHSHIRE,DENBIGHSHIRE,A,53.339602,-3.402113,Wales,Wales,Denbighshire
{01EB45F0-5089-40F3-E063-4704A8C05FDE},70000,2023-02-17,2023,2,1,CF14 6JB,CF14,Flat/Maisonette,Leasehold,False,CARDIFF,CARDIFF,CARDIFF,A,51.540665,-3.193845,Wales,Wales,Cardiff
{01EB45F0-509A-40F3-E063-4704A8C05FDE},85000,2023-02-02,2023,2,1,SA11 3DT,SA11,Terraced,Freehold,False,NEATH,NEATH PORT TALBOT,NEATH PORT TALBOT,A,51.70681,-3.716289,Wales,Wales,Neath Port Talbot
{01EB45F0-50B4-40F3-E063-4704A8C05FDE},119950,2023-01-27,2023,1,1,CF32 9PH,CF32,Semi-Detached,Freehold,False,BRIDGEND,BRIDGEND,BRIDGEND,A,51.613178,-3.544791,Wales,Wales,Bridgend
{01EB45F0-50C0-40F3-E063-4704A8C05FDE},119999,2023-05-05,2023,5,2,CF44 8AP,CF44,Terraced,Freehold,False,ABERDARE,RHONDDA CYNON TAFF,RHONDDA CYNON TAFF,A,51.702765,-3.409405,Wales,Wales,Rhondda Cynon Taf
{01EB45F0-51C6-40F3-E063-4704A8C05FDE},75000,2023-05-23,2023,5,2,CH7 1UG,CH7,Semi-Detached,Freehold,False,MOLD,FLINTSHIRE,FLINTSHIRE,A,53.174204,-3.152087,Wales,Wales,Flintshire
{01EB45F0-521F-40F3-E063-4704A8C05FDE},170000,2023-03-24,2023,3,1,SA6 6NE,SA6,Semi-Detached,Freehold,False,SWANSEA,SWANSEA,SWANSEA,A,51.660572,-3.92674,Wales,Wales,Swansea
{01EB45F0-5235-40F3-E063-4704A8C05FDE},148000,2023-06-16,2023,6,2,CF33 6EA,CF33,Terraced,Freehold,False,BRIDGEND,BRIDGEND,BRIDGEND,A,51.528535,-3.681666,Wales,Wales,Bridgend
{01EB45F0-5285-40F3-E063-4704A8C05FDE},180000,2023-02-22,2023,2,1,SA73 1SP,SA73,Terraced,Freehold,False,MILFORD HAVEN,PEMBROKESHIRE,PEMBROKESHIRE,A,51.723267,-5.035855,Wales,Wales,Pembrokeshire
{01EB45F0-52FD-40F3-E063-4704A8C05FDE},356000,2023-06-15,2023,6,2,CF35 6SD,CF35,Detached,Freehold,False,BRIDGEND,BRIDGEND,BRIDGEND,A,51.526928,-3.494183,Wales,Wales,Bridgend
{01EB45F0-53DE-40F3-E063-4704A8C05FDE},246000,2023-06-12,2023,6,2,B33 0DP,B33,Semi-Detached,Freehold,False,BIRMINGHAM,BIRMINGHAM,WEST MIDLANDS,A,52.484166,-1.793307,West Midlands,England,Birmingham
{01EB45F0-5473-40F3-E063-4704A8C05FDE},260000,2023-06-30,2023,6,2,CV34 4QH,CV34,Terraced,Freehold,False,WARWICK,WARWICK,WARWICKSHIRE,A,52.294903,-1.5943,West Midlands,England,Warwick
{01EB45F0-549F-40F3-E063-4704A8C05FDE},395000,2023-06-01,2023,6,2,CV47 1HP,CV47,Semi-Detached,Freehold,False,SOUTHAM,STRATFORD-ON-AVON,WARWICKSHIRE,A,52.219276,-1.428705,West Midlands,England,Stratford-on-Avon
{01EB45F0-54F4-40F3-E063-4704A8C05FDE},270000,2023-05-15,2023,5,2,B31 4QS,B31,Semi-Detached,Freehold,False,BIRMINGHAM,BIRMINGHAM,WEST MIDLANDS,A,52.422701,-1.984539,West Midlands,England,Birmingham
{01EB45F0-553A-40F3-E063-4704A8C05FDE},1550000,2023-06-20,2023,6,2,B49 6DT,B49,Detached,Freehold,False,ALCESTER,STRATFORD-ON-AVON,WARWICKSHIRE,A,52.223045,-1.860965,West Midlands,England,Stratford-on-Avon
{01EB45F0-558D-40F3-E063-4704A8C05FDE},500000,2023-06-15,2023,6,2,CV23 0JS,CV23,Detached,Freehold,False,RUGBY,RUGBY,WARWICKSHIRE,A,52.354035,-1.331371,West Midlands,England,Rugby
{01EB45F0-5684-40F3-E063-4704A8C05FDE},495000,2021-11-24,2021,11,4,CV8 2EQ,CV8,Detached,Freehold,False,KENILWORTH,WARWICK,WARWICKSHIRE,A,52.355253,-1.590901,West Midlands,England,Warwick
{01EB45F0-5752-40F3-E063-4704A8C05FDE},326950,2022-08-26,2022,8,3,CV31 3SR,CV31,Flat/Maisonette,Leasehold,True,LEAMINGTON SPA,WARWICK,WARWICKSHIRE,A,52.278285,-1.532424,West Midlands,England,Warwick
{01EB45F0-578F-40F3-E063-4704A8C05FDE},375910,2021-02-05,2021,2,1,B78 1EU,B78,Detached,Freehold,True,TAMWORTH,NORTH WARWICKSHIRE,WARWICKSHIRE,A,52.612406,-1.609942,West Midlands,England,North Warwickshire
{01EB45F0-57AC-40F3-E063-4704A8C05FDE},424424,2022-12-16,2022,12,4,B73 5EJ,B73,Semi-Detached,Freehold,False,SUTTON COLDFIELD,BIRMINGHAM,WEST MIDLANDS,A,52.556199,-1.858339,West Midlands,England,Birmingham
{01EB45F0-57F7-40F3-E063-4704A8C05FDE},400000,2023-02-10,2023,2,1,B75 6TA,B75,Semi-Detached,Freehold,False,SUTTON COLDFIELD,BIRMINGHAM,WEST MIDLANDS,A,52.595336,-1.833249,West Midlands,England,Birmingham
{01EB45F0-592F-40F3-E063-4704A8C05FDE},1300000,2023-07-06,2023,7,3,B91 1PD,B91,Detached,Freehold,False,SOLIHULL,SOLIHULL,WEST MIDLANDS,A,52.415723,-1.782143,West Midlands,England,Solihull
{01EB45F0-5984-40F3-E063-4704A8C05FDE},415000,2023-05-17,2023,5,2,B38 8EA,B38,Semi-Detached,Freehold,False,BIRMINGHAM,BIRMINGHAM,WEST MIDLANDS,A,52.409288,-1.934106,West Midlands,England,Birmingham
{01EB45F0-59D6-40F3-E063-4704A8C05FDE},255000,2023-06-30,2023,6,2,B5 7RX,B5,Terraced,Freehold,False,BIRMINGHAM,BIRMINGHAM,WEST MIDLANDS,A,52.453889,-1.909319,West Midlands,England,Birmingham
{01EB45F0-5B2D-40F3-E063-4704A8C05FDE},420000,2023-06-02,2023,6,2,B75 5TG,B75,Detached,Freehold,False,SUTTON COLDFIELD,BIRMINGHAM,WEST MIDLANDS,A,52.595336,-1.833249,West Midlands,England,Birmingham
{01EB45F0-5C02-40F3-E063-4704A8C05FDE},220000,2021-09-30,2021,9,3,DY5 4RT,DY5,Semi-Detached,Freehold,False,BRIERLEY HILL,DUDLEY,WEST MIDLANDS,A,52.478521,-2.129091,West Midlands,England,Dudley
{01EB45F0-5D35-40F3-E063-4704A8C05FDE},112000,2023-06-16,2023,6,2,DY4 9SU,DY4,Flat/Maisonette,Leasehold,False,TIPTON,SANDWELL,WEST MIDLANDS,A,52.526434,-2.071644,West Midlands,England,Sandwell
{01EB45F0-5D7D-40F3-E063-4704A8C05FDE},190000,2022-07-25,2022,7,3,B90 1TH,B90,Flat/Maisonette,Leasehold,False,SOLIHULL,SOLIHULL,WEST MIDLANDS,A,52.394095,-1.85364,West Midlands,England,Bromsgrove
{01EB45F0-5DB8-40F3-E063-4704A8C05FDE},285000,2023-07-07,2023,7,3,WV1 2BW,WV1,Terraced,Freehold,False,WOLVERHAMPTON,WOLVERHAMPTON,WEST MIDLANDS,A,52.582509,-2.089269,West Midlands,England,Wolverhampton
{01EB45F0-5F8B-40F3-E063-4704A8C05FDE},850000,2023-07-03,2023,7,3,BA4 6DZ,BA4,Semi-Detached,Freehold,False,SHEPTON MALLET,SOMERSET,SOMERSET,A,51.183871,-2.550888,South West,England,Somerset
{01EB45F0-5F90-40F3-E063-4704A8C05FDE},250000,2023-03-16,2023,3,1,TA19 9DG,TA19,Terraced,Freehold,False,ILMINSTER,SOMERSET,SOMERSET,A,50.94405,-2.967898,South West,England,Somerset
{01EB45F0-601A-40F3-E063-4704A8C05FDE},627000,2022-03-23,2022,3,1,BA6 8TH,BA6,Detached,Freehold,False,GLASTONBURY,SOMERSET,SOMERSET,A,51.160747,-2.707376,South West,England,Somerset
{01EB45F0-6030-40F3-E063-4704A8C05FDE},440000,2022-03-28,2022,3,1,TA20 2FR,TA20,Detached,Freehold,True,CHARD,SOMERSET,SOMERSET,A,50.871814,-2.972893,South West,England,Somerset
{01EB45F0-6042-40F3-E063-4704A8C05FDE},317000,2022-06-30,2022,6,2,BA11 4FP,BA11,Semi-Detached,Freehold,True,FROME,SOMERSET,SOMERSET,A,51.230066,-2.324377,South West,England,Somerset
{01EB45F0-609F-40F3-E063-4704A8C05FDE},228000,2023-06-16,2023,6,2,PO22 0LR,PO22,Detached,Freehold,False,BOGNOR REGIS,ARUN,WEST SUSSEX,A,50.78761,-0.645016,South East,England,Arun
{01EB45F0-60B3-40F3-E063-4704A8C05FDE},224000,2023-06-19,2023,6,2,RH11 0HY,RH11,Flat/Maisonette,Leasehold,False,CRAWLEY,CRAWLEY,WEST SUSSEX,A,51.102505,-0.219477,South East,England,Crawley
{01EB45F0-60CB-40F3-E063-4704A8C05FDE},700000,2023-05-10,2023,5,2,RH15 8TP,RH15,Detached,Freehold,False,BURGESS HILL,MID SUSSEX,WEST SUSSEX,A,50.964124,-0.118862,South East,England,Mid Sussex
{01EB45F0-6164-40F3-E063-4704A8C05FDE},375000,2023-05-12,2023,5,2,PO20 9JA,PO20,Semi-Detached,Freehold,False,CHICHESTER,CHICHESTER,WEST SUSSEX,A,50.758534,-0.849128,South East,England,Chichester
{01EB45F0-6182-40F3-E063-4704A8C05FDE},820000,2022-10-07,2022,10,4,RH17 5LD,RH17,Detached,Freehold,False,HAYWARDS HEATH,MID SUSSEX,WEST SUSSEX,A,51.059213,-0.085185,South East,England,Mid Sussex
{01EB45F0-622E-40F3-E063-4704A8C05FDE},500000,2023-02-09,2023,2,1,BN14 9GX,BN14,Flat/Maisonette,Leasehold,False,WORTHING,WORTHING,WEST SUSSEX,A,50.835564,-0.370071,South East,England,Worthing
{01EB45F0-6279-40F3-E063-4704A8C05FDE},227500,2022-11-15,2022,11,4,RH16 4UG,RH16,Semi-Detached,Leasehold,False,HAYWARDS HEATH,MID SUSSEX,WEST SUSSEX,A,50.995833,-0.081682,South East,England,Mid Sussex
{01EB45F0-6373-40F3-E063-4704A8C05FDE},325000,2022-02-11,2022,2,1,BN43 6DG,BN43,Flat/Maisonette,Leasehold,True,SHOREHAM-BY-SEA,ADUR,WEST SUSSEX,A,50.830458,-0.256361,South East,England,Adur
{01EB45F0-63EA-40F3-E063-4704A8C05FDE},362500,2023-06-07,2023,6,2,RH19 3QQ,RH19,Terraced,Freehold,False,EAST GRINSTEAD,MID SUSSEX,WEST SUSSEX,A,51.121452,0.001412,South East,England,Mid Sussex
{01EB45F0-6429-40F3-E063-4704A8C05FDE},657000,2023-05-25,2023,5,2,RH10 3AG,RH10,Detached,Freehold,False,CRAWLEY,CRAWLEY,WEST SUSSEX,A,51.112904,-0.175289,South East,England,Crawley
{01EB45F0-6461-40F3-E063-4704A8C05FDE},425000,2023-06-30,2023,6,2,BN15 9XA,BN15,Semi-Detached,Freehold,False,LANCING,ADUR,WEST SUSSEX,A,50.832535,-0.314423,South East,England,Adur
{01EB45F0-646D-40F3-E063-4704A8C05FDE},555000,2023-06-16,2023,6,2,BN12 5NH,BN12,Detached,Freehold,False,WORTHING,ARUN,WEST SUSSEX,A,50.804144,-0.446144,South East,England,Arun
{01EB45F0-64CD-40F3-E063-4704A8C05FDE},275000,2023-06-23,2023,6,2,SN2 7QD,SN2,Detached,Freehold,False,SWINDON,SWINDON,SWINDON,A,51.5733,-1.778782,South West,England,Swindon
{01EB45F0-6526-40F3-E063-4704A8C05FDE},420000,2023-07-10,2023,7,3,SN4 0TN,SN4,Detached,Freehold,False,SWINDON,SWINDON,SWINDON,A,51.519702,-1.788829,South West,England,Swindon
{01EB45F0-6570-40F3-E063-4704A8C05FDE},390000,2023-06-27,2023,6,2,BA14 7DQ,BA14,Detached,Freehold,False,TROWBRIDGE,WILTSHIRE,WILTSHIRE,A,51.31813,-2.180415,South West,England,Wiltshire
{01EB45F0-6628-40F3-E063-4704A8C05FDE},260000,2023-04-28,2023,4,2,SN25 2GU,SN25,Terraced,Freehold,False,SWINDON,SWINDON,SWINDON,A,51.603237,-1.812654,South West,England,Swindon
{01EB45F0-6677-40F3-E063-4704A8C05FDE},195000,2023-06-23,2023,6,2,SN9 5DW,SN9,Flat/Maisonette,Leasehold,False,PEWSEY,WILTSHIRE,WILTSHIRE,A,51.342132,-1.773867,South West,England,Wiltshire
{01EB45F0-6765-40F3-E063-4704A8C05FDE},120000,2023-06-26,2023,6,2,SN5 4AS,SN5,Flat/Maisonette,Leasehold,False,SWINDON,WILTSHIRE,WILTSHIRE,A,51.57028,-1.834318,South West,England,Swindon
{01EB45F0-677F-40F3-E063-4704A8C05FDE},350000,2022-02-21,2022,2,1,SN6 7NG,SN6,Detached,Freehold,False,SWINDON,SWINDON,SWINDON,A,51.629315,-1.71549,South West,England,Swindon
{01EB45F0-67B4-40F3-E063-4704A8C05FDE},334995,2022-06-30,2022,6,2,SP2 9GE,SP2,Semi-Detached,Freehold,True,SALISBURY,WILTSHIRE,WILTSHIRE,A,51.053364,-1.789714,South West,England,Wiltshire
{01EB45F0-67E7-40F3-E063-4704A8C05FDE},556000,2022-12-16,2022,12,4,SN15 2FN,SN15,Detached,Freehold,True,CHIPPENHAM,WILTSHIRE,WILTSHIRE,A,51.479401,-2.13035,South West,England,Wiltshire
{01EB45F0-68AD-40F3-E063-4704A8C05FDE},70000,2023-06-16,2023,6,2,BD8 9DR,BD8,Terraced,Freehold,False,BRADFORD,BRADFORD,WEST YORKSHIRE,A,53.793869,-1.810668,Yorkshire and The Humber,England,Bradford
{01EB45F0-6A42-40F3-E063-4704A8C05FDE},68000,2023-06-30,2023,6,2,HD2 2FP,HD2,Terraced,Leasehold,False,HUDDERSFIELD,KIRKLEES,WEST YORKSHIRE,A,53.677242,-1.75657,Yorkshire and The Humber,England,Kirklees
{01EB45F0-6B0D-40F3-E063-4704A8C05FDE},460000,2023-06-23,2023,6,2,HD1 4RA,HD1,Detached,Leasehold,False,HUDDERSFIELD,KIRKLEES,WEST YORKSHIRE,A,53.650403,-1.805847,Yorkshire and The Humber,England,Kirklees
{01EB45F0-6BB4-40F3-E063-4704A8C05FDE},573900,2023-06-28,2023,6,2,BD22 0RZ,BD22,Detached,Freehold,False,KEIGHLEY,BRADFORD,WEST YORKSHIRE,A,53.846765,-1.929092,Yorkshire and The Humber,England,Bradford
{01EB45F0-6BC1-40F3-E063-4704A8C05FDE},485000,2023-06-23,2023,6,2,HD6 2JW,HD6,Detached,Freehold,False,BRIGHOUSE,CALDERDALE,WEST YORKSHIRE,A,53.708819,-1.785385,Yorkshire and The Humber,England,Calderdale
{01EB45F0-6C29-40F3-E063-4704A8C05FDE},204000,2023-07-10,2023,7,3,BD20 0AE,BD20,Semi-Detached,Freehold,False,KEIGHLEY,BRADFORD,WEST YORKSHIRE,A,53.895085,-1.948564,Yorkshire and The Humber,England,Bradford
{01EB45F0-6CA9-40F3-E063-4704A8C05FDE},220000,2023-06-09,2023,6,2,WF2 0SQ,WF2,Semi-Detached,Freehold,False,WAKEFIELD,WAKEFIELD,WEST YORKSHIRE,A,53.642325,-1.516603,Yorkshire and The Humber,England,Wakefield
{01EB45F0-6D12-40F3-E063-4704A8C05FDE},205000,2023-06-26,2023,6,2,LS26 0LN,LS26,Semi-Detached,Freehold,False,LEEDS,LEEDS,WEST YORKSHIRE,A,53.757274,-1.494719,Yorkshire and The Humber,England,Leeds
{01EB45F0-6E4A-40F3-E063-4704A8C05FDE},115000,2023-05-26,2023,5,2,HD6 4BD,HD6,Terraced,Freehold,False,BRIGHOUSE,CALDERDALE,WEST YORKSHIRE,A,53.708819,-1.785385,Yorkshire and The Humber,England,Calderdale
{01EB45F0-6E4C-40F3-E063-4704A8C05FDE},172500,2023-06-23,2023,6,2,BD18 1JY,BD18,Semi-Detached,Freehold,False,SHIPLEY,BRADFORD,WEST YORKSHIRE,A,53.825161,-1.776437,Yorkshire and The Humber,England,Bradford
{01EB45F0-6EBF-40F3-E063-4704A8C05FDE},197500,2023-06-30,2023,6,2,LS15 0DU,LS15,Semi-Detached,Freehold,False,LEEDS,LEEDS,WEST YORKSHIRE,A,53.809366,-1.449113,Yorkshire and The Humber,England,Leeds
{01EB45F0-703B-40F3-E063-4704A8C05FDE},140000,2023-05-24,2023,5,2,HU12 8SA,HU12,Terraced,Freehold,False,HULL,EAST RIDING OF YORKSHIRE,EAST RIDING OF YORKSHIRE,A,53.719973,-0.233106,Yorkshire and The Humber,England,East Riding of Yorkshire
{01EB45F0-7070-40F3-E063-4704A8C05FDE},115000,2023-06-28,2023,6,2,HU12 8NL,HU12,Terraced,Freehold,False,HULL,EAST RIDING OF YORKSHIRE,EAST RIDING OF YORKSHIRE,A,53.719973,-0.233106,Yorkshire and The Humber,England,East Riding of Yorkshire
{01EB45F0-707D-40F3-E063-4704A8C05FDE},258000,2021-12-10,2021,12,4,YO42 2FJ,YO42,Detached,Freehold,False,YORK,EAST RIDING OF YORKSHIRE,EAST RIDING OF YORKSHIRE,A,53.933777,-0.769749,Yorkshire and The Humber,England,East Riding of Yorkshire
{01EB45F0-7170-40F3-E063-4704A8C05FDE},119950,2020-12-09,2020,12,4,BD7 4DA,BD7,Semi-Detached,Freehold,False,BRADFORD,BRADFORD,WEST YORKSHIRE,A,53.777416,-1.786068,Yorkshire and The Humber,England,Bradford
{01EB45F0-7198-40F3-E063-4704A8C05FDE},254000,2023-06-12,2023,6,2,LS27 0FN,LS27,Terraced,Freehold,False,LEEDS,LEEDS,WEST YORKSHIRE,A,53.743672,-1.601473,Yorkshire and The Humber,England,Leeds
{01EB45F0-7234-40F3-E063-4704A8C05FDE},210000,2021-12-17,2021,12,4,WF10 1FU,WF10,Terraced,Freehold,True,CASTLEFORD,WAKEFIELD,WEST YORKSHIRE,A,53.720072,-1.339079,Yorkshire and The Humber,England,Wakefield
{01EB45F0-72AC-40F3-E063-4704A8C05FDE},213500,2022-03-25,2022,3,1,LS27 0HQ,LS27,Terraced,Freehold,True,LEEDS,LEEDS,WEST YORKSHIRE,A,53.743672,-1.601473,Yorkshire and The Humber,England,Leeds
{01EB45F0-72E8-40F3-E063-4704A8C05FDE},194950,2022-06-30,2022,6,2,HD8 9ZB,HD8,Terraced,Freehold,True,HUDDERSFIELD,KIRKLEES,WEST YORKSHIRE,A,53.597868,-1.701135,Yorkshire and The Humber,England,Kirklees
{01EB45F0-7393-40F3-E063-4704A8C05FDE},163000,2023-06-23,2023,6,2,LS6 4AQ,LS6,Flat/Maisonette,Leasehold,False,LEEDS,LEEDS,WEST YORKSHIRE,A,53.817266,-1.58542,Yorkshire and The Humber,England,Leeds
{01EB45F0-73AB-40F3-E063-4704A8C05FDE},135000,2023-06-13,2023,6,2,LS28 7JW,LS28,Terraced,Freehold,False,PUDSEY,LEEDS,WEST YORKSHIRE,A,53.81296,-1.675751,Yorkshire and The Humber,England,Leeds
{01EB45F0-73E6-40F3-E063-4704A8C05FDE},170000,2023-06-09,2023,6,2,LS13 2HP,LS13,Semi-Detached,Freehold,False,LEEDS,LEEDS,WEST YORKSHIRE,A,53.799717,-1.616579,Yorkshire and The Humber,England,Leeds
{01EB45F0-7402-40F3-E063-4704A8C05FDE},175000,2023-06-30,2023,6,2,LS25 7AL,LS25,Terraced,Freehold,False,LEEDS,LEEDS,WEST YORKSHIRE,A,53.778245,-1.381733,Yorkshire and The Humber,England,Leeds
{01EB45F0-740C-40F3-E063-4704A8C05FDE},221250,2022-07-01,2022,7,3,WF10 2FN,WF10,Terraced,Freehold,False,CASTLEFORD,LEEDS,WEST YORKSHIRE,A,53.720072,-1.339079,Yorkshire and The Humber,England,Wakefield
{01EB45F0-7467-40F3-E063-4704A8C05FDE},1000,2021-04-07,2021,4,2,CO2 8DJ,CO2,Other,Freehold,False,COLCHESTER,COLCHESTER,ESSEX,B,51.87314,0.923155,East of England,England,Colchester
{01EB45F0-751C-40F3-E063-4704A8C05FDE},285000,2023-06-01,2023,6,2,TW7 6BJ,TW7,Flat/Maisonette,Leasehold,False,ISLEWORTH,HOUNSLOW,GREATER LONDON,B,51.466465,-0.339706,London,England,Hounslow
{01EB45F0-7532-40F3-E063-4704A8C05FDE},1600000,2022-04-29,2022,4,2,NW4 3YD,NW4,Other,Leasehold,False,LONDON,BARNET,GREATER LONDON,B,51.577902,-0.217806,London,England,Barnet
{01EB45F0-76BB-40F3-E063-4704A8C05FDE},2325000,2022-12-02,2022,12,4,SW1X 7PL,SW1X,Flat/Maisonette,Leasehold,False,LONDON,CITY OF WESTMINSTER,GREATER LONDON,B,51.494162,-0.161823,London,England,Kensington and Chelsea
{01EB45F0-76CE-40F3-E063-4704A8C05FDE},250000,2023-05-26,2023,5,2,LU2 0DX,LU2,Other,Freehold,False,LUTON,LUTON,LUTON,B,51.89175,-0.399907,East of England,England,Luton
{01EB45F0-77F4-40F3-E063-4704A8C05FDE},535000,2023-06-23,2023,6,2,RG17 0NN,RG17,Terraced,Leasehold,False,HUNGERFORD,WEST BERKSHIRE,WEST BERKSHIRE,B,51.41476,-1.518025,South East,England,West Berkshire
{01EB45F0-78D0-40F3-E063-4704A8C05FDE},120000,2023-03-30,2023,3,1,BS2 0BZ,BS2,Flat/Maisonette,Leasehold,False,BRISTOL,CITY OF BRISTOL,CITY OF BRISTOL,B,51.470372,-2.575554,South West,England,"Bristol, City of"
{01EB45F0-78F3-40F3-E063-4704A8C05FDE},290277,2023-06-28,2023,6,2,MK14 5PR,MK14,Detached,Freehold,False,MILTON KEYNES,MILTON KEYNES,MILTON KEYNES,B,52.047184,-0.762253,South East,England,Milton Keynes
{01EB45F0-79B1-40F3-E063-4704A8C05FDE},305000,2023-06-15,2023,6,2,CB23 7GA,CB23,Semi-Detached,Freehold,False,CAMBRIDGE,SOUTH CAMBRIDGESHIRE,CAMBRIDGESHIRE,B,52.216323,-0.083305,East of England,England,South Cambridgeshire
{01EB45F0-79B9-40F3-E063-4704A8C05FDE},220000,2023-05-19,2023,5,2,PE15 8AG,PE15,Semi-Detached,Freehold,False,MARCH,FENLAND,CAMBRIDGESHIRE,B,52.49922,0.066045,East of England,England,Fenland
{01EB45F0-7A74-40F3-E063-4704A8C05FDE},45000,2023-06-15,2023,6,2,TS4 2DJ,TS4,Terraced,Freehold,False,MIDDLESBROUGH,MIDDLESBROUGH,MIDDLESBROUGH,B,54.567358,-1.226987,North East,England,Middlesbrough
{01EB45F0-7B24-40F3-E063-4704A8C05FDE},2000000,2022-12-22,2022,12,4,SK10 4AX,SK10,Other,Freehold,False,MACCLESFIELD,CHESHIRE EAST,CHESHIRE EAST,B,53.291634,-2.105076,North West,England,Cheshire East
{01EB45F0-7BF0-40F3-E063-4704A8C05FDE},111150,2021-12-21,2021,12,4,CW11 3TJ,CW11,Semi-Detached,Freehold,True,SANDBACH,CHESHIRE EAST,CHESHIRE EAST,B,53.143751,-2.352229,North West,England,Cheshire East
{01EB45F0-7C7F-40F3-E063-4704A8C05FDE},330000,2021-02-23,2021,2,1,PL26 7SP,PL26,Other,Freehold,False,ST AUSTELL,CORNWALL,CORNWALL,B,50.381963,-4.793411,South West,England,Cornwall
{01EB45F0-7CA4-40F3-E063-4704A8C05FDE},130000,2021-11-18,2021,11,4,PL30 5HD,PL30,Detached,Freehold,False,BODMIN,CORNWALL,CORNWALL,B,50.58111,-4.791478,South West,England,Cornwall
{01EB45F0-7CC2-40F3-E063-4704A8C05FDE},598500,2021-05-11,2021,5,2,TR11 4GD,TR11,Flat/Maisonette,Leasehold,True,FALMOUTH,CORNWALL,CORNWALL,B,50.157012,-5.074317,South West,England,Cornwall
{01EB45F0-7D68-40F3-E063-4704A8C05FDE},570000,2023-06-12,2023,6,2,CA12 4DL,CA12,Other,Freehold,False,KESWICK,CUMBERLAND,CUMBERLAND,B,54.608414,-3.144783,North West,England,Cumberland
{01EB45F0-7DA9-40F3-E063-4704A8C05FDE},150000,2023-06-21,2023,6,2,LL33 0AP,LL33,Other,Freehold,False,LLANFAIRFECHAN,CONWY,CONWY,B,53.248318,-3.969871,Wales,Wales,Conwy
{01EB45F0-7DB1-40F3-E063-4704A8C05FDE},200000,2023-05-31,2023,5,2,SA1 3EH,SA1,Other,Freehold,False,SWANSEA,SWANSEA,SWANSEA,B,51.641191,-3.908676,Wales,Wales,Swansea
{01EB45F0-7E7D-40F3-E063-4704A8C05FDE},159000,2022-11-29,2022,11,4,NP12 1AU,NP12,Other,Freehold,False,BLACKWOOD,CAERPHILLY,CAERPHILLY,B,51.64887,-3.200269,Wales,Wales,Caerphilly
{01EB45F0-7F8C-40F3-E063-4704A8C05FDE},350000,2023-06-29,2023,6,2,PL1 2NG,PL1,Semi-Detached,Freehold,False,PLYMOUTH,CITY OF PLYMOUTH,CITY OF PLYMOUTH,B,50.367551,-4.135912,South West,England,Plymouth
{01EB45F0-7FA5-40F3-E063-4704A8C05FDE},454000,2023-06-15,2023,6,2,PL1 1RL,PL1,Other,Leasehold,False,PLYMOUTH,CITY OF PLYMOUTH,CITY OF PLYMOUTH,B,50.367551,-4.135912,South West,England,Plymouth
{01EB45F0-7FC2-40F3-E063-4704A8C05FDE},1200000,2023-03-06,2023,3,1,PL1 1RL,PL1,Other,Leasehold,False,PLYMOUTH,CITY OF PLYMOUTH,CITY OF PLYMOUTH,B,50.367551,-4.135912,South West,England,Plymouth
{01EB45F0-7FE8-40F3-E063-4704A8C05FDE},95000,2023-05-24,2023,5,2,EX10 8LY,EX10,Other,Freehold,False,SIDMOUTH,EAST DEVON,DEVON,B,50.718968,-3.284313,South West,England,East Devon
{01EB45F0-8000-40F3-E063-4704A8C05FDE},425000,2023-05-03,2023,5,2,EX17 4LJ,EX17,Other,Freehold,False,CREDITON,MID DEVON,DEVON,B,50.814559,-3.753128,South West,England,Mid Devon
{01EB45F0-8065-40F3-E063-4704A8C05FDE},1100000,2021-10-18,2021,10,4,EX15 3EP,EX15,Other,Freehold,False,CULLOMPTON,MID DEVON,DEVON,B,50.913127,-3.234557,South West,England,Mid Devon
{01EB45F0-81BA-40F3-E063-4704A8C05FDE},45000,2023-07-20,2023,7,3,DL17 8PE,DL17,Terraced,Freehold,False,FERRYHILL,COUNTY DURHAM,COUNTY DURHAM,B,54.699665,-1.519927,North East,England,County Durham
{01EB45F0-81D0-40F3-E063-4704A8C05FDE},110000,2023-03-08,2023,3,1,DH1 2TW,DH1,Semi-Detached,Freehold,False,DURHAM,COUNTY DURHAM,COUNTY DURHAM,B,54.785945,-1.529169,North East,England,County Durham
{01EB45F0-81E3-40F3-E063-4704A8C05FDE},39999,2023-05-24,2023,5,2,SR8 3LS,SR8,Terraced,Freehold,False,PETERLEE,COUNTY DURHAM,COUNTY DURHAM,B,54.765017,-1.340287,North East,England,County Durham
{01EB45F0-8298-40F3-E063-4704A8C05FDE},190000,2023-05-11,2023,5,2,DE73 5QW,DE73,Detached,Freehold,False,DERBY,CITY OF DERBY,CITY OF DERBY,B,52.865627,-1.433556,East Midlands,England,Derby
{01EB45F0-8305-40F3-E063-4704A8C05FDE},108000,2023-07-14,2023,7,3,DE11 9BU,DE11,Flat/Maisonette,Freehold,False,SWADLINCOTE,SOUTH DERBYSHIRE,DERBYSHIRE,B,52.769207,-1.571714,East Midlands,England,South Derbyshire
{01EB45F0-837C-40F3-E063-4704A8C05FDE},187000,2023-02-23,2023,2,1,BN22 7PG,BN22,Terraced,Freehold,False,EASTBOURNE,EASTBOURNE,EAST SUSSEX,B,50.77529,0.294543,South East,England,Eastbourne
{01EB45F0-8391-40F3-E063-4704A8C05FDE},413000,2023-06-15,2023,6,2,RM3 8EX,RM3,Semi-Detached,Freehold,False,ROMFORD,HAVERING,GREATER LONDON,B,51.59171,0.226273,London,England,Havering
{01EB45F0-8491-40F3-E063-4704A8C05FDE},995000,2023-03-20,2023,3,1,TN32 5RE,TN32,Other,Freehold,False,ROBERTSBRIDGE,ROTHER,EAST SUSSEX,B,50.972695,0.535614,South East,England,Rother
{01EB45F0-84FA-40F3-E063-4704A8C05FDE},1150000,2023-02-24,2023,2,1,BN8 5BT,BN8,Other,Freehold,False,LEWES,LEWES,EAST SUSSEX,B,50.891137,0.051302,South East,England,Lewes
{01EB45F0-853F-40F3-E063-4704A8C05FDE},265000,2022-01-31,2022,1,1,RM17 5EH,RM17,Terraced,Freehold,False,GRAYS,THURROCK,THURROCK,B,51.481953,0.33386,East of England,England,Thurrock
{01EB45F0-85C3-40F3-E063-4704A8C05FDE},150000,2023-06-23,2023,6,2,RM18 7BG,RM18,Flat/Maisonette,Leasehold,False,TILBURY,THURROCK,THURROCK,B,51.471297,0.367949,East of England,England,Thurrock
{01EB45F0-868F-40F3-E063-4704A8C05FDE},16000,2023-06-23,2023,6,2,M30 0FP,M30,Other,Freehold,False,MANCHESTER,SALFORD,GREATER MANCHESTER,B,53.484157,-2.344962,North West,England,Salford
{01EB45F0-873A-40F3-E063-4704A8C05FDE},750000,2023-05-31,2023,5,2,M25 0GU,M25,Detached,Freehold,False,MANCHESTER,BURY,GREATER MANCHESTER,B,53.533114,-2.269079,North West,England,Bury
{01EB45F0-8961-40F3-E063-4704A8C05FDE},415000,2023-06-19,2023,6,2,SO19 7GQ,SO19,Semi-Detached,Freehold,False,SOUTHAMPTON,SOUTHAMPTON,SOUTHAMPTON,B,50.900232,-1.360151,South East,England,Southampton
{01EB45F0-89A2-40F3-E063-4704A8C05FDE},335000,2023-06-30,2023,6,2,RG22 6NU,RG22,Detached,Freehold,False,BASINGSTOKE,BASINGSTOKE AND DEANE,HAMPSHIRE,B,51.247603,-1.133634,South East,England,Basingstoke and Deane
{01EB45F0-8A2F-40F3-E063-4704A8C05FDE},7000000,2020-10-05,2020,10,4,GU11 4FF,GU11,Other,Freehold,False,ALDERSHOT,RUSHMOOR,HAMPSHIRE,B,51.247607,-0.765441,South East,England,Rushmoor
{01EB45F0-8A33-40F3-E063-4704A8C05FDE},340000,2023-06-22,2023,6,2,SO40 9JB,SO40,Other,Freehold,False,SOUTHAMPTON,NEW FOREST,HAMPSHIRE,B,50.915681,-1.49976,South East,England,New Forest
{01EB45F0-8AF0-40F3-E063-4704A8C05FDE},185000,2023-06-26,2023,6,2,HU4 7HB,HU4,Terraced,Freehold,False,HULL,CITY OF KINGSTON UPON HULL,CITY OF KINGSTON UPON HULL,B,53.728328,-0.421583,Yorkshire and The Humber,England,"Kingston upon Hull, City of"
{01EB45F0-8B66-40F3-E063-4704A8C05FDE},124857,2023-03-07,2023,3,1,PO36 9QB,PO36,Detached,Freehold,False,SANDOWN,ISLE OF WIGHT,ISLE OF WIGHT,B,50.643296,-1.169846,South East,England,Isle of Wight
{01EB45F0-8D27-40F3-E063-4704A8C05FDE},100000,2023-06-16,2023,6,2,PR2 1BB,PR2,Terraced,Freehold,False,PRESTON,PRESTON,LANCASHIRE,B,53.779934,-2.654823,North West,England,Preston
{01EB45F0-8D58-40F3-E063-4704A8C05FDE},90000,2023-06-21,2023,6,2,BB10 4BJ,BB10,Terraced,Freehold,False,BURNLEY,BURNLEY,LANCASHIRE,B,53.804914,-2.235078,North West,England,Burnley
{01EB45F0-8D6F-40F3-E063-4704A8C05FDE},110000,2023-07-06,2023,7,3,BB4 8LJ,BB4,Terraced,Leasehold,False,ROSSENDALE,ROSSENDALE,LANCASHIRE,B,53.724688,-2.281019,North West,England,Rossendale
{01EB45F0-8E34-40F3-E063-4704A8C05FDE},450000,2023-06-23,2023,6,2,FY5 3LT,FY5,Other,Freehold,False,THORNTON-CLEVELEYS,WYRE,LANCASHIRE,B,53.861768,-3.028081,North West,England,Blackpool
{01EB45F0-900D-40F3-E063-4704A8C05FDE},140500,2023-05-19,2023,5,2,LE3 2BJ,LE3,Terraced,Freehold,False,LEICESTER,LEICESTER,LEICESTER,B,52.626733,-1.152826,East Midlands,England,Leicester
{01EB45F0-90D4-40F3-E063-4704A8C05FDE},900,2021-11-30,2021,11,4,LE4 9NB,LE4,Other,Freehold,False,LEICESTER,LEICESTER,LEICESTER,B,52.668154,-1.139471,East Midlands,England,Leicester
{01EB45F0-9115-40F3-E063-4704A8C05FDE},210000,2023-06-30,2023,6,2,LE3 0JT,LE3,Other,Freehold,False,LEICESTER,LEICESTER,LEICESTER,B,52.626733,-1.152826,East Midlands,England,Leicester
{01EB45F0-9225-40F3-E063-4704A8C05FDE},1250,2022-08-16,2022,8,3,WN5 0JQ,WN5,Other,Freehold,False,WIGAN,WIGAN,GREATER MANCHESTER,B,53.533548,-2.662468,North West,England,Wigan
{01EB45F0-92C5-40F3-E063-4704A8C05FDE},193952,2021-09-30,2021,9,3,B15 1DR,B15,Flat/Maisonette,Leasehold,True,BIRMINGHAM,BIRMINGHAM,WEST MIDLANDS,B,52.469735,-1.930513,West Midlands,England,Birmingham
{01EB45F0-94AF-40F3-E063-4704A8C05FDE},165000,2023-06-20,2023,6,2,L31 7BR,L31,Semi-Detached,Freehold,False,LIVERPOOL,SEFTON,MERSEYSIDE,B,53.510885,-2.941655,North West,England,Sefton
{01EB45F0-94B0-40F3-E063-4704A8C05FDE},175000,2022-02-11,2022,2,1,L1 8AN,L1,Flat/Maisonette,Leasehold,True,LIVERPOOL,LIVERPOOL,MERSEYSIDE,B,53.399414,-2.985366,North West,England,Liverpool
{01EB45F0-94DB-40F3-E063-4704A8C05FDE},260000,2022-09-29,2022,9,3,L15 3HL,L15,Terraced,Freehold,False,LIVERPOOL,LIVERPOOL,MERSEYSIDE,B,53.400438,-2.923513,North West,England,Liverpool
{01EB45F0-94EC-40F3-E063-4704A8C05FDE},370000,2023-01-25,2023,1,1,UB4 0DS,UB4,Terraced,Freehold,False,HAYES,HILLINGDON,GREATER LONDON,B,51.52124,-0.403301,London,England,Hillingdon
{01EB45F0-94F1-40F3-E063-4704A8C05FDE},550000,2023-06-30,2023,6,2,HA8 9AB,HA8,Semi-Detached,Freehold,False,EDGWARE,BARNET,GREATER LONDON,B,51.623247,-0.288294,London,England,Barnet
{01EB45F0-951F-40F3-E063-4704A8C05FDE},775000,2023-06-29,2023,6,2,NW2 5PU,NW2,Terraced,Freehold,False,LONDON,BRENT,GREATER LONDON,B,51.562283,-0.251961,London,England,Brent
{01EB45F0-95CF-40F3-E063-4704A8C05FDE},230000,2017-07-25,2017,7,3,NE18 0QT,NE18,Other,Freehold,False,NEWCASTLE UPON TYNE,NORTHUMBERLAND,NORTHUMBERLAND,B,55.041761,-1.877391,North East,England,Northumberland
{01EB45F0-95D0-40F3-E063-4704A8C05FDE},70000,2023-06-30,2023,6,2,NE64 6DH,NE64,Terraced,Freehold,False,NEWBIGGIN-BY-THE-SEA,NORTHUMBERLAND,NORTHUMBERLAND,B,55.182883,-1.517643,North East,England,Northumberland
{01EB45F0-95F0-40F3-E063-4704A8C05FDE},99000,2016-01-15,2016,1,1,E9 5DX,E9,Other,Freehold,False,LONDON,HACKNEY,GREATER LONDON,B,51.547774,-0.042718,London,England,Hackney
{01EB45F0-95FE-40F3-E063-4704A8C05FDE},350000,2023-02-01,2023,2,1,EN3 5LJ,EN3,Semi-Detached,Freehold,False,ENFIELD,ENFIELD,GREATER LONDON,B,51.664901,-0.038355,London,England,Enfield
{01EB45F0-961C-40F3-E063-4704A8C05FDE},1550000,2023-07-06,2023,7,3,W2 1QA,W2,Terraced,Freehold,False,LONDON,CITY OF WESTMINSTER,GREATER LONDON,B,51.515592,-0.181426,London,England,Westminster
{01EB45F0-97D2-40F3-E063-4704A8C05FDE},210000,2023-03-31,2023,3,1,NN17 1YR,NN17,Semi-Detached,Freehold,False,CORBY,NORTH NORTHAMPTONSHIRE,NORTH NORTHAMPTONSHIRE,B,52.494522,-0.642931,East Midlands,England,North Northamptonshire
{01EB45F0-9876-40F3-E063-4704A8C05FDE},660000,2022-11-28,2022,11,4,NG3 5AJ,NG3,Detached,Freehold,False,NOTTINGHAM,CITY OF NOTTINGHAM,CITY OF NOTTINGHAM,B,52.96734,-1.118449,East Midlands,England,Gedling
{01EB45F0-98FB-40F3-E063-4704A8C05FDE},87000,2023-05-26,2023,5,2,NG18 4AQ,NG18,Terraced,Freehold,False,MANSFIELD,MANSFIELD,NOTTINGHAMSHIRE,B,53.136892,-1.193955,East Midlands,England,Mansfield
{01EB45F0-9970-40F3-E063-4704A8C05FDE},192995,2022-06-30,2022,6,2,NG22 9XU,NG22,Other,Freehold,True,NEWARK,NEWARK AND SHERWOOD,NOTTINGHAMSHIRE,B,53.232856,-0.886169,East Midlands,England,Bassetlaw
{01EB45F0-9ADC-40F3-E063-4704A8C05FDE},2270000,2021-10-12,2021,10,4,OX5 3DP,OX5,Other,Freehold,False,KIDLINGTON,CHERWELL,OXFORDSHIRE,B,51.83087,-1.301219,South East,England,Cherwell
{01EB45F0-9B0C-40F3-E063-4704A8C05FDE},340000,2017-06-23,2017,6,2,SN7 7EA,SN7,Other,Freehold,False,FARINGDON,VALE OF WHITE HORSE,OXFORDSHIRE,B,51.636567,-1.505131,South East,England,Vale of White Horse
{01EB45F0-9BE2-40F3-E063-4704A8C05FDE},892000,2023-05-05,2023,5,2,DE13 0QJ,DE13,Other,Freehold,False,BURTON-ON-TRENT,EAST STAFFORDSHIRE,STAFFORDSHIRE,B,52.831495,-1.624434,West Midlands,England,East Staffordshire
{01EB45F0-9C85-40F3-E063-4704A8C05FDE},115750,2023-06-30,2023,6,2,WS3 2AX,WS3,Terraced,Freehold,False,WALSALL,WALSALL,WEST MIDLANDS,B,52.615995,-2.002255,West Midlands,England,Walsall
{01EB45F0-9CD5-40F3-E063-4704A8C05FDE},230000,2023-06-23,2023,6,2,DA8 2PS,DA8,Terraced,Freehold,False,ERITH,BEXLEY,GREATER LONDON,B,51.484994,0.170386,London,England,Bexley
{01EB45F0-9D86-40F3-E063-4704A8C05FDE},228000,2023-04-04,2023,4,2,CR8 2LP,CR8,Flat/Maisonette,Leasehold,False,PURLEY,CROYDON,GREATER LONDON,B,51.33776,-0.118166,London,England,Croydon
{01EB45F0-9D8C-40F3-E063-4704A8C05FDE},310100,2022-09-23,2022,9,3,CR8 2QF,CR8,Flat/Maisonette,Leasehold,True,PURLEY,CROYDON,GREATER LONDON,B,51.33776,-0.118166,London,England,Croydon
{01EB45F0-9DBC-40F3-E063-4704A8C05FDE},251965,2021-12-23,2021,12,4,PO8 9FJ,PO8,Other,Freehold,True,WATERLOOVILLE,HAVANT,HAMPSHIRE,B,50.902483,-1.023724,South East,England,Havant
{01EB45F0-9DDD-40F3-E063-4704A8C05FDE},501500,2023-04-26,2023,4,2,IP11 2EY,IP11,Other,Freehold,False,FELIXSTOWE,EAST SUFFOLK,SUFFOLK,B,51.959709,1.342883,East of England,England,East Suffolk
{01EB45F0-9DF3-40F3-E063-4704A8C05FDE},107500,2023-06-02,2023,6,2,NR33 7RG,NR33,Other,Freehold,False,LOWESTOFT,EAST SUFFOLK,SUFFOLK,B,52.467446,1.740933,East of England,England,East Suffolk
{01EB45F0-9EB5-40F3-E063-4704A8C05FDE},155000,2021-05-19,2021,5,2,SY2 5WA,SY2,Terraced,Freehold,True,SHREWSBURY,SHROPSHIRE,SHROPSHIRE,B,52.711481,-2.715218,West Midlands,England,Shropshire
{01EB45F0-9F1B-40F3-E063-4704A8C05FDE},395000,2023-07-07,2023,7,3,TA21 9EJ,TA21,Semi-Detached,Freehold,False,WELLINGTON,SOMERSET,SOMERSET,B,50.975887,-3.275677,South West,England,Somerset
{01EB45F0-9F69-40F3-E063-4704A8C05FDE},337995,2021-12-23,2021,12,4,TA4 1FE,TA4,Semi-Detached,Freehold,True,TAUNTON,SOMERSET,SOMERSET,B,51.044472,-3.311741,South West,England,Somerset
{01EB45F0-9F78-40F3-E063-4704A8C05FDE},280000,2022-11-17,2022,11,4,BS23 1XL,BS23,Flat/Maisonette,Leasehold,False,WESTON-SUPER-MARE,NORTH SOMERSET,NORTH SOMERSET,B,51.345358,-2.965043,South West,England,North Somerset
{01EB45F0-9F90-40F3-E063-4704A8C05FDE},60000,2023-07-13,2023,7,3,TA7 0BL,TA7,Other,Freehold,False,BRIDGWATER,SOMERSET,SOMERSET,B,51.167934,-2.974753,South West,England,Somerset
{01EB45F0-9FA1-40F3-E063-4704A8C05FDE},300000,2023-05-02,2023,5,2,TN39 3TB,TN39,Detached,Freehold,False,BEXHILL-ON-SEA,ROTHER,EAST SUSSEX,B,50.844347,0.455288,South East,England,Rother
{01EB45F0-9FB6-40F3-E063-4704A8C05FDE},1225000,2021-06-28,2021,6,2,GU8 4AA,GU8,Other,Freehold,False,GODALMING,WAVERLEY,SURREY,B,51.171646,-0.640516,South East,England,Waverley
{01EB45F0-9FC4-40F3-E063-4704A8C05FDE},4850000,2022-11-04,2022,11,4,KT2 7QE,KT2,Other,Freehold,False,KINGSTON UPON THAMES,KINGSTON UPON THAMES,GREATER LONDON,B,51.415934,-0.304952,London,England,Kingston upon Thames
{01EB45F0-A0FA-40F3-E063-4704A8C05FDE},68500,2023-06-20,2023,6,2,S5 7AG,S5,Terraced,Leasehold,False,SHEFFIELD,SHEFFIELD,SOUTH YORKSHIRE,B,53.431253,-1.482875,Yorkshire and The Humber,England,Sheffield
{01EB45F0-A104-40F3-E063-4704A8C05FDE},210000,2023-06-21,2023,6,2,S10 1EG,S10,Terraced,Leasehold,False,SHEFFIELD,SHEFFIELD,SOUTH YORKSHIRE,B,53.386063,-1.509673,Yorkshire and The Humber,England,Sheffield
{01EB45F0-A1BC-40F3-E063-4704A8C05FDE},227500,2023-05-17,2023,5,2,S75 6AA,S75,Other,Freehold,False,BARNSLEY,BARNSLEY,SOUTH YORKSHIRE,B,53.542547,-1.519096,Yorkshire and The Humber,England,Barnsley
{01EB45F0-A1C2-40F3-E063-4704A8C05FDE},150000,2023-06-09,2023,6,2,DN3 2FP,DN3,Terraced,Freehold,False,DONCASTER,DONCASTER,SOUTH YORKSHIRE,B,53.540066,-1.064535,Yorkshire and The Humber,England,Doncaster
{01EB45F0-A269-40F3-E063-4704A8C05FDE},146000,2022-10-12,2022,10,4,S6 1WD,S6,Terraced,Freehold,False,SHEFFIELD,SHEFFIELD,SOUTH YORKSHIRE,B,53.40497,-1.506208,Yorkshire and The Humber,England,Sheffield
{01EB45F0-A278-40F3-E063-4704A8C05FDE},1170,2023-07-11,2023,7,3,S35 1QD,S35,Other,Freehold,False,SHEFFIELD,SHEFFIELD,SOUTH YORKSHIRE,B,53.466653,-1.485592,Yorkshire and The Humber,England,Sheffield
{01EB45F0-A304-40F3-E063-4704A8C05FDE},135000,2023-04-14,2023,4,2,E16 2FQ,E16,Other,Leasehold,False,LONDON,NEWHAM,GREATER LONDON,B,51.504144,0.02387,London,England,Newham
{01EB45F0-A3C0-40F3-E063-4704A8C05FDE},123091,2021-08-27,2021,8,3,TN4 0FJ,TN4,Flat/Maisonette,Leasehold,True,TUNBRIDGE WELLS,TUNBRIDGE WELLS,KENT,B,51.137046,0.258696,South East,England,Tunbridge Wells
{01EB45F0-A3CE-40F3-E063-4704A8C05FDE},60808,2021-11-23,2021,11,4,ME6 5GD,ME6,Flat/Maisonette,Leasehold,False,SNODLAND,TONBRIDGE AND MALLING,KENT,B,51.32857,0.440272,South East,England,Tonbridge and Malling
{01EB45F0-A434-40F3-E063-4704A8C05FDE},130000,2023-06-07,2023,6,2,NE3 4TA,NE3,Terraced,Freehold,False,NEWCASTLE UPON TYNE,NEWCASTLE UPON TYNE,TYNE AND WEAR,B,55.01919,-1.660212,North East,England,Newcastle upon Tyne
{01EB45F0-A48F-40F3-E063-4704A8C05FDE},171000,2023-07-06,2023,7,3,NE2 1RE,NE2,Flat/Maisonette,Freehold,False,NEWCASTLE UPON TYNE,NEWCASTLE UPON TYNE,TYNE AND WEAR,B,54.980913,-1.6078,North East,England,Newcastle upon Tyne
{01EB45F0-A53F-40F3-E063-4704A8C05FDE},131622,2022-10-26,2022,10,4,SR2 8HG,SR2,Flat/Maisonette,Leasehold,False,SUNDERLAND,SUNDERLAND,TYNE AND WEAR,B,54.869384,-1.365354,North East,England,Sunderland
{01EB45F0-A5D0-40F3-E063-4704A8C05FDE},70000,2023-06-27,2023,6,2,CF44 6RB,CF44,Other,Freehold,False,ABERDARE,RHONDDA CYNON TAFF,RHONDDA CYNON TAFF,B,51.702765,-3.409405,Wales,Wales,Rhondda Cynon Taf
{01EB45F0-A704-40F3-E063-4704A8C05FDE},117000,2023-06-19,2023,6,2,B23 7PH,B23,Terraced,Freehold,False,BIRMINGHAM,BIRMINGHAM,WEST MIDLANDS,B,52.515717,-1.85038,West Midlands,England,Birmingham
{01EB45F0-A723-40F3-E063-4704A8C05FDE},3600000,2017-04-07,2017,4,2,B78 2FG,B78,Other,Freehold,False,TAMWORTH,NORTH WARWICKSHIRE,WARWICKSHIRE,B,52.612406,-1.609942,West Midlands,England,North Warwickshire
{01EB45F0-A74D-40F3-E063-4704A8C05FDE},330000,2022-06-30,2022,6,2,CV8 1LH,CV8,Semi-Detached,Freehold,True,KENILWORTH,WARWICK,WARWICKSHIRE,B,52.355253,-1.590901,West Midlands,England,Warwick
{01EB45F0-A793-40F3-E063-4704A8C05FDE},100500,2022-06-20,2022,6,2,WS2 0AQ,WS2,Terraced,Freehold,False,WALSALL,WALSALL,WEST MIDLANDS,B,52.589816,-1.994726,West Midlands,England,Walsall
{01EB45F0-A7C3-40F3-E063-4704A8C05FDE},200000,2023-01-20,2023,1,1,CV1 2DE,CV1,Terraced,Freehold,False,COVENTRY,COVENTRY,WEST MIDLANDS,B,52.403897,-1.490457,West Midlands,England,Coventry
{01EB45F0-A7EA-40F3-E063-4704A8C05FDE},195000,2022-03-25,2022,3,1,CV6 6LT,CV6,Detached,Freehold,False,COVENTRY,COVENTRY,WEST MIDLANDS,B,52.43714,-1.522304,West Midlands,England,Coventry
{01EB45F0-A7FC-40F3-E063-4704A8C05FDE},130000,2023-06-09,2023,6,2,B31 1SE,B31,Semi-Detached,Freehold,False,BIRMINGHAM,BIRMINGHAM,WEST MIDLANDS,B,52.422701,-1.984539,West Midlands,England,Birmingham
{01EB45F0-A94C-40F3-E063-4704A8C05FDE},90445,2022-12-22,2022,12,4,PO21 1AH,PO21,Flat/Maisonette,Leasehold,False,BOGNOR REGIS,ARUN,WEST SUSSEX,B,50.787852,-0.709929,South East,England,Arun
{01EB45F0-A9B7-40F3-E063-4704A8C05FDE},40035,2023-01-12,2023,1,1,BN18 0QZ,BN18,Other,Freehold,True,ARUNDEL,ARUN,WEST SUSSEX,B,50.816671,-0.598847,South East,England,Arun
{01EB45F0-AB0E-40F3-E063-4704A8C05FDE},29000,2023-01-25,2023,1,1,LS9 6JN,LS9,Flat/Maisonette,Leasehold,False,LEEDS,LEEDS,WEST YORKSHIRE,B,53.790047,-1.5172,Yorkshire and The Humber,England,Leeds
{01EB45F0-AB2A-40F3-E063-4704A8C05FDE},267500,2023-06-23,2023,6,2,LS6 2EY,LS6,Semi-Detached,Freehold,False,LEEDS,LEEDS,WEST YORKSHIRE,B,53.817266,-1.58542,Yorkshire and The Humber,England,Leeds
{01EB45F0-AB6B-40F3-E063-4704A8C05FDE},96100,2023-06-30,2023,6,2,HX3 6DR,HX3,Terraced,Freehold,False,HALIFAX,CALDERDALE,WEST YORKSHIRE,B,53.733293,-1.865585,Yorkshire and The Humber,England,Calderdale
{01EB45F0-AC03-40F3-E063-4704A8C05FDE},52000,2023-03-03,2023,3,1,HD5 8HY,HD5,Terraced,Leasehold,False,HUDDERSFIELD,KIRKLEES,WEST YORKSHIRE,B,53.660236,-1.723211,Yorkshire and The Humber,England,Kirklees
{01EB45F0-AC87-40F3-E063-4704A8C05FDE},500,2023-04-20,2023,4,2,BD5 9EX,BD5,Other,Freehold,False,BRADFORD,BRADFORD,WEST YORKSHIRE,B,53.773433,-1.743893,Yorkshire and The Humber,England,Bradford
{01EB45F0-AC90-40F3-E063-4704A8C05FDE},35000,2021-02-17,2021,2,1,LS23 6TU,LS23,Other,Freehold,False,WETHERBY,LEEDS,WEST YORKSHIRE,B,53.891872,-1.346066,Yorkshire and The Humber,England,Leeds
{01EF780B-7B59-436E-90D3-CC8018F75A4F},230000,2015-02-11,2015,2,1,SL6 6ET,SL6,Flat/Maisonette,Leasehold,False,MAIDENHEAD,WINDSOR AND MAIDENHEAD,WINDSOR AND MAIDENHEAD,A,51.52585,-0.759142,South East,England,Windsor and Maidenhead
{01F0E380-8304-4E73-BA1A-CE68F0BAF84C},142000,2015-05-08,2015,5,2,PR8 3DX,PR8,Semi-Detached,Leasehold,False,SOUTHPORT,SEFTON,MERSEYSIDE,A,53.593282,-3.046891,North West,England,Sefton
{01FFC5B2-A9C4-4DB2-B1D8-952091F4F3F4},70500,2015-05-22,2015,5,2,NE61 5JF,NE61,Terraced,Freehold,False,MORPETH,NORTHUMBERLAND,NORTHUMBERLAND,A,55.161368,-1.695212,North East,England,Northumberland
{02023E46-7327-4660-8C15-ED24329C45D0},495000,2015-07-01,2015,7,3,N22 5NJ,N22,Flat/Maisonette,Leasehold,False,LONDON,HARINGEY,GREATER LONDON,A,51.605225,-0.115591,London,England,Haringey
{02082703-C3A2-45F8-96C6-6BE6C0EB735D},181000,2015-01-26,2015,1,1,PE23 5GE,PE23,Detached,Freehold,False,SPILSBY,EAST LINDSEY,LINCOLNSHIRE,A,53.174557,0.097004,East Midlands,England,East Lindsey
{020B024C-DE63-4E38-9375-845073BA9E0D},292500,2015-06-02,2015,6,2,MK17 0JQ,MK17,Detached,Freehold,False,MILTON KEYNES,AYLESBURY VALE,BUCKINGHAMSHIRE,A,52.015912,-0.650851,South East,England,Milton Keynes
{021DC4BD-AD8B-4CEB-AEFC-A5DCE278944B},2250000,2015-07-07,2015,7,3,W10 6LX,W10,Terraced,Freehold,False,LONDON,KENSINGTON AND CHELSEA,GREATER LONDON,A,51.517404,-0.219247,London,England,Kensington and Chelsea
{02309517-C57F-4712-AB73-07544B00A4B0},251000,2015-04-21,2015,4,2,BS7 0JS,BS7,Terraced,Freehold,False,BRISTOL,CITY OF BRISTOL,CITY OF BRISTOL,A,51.499105,-2.576377,South West,England,"Bristol, City of"
{02405074-FEAF-4E29-B0BF-E42310ABD505},147000,2015-06-25,2015,6,2,RG24 9HQ,RG24,Flat/Maisonette,Leasehold,False,BASINGSTOKE,BASINGSTOKE AND DEANE,HAMPSHIRE,A,51.290139,-1.082024,South East,England,Basingstoke and Deane
{02486169-C6F4-4742-AF1B-085008E72501},155000,2015-05-14,2015,5,2,CV9 2LR,CV9,Semi-Detached,Freehold,False,ATHERSTONE,NORTH WARWICKSHIRE,WARWICKSHIRE,A,52.575663,-1.543894,West Midlands,England,North Warwickshire
{029478BB-B481-4A11-9CD4-9F07E84DE56C},117000,2015-04-17,2015,4,2,BH15 2HP,BH15,Flat/Maisonette,Leasehold,True,POOLE,POOLE,POOLE,A,50.722211,-1.97379,South West,England,"Bournemouth, Christchurch and Poole"
{02A0CAC2-4B44-4539-B9BA-51B6AC55A6C6},216000,2015-05-01,2015,5,2,HP3 9DD,HP3,Flat/Maisonette,Leasehold,False,HEMEL HEMPSTEAD,DACORUM,HERTFORDSHIRE,A,51.741073,-0.493083,East of England,England,Dacorum
{02A24E1C-EB7F-4C30-8A6E-3A208E6FE993},66000,2015-06-23,2015,6,2,M5 5EB,M5,Flat/Maisonette,Leasehold,False,SALFORD,SALFORD,GREATER MANCHESTER,A,53.478991,-2.267065,North West,England,Salford
{02BA1728-17EE-4D1D-94BE-CE0F71AA57B5},187500,2015-01-23,2015,1,1,B23 5QJ,B23,Semi-Detached,Freehold,False,BIRMINGHAM,BIRMINGHAM,WEST MIDLANDS,A,52.515717,-1.85038,West Midlands,England,Birmingham
{02BB6E3B-C6D3-49E5-A315-7BFCFEEE49D2},178500,2015-06-08,2015,6,2,NR27 0LF,NR27,Terraced,Freehold,False,CROMER,NORTH NORFOLK,NORFOLK,A,52.929582,1.244478,East of England,England,North Norfolk
{02BBC17E-7722-4422-AD71-37FB2BD5073F},142000,2015-05-29,2015,5,2,EX7 0AQ,EX7,Semi-Detached,Freehold,False,DAWLISH,TEIGNBRIDGE,DEVON,A,50.591689,-3.463818,South West,England,Teignbridge
{02CC604F-FC77-4529-BAE8-CDA33EC19078},151000,2015-07-02,2015,7,3,IP3 0EW,IP3,Semi-Detached,Freehold,False,IPSWICH,IPSWICH,SUFFOLK,A,52.049897,1.175872,East of England,England,Ipswich
{02CEB31E-AA32-4256-A309-9905EE663E72},75000,2015-05-27,2015,5,2,CF32 7AS,CF32,Terraced,Freehold,False,BRIDGEND,BRIDGEND,BRIDGEND,A,51.613178,-3.544791,Wales,Wales,Bridgend
{02DF532F-1F6E-47AC-A606-DEAF4926BDDE},140000,2015-03-27,2015,3,1,SN15 1DS,SN15,Flat/Maisonette,Leasehold,False,CHIPPENHAM,WILTSHIRE,WILTSHIRE,A,51.479401,-2.13035,South West,England,Wiltshire
{02E39EFC-6104-4828-80C9-BECC46D7F4EB},235000,2015-06-05,2015,6,2,RG12 9AE,RG12,Flat/Maisonette,Leasehold,False,BRACKNELL,BRACKNELL FOREST,BRACKNELL FOREST,A,51.393641,-0.761846,South East,England,Bracknell Forest
{03002675-3488-4E4A-837C-EC02D9A50451},155000,2015-01-09,2015,1,1,NR5 0SD,NR5,Terraced,Freehold,False,NORWICH,SOUTH NORFOLK,NORFOLK,A,52.629603,1.218133,East of England,England,Norwich
{0305B726-624D-482A-8561-F41A67CD4000},60000,2015-01-19,2015,1,1,NE34 9HW,NE34,Terraced,Freehold,False,SOUTH SHIELDS,SOUTH TYNESIDE,TYNE AND WEAR,A,54.96528,-1.41209,North East,England,South Tyneside
{030E3CEF-311B-46A8-95A1-89F120AA6B7F},220000,2015-06-19,2015,6,2,RM6 4UG,RM6,Flat/Maisonette,Leasehold,False,ROMFORD,REDBRIDGE,GREATER LONDON,A,51.572292,0.140368,London,England,Barking and Dagenham
{03150870-C9CB-4113-B882-13A71677A2FA},618000,2015-02-11,2015,2,1,SE1 3TY,SE1,Flat/Maisonette,Leasehold,False,LONDON,SOUTHWARK,GREATER LONDON,A,51.496767,-0.077494,London,England,Southwark
{031B3049-E2B3-4C56-82CB-8FF0BAB69CC3},485000,2015-01-23,2015,1,1,SW8 3QD,SW8,Flat/Maisonette,Leasehold,False,LONDON,WANDSWORTH,GREATER LONDON,A,,,,,
{033BD5C8-EC9F-417A-8C41-1BC8BF15A2C1},279950,2015-09-18,2015,9,3,BL9 8PX,BL9,Detached,Leasehold,False,BURY,BURY,GREATER MANCHESTER,A,53.600024,-2.291566,North West,England,Bury
{0344044C-48C2-41C6-9244-868CDD25B6B1},630000,2015-04-28,2015,4,2,E11 4QT,E11,Terraced,Freehold,False,LONDON,WALTHAM FOREST,GREATER LONDON,A,51.563984,0.022689,London,England,Redbridge
{03563CCC-1E58-4D58-AF69-35AAD278A475},200000,2015-07-31,2015,7,3,LL65 2YR,LL65,Flat/Maisonette,Leasehold,True,HOLYHEAD,ISLE OF ANGLESEY,ISLE OF ANGLESEY,A,53.314231,-4.638557,Wales,Wales,Isle of Anglesey
{0357CF7E-3D67-4D08-85F1-9A610E83C302},50000,2015-06-01,2015,6,2,NE31 2DX,NE31,Flat/Maisonette,Leasehold,False,HEBBURN,SOUTH TYNESIDE,TYNE AND WEAR,A,54.980785,-1.510457,North East,England,South Tyneside
{037D85F2-967F-4655-AD8C-AD74C9F42BA3},129000,2015-05-22,2015,5,2,CH2 2FA,CH2,Flat/Maisonette,Leasehold,False,CHESTER,CHESHIRE WEST AND CHESTER,CHESHIRE WEST AND CHESTER,A,53.208875,-2.883947,North West,England,Cheshire West and Chester
{038DD3E4-B699-41A3-9468-36FAD4633B7A},248000,2015-07-24,2015,7,3,B14 7RZ,B14,Terraced,Freehold,False,BIRMINGHAM,BIRMINGHAM,WEST MIDLANDS,A,52.427231,-1.906416,West Midlands,England,Birmingham
{03932DA8-D4C9-4F3C-B901-DB64FEC028D1},345000,2015-09-01,2015,9,3,CV34 5JF,CV34,Terraced,Freehold,False,WARWICK,WARWICK,WARWICKSHIRE,A,52.294903,-1.5943,West Midlands,England,Warwick
{0394739F-8F1B-4669-8FA8-4C806CB9BD89},150000,2015-04-22,2015,4,2,TA2 7BW,TA2,Terraced,Freehold,False,TAUNTON,TAUNTON DEANE,SOMERSET,A,51.026267,-3.110892,South West,England,Somerset
{03B23154-3C28-44AE-9EF8-C6838A9CB8E4},171750,2015-02-12,2015,2,1,GL5 3TA,GL5,Semi-Detached,Freehold,False,STROUD,STROUD,GLOUCESTERSHIRE,A,51.718346,-2.231787,South West,England,Stroud
{03BA3A8C-DA71-4665-862A-BA7AF6B7AF2A},217000,2015-09-25,2015,9,3,BA21 3LR,BA21,Semi-Detached,Freehold,False,YEOVIL,SOUTH SOMERSET,SOMERSET,A,50.957124,-2.603358,South West,England,Somerset
{03C64789-FC2E-40A6-9067-35B8636ABEFA},62000,2015-06-12,2015,6,2,WV2 1HE,WV2,Terraced,Freehold,False,WOLVERHAMPTON,WOLVERHAMPTON,WEST MIDLANDS,A,52.571769,-2.108074,West Midlands,England,Wolverhampton
{0403ACC7-E2E4-4C95-8D79-51EFB1745FB5},200000,2015-04-30,2015,4,2,CW11 1JL,CW11,Terraced,Freehold,False,SANDBACH,CHESHIRE EAST,CHESHIRE EAST,A,53.143751,-2.352229,North West,England,Cheshire East
{043E100E-B4C4-4008-9C92-9C0BEC3C1ED0},300000,2015-02-27,2015,2,1,HG1 5JQ,HG1,Terraced,Freehold,False,HARROGATE,HARROGATE,NORTH YORKSHIRE,A,53.993275,-1.529254,Yorkshire and The Humber,England,North Yorkshire
{045A1898-3EC3-9A24-E063-4804A8C048EA},427000,2023-06-12,2023,6,2,SE18 7TG,SE18,Terraced,Freehold,False,LONDON,GREENWICH,GREATER LONDON,A,51.494899,0.071752,London,England,Greenwich
{045A1898-3EF4-9A24-E063-4804A8C048EA},2600000,2023-08-03,2023,8,3,NW6 1PZ,NW6,Terraced,Freehold,False,LONDON,CAMDEN,GREATER LONDON,A,51.544167,-0.20988,London,England,Brent
{045A1898-3F63-9A24-E063-4804A8C048EA},315000,2021-10-28,2021,10,4,CM9 6AG,CM9,Semi-Detached,Freehold,False,MALDON,MALDON,ESSEX,A,51.731796,0.669463,East of England,England,Maldon
{045A1898-4014-9A24-E063-4804A8C048EA},290000,2021-06-04,2021,6,2,CM9 4RX,CM9,Terraced,Freehold,False,MALDON,MALDON,ESSEX,A,51.731796,0.669463,East of England,England,Maldon
{045A1898-40A3-9A24-E063-4804A8C048EA},840000,2022-09-28,2022,9,3,SS7 1HL,SS7,Detached,Freehold,False,BENFLEET,CASTLE POINT,ESSEX,A,51.554368,0.620914,East of England,England,Castle Point
{045A1898-4132-9A24-E063-4804A8C048EA},755000,2021-11-26,2021,11,4,SS5 4ED,SS5,Detached,Freehold,False,HOCKLEY,ROCHFORD,ESSEX,A,51.623604,0.611074,East of England,England,Rochford
{045A1898-416A-9A24-E063-4804A8C048EA},218000,2023-01-30,2023,1,1,UB5 6YL,UB5,Flat/Maisonette,Leasehold,False,NORTHOLT,HILLINGDON,GREATER LONDON,A,51.537794,-0.373767,London,England,Ealing
{045A1898-419E-9A24-E063-4804A8C048EA},828000,2023-07-21,2023,7,3,EN4 8EY,EN4,Semi-Detached,Freehold,False,BARNET,BARNET,GREATER LONDON,A,51.645615,-0.146986,London,England,Enfield
{045A1898-41E8-9A24-E063-4804A8C048EA},285000,2021-08-03,2021,8,3,E17 9BS,E17,Flat/Maisonette,Leasehold,False,LONDON,WALTHAM FOREST,GREATER LONDON,A,51.579004,-0.031909,London,England,Waltham Forest
{045A1898-421E-9A24-E063-4804A8C048EA},515000,2023-01-23,2023,1,1,UB3 2FY,UB3,Terraced,Freehold,False,HAYES,HILLINGDON,GREATER LONDON,A,51.511522,-0.415444,London,England,Hillingdon
{045A1898-4267-9A24-E063-4804A8C048EA},686000,2023-06-16,2023,6,2,E9 6FJ,E9,Flat/Maisonette,Leasehold,False,LONDON,HACKNEY,GREATER LONDON,A,51.547774,-0.042718,London,England,Hackney
{045A1898-42D9-9A24-E063-4804A8C048EA},408000,2023-02-16,2023,2,1,N14 6BZ,N14,Flat/Maisonette,Leasehold,False,LONDON,ENFIELD,GREATER LONDON,A,51.629147,-0.125305,London,England,Enfield
{045A1898-437F-9A24-E063-4804A8C048EA},393500,2023-03-03,2023,3,1,HA1 4TN,HA1,Flat/Maisonette,Leasehold,False,HARROW,HARROW,GREATER LONDON,A,51.577763,-0.333257,London,England,Harrow
{045A1898-438D-9A24-E063-4804A8C048EA},690000,2023-03-24,2023,3,1,N5 2NR,N5,Flat/Maisonette,Leasehold,False,LONDON,ISLINGTON,GREATER LONDON,A,51.548756,-0.105274,London,England,Islington
{045A1898-439A-9A24-E063-4804A8C048EA},300000,2023-07-06,2023,7,3,W3 7HH,W3,Flat/Maisonette,Leasehold,False,LONDON,EALING,GREATER LONDON,A,51.510303,-0.273018,London,England,Ealing
{045A1898-43EB-9A24-E063-4804A8C048EA},307500,2021-10-29,2021,10,4,W7 3AS,W7,Flat/Maisonette,Leasehold,False,LONDON,EALING,GREATER LONDON,A,51.505633,-0.336943,London,England,Ealing
{045A1898-4452-9A24-E063-4804A8C048EA},402065,2022-01-14,2022,1,1,E14 0XF,E14,Flat/Maisonette,Leasehold,True,LONDON,TOWER HAMLETS,GREATER LONDON,A,51.495959,-0.022969,London,England,Tower Hamlets
{045A1898-4582-9A24-E063-4804A8C048EA},438000,2022-10-06,2022,10,4,NW7 1UP,NW7,Flat/Maisonette,Leasehold,True,LONDON,BARNET,GREATER LONDON,A,51.606201,-0.23862,London,England,Barnet
{045A1898-45F2-9A24-E063-4804A8C048EA},476152,2021-11-26,2021,11,4,E9 5TF,E9,Flat/Maisonette,Leasehold,True,LONDON,HACKNEY,GREATER LONDON,A,51.547774,-0.042718,London,England,Hackney
{045A1898-4659-9A24-E063-4804A8C048EA},245000,2023-07-07,2023,7,3,BS37 6DL,BS37,Semi-Detached,Freehold,False,BRISTOL,SOUTH GLOUCESTERSHIRE,SOUTH GLOUCESTERSHIRE,A,51.544313,-2.427797,South West,England,South Gloucestershire
{045A1898-4666-9A24-E063-4804A8C048EA},260000,2023-07-14,2023,7,3,BA2 1BJ,BA2,Terraced,Freehold,False,BATH,BATH AND NORTH EAST SOMERSET,BATH AND NORTH EAST SOMERSET,A,51.370463,-2.353513,South West,England,Bath and North East Somerset
{045A1898-4679-9A24-E063-4804A8C048EA},320000,2023-07-03,2023,7,3,BS15 4LT,BS15,Semi-Detached,Freehold,False,BRISTOL,SOUTH GLOUCESTERSHIRE,SOUTH GLOUCESTERSHIRE,A,51.454128,-2.491474,South West,England,South Gloucestershire
{045A1898-469A-9A24-E063-4804A8C048EA},445000,2023-07-19,2023,7,3,GL9 1BH,GL9,Detached,Freehold,False,BADMINTON,SOUTH GLOUCESTERSHIRE,SOUTH GLOUCESTERSHIRE,A,51.50347,-2.331244,South West,England,South Gloucestershire
{045A1898-46AC-9A24-E063-4804A8C048EA},250000,2023-03-10,2023,3,1,BS15 8AJ,BS15,Terraced,Freehold,False,BRISTOL,CITY OF BRISTOL,CITY OF BRISTOL,A,51.454128,-2.491474,South West,England,South Gloucestershire
{045A1898-46FD-9A24-E063-4804A8C048EA},120000,2023-07-04,2023,7,3,BS23 2BH,BS23,Flat/Maisonette,Leasehold,False,WESTON-SUPER-MARE,NORTH SOMERSET,NORTH SOMERSET,A,51.345358,-2.965043,South West,England,North Somerset
{045A1898-47A4-9A24-E063-4804A8C048EA},475000,2023-08-04,2023,8,3,BS20 8RE,BS20,Detached,Freehold,False,BRISTOL,NORTH SOMERSET,NORTH SOMERSET,A,51.478646,-2.691649,South West,England,North Somerset
{045A1898-47E9-9A24-E063-4804A8C048EA},325000,2023-07-07,2023,7,3,BS5 8UB,BS5,Terraced,Freehold,False,BRISTOL,CITY OF BRISTOL,CITY OF BRISTOL,A,51.452837,-2.527941,South West,England,"Bristol, City of"
{045A1898-4815-9A24-E063-4804A8C048EA},375000,2023-07-17,2023,7,3,BS1 5PX,BS1,Flat/Maisonette,Leasehold,False,BRISTOL,CITY OF BRISTOL,CITY OF BRISTOL,A,51.454132,-2.588346,South West,England,"Bristol, City of"
{045A1898-483F-9A24-E063-4804A8C048EA},777000,2022-03-31,2022,3,1,SW1V 4PB,SW1V,Flat/Maisonette,Leasehold,False,LONDON,CITY OF WESTMINSTER,GREATER LONDON,A,51.491687,-0.136583,London,England,Westminster
{045A1898-4982-9A24-E063-4804A8C048EA},175000,2022-07-02,2022,7,3,LU1 3DD,LU1,Flat/Maisonette,Leasehold,False,LUTON,LUTON,LUTON,A,51.882351,-0.445921,East of England,England,Luton
{045A1898-49F2-9A24-E063-4804A8C048EA},115000,2023-05-16,2023,5,2,MK40 1AT,MK40,Flat/Maisonette,Leasehold,False,BEDFORD,BEDFORD,BEDFORD,A,52.144142,-0.452158,East of England,England,Bedford
{045A1898-49FF-9A24-E063-4804A8C048EA},363000,2023-08-11,2023,8,3,LU7 9SL,LU7,Semi-Detached,Freehold,False,LEIGHTON BUZZARD,CENTRAL BEDFORDSHIRE,CENTRAL BEDFORDSHIRE,A,51.91991,-0.660256,East of England,England,Central Bedfordshire
{045A1898-4A5C-9A24-E063-4804A8C048EA},372500,2021-10-29,2021,10,4,SG18 9RD,SG18,Semi-Detached,Freehold,True,BIGGLESWADE,CENTRAL BEDFORDSHIRE,CENTRAL BEDFORDSHIRE,A,52.095103,-0.25397,East of England,England,Central Bedfordshire
{045A1898-4AE0-9A24-E063-4804A8C048EA},313500,2022-06-17,2022,6,2,LU7 3QN,LU7,Semi-Detached,Freehold,True,LEIGHTON BUZZARD,CENTRAL BEDFORDSHIRE,CENTRAL BEDFORDSHIRE,A,51.91991,-0.660256,East of England,England,Central Bedfordshire
{045A1898-4AF5-9A24-E063-4804A8C048EA},285000,2022-04-28,2022,4,2,MK42 0WJ,MK42,Semi-Detached,Freehold,True,BEDFORD,BEDFORD,BEDFORD,A,52.111701,-0.493135,East of England,England,Bedford
{045A1898-4C27-9A24-E063-4804A8C048EA},521000,2023-07-25,2023,7,3,SW5 9JT,SW5,Flat/Maisonette,Leasehold,False,LONDON,KENSINGTON AND CHELSEA,GREATER LONDON,A,51.492332,-0.194511,London,England,Kensington and Chelsea
{045A1898-4C51-9A24-E063-4804A8C048EA},325000,2023-07-21,2023,7,3,IG2 7ZS,IG2,Flat/Maisonette,Leasehold,False,ILFORD,REDBRIDGE,GREATER LONDON,A,51.577293,0.080764,London,England,Redbridge
{045A1898-4D48-9A24-E063-4804A8C048EA},800000,2023-08-01,2023,8,3,SW10 9DB,SW10,Flat/Maisonette,Leasehold,False,LONDON,KENSINGTON AND CHELSEA,GREATER LONDON,A,51.485024,-0.17959,London,England,Kensington and Chelsea
{045A1898-4D6F-9A24-E063-4804A8C048EA},435000,2023-07-13,2023,7,3,OX2 9EA,OX2,Semi-Detached,Freehold,False,OXFORD,VALE OF WHITE HORSE,OXFORDSHIRE,A,51.745626,-1.297204,South East,England,Vale of White Horse
{045A1898-4E05-9A24-E063-4804A8C048EA},355000,2023-07-13,2023,7,3,RG2 8EW,RG2,Terraced,Freehold,False,READING,WOKINGHAM,WOKINGHAM,A,51.406856,-0.947387,South East,England,Wokingham
{045A1898-4E16-9A24-E063-4804A8C048EA},370000,2023-07-28,2023,7,3,RG30 2PW,RG30,Terraced,Freehold,False,READING,READING,READING,A,51.462181,-1.027258,South East,England,Reading
{045A1898-4E7A-9A24-E063-4804A8C048EA},425000,2023-08-01,2023,8,3,RG14 2HP,RG14,Semi-Detached,Freehold,False,NEWBURY,WEST BERKSHIRE,WEST BERKSHIRE,A,51.378728,-1.344976,South East,England,West Berkshire
{045A1898-4EF0-9A24-E063-4804A8C048EA},372500,2023-08-11,2023,8,3,SL3 8LT,SL3,Semi-Detached,Freehold,False,SLOUGH,SLOUGH,SLOUGH,A,51.480195,-0.513781,South East,England,Slough
{045A1898-4EF9-9A24-E063-4804A8C048EA},726500,2023-07-20,2023,7,3,RG5 4XD,RG5,Detached,Freehold,False,READING,WOKINGHAM,WOKINGHAM,A,51.446634,-0.900153,South East,England,Wokingham
{045A1898-4FE5-9A24-E063-4804A8C048EA},230000,2023-06-27,2023,6,2,RG12 8EG,RG12,Terraced,Freehold,False,BRACKNELL,BRACKNELL FOREST,BRACKNELL FOREST,A,51.393641,-0.761846,South East,England,Bracknell Forest
{045A1898-50B2-9A24-E063-4804A8C048EA},500000,2022-02-25,2022,2,1,RG2 9RA,RG2,Detached,Freehold,True,READING,WOKINGHAM,WOKINGHAM,A,51.406856,-0.947387,South East,England,Wokingham
{045A1898-50C5-9A24-E063-4804A8C048EA},680000,2022-03-25,2022,3,1,RG17 0UH,RG17,Detached,Freehold,True,HUNGERFORD,WEST BERKSHIRE,WEST BERKSHIRE,A,51.41476,-1.518025,South East,England,West Berkshire
{045A1898-50EF-9A24-E063-4804A8C048EA},437600,2022-04-20,2022,4,2,RG7 1SS,RG7,Semi-Detached,Freehold,True,READING,WOKINGHAM,WOKINGHAM,A,51.392991,-0.960554,South East,England,Wokingham
{045A1898-5120-9A24-E063-4804A8C048EA},630000,2022-02-25,2022,2,1,RG7 1SS,RG7,Detached,Freehold,True,READING,WOKINGHAM,WOKINGHAM,A,51.392991,-0.960554,South East,England,Wokingham
{045A1898-512B-9A24-E063-4804A8C048EA},545950,2022-05-19,2022,5,2,RG42 4GZ,RG42,Detached,Freehold,True,BRACKNELL,BRACKNELL FOREST,BRACKNELL FOREST,A,51.430806,-0.791151,South East,England,Bracknell Forest
{045A1898-5161-9A24-E063-4804A8C048EA},605000,2022-07-25,2022,7,3,RG42 4NL,RG42,Detached,Freehold,True,BRACKNELL,BRACKNELL FOREST,BRACKNELL FOREST,A,51.430806,-0.791151,South East,England,Bracknell Forest
{045A1898-52F0-9A24-E063-4804A8C048EA},299950,2023-03-31,2023,3,1,BS10 6PD,BS10,Terraced,Freehold,False,BRISTOL,CITY OF BRISTOL,CITY OF BRISTOL,A,51.493448,-2.596415,South West,England,"Bristol, City of"
{045A1898-533B-9A24-E063-4804A8C048EA},367000,2023-07-14,2023,7,3,BS6 5SL,BS6,Detached,Freehold,False,BRISTOL,CITY OF BRISTOL,CITY OF BRISTOL,A,51.474474,-2.612323,South West,England,"Bristol, City of"
{045A1898-537C-9A24-E063-4804A8C048EA},290000,2023-02-02,2023,2,1,MK5 7AJ,MK5,Semi-Detached,Freehold,False,MILTON KEYNES,MILTON KEYNES,MILTON KEYNES,A,52.016491,-0.805361,South East,England,Milton Keynes
{045A1898-53F5-9A24-E063-4804A8C048EA},305000,2023-07-28,2023,7,3,MK12 5AT,MK12,Terraced,Freehold,False,MILTON KEYNES,MILTON KEYNES,MILTON KEYNES,A,52.054883,-0.810579,South East,England,Milton Keynes
{045A1898-5401-9A24-E063-4804A8C048EA},420000,2023-06-23,2023,6,2,MK16 8BL,MK16,Semi-Detached,Freehold,False,NEWPORT PAGNELL,MILTON KEYNES,MILTON KEYNES,A,52.084595,-0.742713,South East,England,Milton Keynes
{045A1898-5515-9A24-E063-4804A8C048EA},100000,2022-10-12,2022,10,4,MK2 3FE,MK2,Flat/Maisonette,Leasehold,False,MILTON KEYNES,MILTON KEYNES,MILTON KEYNES,A,51.977389,-0.727311,South East,England,Milton Keynes
{045A1898-5635-9A24-E063-4804A8C048EA},286950,2021-11-19,2021,11,4,HP20 1FN,HP20,Flat/Maisonette,Leasehold,True,AYLESBURY,BUCKINGHAMSHIRE,BUCKINGHAMSHIRE,A,51.820079,-0.812111,South East,England,Buckinghamshire
{045A1898-563E-9A24-E063-4804A8C048EA},185000,2020-11-26,2020,11,4,MK3 5RG,MK3,Flat/Maisonette,Leasehold,True,MILTON KEYNES,BUCKINGHAMSHIRE,BUCKINGHAMSHIRE,A,52.000569,-0.754274,South East,England,Milton Keynes
{045A1898-565A-9A24-E063-4804A8C048EA},565000,2022-02-25,2022,2,1,HP11 1DG,HP11,Semi-Detached,Freehold,True,HIGH WYCOMBE,BUCKINGHAMSHIRE,BUCKINGHAMSHIRE,A,51.627961,-0.764116,South East,England,Buckinghamshire
{045A1898-570F-9A24-E063-4804A8C048EA},585000,2022-05-24,2022,5,2,MK46 5GE,MK46,Detached,Freehold,True,OLNEY,MILTON KEYNES,MILTON KEYNES,A,52.158639,-0.702226,South East,England,Milton Keynes
{045A1898-571C-9A24-E063-4804A8C048EA},389995,2022-06-24,2022,6,2,MK17 8YS,MK17,Semi-Detached,Freehold,True,MILTON KEYNES,MILTON KEYNES,MILTON KEYNES,A,52.015912,-0.650851,South East,England,Milton Keynes
{045A1898-576C-9A24-E063-4804A8C048EA},480000,2022-09-16,2022,9,3,MK17 8LE,MK17,Semi-Detached,Freehold,True,MILTON KEYNES,MILTON KEYNES,MILTON KEYNES,A,52.015912,-0.650851,South East,England,Milton Keynes
{045A1898-5821-9A24-E063-4804A8C048EA},375000,2023-03-07,2023,3,1,CB24 6DS,CB24,Semi-Detached,Freehold,False,CAMBRIDGE,SOUTH CAMBRIDGESHIRE,CAMBRIDGESHIRE,A,52.242524,0.162386,East of England,England,South Cambridgeshire
{045A1898-5845-9A24-E063-4804A8C048EA},330000,2023-07-24,2023,7,3,CB21 4DJ,CB21,Semi-Detached,Freehold,False,CAMBRIDGE,SOUTH CAMBRIDGESHIRE,CAMBRIDGESHIRE,A,52.185084,0.220849,East of England,England,South Cambridgeshire
{045A1898-586B-9A24-E063-4804A8C048EA},570000,2023-08-04,2023,8,3,CB7 4AD,CB7,Detached,Freehold,False,ELY,EAST CAMBRIDGESHIRE,CAMBRIDGESHIRE,A,52.404916,0.278813,East of England,England,East Cambridgeshire
{045A1898-588F-9A24-E063-4804A8C048EA},195000,2023-08-03,2023,8,3,PE1 4HY,PE1,Semi-Detached,Freehold,False,PETERBOROUGH,CITY OF PETERBOROUGH,CITY OF PETERBOROUGH,A,52.583191,-0.241216,East of England,England,Peterborough
{045A1898-589B-9A24-E063-4804A8C048EA},430000,2023-07-27,2023,7,3,PE14 9LT,PE14,Detached,Freehold,False,WISBECH,FENLAND,CAMBRIDGESHIRE,A,52.622464,0.141459,East of England,England,Fenland
{045A1898-58C1-9A24-E063-4804A8C048EA},465000,2023-02-22,2023,2,1,PE19 1LR,PE19,Detached,Freehold,False,ST NEOTS,HUNTINGDONSHIRE,CAMBRIDGESHIRE,A,52.242331,-0.266742,East of England,England,Huntingdonshire
{045A1898-5955-9A24-E063-4804A8C048EA},290000,2023-07-24,2023,7,3,PE19 6EZ,PE19,Semi-Detached,Freehold,False,ST NEOTS,HUNTINGDONSHIRE,CAMBRIDGESHIRE,A,52.242331,-0.266742,East of England,England,Huntingdonshire
{045A1898-5987-9A24-E063-4804A8C048EA},279950,2023-07-24,2023,7,3,CB6 1JJ,CB6,Terraced,Freehold,False,ELY,EAST CAMBRIDGESHIRE,CAMBRIDGESHIRE,A,52.388297,0.196731,East of England,England,East Cambridgeshire
{045A1898-599D-9A24-E063-4804A8C048EA},223000,2023-01-11,2023,1,1,CB6 2RS,CB6,Terraced,Freehold,False,ELY,EAST CAMBRIDGESHIRE,CAMBRIDGESHIRE,A,52.388297,0.196731,East of England,England,East Cambridgeshire
{045A1898-59B0-9A24-E063-4804A8C048EA},307000,2023-03-06,2023,3,1,PE28 5QJ,PE28,Semi-Detached,Freehold,False,HUNTINGDON,HUNTINGDONSHIRE,CAMBRIDGESHIRE,A,52.357529,0.035511,East of England,England,Huntingdonshire
{045A1898-5A35-9A24-E063-4804A8C048EA},430000,2023-08-01,2023,8,3,PE29 2NF,PE29,Detached,Freehold,False,HUNTINGDON,HUNTINGDONSHIRE,CAMBRIDGESHIRE,A,52.340114,-0.175462,East of England,England,Huntingdonshire
{045A1898-5A3E-9A24-E063-4804A8C048EA},325000,2023-07-07,2023,7,3,CB1 7XE,CB1,Flat/Maisonette,Leasehold,False,CAMBRIDGE,CAMBRIDGE,CAMBRIDGESHIRE,A,52.184514,0.174212,East of England,England,Cambridge
{045A1898-5BD5-9A24-E063-4804A8C048EA},265000,2022-12-16,2022,12,4,PE19 1DG,PE19,Terraced,Freehold,True,ST NEOTS,HUNTINGDONSHIRE,CAMBRIDGESHIRE,A,52.242331,-0.266742,East of England,England,Huntingdonshire
{045A1898-5C8B-9A24-E063-4804A8C048EA},115000,2023-06-30,2023,6,2,TS25 5PY,TS25,Semi-Detached,Freehold,False,HARTLEPOOL,HARTLEPOOL,HARTLEPOOL,A,54.670037,-1.222123,North East,England,Hartlepool
{045A1898-5D17-9A24-E063-4804A8C048EA},225000,2023-07-11,2023,7,3,TS11 6AG,TS11,Semi-Detached,Freehold,False,REDCAR,REDCAR AND CLEVELAND,REDCAR AND CLEVELAND,A,54.590353,-1.027165,North East,England,Redcar and Cleveland
{045A1898-5E10-9A24-E063-4804A8C048EA},214995,2022-06-01,2022,6,2,TS4 3AY,TS4,Detached,Freehold,True,MIDDLESBROUGH,MIDDLESBROUGH,MIDDLESBROUGH,A,54.567358,-1.226987,North East,England,Middlesbrough
{045A1898-5E1F-9A24-E063-4804A8C048EA},362995,2022-06-29,2022,6,2,TS7 0DE,TS7,Detached,Freehold,True,MIDDLESBROUGH,MIDDLESBROUGH,MIDDLESBROUGH,A,54.52551,-1.181377,North East,England,Middlesbrough
{045A1898-5E5B-9A24-E063-4804A8C048EA},99995,2020-02-28,2020,2,1,TS20 2FZ,TS20,Semi-Detached,Freehold,True,STOCKTON-ON-TEES,STOCKTON-ON-TEES,STOCKTON-ON-TEES,A,54.579001,-1.311206,North East,England,Stockton-on-Tees
{045A1898-5FD6-9A24-E063-4804A8C048EA},455000,2023-03-16,2023,3,1,WA8 9AB,WA8,Detached,Freehold,False,WIDNES,HALTON,HALTON,A,53.386242,-2.727596,North West,England,Halton
{045A1898-5FDC-9A24-E063-4804A8C048EA},202000,2023-08-01,2023,8,3,CH1 3JD,CH1,Terraced,Freehold,False,CHESTER,CHESHIRE WEST AND CHESTER,CHESHIRE WEST AND CHESTER,A,53.195856,-2.903438,North West,England,Cheshire West and Chester
{045A1898-5FF3-9A24-E063-4804A8C048EA},225000,2023-07-28,2023,7,3,CH3 5SP,CH3,Semi-Detached,Freehold,False,CHESTER,CHESHIRE WEST AND CHESTER,CHESHIRE WEST AND CHESTER,A,53.197842,-2.859829,North West,England,Cheshire West and Chester
{045A1898-6002-9A24-E063-4804A8C048EA},213666,2023-08-10,2023,8,3,CW5 5NP,CW5,Terraced,Freehold,False,NANTWICH,CHESHIRE EAST,CHESHIRE EAST,A,53.068117,-2.535311,North West,England,Cheshire East
{045A1898-60B9-9A24-E063-4804A8C048EA},375000,2023-07-28,2023,7,3,CW12 3RT,CW12,Detached,Freehold,False,CONGLETON,CHESHIRE EAST,CHESHIRE EAST,A,53.163538,-2.216117,North West,England,Cheshire East
{045A1898-60CC-9A24-E063-4804A8C048EA},79950,2023-04-28,2023,4,2,SK10 1BR,SK10,Flat/Maisonette,Leasehold,False,MACCLESFIELD,CHESHIRE EAST,CHESHIRE EAST,A,53.291634,-2.105076,North West,England,Cheshire East
{045A1898-611F-9A24-E063-4804A8C048EA},235000,2023-07-03,2023,7,3,CW12 4HP,CW12,Terraced,Freehold,False,CONGLETON,CHESHIRE EAST,CHESHIRE EAST,A,53.163538,-2.216117,North West,England,Cheshire East
{045A1898-621D-9A24-E063-4804A8C048EA},229000,2023-07-11,2023,7,3,WA5 1GR,WA5,Detached,Freehold,False,WARRINGTON,WARRINGTON,WARRINGTON,A,53.429806,-2.660295,North West,England,Warrington
{045A1898-6231-9A24-E063-4804A8C048EA},160000,2023-07-03,2023,7,3,CH4 7LA,CH4,Flat/Maisonette,Leasehold,False,CHESTER,CHESHIRE WEST AND CHESTER,CHESHIRE WEST AND CHESTER,A,53.17796,-2.943864,Wales,Wales,Flintshire
{045A1898-63AE-9A24-E063-4804A8C048EA},330000,2022-03-28,2022,3,1,CH64 9RF,CH64,Detached,Freehold,False,NESTON,CHESHIRE WEST AND CHESTER,CHESHIRE WEST AND CHESTER,A,53.296885,-3.06362,North West,England,Cheshire West and Chester
{045A1898-63E6-9A24-E063-4804A8C048EA},260995,2021-08-03,2021,8,3,CW7 4FR,CW7,Detached,Freehold,True,WINSFORD,CHESHIRE WEST AND CHESTER,CHESHIRE WEST AND CHESTER,A,53.196435,-2.537028,North West,England,Cheshire West and Chester
{045A1898-63E9-9A24-E063-4804A8C048EA},409995,2022-05-10,2022,5,2,CW2 8GT,CW2,Detached,Freehold,True,CREWE,CHESHIRE EAST,CHESHIRE EAST,A,53.101038,-2.482057,North West,England,Cheshire East
{045A1898-6545-9A24-E063-4804A8C048EA},700000,2023-08-04,2023,8,3,TR1 2BL,TR1,Terraced,Freehold,False,TRURO,CORNWALL,CORNWALL,A,50.265496,-5.042807,South West,England,Cornwall
{045A1898-6588-9A24-E063-4804A8C048EA},910000,2023-07-31,2023,7,3,TR27 4HY,TR27,Detached,Freehold,False,HAYLE,CORNWALL,CORNWALL,A,50.203262,-5.374843,South West,England,Cornwall
{045A1898-65C2-9A24-E063-4804A8C048EA},142000,2023-08-23,2023,8,3,TR11 2LD,TR11,Flat/Maisonette,Leasehold,False,FALMOUTH,CORNWALL,CORNWALL,A,50.157012,-5.074317,South West,England,Cornwall
{045A1898-670A-9A24-E063-4804A8C048EA},690000,2022-04-06,2022,4,2,PL25 5GJ,PL25,Detached,Freehold,False,ST AUSTELL,CORNWALL,CORNWALL,A,50.337646,-4.761281,South West,England,Cornwall
{045A1898-670B-9A24-E063-4804A8C048EA},169000,2021-10-15,2021,10,4,TR15 3HJ,TR15,Semi-Detached,Freehold,False,REDRUTH,CORNWALL,CORNWALL,A,50.233306,-5.233009,South West,England,Cornwall
{045A1898-6738-9A24-E063-4804A8C048EA},362150,2021-10-29,2021,10,4,TR3 7BU,TR3,Detached,Freehold,False,TRURO,CORNWALL,CORNWALL,A,50.261854,-5.113385,South West,England,Cornwall
{045A1898-67C3-9A24-E063-4804A8C048EA},68000,2023-07-31,2023,7,3,PL15 8XA,PL15,Flat/Maisonette,Leasehold,False,LAUNCESTON,CORNWALL,CORNWALL,A,50.613159,-4.388744,South West,England,Cornwall
{045A1898-67E2-9A24-E063-4804A8C048EA},185000,2023-07-12,2023,7,3,PL11 2NG,PL11,Semi-Detached,Freehold,False,TORPOINT,CORNWALL,CORNWALL,A,50.375639,-4.1957,South West,England,Cornwall
{045A1898-67E6-9A24-E063-4804A8C048EA},325000,2023-07-07,2023,7,3,PL28 8JJ,PL28,Flat/Maisonette,Leasehold,False,PADSTOW,CORNWALL,CORNWALL,A,50.539118,-4.938123,South West,England,Cornwall
{045A1898-67E9-9A24-E063-4804A8C048EA},97000,2023-08-03,2023,8,3,PL31 1AS,PL31,Flat/Maisonette,Leasehold,False,BODMIN,CORNWALL,CORNWALL,A,50.463761,-4.738436,South West,England,Cornwall
{045A1898-68EB-9A24-E063-4804A8C048EA},39000,2023-03-10,2023,3,1,CA13 9JQ,CA13,Flat/Maisonette,Leasehold,False,COCKERMOUTH,CUMBERLAND,CUMBERLAND,A,54.661502,-3.369752,North West,England,Cumberland
{045A1898-6942-9A24-E063-4804A8C048EA},250000,2023-08-04,2023,8,3,CA1 3HA,CA1,Detached,Freehold,False,CARLISLE,CUMBERLAND,CUMBERLAND,A,54.887374,-2.920664,North West,England,Cumberland
{045A1898-69D8-9A24-E063-4804A8C048EA},175500,2023-07-31,2023,7,3,CA2 5NP,CA2,Terraced,Freehold,False,CARLISLE,CUMBERLAND,CUMBERLAND,A,54.887978,-2.941412,North West,England,Cumberland
{045A1898-6A4E-9A24-E063-4804A8C048EA},50000,2023-07-13,2023,7,3,CA26 3QH,CA26,Terraced,Freehold,False,FRIZINGTON,CUMBERLAND,CUMBERLAND,A,54.534942,-3.499928,North West,England,Cumberland
{045A1898-6A89-9A24-E063-4804A8C048EA},425000,2023-04-17,2023,4,2,CH7 5TQ,CH7,Detached,Freehold,False,MOLD,DENBIGHSHIRE,DENBIGHSHIRE,A,53.174204,-3.152087,Wales,Wales,Flintshire
{045A1898-6AEB-9A24-E063-4804A8C048EA},445590,2023-07-06,2023,7,3,SY21 8AZ,SY21,Semi-Detached,Freehold,False,WELSHPOOL,POWYS,POWYS,A,52.6873,-3.077517,Wales,Wales,Powys
{045A1898-6B34-9A24-E063-4804A8C048EA},95000,2023-02-09,2023,2,1,SA5 4SQ,SA5,Terraced,Freehold,False,SWANSEA,SWANSEA,SWANSEA,B,51.639497,-4.018024,Wales,Wales,Swansea
{045A1898-6C31-9A24-E063-4804A8C048EA},162000,2023-07-31,2023,7,3,SA2 0BE,SA2,Terraced,Freehold,False,SWANSEA,SWANSEA,SWANSEA,A,51.631518,-3.983408,Wales,Wales,Swansea
{045A1898-6C74-9A24-E063-4804A8C048EA},70000,2015-03-06,2015,3,1,LL52 0SH,LL52,Terraced,Freehold,False,CRICCIETH,GWYNEDD,GWYNEDD,A,52.915723,-4.235848,Wales,Wales,Gwynedd
{045A1898-6CB5-9A24-E063-4804A8C048EA},572900,2023-07-17,2023,7,3,LL13 0BW,LL13,Detached,Freehold,False,WREXHAM,WREXHAM,WREXHAM,A,53.076042,-2.886357,Wales,Wales,Wrexham
{045A1898-6CD2-9A24-E063-4804A8C048EA},250000,2023-06-16,2023,6,2,NP4 8QQ,NP4,Semi-Detached,Freehold,False,PONTYPOOL,TORFAEN,TORFAEN,A,51.681972,-3.022203,Wales,Wales,Torfaen
{045A1898-6D29-9A24-E063-4804A8C048EA},247500,2023-07-24,2023,7,3,CF44 6EY,CF44,Semi-Detached,Freehold,False,ABERDARE,RHONDDA CYNON TAFF,RHONDDA CYNON TAFF,A,51.702765,-3.409405,Wales,Wales,Rhondda Cynon Taf
{045A1898-6D7F-9A24-E063-4804A8C048EA},39999,2023-02-03,2023,2,1,LL36 0AD,LL36,Detached,Leasehold,False,TYWYN,GWYNEDD,GWYNEDD,A,52.630845,-4.103131,Wales,Wales,Gwynedd
{045A1898-6DD8-9A24-E063-4804A8C048EA},233000,2023-08-04,2023,8,3,CF32 9BZ,CF32,Semi-Detached,Freehold,False,BRIDGEND,BRIDGEND,BRIDGEND,A,51.613178,-3.544791,Wales,Wales,Bridgend
{045A1898-6E99-9A24-E063-4804A8C048EA},187500,2023-01-27,2023,1,1,CF62 5DX,CF62,Flat/Maisonette,Leasehold,False,BARRY,THE VALE OF GLAMORGAN,THE VALE OF GLAMORGAN,A,51.405979,-3.298854,Wales,Wales,Vale of Glamorgan
{045A1898-6EAD-9A24-E063-4804A8C048EA},122500,2023-07-07,2023,7,3,SA69 9BU,SA69,Flat/Maisonette,Leasehold,False,SAUNDERSFOOT,PEMBROKESHIRE,PEMBROKESHIRE,A,51.704872,-4.707851,Wales,Wales,Pembrokeshire
{045A1898-6F79-9A24-E063-4804A8C048EA},146000,2022-03-28,2022,3,1,SA62 3PJ,SA62,Semi-Detached,Freehold,False,HAVERFORDWEST,PEMBROKESHIRE,PEMBROKESHIRE,A,51.816616,-4.959338,Wales,Wales,Pembrokeshire
{045A1898-6F9E-9A24-E063-4804A8C048EA},160000,2022-05-05,2022,5,2,CF48 1JU,CF48,Semi-Detached,Freehold,False,MERTHYR TYDFIL,MERTHYR TYDFIL,MERTHYR TYDFIL,A,51.752437,-3.418947,Wales,Wales,Merthyr Tydfil
{045A1898-6FA4-9A24-E063-4804A8C048EA},110000,2022-05-26,2022,5,2,LL11 3RY,LL11,Terraced,Freehold,False,WREXHAM,WREXHAM,WREXHAM,A,53.054875,-3.001477,Wales,Wales,Wrexham
{045A1898-7007-9A24-E063-4804A8C048EA},355000,2022-04-22,2022,4,2,CF11 9LS,CF11,Flat/Maisonette,Leasehold,True,CARDIFF,CARDIFF,CARDIFF,A,51.480204,-3.189211,Wales,Wales,Cardiff
{045A1898-7064-9A24-E063-4804A8C048EA},514995,2022-11-30,2022,11,4,CF71 7FY,CF71,Detached,Freehold,True,COWBRIDGE,THE VALE OF GLAMORGAN,THE VALE OF GLAMORGAN,A,51.458645,-3.450769,Wales,Wales,Vale of Glamorgan
{045A1898-7081-9A24-E063-4804A8C048EA},290000,2022-10-07,2022,10,4,CF44 6TL,CF44,Detached,Freehold,True,ABERDARE,RHONDDA CYNON TAFF,RHONDDA CYNON TAFF,A,51.702765,-3.409405,Wales,Wales,Rhondda Cynon Taf
{045A1898-7092-9A24-E063-4804A8C048EA},145000,2023-02-03,2023,2,1,SA43 2DQ,SA43,Semi-Detached,Freehold,False,CARDIGAN,CEREDIGION,CEREDIGION,A,52.07189,-4.620411,Wales,Wales,Ceredigion
{045A1898-712C-9A24-E063-4804A8C048EA},695000,2023-07-28,2023,7,3,EX10 9JB,EX10,Detached,Freehold,False,SIDMOUTH,EAST DEVON,DEVON,A,50.718968,-3.284313,South West,England,East Devon
{045A1898-716C-9A24-E063-4804A8C048EA},189000,2023-07-21,2023,7,3,PL6 5JX,PL6,Detached,Freehold,False,PLYMOUTH,CITY OF PLYMOUTH,CITY OF PLYMOUTH,A,50.40519,-4.122841,South West,England,Plymouth
{045A1898-7201-9A24-E063-4804A8C048EA},277500,2023-08-07,2023,8,3,EX10 9PD,EX10,Terraced,Freehold,False,SIDMOUTH,EAST DEVON,DEVON,A,50.718968,-3.284313,South West,England,East Devon
{045A1898-720E-9A24-E063-4804A8C048EA},320000,2023-07-21,2023,7,3,EX15 1SZ,EX15,Semi-Detached,Freehold,False,CULLOMPTON,MID DEVON,DEVON,A,50.913127,-3.234557,South West,England,Mid Devon
{045A1898-722E-9A24-E063-4804A8C048EA},450000,2023-08-11,2023,8,3,TQ12 4TG,TQ12,Detached,Freehold,False,NEWTON ABBOT,TEIGNBRIDGE,DEVON,A,50.487816,-3.640981,South West,England,Teignbridge
{045A1898-72C8-9A24-E063-4804A8C048EA},290000,2023-07-19,2023,7,3,EX2 9AY,EX2,Terraced,Freehold,False,EXETER,EXETER,DEVON,A,50.696534,-3.528378,South West,England,Exeter
{045A1898-7343-9A24-E063-4804A8C048EA},352500,2023-06-27,2023,6,2,PL7 1QH,PL7,Semi-Detached,Freehold,False,PLYMOUTH,CITY OF PLYMOUTH,CITY OF PLYMOUTH,A,50.393719,-4.055368,South West,England,Plymouth
{045A1898-7361-9A24-E063-4804A8C048EA},105000,2023-07-26,2023,7,3,PL6 5YJ,PL6,Flat/Maisonette,Leasehold,False,PLYMOUTH,CITY OF PLYMOUTH,CITY OF PLYMOUTH,A,50.40519,-4.122841,South West,England,Plymouth
{045A1898-73F3-9A24-E063-4804A8C048EA},250000,2023-07-20,2023,7,3,EX12 2RP,EX12,Terraced,Freehold,False,SEATON,EAST DEVON,DEVON,A,50.714401,-3.066461,South West,England,East Devon
{045A1898-7413-9A24-E063-4804A8C048EA},2018765,2023-08-04,2023,8,3,DT7 3SX,DT7,Detached,Freehold,False,LYME REGIS,EAST DEVON,DEVON,A,50.728908,-2.937709,South West,England,Dorset
{045A1898-74EF-9A24-E063-4804A8C048EA},307500,2023-07-26,2023,7,3,EX10 8UX,EX10,Flat/Maisonette,Leasehold,False,SIDMOUTH,EAST DEVON,DEVON,A,50.718968,-3.284313,South West,England,East Devon
{045A1898-7524-9A24-E063-4804A8C048EA},275000,2023-07-05,2023,7,3,TQ1 1TR,TQ1,Flat/Maisonette,Leasehold,False,TORQUAY,TORBAY,TORBAY,A,50.482662,-3.530093,South West,England,Torbay
{045A1898-757E-9A24-E063-4804A8C048EA},135000,2022-11-30,2022,11,4,PL7 2PS,PL7,Flat/Maisonette,Leasehold,False,PLYMOUTH,CITY OF PLYMOUTH,CITY OF PLYMOUTH,A,50.393719,-4.055368,South West,England,Plymouth
{045A1898-763D-9A24-E063-4804A8C048EA},116500,2021-08-18,2021,8,3,TQ1 1TD,TQ1,Flat/Maisonette,Leasehold,False,TORQUAY,TORBAY,TORBAY,A,50.482662,-3.530093,South West,England,Torbay
{045A1898-7699-9A24-E063-4804A8C048EA},340000,2021-11-25,2021,11,4,EX31 2EN,EX31,Detached,Freehold,False,BARNSTAPLE,NORTH DEVON,DEVON,A,51.073394,-4.119132,South West,England,North Devon
{045A1898-773F-9A24-E063-4804A8C048EA},264995,2022-09-30,2022,9,3,EX2 0AF,EX2,Terraced,Freehold,True,EXETER,TEIGNBRIDGE,DEVON,A,50.696534,-3.528378,South West,England,Exeter
{045A1898-7779-9A24-E063-4804A8C048EA},212000,2022-09-07,2022,9,3,TQ1 3JT,TQ1,Flat/Maisonette,Leasehold,False,TORQUAY,TORBAY,TORBAY,A,50.482662,-3.530093,South West,England,Torbay
{045A1898-777B-9A24-E063-4804A8C048EA},170000,2022-07-29,2022,7,3,PL4 7BA,PL4,Flat/Maisonette,Leasehold,False,PLYMOUTH,CITY OF PLYMOUTH,CITY OF PLYMOUTH,A,50.369881,-4.120604,South West,England,Plymouth
{045A1898-77CD-9A24-E063-4804A8C048EA},382000,2023-08-04,2023,8,3,BH12 3LH,BH12,Semi-Detached,Freehold,False,POOLE,"BOURNEMOUTH, CHRISTCHURCH AND POOLE","BOURNEMOUTH, CHRISTCHURCH AND POOLE",A,50.736671,-1.947962,South West,England,"Bournemouth, Christchurch and Poole"
{045A1898-7821-9A24-E063-4804A8C048EA},485000,2023-08-17,2023,8,3,BH12 5EN,BH12,Detached,Freehold,False,POOLE,"BOURNEMOUTH, CHRISTCHURCH AND POOLE","BOURNEMOUTH, CHRISTCHURCH AND POOLE",A,50.736671,-1.947962,South West,England,"Bournemouth, Christchurch and Poole"
{045A1898-7838-9A24-E063-4804A8C048EA},200000,2023-07-24,2023,7,3,DT5 1JQ,DT5,Terraced,Freehold,False,PORTLAND,DORSET,DORSET,A,50.542937,-2.435092,South West,England,Dorset
{045A1898-7879-9A24-E063-4804A8C048EA},415000,2023-06-21,2023,6,2,SP8 4EL,SP8,Detached,Freehold,False,GILLINGHAM,DORSET,DORSET,A,51.036594,-2.27041,South West,England,Dorset
{045A1898-7897-9A24-E063-4804A8C048EA},570000,2023-08-03,2023,8,3,BH8 9SG,BH8,Detached,Freehold,False,BOURNEMOUTH,"BOURNEMOUTH, CHRISTCHURCH AND POOLE","BOURNEMOUTH, CHRISTCHURCH AND POOLE",A,50.736611,-1.862951,South West,England,"Bournemouth, Christchurch and Poole"
{045A1898-789A-9A24-E063-4804A8C048EA},468000,2023-07-14,2023,7,3,BH21 4DL,BH21,Detached,Freehold,False,WIMBORNE,DORSET,DORSET,A,50.810805,-1.964302,South West,England,Dorset
{045A1898-79BF-9A24-E063-4804A8C048EA},292500,2021-09-27,2021,9,3,BH31 6DY,BH31,Flat/Maisonette,Leasehold,False,VERWOOD,DORSET,DORSET,A,50.871797,-1.854442,South West,England,Dorset
{045A1898-79C2-9A24-E063-4804A8C048EA},255000,2023-07-14,2023,7,3,BH22 9BN,BH22,Flat/Maisonette,Leasehold,False,FERNDOWN,DORSET,DORSET,A,50.804943,-1.892895,South West,England,Dorset
{045A1898-79E3-9A24-E063-4804A8C048EA},187000,2022-02-18,2022,2,1,BH8 8FH,BH8,Flat/Maisonette,Leasehold,False,BOURNEMOUTH,"BOURNEMOUTH, CHRISTCHURCH AND POOLE","BOURNEMOUTH, CHRISTCHURCH AND POOLE",A,50.736611,-1.862951,South West,England,"Bournemouth, Christchurch and Poole"
{045A1898-79FE-9A24-E063-4804A8C048EA},430000,2023-07-27,2023,7,3,BH16 6FD,BH16,Detached,Freehold,False,POOLE,DORSET,DORSET,A,50.731143,-2.018773,South West,England,"Bournemouth, Christchurch and Poole"
{045A1898-7AE2-9A24-E063-4804A8C048EA},260000,2022-03-25,2022,3,1,DT4 0FH,DT4,Semi-Detached,Freehold,False,WEYMOUTH,DORSET,DORSET,A,50.627557,-2.457207,South West,England,Dorset
{045A1898-7B3F-9A24-E063-4804A8C048EA},182500,2023-02-28,2023,2,1,SP7 8EH,SP7,Terraced,Freehold,False,SHAFTESBURY,DORSET,DORSET,A,51.013598,-2.184374,South West,England,Dorset
{045A1898-7B49-9A24-E063-4804A8C048EA},490000,2023-07-19,2023,7,3,DT6 4JS,DT6,Detached,Freehold,False,BRIDPORT,DORSET,DORSET,A,50.734659,-2.739731,South West,England,Dorset
{045A1898-7B4C-9A24-E063-4804A8C048EA},565000,2023-08-01,2023,8,3,BH18 9AQ,BH18,Detached,Freehold,False,BROADSTONE,"BOURNEMOUTH, CHRISTCHURCH AND POOLE","BOURNEMOUTH, CHRISTCHURCH AND POOLE",A,50.765127,-1.988258,South West,England,"Bournemouth, Christchurch and Poole"
{045A1898-7B8A-9A24-E063-4804A8C048EA},240000,2023-08-09,2023,8,3,DT5 1BS,DT5,Terraced,Freehold,False,PORTLAND,DORSET,DORSET,A,50.542937,-2.435092,South West,England,Dorset
{045A1898-7C1F-9A24-E063-4804A8C048EA},88750,2023-03-31,2023,3,1,DH7 7AA,DH7,Terraced,Freehold,False,DURHAM,COUNTY DURHAM,COUNTY DURHAM,A,54.825027,-1.630431,North East,England,County Durham
{045A1898-7C33-9A24-E063-4804A8C048EA},225000,2023-07-27,2023,7,3,DL16 6DW,DL16,Semi-Detached,Freehold,False,SPENNYMOOR,COUNTY DURHAM,COUNTY DURHAM,A,54.6957,-1.604127,North East,England,County Durham
{045A1898-7C73-9A24-E063-4804A8C048EA},205000,2023-02-13,2023,2,1,DL5 7PP,DL5,Detached,Freehold,False,NEWTON AYCLIFFE,COUNTY DURHAM,COUNTY DURHAM,A,54.624623,-1.564346,North East,England,County Durham
{045A1898-7D84-9A24-E063-4804A8C048EA},300000,2023-06-15,2023,6,2,DH2 3RG,DH2,Flat/Maisonette,Leasehold,False,CHESTER LE STREET,COUNTY DURHAM,COUNTY DURHAM,A,54.864144,-1.582851,North East,England,County Durham
{045A1898-7DB1-9A24-E063-4804A8C048EA},151255,2023-06-19,2023,6,2,DL15 0SA,DL15,Semi-Detached,Freehold,False,CROOK,COUNTY DURHAM,COUNTY DURHAM,A,54.735543,-1.748218,North East,England,County Durham
{045A1898-7FE1-9A24-E063-4804A8C048EA},151000,2023-03-03,2023,3,1,DE75 7HZ,DE75,Semi-Detached,Freehold,False,HEANOR,AMBER VALLEY,DERBYSHIRE,A,53.011357,-1.331882,East Midlands,England,Amber Valley
{045A1898-7FF7-9A24-E063-4804A8C048EA},155000,2023-06-28,2023,6,2,DE11 0PN,DE11,Semi-Detached,Freehold,False,SWADLINCOTE,SOUTH DERBYSHIRE,DERBYSHIRE,A,52.769207,-1.571714,East Midlands,England,South Derbyshire
{045A1898-8047-9A24-E063-4804A8C048EA},190000,2023-04-13,2023,4,2,S42 5LQ,S42,Semi-Detached,Freehold,False,CHESTERFIELD,NORTH EAST DERBYSHIRE,DERBYSHIRE,B,53.199904,-1.393776,East Midlands,England,North East Derbyshire
{045A1898-8072-9A24-E063-4804A8C048EA},170000,2023-08-01,2023,8,3,DE55 6JY,DE55,Semi-Detached,Freehold,False,ALFRETON,NORTH EAST DERBYSHIRE,DERBYSHIRE,A,53.081676,-1.369027,East Midlands,England,Amber Valley
{045A1898-8095-9A24-E063-4804A8C048EA},182500,2023-07-17,2023,7,3,DE3 0UP,DE3,Flat/Maisonette,Leasehold,False,DERBY,SOUTH DERBYSHIRE,DERBYSHIRE,A,52.912195,-1.533607,East Midlands,England,Derby
{045A1898-80E9-9A24-E063-4804A8C048EA},149950,2023-07-28,2023,7,3,DE1 1DH,DE1,Flat/Maisonette,Leasehold,False,DERBY,CITY OF DERBY,CITY OF DERBY,A,52.927413,-1.477126,East Midlands,England,Derby
{045A1898-80F0-9A24-E063-4804A8C048EA},215000,2023-07-28,2023,7,3,NG16 4HF,NG16,Semi-Detached,Freehold,False,NOTTINGHAM,AMBER VALLEY,DERBYSHIRE,A,53.017204,-1.296747,East Midlands,England,Broxtowe
{045A1898-812B-9A24-E063-4804A8C048EA},100000,2023-08-04,2023,8,3,DE7 5BW,DE7,Flat/Maisonette,Leasehold,False,ILKESTON,EREWASH,DERBYSHIRE,A,53.007513,-1.377202,East Midlands,England,Amber Valley
{045A1898-8158-9A24-E063-4804A8C048EA},250000,2023-08-04,2023,8,3,NG10 5QU,NG10,Terraced,Freehold,False,NOTTINGHAM,EREWASH,DERBYSHIRE,A,52.903797,-1.277737,East Midlands,England,Erewash
{045A1898-831A-9A24-E063-4804A8C048EA},255995,2022-06-24,2022,6,2,DE65 5QY,DE65,Semi-Detached,Freehold,True,DERBY,SOUTH DERBYSHIRE,DERBYSHIRE,A,52.869135,-1.63944,East Midlands,England,South Derbyshire
{045A1898-83D9-9A24-E063-4804A8C048EA},210000,2023-07-21,2023,7,3,DE22 1EF,DE22,Detached,Freehold,False,DERBY,CITY OF DERBY,CITY OF DERBY,A,52.943142,-1.495359,East Midlands,England,Derby
{045A1898-83FD-9A24-E063-4804A8C048EA},115000,2023-08-11,2023,8,3,S44 6AQ,S44,Terraced,Freehold,False,CHESTERFIELD,BOLSOVER,DERBYSHIRE,A,53.222408,-1.290591,East Midlands,England,Bolsover
{045A1898-840A-9A24-E063-4804A8C048EA},232000,2023-08-07,2023,8,3,DE22 2GF,DE22,Semi-Detached,Freehold,False,DERBY,CITY OF DERBY,CITY OF DERBY,A,52.943142,-1.495359,East Midlands,England,Derby
{045A1898-841B-9A24-E063-4804A8C048EA},127000,2023-06-30,2023,6,2,DE7 8NZ,DE7,Terraced,Freehold,False,ILKESTON,EREWASH,DERBYSHIRE,A,53.007513,-1.377202,East Midlands,England,Amber Valley
{045A1898-846D-9A24-E063-4804A8C048EA},820000,2023-07-27,2023,7,3,E17 3LD,E17,Terraced,Freehold,False,LONDON,WALTHAM FOREST,GREATER LONDON,A,51.579004,-0.031909,London,England,Waltham Forest
{045A1898-8512-9A24-E063-4804A8C048EA},395000,2023-08-04,2023,8,3,N15 3DS,N15,Terraced,Freehold,False,LONDON,HARINGEY,GREATER LONDON,A,51.57972,-0.070128,London,England,Haringey
{045A1898-855F-9A24-E063-4804A8C048EA},445000,2023-06-14,2023,6,2,E6 6HJ,E6,Terraced,Freehold,False,LONDON,NEWHAM,GREATER LONDON,A,51.537873,0.059643,London,England,Newham
{045A1898-85F9-9A24-E063-4804A8C048EA},418000,2023-07-28,2023,7,3,RM13 7HA,RM13,Terraced,Freehold,False,RAINHAM,HAVERING,GREATER LONDON,A,51.527456,0.168124,London,England,Havering
{045A1898-8658-9A24-E063-4804A8C048EA},510000,2023-03-06,2023,3,1,E17 6DA,E17,Terraced,Freehold,False,LONDON,WALTHAM FOREST,GREATER LONDON,A,51.579004,-0.031909,London,England,Waltham Forest
{045A1898-8833-9A24-E063-4804A8C048EA},515000,2023-07-28,2023,7,3,BN2 1QJ,BN2,Flat/Maisonette,Leasehold,False,BRIGHTON,BRIGHTON AND HOVE,BRIGHTON AND HOVE,A,50.831221,-0.11955,South East,England,Brighton and Hove
{045A1898-889E-9A24-E063-4804A8C048EA},172500,2023-06-23,2023,6,2,TN34 3LE,TN34,Flat/Maisonette,Leasehold,False,HASTINGS,HASTINGS,EAST SUSSEX,A,50.859414,0.577409,South East,England,Hastings
{045A1898-88F3-9A24-E063-4804A8C048EA},419995,2021-12-22,2021,12,4,BN25 4DQ,BN25,Semi-Detached,Freehold,True,SEAFORD,LEWES,EAST SUSSEX,A,50.770208,0.130522,South East,England,Lewes
{045A1898-890B-9A24-E063-4804A8C048EA},157000,2022-03-21,2022,3,1,TN40 1ET,TN40,Flat/Maisonette,Leasehold,False,BEXHILL-ON-SEA,ROTHER,EAST SUSSEX,A,50.855025,0.477333,South East,England,Rother
{045A1898-8955-9A24-E063-4804A8C048EA},387995,2022-08-25,2022,8,3,BN22 0AQ,BN22,Semi-Detached,Freehold,True,EASTBOURNE,WEALDEN,EAST SUSSEX,A,50.77529,0.294543,South East,England,Eastbourne
{045A1898-89AD-9A24-E063-4804A8C048EA},480000,2023-07-21,2023,7,3,TN33 0HX,TN33,Semi-Detached,Freehold,False,BATTLE,ROTHER,EAST SUSSEX,A,50.940411,0.452018,South East,England,Rother
{045A1898-8BBC-9A24-E063-4804A8C048EA},335000,2023-04-12,2023,4,2,CM2 8SD,CM2,Terraced,Freehold,False,CHELMSFORD,CHELMSFORD,ESSEX,A,51.736232,0.489157,East of England,England,Chelmsford
{045A1898-8C59-9A24-E063-4804A8C048EA},470000,2023-07-13,2023,7,3,CO5 8EW,CO5,Detached,Freehold,False,COLCHESTER,COLCHESTER,ESSEX,A,51.809903,0.74913,East of England,England,Colchester
{045A1898-8D40-9A24-E063-4804A8C048EA},293000,2023-07-18,2023,7,3,RM19 1QR,RM19,Terraced,Freehold,False,PURFLEET-ON-THAMES,THURROCK,THURROCK,A,51.482135,0.23168,East of England,England,Thurrock
{045A1898-8DA1-9A24-E063-4804A8C048EA},825000,2023-07-03,2023,7,3,CM9 5HR,CM9,Detached,Freehold,False,MALDON,MALDON,ESSEX,A,51.731796,0.669463,East of England,England,Maldon
{045A1898-8DD5-9A24-E063-4804A8C048EA},284000,2023-06-08,2023,6,2,RM15 5EN,RM15,Terraced,Freehold,False,SOUTH OCKENDON,THURROCK,THURROCK,A,51.502312,0.252564,East of England,England,Thurrock
{045A1898-8F66-9A24-E063-4804A8C048EA},380000,2023-06-30,2023,6,2,SS17 7HG,SS17,Semi-Detached,Freehold,False,STANFORD-LE-HOPE,THURROCK,THURROCK,A,51.510893,0.431285,East of England,England,Thurrock
{045A1898-90E2-9A24-E063-4804A8C048EA},280000,2023-07-07,2023,7,3,M19 2LQ,M19,Semi-Detached,Freehold,False,MANCHESTER,MANCHESTER,GREATER MANCHESTER,A,53.431946,-2.202336,North West,England,Manchester
{045A1898-9129-9A24-E063-4804A8C048EA},645000,2023-07-14,2023,7,3,SK7 2PE,SK7,Detached,Freehold,False,STOCKPORT,STOCKPORT,GREATER MANCHESTER,A,53.351936,-2.156814,North West,England,Stockport
{045A1898-9167-9A24-E063-4804A8C048EA},233000,2023-07-10,2023,7,3,BL8 4AG,BL8,Terraced,Leasehold,False,BURY,BURY,GREATER MANCHESTER,A,53.596336,-2.320657,North West,England,Bury
{045A1898-92B8-9A24-E063-4804A8C048EA},135000,2023-03-24,2023,3,1,OL8 2TW,OL8,Terraced,Freehold,False,OLDHAM,OLDHAM,GREATER MANCHESTER,A,53.525283,-2.113272,North West,England,Oldham
{045A1898-92BE-9A24-E063-4804A8C048EA},400000,2023-07-14,2023,7,3,OL6 9NH,OL6,Detached,Leasehold,False,ASHTON-UNDER-LYNE,TAMESIDE,GREATER MANCHESTER,A,53.501858,-2.093867,North West,England,Tameside
{045A1898-94AC-9A24-E063-4804A8C048EA},350000,2023-05-05,2023,5,2,M23 0GG,M23,Detached,Freehold,False,MANCHESTER,MANCHESTER,GREATER MANCHESTER,A,53.39807,-2.285178,North West,England,Manchester
{045A1898-955C-9A24-E063-4804A8C048EA},235000,2023-08-07,2023,8,3,M29 8JH,M29,Semi-Detached,Freehold,False,MANCHESTER,WIGAN,GREATER MANCHESTER,A,53.491844,-2.47748,North West,England,Wigan
{045A1898-95AE-9A24-E063-4804A8C048EA},69950,2023-07-21,2023,7,3,M23 1HR,M23,Flat/Maisonette,Leasehold,False,MANCHESTER,MANCHESTER,GREATER MANCHESTER,A,53.39807,-2.285178,North West,England,Manchester
{045A1898-968D-9A24-E063-4804A8C048EA},220000,2023-06-30,2023,6,2,GL2 4LF,GL2,Terraced,Freehold,False,GLOUCESTER,GLOUCESTER,GLOUCESTERSHIRE,A,51.879783,-2.202531,South West,England,Gloucester
{045A1898-96F8-9A24-E063-4804A8C048EA},770000,2021-09-08,2021,9,3,GL54 3BU,GL54,Detached,Freehold,False,CHELTENHAM,COTSWOLD,GLOUCESTERSHIRE,A,51.892669,-1.754639,South West,England,Cotswold
{045A1898-9788-9A24-E063-4804A8C048EA},630000,2023-07-19,2023,7,3,GL54 5JY,GL54,Detached,Freehold,False,CHELTENHAM,TEWKESBURY,GLOUCESTERSHIRE,A,51.892669,-1.754639,South West,England,Cotswold
{045A1898-97C7-9A24-E063-4804A8C048EA},301000,2023-07-28,2023,7,3,GL5 1PY,GL5,Detached,Freehold,False,STROUD,STROUD,GLOUCESTERSHIRE,A,51.718346,-2.231787,South West,England,Stroud
{045A1898-97FB-9A24-E063-4804A8C048EA},160000,2023-07-24,2023,7,3,BS16 9HD,BS16,Flat/Maisonette,Leasehold,False,BRISTOL,SOUTH GLOUCESTERSHIRE,SOUTH GLOUCESTERSHIRE,A,51.502204,-2.521266,South West,England,South Gloucestershire
{045A1898-9821-9A24-E063-4804A8C048EA},159950,2022-03-11,2022,3,1,GL15 5ES,GL15,Flat/Maisonette,Leasehold,False,LYDNEY,FOREST OF DEAN,GLOUCESTERSHIRE,A,51.762549,-2.473633,South West,England,Forest of Dean
{045A1898-987C-9A24-E063-4804A8C048EA},225000,2023-07-19,2023,7,3,GL50 2PB,GL50,Flat/Maisonette,Leasehold,False,CHELTENHAM,CHELTENHAM,GLOUCESTERSHIRE,A,51.898159,-2.073862,South West,England,Cheltenham
{045A1898-98B9-9A24-E063-4804A8C048EA},895000,2021-09-17,2021,9,3,GL55 6LW,GL55,Detached,Freehold,False,CHIPPING CAMPDEN,COTSWOLD,GLOUCESTERSHIRE,A,52.047952,-1.782735,South West,England,Cotswold
{045A1898-98DF-9A24-E063-4804A8C048EA},317000,2021-12-10,2021,12,4,GL3 1FG,GL3,Semi-Detached,Freehold,True,GLOUCESTER,TEWKESBURY,GLOUCESTERSHIRE,A,51.879893,-2.178794,South West,England,Tewkesbury
{045A1898-992C-9A24-E063-4804A8C048EA},335000,2022-03-25,2022,3,1,GL2 4ER,GL2,Detached,Freehold,True,GLOUCESTER,STROUD,GLOUCESTERSHIRE,A,51.879783,-2.202531,South West,England,Gloucester
{045A1898-99AC-9A24-E063-4804A8C048EA},414995,2022-09-16,2022,9,3,GL3 5AG,GL3,Detached,Freehold,True,GLOUCESTER,TEWKESBURY,GLOUCESTERSHIRE,A,51.879893,-2.178794,South West,England,Tewkesbury
{045A1898-99C8-9A24-E063-4804A8C048EA},351820,2021-05-14,2021,5,2,GL2 4EW,GL2,Detached,Freehold,True,GLOUCESTER,STROUD,GLOUCESTERSHIRE,A,51.879783,-2.202531,South West,England,Gloucester
{045A1898-9A0B-9A24-E063-4804A8C048EA},305000,2021-06-25,2021,6,2,GL51 8NR,GL51,Semi-Detached,Freehold,False,CHELTENHAM,CHELTENHAM,GLOUCESTERSHIRE,A,51.91687,-2.10809,South West,England,Cheltenham
{045A1898-9A1B-9A24-E063-4804A8C048EA},475000,2023-06-28,2023,6,2,GL7 5FG,GL7,Detached,Freehold,True,CIRENCESTER,COTSWOLD,GLOUCESTERSHIRE,A,51.67188,-1.772894,South West,England,Cotswold
{045A1898-9A34-9A24-E063-4804A8C048EA},425000,2023-08-10,2023,8,3,GL4 5YD,GL4,Detached,Freehold,False,GLOUCESTER,GLOUCESTER,GLOUCESTERSHIRE,A,51.831986,-2.217729,South West,England,Gloucester
{045A1898-9A8C-9A24-E063-4804A8C048EA},265000,2023-08-11,2023,8,3,GL15 5SQ,GL15,Semi-Detached,Freehold,False,LYDNEY,FOREST OF DEAN,GLOUCESTERSHIRE,A,51.762549,-2.473633,South West,England,Forest of Dean
{045A1898-9ACB-9A24-E063-4804A8C048EA},940000,2023-07-28,2023,7,3,SG14 2BJ,SG14,Detached,Freehold,False,HERTFORD,EAST HERTFORDSHIRE,HERTFORDSHIRE,A,51.804411,-0.075875,East of England,England,East Hertfordshire
{045A1898-9B1C-9A24-E063-4804A8C048EA},200000,2023-06-30,2023,6,2,CM23 4EA,CM23,Terraced,Freehold,False,BISHOP'S STORTFORD,EAST HERTFORDSHIRE,HERTFORDSHIRE,A,51.871188,0.153485,East of England,England,East Hertfordshire
{045A1898-9BF4-9A24-E063-4804A8C048EA},368000,2023-06-29,2023,6,2,HP3 8JS,HP3,Terraced,Freehold,False,HEMEL HEMPSTEAD,DACORUM,HERTFORDSHIRE,A,51.741073,-0.493083,East of England,England,Dacorum
{045A1898-9C30-9A24-E063-4804A8C048EA},265000,2023-03-03,2023,3,1,EN10 7BB,EN10,Flat/Maisonette,Leasehold,False,BROXBOURNE,BROXBOURNE,HERTFORDSHIRE,A,51.745959,-0.023228,East of England,England,Broxbourne
{045A1898-9C7E-9A24-E063-4804A8C048EA},217000,2023-07-31,2023,7,3,SG8 7AP,SG8,Flat/Maisonette,Leasehold,False,ROYSTON,NORTH HERTFORDSHIRE,HERTFORDSHIRE,A,52.082857,0.019037,East of England,England,South Cambridgeshire
{045A1898-9C96-9A24-E063-4804A8C048EA},360000,2023-06-30,2023,6,2,WD19 6DL,WD19,Terraced,Freehold,False,WATFORD,THREE RIVERS,HERTFORDSHIRE,A,51.642151,-0.382232,East of England,England,Watford
{045A1898-9D36-9A24-E063-4804A8C048EA},322000,2023-08-03,2023,8,3,WD18 7HG,WD18,Flat/Maisonette,Leasehold,False,WATFORD,WATFORD,HERTFORDSHIRE,A,51.653498,-0.398525,East of England,England,Watford
{045A1898-9E02-9A24-E063-4804A8C048EA},210000,2023-06-30,2023,6,2,AL2 1TD,AL2,Flat/Maisonette,Leasehold,False,ST ALBANS,ST ALBANS,HERTFORDSHIRE,A,51.723003,-0.297212,East of England,England,St Albans
{045A1898-9F75-9A24-E063-4804A8C048EA},518500,2022-11-28,2022,11,4,SG16 6GU,SG16,Detached,Freehold,True,HENLOW,NORTH HERTFORDSHIRE,HERTFORDSHIRE,A,52.008055,-0.297047,East of England,England,Central Bedfordshire
{045A1898-9F89-9A24-E063-4804A8C048EA},650000,2023-07-28,2023,7,3,WD18 7DX,WD18,Semi-Detached,Freehold,False,WATFORD,WATFORD,HERTFORDSHIRE,A,51.653498,-0.398525,East of England,England,Watford
{045A1898-A06A-9A24-E063-4804A8C048EA},750000,2023-07-20,2023,7,3,OX17 3PP,OX17,Detached,Freehold,False,BANBURY,WEST NORTHAMPTONSHIRE,WEST NORTHAMPTONSHIRE,A,52.12701,-1.402873,West Midlands,England,Stratford-on-Avon
{045A1898-A08D-9A24-E063-4804A8C048EA},245000,2023-07-14,2023,7,3,PO4 0EL,PO4,Terraced,Freehold,False,SOUTHSEA,PORTSMOUTH,PORTSMOUTH,A,50.796785,-1.059415,South East,England,Portsmouth
{045A1898-A136-9A24-E063-4804A8C048EA},356000,2023-08-04,2023,8,3,SO45 5DQ,SO45,Detached,Freehold,False,SOUTHAMPTON,NEW FOREST,HAMPSHIRE,A,50.851482,-1.401929,South East,England,New Forest
{045A1898-A13E-9A24-E063-4804A8C048EA},767500,2023-06-30,2023,6,2,GU51 3XB,GU51,Detached,Freehold,False,FLEET,HART,HAMPSHIRE,A,51.276555,-0.819619,South East,England,Hart
{045A1898-A164-9A24-E063-4804A8C048EA},395000,2023-07-27,2023,7,3,PO7 7BJ,PO7,Semi-Detached,Freehold,False,WATERLOOVILLE,HAVANT,HAMPSHIRE,A,50.901786,-1.059292,South East,England,Winchester
{045A1898-A1DE-9A24-E063-4804A8C048EA},255000,2023-07-28,2023,7,3,SO40 8UA,SO40,Terraced,Freehold,False,SOUTHAMPTON,NEW FOREST,HAMPSHIRE,A,50.915681,-1.49976,South East,England,New Forest
{045A1898-A1F7-9A24-E063-4804A8C048EA},580000,2023-07-14,2023,7,3,SO53 3RB,SO53,Detached,Freehold,False,EASTLEIGH,EASTLEIGH,HAMPSHIRE,A,50.98442,-1.388413,South East,England,Eastleigh
{045A1898-A260-9A24-E063-4804A8C048EA},535000,2023-07-31,2023,7,3,PO5 4AB,PO5,Terraced,Freehold,False,SOUTHSEA,PORTSMOUTH,PORTSMOUTH,A,50.78819,-1.07762,South East,England,Portsmouth
{045A1898-A281-9A24-E063-4804A8C048EA},995000,2023-07-12,2023,7,3,SO23 7EQ,SO23,Terraced,Freehold,False,WINCHESTER,WINCHESTER,HAMPSHIRE,A,51.094049,-1.306527,South East,England,Winchester
{045A1898-A3AF-9A24-E063-4804A8C048EA},635000,2023-07-14,2023,7,3,PO4 9YA,PO4,Flat/Maisonette,Leasehold,False,SOUTHSEA,PORTSMOUTH,PORTSMOUTH,A,50.796785,-1.059415,South East,England,Portsmouth
{045A1898-A429-9A24-E063-4804A8C048EA},700000,2023-07-12,2023,7,3,SO21 2PR,SO21,Semi-Detached,Freehold,False,WINCHESTER,WINCHESTER,HAMPSHIRE,A,51.118847,-1.329173,South East,England,Winchester
{045A1898-A509-9A24-E063-4804A8C048EA},220000,2021-09-29,2021,9,3,PO12 1FX,PO12,Flat/Maisonette,Leasehold,False,GOSPORT,GOSPORT,HAMPSHIRE,A,50.798275,-1.144299,South East,England,Gosport
{045A1898-A58F-9A24-E063-4804A8C048EA},730000,2023-06-30,2023,6,2,BH25 7NQ,BH25,Terraced,Freehold,False,NEW MILTON,NEW FOREST,HAMPSHIRE,A,50.743868,-1.653541,South East,England,New Forest
{045A1898-A59E-9A24-E063-4804A8C048EA},1685000,2023-07-05,2023,7,3,SO23 0AF,SO23,Terraced,Freehold,False,WINCHESTER,WINCHESTER,HAMPSHIRE,A,51.094049,-1.306527,South East,England,Winchester
{045A1898-A5B3-9A24-E063-4804A8C048EA},240000,2023-03-31,2023,3,1,SO16 5HF,SO16,Terraced,Freehold,False,SOUTHAMPTON,SOUTHAMPTON,SOUTHAMPTON,A,50.933789,-1.451067,South East,England,Southampton
{045A1898-A66B-9A24-E063-4804A8C048EA},334995,2021-08-27,2021,8,3,SP11 6QA,SP11,Detached,Freehold,True,ANDOVER,TEST VALLEY,HAMPSHIRE,A,51.254675,-1.606512,South West,England,Wiltshire
{045A1898-A70B-9A24-E063-4804A8C048EA},399950,2022-04-29,2022,4,2,PO15 7PU,PO15,Semi-Detached,Freehold,True,FAREHAM,WINCHESTER,HAMPSHIRE,A,50.8599,-1.207379,South East,England,Fareham
{045A1898-A76B-9A24-E063-4804A8C048EA},444000,2020-12-18,2020,12,4,GU11 4DG,GU11,Terraced,Freehold,True,ALDERSHOT,RUSHMOOR,HAMPSHIRE,A,51.247607,-0.765441,South East,England,Rushmoor
{045A1898-A7AE-9A24-E063-4804A8C048EA},215000,2023-07-10,2023,7,3,DN21 4BU,DN21,Terraced,Freehold,False,GAINSBOROUGH,NORTH LINCOLNSHIRE,NORTH LINCOLNSHIRE,A,53.437086,-0.560237,East Midlands,England,West Lindsey
{045A1898-A933-9A24-E063-4804A8C048EA},164000,2023-07-05,2023,7,3,DN20 0LA,DN20,Semi-Detached,Freehold,False,BRIGG,NORTH LINCOLNSHIRE,NORTH LINCOLNSHIRE,A,53.640019,-0.505538,Yorkshire and The Humber,England,North Lincolnshire
{045A1898-A98A-9A24-E063-4804A8C048EA},42000,2023-07-11,2023,7,3,DN32 7NA,DN32,Terraced,Freehold,False,GRIMSBY,NORTH EAST LINCOLNSHIRE,NORTH EAST LINCOLNSHIRE,A,53.554055,-0.075078,Yorkshire and The Humber,England,North East Lincolnshire
{045A1898-A997-9A24-E063-4804A8C048EA},220000,2023-02-20,2023,2,1,DN35 7RQ,DN35,Detached,Freehold,False,CLEETHORPES,NORTH EAST LINCOLNSHIRE,NORTH EAST LINCOLNSHIRE,A,53.559217,-0.032599,Yorkshire and The Humber,England,North East Lincolnshire
{045A1898-A99C-9A24-E063-4804A8C048EA},275000,2023-08-01,2023,8,3,YO16 6UX,YO16,Semi-Detached,Freehold,False,BRIDLINGTON,EAST RIDING OF YORKSHIRE,EAST RIDING OF YORKSHIRE,A,54.084673,-0.203649,Yorkshire and The Humber,England,East Riding of Yorkshire
{045A1898-AA13-9A24-E063-4804A8C048EA},151995,2022-04-25,2022,4,2,DN31 2FB,DN31,Semi-Detached,Freehold,True,GRIMSBY,NORTH EAST LINCOLNSHIRE,NORTH EAST LINCOLNSHIRE,A,53.567535,-0.105802,Yorkshire and The Humber,England,North East Lincolnshire
{045A1898-AA6A-9A24-E063-4804A8C048EA},400000,2023-07-27,2023,7,3,HU4 7AD,HU4,Detached,Freehold,False,HULL,CITY OF KINGSTON UPON HULL,CITY OF KINGSTON UPON HULL,A,53.728328,-0.421583,Yorkshire and The Humber,England,"Kingston upon Hull, City of"
{045A1898-AAB2-9A24-E063-4804A8C048EA},217500,2023-07-27,2023,7,3,HU6 7YG,HU6,Detached,Freehold,False,HULL,CITY OF KINGSTON UPON HULL,CITY OF KINGSTON UPON HULL,A,53.7866,-0.360214,Yorkshire and The Humber,England,"Kingston upon Hull, City of"
{045A1898-AAB4-9A24-E063-4804A8C048EA},92500,2023-08-01,2023,8,3,DN35 7AB,DN35,Semi-Detached,Freehold,False,CLEETHORPES,NORTH EAST LINCOLNSHIRE,NORTH EAST LINCOLNSHIRE,A,53.559217,-0.032599,Yorkshire and The Humber,England,North East Lincolnshire
{045A1898-ABE7-9A24-E063-4804A8C048EA},365000,2023-07-07,2023,7,3,B47 5LN,B47,Semi-Detached,Freehold,False,BIRMINGHAM,BROMSGROVE,WORCESTERSHIRE,A,52.394217,-1.874713,West Midlands,England,Bromsgrove
{045A1898-ABFE-9A24-E063-4804A8C048EA},197500,2023-07-03,2023,7,3,WR2 5EY,WR2,Terraced,Freehold,False,WORCESTER,WORCESTER,WORCESTERSHIRE,A,52.20641,-2.245135,West Midlands,England,Worcester
{045A1898-AC14-9A24-E063-4804A8C048EA},345000,2023-07-20,2023,7,3,WR5 3AS,WR5,Semi-Detached,Freehold,False,WORCESTER,WORCESTER,WORCESTERSHIRE,A,52.170092,-2.199798,West Midlands,England,Worcester
{045A1898-AC17-9A24-E063-4804A8C048EA},440000,2023-08-21,2023,8,3,B60 3DA,B60,Detached,Freehold,False,BROMSGROVE,BROMSGROVE,WORCESTERSHIRE,A,52.333812,-2.053397,West Midlands,England,Bromsgrove
{045A1898-ACB0-9A24-E063-4804A8C048EA},220000,2023-07-20,2023,7,3,PO32 6FT,PO32,Terraced,Freehold,False,EAST COWES,ISLE OF WIGHT,ISLE OF WIGHT,A,50.761198,-1.278751,South East,England,Isle of Wight
{045A1898-ACF9-9A24-E063-4804A8C048EA},217500,2023-06-28,2023,6,2,ME6 5BJ,ME6,Semi-Detached,Leasehold,False,SNODLAND,TONBRIDGE AND MALLING,KENT,A,51.32857,0.440272,South East,England,Tonbridge and Malling
{045A1898-AD0E-9A24-E063-4804A8C048EA},231000,2022-06-01,2022,6,2,ME14 2SB,ME14,Terraced,Freehold,False,MAIDSTONE,MAIDSTONE,KENT,A,51.276456,0.519027,South East,England,Maidstone
{045A1898-ADAE-9A24-E063-4804A8C048EA},483000,2022-07-28,2022,7,3,DA7 6JN,DA7,Semi-Detached,Freehold,False,BEXLEYHEATH,BEXLEY,GREATER LONDON,A,51.46191,0.133616,London,England,Bexley
{045A1898-AEA6-9A24-E063-4804A8C048EA},450000,2023-08-08,2023,8,3,ME15 8JS,ME15,Detached,Freehold,False,MAIDSTONE,MAIDSTONE,KENT,A,51.263716,0.561508,South East,England,Maidstone
{045A1898-AFF0-9A24-E063-4804A8C048EA},172000,2023-07-12,2023,7,3,TN4 9QX,TN4,Flat/Maisonette,Leasehold,False,TUNBRIDGE WELLS,TUNBRIDGE WELLS,KENT,A,51.137046,0.258696,South East,England,Tunbridge Wells
{045A1898-B005-9A24-E063-4804A8C048EA},350000,2023-06-30,2023,6,2,ME19 5QQ,ME19,Semi-Detached,Freehold,False,WEST MALLING,TONBRIDGE AND MALLING,KENT,A,51.273591,0.415592,South East,England,Tonbridge and Malling
{045A1898-B0AC-9A24-E063-4804A8C048EA},297000,2023-07-31,2023,7,3,CT11 0NX,CT11,Semi-Detached,Freehold,False,RAMSGATE,THANET,KENT,A,51.337771,1.41385,South East,England,Thanet
{045A1898-B18B-9A24-E063-4804A8C048EA},485000,2023-07-28,2023,7,3,DA11 7HH,DA11,Semi-Detached,Freehold,False,GRAVESEND,GRAVESHAM,KENT,A,51.44292,0.336202,South East,England,Gravesham
{045A1898-B2A6-9A24-E063-4804A8C048EA},490000,2022-04-29,2022,4,2,ME6 5SD,ME6,Terraced,Freehold,False,SNODLAND,TONBRIDGE AND MALLING,KENT,A,51.32857,0.440272,South East,England,Tonbridge and Malling
{045A1898-B2E3-9A24-E063-4804A8C048EA},195000,2023-07-27,2023,7,3,BB1 8LS,BB1,Semi-Detached,Freehold,False,BLACKBURN,BLACKBURN WITH DARWEN,BLACKBURN WITH DARWEN,A,53.787998,-2.481779,North West,England,Ribble Valley
{045A1898-B2EF-9A24-E063-4804A8C048EA},200000,2023-07-07,2023,7,3,M35 9FA,M35,Semi-Detached,Freehold,False,MANCHESTER,OLDHAM,GREATER MANCHESTER,A,53.503131,-2.135089,North West,England,Oldham
{045A1898-B2FC-9A24-E063-4804A8C048EA},182500,2023-05-31,2023,5,2,M34 5LE,M34,Semi-Detached,Freehold,False,MANCHESTER,TAMESIDE,GREATER MANCHESTER,A,53.466505,-2.115933,North West,England,Tameside
{045A1898-B2FD-9A24-E063-4804A8C048EA},350000,2023-08-11,2023,8,3,M21 9FU,M21,Terraced,Freehold,False,MANCHESTER,MANCHESTER,GREATER MANCHESTER,A,53.437209,-2.272329,North West,England,Manchester
{045A1898-B390-9A24-E063-4804A8C048EA},130000,2023-05-19,2023,5,2,BL4 9JP,BL4,Terraced,Leasehold,False,BOLTON,BOLTON,GREATER MANCHESTER,A,53.551435,-2.388751,North West,England,Bolton
{045A1898-B396-9A24-E063-4804A8C048EA},166000,2023-08-11,2023,8,3,L31 8AY,L31,Semi-Detached,Freehold,False,LIVERPOOL,SEFTON,MERSEYSIDE,A,53.510885,-2.941655,North West,England,Sefton
{045A1898-B3EB-9A24-E063-4804A8C048EA},190000,2023-07-06,2023,7,3,PR7 4QJ,PR7,Semi-Detached,Leasehold,False,CHORLEY,CHORLEY,LANCASHIRE,A,53.645656,-2.638943,North West,England,Chorley
{045A1898-B414-9A24-E063-4804A8C048EA},173750,2023-07-07,2023,7,3,BL1 5PR,BL1,Semi-Detached,Leasehold,False,BOLTON,BOLTON,GREATER MANCHESTER,A,53.610671,-2.425087,North West,England,Bolton
{045A1898-B445-9A24-E063-4804A8C048EA},78000,2023-02-24,2023,2,1,PR1 5UT,PR1,Terraced,Freehold,False,PRESTON,PRESTON,LANCASHIRE,A,53.73961,-2.72862,North West,England,South Ribble
{045A1898-B4C2-9A24-E063-4804A8C048EA},219950,2023-07-21,2023,7,3,FY2 9NT,FY2,Semi-Detached,Freehold,False,BLACKPOOL,BLACKPOOL,BLACKPOOL,A,53.847706,-3.044123,North West,England,Blackpool
{045A1898-B4EB-9A24-E063-4804A8C048EA},106000,2023-07-10,2023,7,3,BB3 3JZ,BB3,Semi-Detached,Freehold,False,DARWEN,BLACKBURN WITH DARWEN,BLACKBURN WITH DARWEN,A,53.723198,-2.462881,North West,England,Blackburn with Darwen
{045A1898-B578-9A24-E063-4804A8C048EA},182000,2023-03-24,2023,3,1,WN8 6RX,WN8,Semi-Detached,Freehold,False,SKELMERSDALE,WEST LANCASHIRE,LANCASHIRE,A,53.538909,-2.734376,North West,England,West Lancashire
{045A1898-B586-9A24-E063-4804A8C048EA},420000,2023-07-31,2023,7,3,FY5 5PA,FY5,Detached,Freehold,False,THORNTON-CLEVELEYS,WYRE,LANCASHIRE,A,53.861768,-3.028081,North West,England,Blackpool
{045A1898-B5C5-9A24-E063-4804A8C048EA},146000,2023-06-28,2023,6,2,LA1 4UE,LA1,Terraced,Freehold,False,LANCASTER,LANCASTER,LANCASHIRE,A,54.036607,-2.797782,North West,England,Lancaster
{045A1898-B5D0-9A24-E063-4804A8C048EA},122500,2023-07-14,2023,7,3,LA4 5QS,LA4,Terraced,Freehold,False,MORECAMBE,LANCASTER,LANCASHIRE,A,54.069724,-2.83135,North West,England,Lancaster
{045A1898-B682-9A24-E063-4804A8C048EA},139000,2023-06-30,2023,6,2,PR7 5AH,PR7,Terraced,Leasehold,False,CHORLEY,CHORLEY,LANCASHIRE,A,53.645656,-2.638943,North West,England,Chorley
{045A1898-B68C-9A24-E063-4804A8C048EA},132000,2023-06-30,2023,6,2,PR25 3HH,PR25,Terraced,Freehold,False,LEYLAND,SOUTH RIBBLE,LANCASHIRE,A,53.697597,-2.709461,North West,England,South Ribble
{045A1898-B6FF-9A24-E063-4804A8C048EA},147000,2023-08-10,2023,8,3,LA4 4UG,LA4,Semi-Detached,Freehold,False,MORECAMBE,LANCASTER,LANCASHIRE,A,54.069724,-2.83135,North West,England,Lancaster
{045A1898-B75B-9A24-E063-4804A8C048EA},230000,2023-07-28,2023,7,3,LA1 4UQ,LA1,Terraced,Freehold,False,LANCASTER,LANCASTER,LANCASHIRE,A,54.036607,-2.797782,North West,England,Lancaster
{045A1898-B763-9A24-E063-4804A8C048EA},60000,2023-08-03,2023,8,3,FY1 4HQ,FY1,Flat/Maisonette,Leasehold,False,BLACKPOOL,BLACKPOOL,BLACKPOOL,A,53.825721,-3.044093,North West,England,Blackpool
{045A1898-B788-9A24-E063-4804A8C048EA},195000,2023-07-13,2023,7,3,L40 0SN,L40,Semi-Detached,Freehold,False,ORMSKIRK,WEST LANCASHIRE,LANCASHIRE,A,53.589737,-2.857521,North West,England,West Lancashire
{045A1898-B7BF-9A24-E063-4804A8C048EA},225000,2023-08-11,2023,8,3,FY6 7QZ,FY6,Semi-Detached,Freehold,False,POULTON-LE-FYLDE,WYRE,LANCASHIRE,A,53.927594,-2.994213,North West,England,Wyre
{045A1898-B845-9A24-E063-4804A8C048EA},275000,2023-07-19,2023,7,3,PR3 6AQ,PR3,Semi-Detached,Freehold,False,PRESTON,WYRE,LANCASHIRE,A,53.812829,-2.535357,North West,England,Ribble Valley
{045A1898-B89C-9A24-E063-4804A8C048EA},315000,2022-04-12,2022,4,2,LA2 9RG,LA2,Semi-Detached,Freehold,False,LANCASTER,LANCASTER,LANCASHIRE,A,54.075406,-2.751959,North West,England,Lancaster
{045A1898-B940-9A24-E063-4804A8C048EA},131212,2021-08-12,2021,8,3,PR3 5BN,PR3,Terraced,Leasehold,False,PRESTON,PRESTON,LANCASHIRE,A,53.812829,-2.535357,North West,England,Ribble Valley
{045A1898-B946-9A24-E063-4804A8C048EA},424995,2021-11-05,2021,11,4,PR4 3FQ,PR4,Detached,Freehold,True,PRESTON,FYLDE,LANCASHIRE,A,53.72003,-2.799674,North West,England,South Ribble
{045A1898-B986-9A24-E063-4804A8C048EA},200000,2022-02-10,2022,2,1,PR3 0FP,PR3,Semi-Detached,Freehold,True,PRESTON,WYRE,LANCASHIRE,A,53.812829,-2.535357,North West,England,Ribble Valley
{045A1898-B9DA-9A24-E063-4804A8C048EA},304950,2020-11-12,2020,11,4,PR3 5BN,PR3,Detached,Freehold,True,PRESTON,PRESTON,LANCASHIRE,A,53.812829,-2.535357,North West,England,Ribble Valley
{045A1898-B9F5-9A24-E063-4804A8C048EA},83000,2022-05-19,2022,5,2,FY7 7LH,FY7,Terraced,Freehold,False,FLEETWOOD,WYRE,LANCASHIRE,A,53.915076,-3.030166,North West,England,Wyre
{045A1898-BBA1-9A24-E063-4804A8C048EA},235000,2023-07-28,2023,7,3,LN12 2DQ,LN12,Detached,Freehold,False,MABLETHORPE,EAST LINDSEY,LINCOLNSHIRE,A,53.32046,0.27766,East Midlands,England,East Lindsey
{045A1898-BC83-9A24-E063-4804A8C048EA},127000,2023-07-14,2023,7,3,LN4 4LY,LN4,Semi-Detached,Freehold,False,LINCOLN,EAST LINDSEY,LINCOLNSHIRE,A,53.112047,-0.324217,East Midlands,England,North Kesteven
{045A1898-BCDA-9A24-E063-4804A8C048EA},130000,2023-08-14,2023,8,3,LN2 4SF,LN2,Semi-Detached,Freehold,False,LINCOLN,LINCOLN,LINCOLNSHIRE,A,53.243161,-0.51514,East Midlands,England,Lincoln
{045A1898-BDB9-9A24-E063-4804A8C048EA},440000,2020-11-17,2020,11,4,DN36 5JY,DN36,Detached,Freehold,True,GRIMSBY,EAST LINDSEY,LINCOLNSHIRE,A,53.526126,-0.028852,Yorkshire and The Humber,England,North East Lincolnshire
{045A1898-BE1E-9A24-E063-4804A8C048EA},220000,2022-05-06,2022,5,2,LN4 3ED,LN4,Semi-Detached,Freehold,True,LINCOLN,NORTH KESTEVEN,LINCOLNSHIRE,A,53.112047,-0.324217,East Midlands,England,North Kesteven
{045A1898-BEDE-9A24-E063-4804A8C048EA},125000,2023-07-11,2023,7,3,DN21 1XR,DN21,Semi-Detached,Freehold,False,GAINSBOROUGH,WEST LINDSEY,LINCOLNSHIRE,A,53.437086,-0.560237,East Midlands,England,West Lindsey
{045A1898-C00B-9A24-E063-4804A8C048EA},335250,2023-07-12,2023,7,3,LE65 2NT,LE65,Detached,Freehold,False,ASHBY-DE-LA-ZOUCH,NORTH WEST LEICESTERSHIRE,LEICESTERSHIRE,A,52.747716,-1.473911,East Midlands,England,North West Leicestershire
{045A1898-C013-9A24-E063-4804A8C048EA},350000,2023-07-21,2023,7,3,LE10 0AR,LE10,Detached,Freehold,False,HINCKLEY,HINCKLEY AND BOSWORTH,LEICESTERSHIRE,A,52.546726,-1.36977,East Midlands,England,Hinckley and Bosworth
{045A1898-C08E-9A24-E063-4804A8C048EA},1150000,2023-07-27,2023,7,3,LE65 1WU,LE65,Detached,Freehold,False,ASHBY-DE-LA-ZOUCH,NORTH WEST LEICESTERSHIRE,LEICESTERSHIRE,A,52.747716,-1.473911,East Midlands,England,North West Leicestershire
{045A1898-C0A8-9A24-E063-4804A8C048EA},670000,2023-08-18,2023,8,3,LE2 3DN,LE2,Detached,Freehold,False,LEICESTER,LEICESTER,LEICESTER,A,52.63624,-1.115227,East Midlands,England,Leicester
{045A1898-C187-9A24-E063-4804A8C048EA},250000,2023-08-04,2023,8,3,LE9 8FS,LE9,Semi-Detached,Freehold,False,LEICESTER,HINCKLEY AND BOSWORTH,LEICESTERSHIRE,A,52.577143,-1.303046,East Midlands,England,Hinckley and Bosworth
{045A1898-C1B1-9A24-E063-4804A8C048EA},630000,2023-07-28,2023,7,3,LE17 4PS,LE17,Detached,Freehold,False,LUTTERWORTH,HARBOROUGH,LEICESTERSHIRE,A,52.453164,-1.19989,East Midlands,England,Harborough
{045A1898-C219-9A24-E063-4804A8C048EA},135000,2023-07-28,2023,7,3,LE1 4BR,LE1,Flat/Maisonette,Leasehold,False,LEICESTER,LEICESTER,LEICESTER,A,52.632968,-1.128591,East Midlands,England,Leicester
{045A1898-C271-9A24-E063-4804A8C048EA},410000,2023-08-16,2023,8,3,LE14 4DY,LE14,Detached,Freehold,False,MELTON MOWBRAY,MELTON,LEICESTERSHIRE,A,52.828823,-0.841517,East Midlands,England,Melton
{045A1898-C2D4-9A24-E063-4804A8C048EA},260000,2023-02-24,2023,2,1,LE12 7SQ,LE12,Semi-Detached,Freehold,False,LOUGHBOROUGH,CHARNWOOD,LEICESTERSHIRE,A,52.752143,-1.141418,East Midlands,England,Charnwood
{045A1898-C2D7-9A24-E063-4804A8C048EA},195000,2023-08-11,2023,8,3,LE67 6NN,LE67,Semi-Detached,Freehold,False,IBSTOCK,NORTH WEST LEICESTERSHIRE,LEICESTERSHIRE,A,52.689993,-1.30905,East Midlands,England,Hinckley and Bosworth
{045A1898-C314-9A24-E063-4804A8C048EA},300000,2021-12-21,2021,12,4,LE10 3FJ,LE10,Detached,Freehold,True,HINCKLEY,HINCKLEY AND BOSWORTH,LEICESTERSHIRE,A,52.546726,-1.36977,East Midlands,England,Hinckley and Bosworth
{045A1898-C386-9A24-E063-4804A8C048EA},316995,2022-06-10,2022,6,2,LE18 3AQ,LE18,Semi-Detached,Freehold,True,WIGSTON,OADBY AND WIGSTON,LEICESTERSHIRE,A,52.596261,-1.117626,East Midlands,England,Oadby and Wigston
{045A1898-C4DA-9A24-E063-4804A8C048EA},490000,2023-07-19,2023,7,3,SK14 3AA,SK14,Detached,Freehold,False,HYDE,TAMESIDE,GREATER MANCHESTER,A,53.465581,-2.06654,North West,England,Tameside
{045A1898-C580-9A24-E063-4804A8C048EA},197000,2022-08-05,2022,8,3,M7 3GY,M7,Semi-Detached,Freehold,False,SALFORD,SALFORD,GREATER MANCHESTER,A,53.492669,-2.263683,North West,England,Salford
{045A1898-C5D5-9A24-E063-4804A8C048EA},259995,2023-07-14,2023,7,3,OL15 9AP,OL15,Semi-Detached,Leasehold,False,LITTLEBOROUGH,ROCHDALE,GREATER MANCHESTER,A,53.64234,-2.100034,North West,England,Rochdale
{045A1898-C63E-9A24-E063-4804A8C048EA},125000,2023-07-21,2023,7,3,BL6 4GJ,BL6,Flat/Maisonette,Leasehold,False,BOLTON,BOLTON,GREATER MANCHESTER,A,53.589673,-2.531081,North West,England,Bolton
{045A1898-C7A9-9A24-E063-4804A8C048EA},185000,2022-03-29,2022,3,1,WA3 3RB,WA3,Semi-Detached,Leasehold,False,WARRINGTON,WIGAN,GREATER MANCHESTER,A,53.447638,-2.510155,North West,England,Warrington
{045A1898-C857-9A24-E063-4804A8C048EA},212000,2023-07-21,2023,7,3,OL9 9DJ,OL9,Semi-Detached,Freehold,False,OLDHAM,OLDHAM,GREATER MANCHESTER,A,53.537919,-2.140389,North West,England,Oldham
{045A1898-C880-9A24-E063-4804A8C048EA},532500,2021-10-21,2021,10,4,M15 4SD,M15,Flat/Maisonette,Leasehold,False,MANCHESTER,MANCHESTER,GREATER MANCHESTER,A,53.472441,-2.249201,North West,England,Manchester
{045A1898-C8EF-9A24-E063-4804A8C048EA},230000,2022-12-01,2022,12,4,BL1 8UU,BL1,Semi-Detached,Leasehold,False,BOLTON,BOLTON,GREATER MANCHESTER,A,53.610671,-2.425087,North West,England,Bolton
{045A1898-C9EE-9A24-E063-4804A8C048EA},234000,2022-04-28,2022,4,2,CV3 3JT,CV3,Semi-Detached,Freehold,True,COVENTRY,COVENTRY,WEST MIDLANDS,A,52.388396,-1.513675,West Midlands,England,Coventry
{045A1898-CABE-9A24-E063-4804A8C048EA},120000,2023-07-25,2023,7,3,B26 3RD,B26,Terraced,Leasehold,False,BIRMINGHAM,BIRMINGHAM,WEST MIDLANDS,A,52.461484,-1.798418,West Midlands,England,Birmingham
{045A1898-CACF-9A24-E063-4804A8C048EA},127000,2023-06-30,2023,6,2,DY2 8XT,DY2,Terraced,Freehold,False,DUDLEY,DUDLEY,WEST MIDLANDS,A,52.496613,-2.085648,West Midlands,England,Dudley
{045A1898-CAF9-9A24-E063-4804A8C048EA},125000,2023-08-02,2023,8,3,DY2 8RJ,DY2,Terraced,Freehold,False,DUDLEY,DUDLEY,WEST MIDLANDS,A,52.496613,-2.085648,West Midlands,England,Dudley
{045A1898-CBC4-9A24-E063-4804A8C048EA},275000,2023-07-21,2023,7,3,L15 6UE,L15,Semi-Detached,Freehold,False,LIVERPOOL,LIVERPOOL,MERSEYSIDE,A,53.400438,-2.923513,North West,England,Liverpool
{045A1898-CC4C-9A24-E063-4804A8C048EA},469500,2023-08-03,2023,8,3,CH48 9XT,CH48,Semi-Detached,Freehold,False,WIRRAL,WIRRAL,MERSEYSIDE,A,53.365854,-3.157929,North West,England,Wirral
{045A1898-CD87-9A24-E063-4804A8C048EA},2350000,2015-06-24,2015,6,2,L37 1LR,L37,Detached,Leasehold,False,LIVERPOOL,SEFTON,MERSEYSIDE,A,53.547076,-3.066608,North West,England,Sefton
{045A1898-CE34-9A24-E063-4804A8C048EA},155000,2023-02-21,2023,2,1,CH41 1DN,CH41,Flat/Maisonette,Leasehold,False,BIRKENHEAD,WIRRAL,MERSEYSIDE,A,53.39424,-3.014977,North West,England,Wirral
{045A1898-CE7A-9A24-E063-4804A8C048EA},219000,2023-04-06,2023,4,2,L1 8ND,L1,Flat/Maisonette,Leasehold,False,LIVERPOOL,LIVERPOOL,MERSEYSIDE,A,53.399414,-2.985366,North West,England,Liverpool
{045A1898-CF60-9A24-E063-4804A8C048EA},317500,2022-02-25,2022,2,1,PR8 5FL,PR8,Detached,Freehold,True,SOUTHPORT,SEFTON,MERSEYSIDE,A,53.593282,-3.046891,North West,England,Sefton
{045A1898-CF64-9A24-E063-4804A8C048EA},245000,2022-04-08,2022,4,2,L17 6DJ,L17,Semi-Detached,Freehold,False,LIVERPOOL,LIVERPOOL,MERSEYSIDE,A,53.378961,-2.95134,North West,England,Liverpool
{045A1898-CF76-9A24-E063-4804A8C048EA},125000,2023-07-14,2023,7,3,L9 0HR,L9,Terraced,Freehold,False,LIVERPOOL,LIVERPOOL,MERSEYSIDE,A,53.45363,-2.964934,North West,England,Liverpool
{045A1898-D07E-9A24-E063-4804A8C048EA},585000,2023-07-25,2023,7,3,N12 0PS,N12,Terraced,Freehold,False,LONDON,BARNET,GREATER LONDON,A,51.611955,-0.186604,London,England,Barnet
{045A1898-D0BD-9A24-E063-4804A8C048EA},890000,2023-07-31,2023,7,3,HA3 0HN,HA3,Semi-Detached,Freehold,False,HARROW,BRENT,GREATER LONDON,A,51.588931,-0.314948,London,England,Harrow
{045A1898-D0FC-9A24-E063-4804A8C048EA},1200000,2023-07-27,2023,7,3,TW11 9AT,TW11,Terraced,Freehold,False,TEDDINGTON,RICHMOND UPON THAMES,GREATER LONDON,A,51.427439,-0.343552,London,England,Richmond upon Thames
{045A1898-D29C-9A24-E063-4804A8C048EA},60000,2022-03-29,2022,3,1,NE46 3QH,NE46,Flat/Maisonette,Leasehold,False,HEXHAM,NORTHUMBERLAND,NORTHUMBERLAND,A,54.968542,-2.078297,North East,England,Northumberland
{045A1898-D371-9A24-E063-4804A8C048EA},570000,2023-07-10,2023,7,3,NE3 1XQ,NE3,Terraced,Leasehold,False,NEWCASTLE UPON TYNE,NEWCASTLE UPON TYNE,TYNE AND WEAR,A,55.01919,-1.660212,North East,England,Newcastle upon Tyne
{045A1898-D37C-9A24-E063-4804A8C048EA},400000,2023-08-18,2023,8,3,NE66 4LW,NE66,Semi-Detached,Freehold,False,ALNWICK,NORTHUMBERLAND,NORTHUMBERLAND,A,55.429768,-1.615046,North East,England,Northumberland
{045A1898-D3BE-9A24-E063-4804A8C048EA},200000,2023-07-14,2023,7,3,TD15 2DT,TD15,Semi-Detached,Freehold,False,BERWICK-UPON-TWEED,NORTHUMBERLAND,NORTHUMBERLAND,A,55.768304,-2.004192,North East,England,Northumberland
{045A1898-D418-9A24-E063-4804A8C048EA},385000,2023-02-28,2023,2,1,N9 7AB,N9,Terraced,Freehold,False,LONDON,ENFIELD,GREATER LONDON,A,51.622159,-0.082948,London,England,Enfield
{045A1898-D48F-9A24-E063-4804A8C048EA},895000,2023-08-07,2023,8,3,W10 4HY,W10,Terraced,Freehold,False,LONDON,CITY OF WESTMINSTER,GREATER LONDON,A,51.517404,-0.219247,London,England,Kensington and Chelsea
{045A1898-D58F-9A24-E063-4804A8C048EA},295000,2023-08-01,2023,8,3,W1H 7JX,W1H,Flat/Maisonette,Leasehold,False,LONDON,CITY OF WESTMINSTER,GREATER LONDON,A,51.515702,-0.157957,London,England,Westminster
{045A1898-D5BF-9A24-E063-4804A8C048EA},355000,2023-02-21,2023,2,1,N3 3QG,N3,Flat/Maisonette,Leasehold,False,LONDON,BARNET,GREATER LONDON,A,51.593606,-0.198596,London,England,Barnet
{045A1898-D76A-9A24-E063-4804A8C048EA},300000,2023-03-03,2023,3,1,PE31 8AQ,PE31,Semi-Detached,Freehold,False,KING'S LYNN,KING'S LYNN AND WEST NORFOLK,NORFOLK,A,52.798451,0.5509,East of England,England,King's Lynn and West Norfolk
{045A1898-D7DF-9A24-E063-4804A8C048EA},977500,2023-07-21,2023,7,3,NR7 0PX,NR7,Detached,Freehold,False,NORWICH,BROADLAND,NORFOLK,A,52.661231,1.322772,East of England,England,Broadland
{045A1898-D856-9A24-E063-4804A8C048EA},410000,2023-07-05,2023,7,3,NR15 2XA,NR15,Detached,Freehold,False,NORWICH,SOUTH NORFOLK,NORFOLK,A,52.451667,1.175436,East of England,England,South Norfolk
{045A1898-D933-9A24-E063-4804A8C048EA},315000,2023-02-06,2023,2,1,NR13 5FB,NR13,Semi-Detached,Freehold,False,NORWICH,BROADLAND,NORFOLK,A,52.666868,1.512619,East of England,England,Broadland
{045A1898-DA5E-9A24-E063-4804A8C048EA},279950,2022-03-28,2022,3,1,NR30 5AJ,NR30,Detached,Freehold,False,GREAT YARMOUTH,GREAT YARMOUTH,NORFOLK,A,52.595761,1.73027,East of England,England,Great Yarmouth
{045A1898-DABA-9A24-E063-4804A8C048EA},325000,2022-07-28,2022,7,3,NR9 3RQ,NR9,Semi-Detached,Freehold,True,NORWICH,SOUTH NORFOLK,NORFOLK,A,52.599166,1.17496,East of England,England,South Norfolk
{045A1898-DACA-9A24-E063-4804A8C048EA},300000,2022-09-23,2022,9,3,NR5 0WQ,NR5,Semi-Detached,Freehold,True,NORWICH,SOUTH NORFOLK,NORFOLK,A,52.629603,1.218133,East of England,England,Norwich
{045A1898-DB30-9A24-E063-4804A8C048EA},325000,2023-08-01,2023,8,3,NR3 4HW,NR3,Semi-Detached,Freehold,False,NORWICH,NORWICH,NORFOLK,A,52.64302,1.284367,East of England,England,Norwich
{045A1898-DB57-9A24-E063-4804A8C048EA},312500,2023-07-31,2023,7,3,IP22 4YW,IP22,Detached,Freehold,False,DISS,SOUTH NORFOLK,NORFOLK,A,52.345377,1.005046,East of England,England,Mid Suffolk
{045A1898-DB89-9A24-E063-4804A8C048EA},435000,2023-06-23,2023,6,2,NN4 0RU,NN4,Detached,Freehold,False,NORTHAMPTON,WEST NORTHAMPTONSHIRE,WEST NORTHAMPTONSHIRE,A,52.206321,-0.893765,East Midlands,England,West Northamptonshire
{045A1898-DC4B-9A24-E063-4804A8C048EA},375000,2023-07-17,2023,7,3,NN9 5RF,NN9,Detached,Freehold,False,WELLINGBOROUGH,NORTH NORTHAMPTONSHIRE,NORTH NORTHAMPTONSHIRE,A,52.337451,-0.658546,East Midlands,England,North Northamptonshire
{045A1898-DC6D-9A24-E063-4804A8C048EA},330000,2022-10-14,2022,10,4,NN12 7AN,NN12,Terraced,Freehold,False,TOWCESTER,WEST NORTHAMPTONSHIRE,WEST NORTHAMPTONSHIRE,A,52.102167,-0.951616,East Midlands,England,West Northamptonshire
{045A1898-DC91-9A24-E063-4804A8C048EA},690000,2022-08-26,2022,8,3,NN6 9EN,NN6,Detached,Freehold,False,NORTHAMPTON,WEST NORTHAMPTONSHIRE,WEST NORTHAMPTONSHIRE,A,52.263454,-0.746808,East Midlands,England,North Northamptonshire
{045A1898-DCE1-9A24-E063-4804A8C048EA},513690,2023-03-28,2023,3,1,OX17 2JW,OX17,Detached,Freehold,False,BANBURY,WEST NORTHAMPTONSHIRE,WEST NORTHAMPTONSHIRE,A,52.12701,-1.402873,West Midlands,England,Stratford-on-Avon
{045A1898-DCE2-9A24-E063-4804A8C048EA},625000,2023-03-10,2023,3,1,NN7 2EH,NN7,Detached,Freehold,False,NORTHAMPTON,WEST NORTHAMPTONSHIRE,WEST NORTHAMPTONSHIRE,A,52.209996,-1.005648,East Midlands,England,West Northamptonshire
{045A1898-DDBF-9A24-E063-4804A8C048EA},360000,2021-06-02,2021,6,2,NN13 6GZ,NN13,Semi-Detached,Freehold,False,BRACKLEY,WEST NORTHAMPTONSHIRE,WEST NORTHAMPTONSHIRE,A,52.027692,-1.155158,East Midlands,England,West Northamptonshire
{045A1898-DDF8-9A24-E063-4804A8C048EA},290000,2022-02-25,2022,2,1,NN5 4GS,NN5,Terraced,Freehold,True,NORTHAMPTON,WEST NORTHAMPTONSHIRE,WEST NORTHAMPTONSHIRE,B,52.251426,-0.959721,East Midlands,England,West Northamptonshire
{045A1898-DE10-9A24-E063-4804A8C048EA},90000,2023-07-14,2023,7,3,NN4 9RT,NN4,Semi-Detached,Leasehold,False,NORTHAMPTON,WEST NORTHAMPTONSHIRE,WEST NORTHAMPTONSHIRE,A,52.206321,-0.893765,East Midlands,England,West Northamptonshire
{045A1898-DEE7-9A24-E063-4804A8C048EA},320000,2023-03-31,2023,3,1,NN4 8JZ,NN4,Detached,Freehold,True,NORTHAMPTON,WEST NORTHAMPTONSHIRE,WEST NORTHAMPTONSHIRE,A,52.206321,-0.893765,East Midlands,England,West Northamptonshire
{045A1898-DFCD-9A24-E063-4804A8C048EA},297000,2023-07-07,2023,7,3,NG8 2EF,NG8,Detached,Freehold,False,NOTTINGHAM,CITY OF NOTTINGHAM,CITY OF NOTTINGHAM,A,52.981993,-1.205315,East Midlands,England,Nottingham
{045A1898-E01A-9A24-E063-4804A8C048EA},225000,2023-08-14,2023,8,3,NG9 8NG,NG9,Detached,Freehold,False,NOTTINGHAM,BROXTOWE,NOTTINGHAMSHIRE,A,52.921358,-1.205159,East Midlands,England,Broxtowe
{045A1898-E0E0-9A24-E063-4804A8C048EA},195000,2023-07-25,2023,7,3,NG8 3FQ,NG8,Semi-Detached,Freehold,False,NOTTINGHAM,CITY OF NOTTINGHAM,CITY OF NOTTINGHAM,A,52.981993,-1.205315,East Midlands,England,Nottingham
{045A1898-E162-9A24-E063-4804A8C048EA},246500,2023-07-11,2023,7,3,NG19 7DH,NG19,Semi-Detached,Freehold,False,MANSFIELD,MANSFIELD,NOTTINGHAMSHIRE,A,53.151788,-1.159029,East Midlands,England,Mansfield
{045A1898-E1A3-9A24-E063-4804A8C048EA},129000,2023-07-07,2023,7,3,NG7 6PW,NG7,Terraced,Freehold,False,NOTTINGHAM,CITY OF NOTTINGHAM,CITY OF NOTTINGHAM,A,52.951378,-1.179068,East Midlands,England,Nottingham
{045A1898-E1DA-9A24-E063-4804A8C048EA},170000,2023-07-06,2023,7,3,NG9 8LW,NG9,Terraced,Freehold,False,NOTTINGHAM,BROXTOWE,NOTTINGHAMSHIRE,A,52.921358,-1.205159,East Midlands,England,Broxtowe
{045A1898-E1EA-9A24-E063-4804A8C048EA},165000,2023-06-30,2023,6,2,NG21 0FB,NG21,Detached,Freehold,False,MANSFIELD,NEWARK AND SHERWOOD,NOTTINGHAMSHIRE,A,53.183122,-1.057632,East Midlands,England,Newark and Sherwood
{045A1898-E217-9A24-E063-4804A8C048EA},265000,2021-06-15,2021,6,2,NG24 3RB,NG24,Detached,Freehold,False,NEWARK,NEWARK AND SHERWOOD,NOTTINGHAMSHIRE,A,53.051412,-0.775347,East Midlands,England,Newark and Sherwood
{045A1898-E2FB-9A24-E063-4804A8C048EA},390000,2023-03-07,2023,3,1,NG12 4FZ,NG12,Detached,Freehold,False,NOTTINGHAM,RUSHCLIFFE,NOTTINGHAMSHIRE,A,52.845687,-1.063495,East Midlands,England,Rushcliffe
{045A1898-E32F-9A24-E063-4804A8C048EA},307500,2022-01-17,2022,1,1,NG22 0FP,NG22,Detached,Freehold,False,NEWARK,BASSETLAW,NOTTINGHAMSHIRE,A,53.232856,-0.886169,East Midlands,England,Bassetlaw
{045A1898-E3C0-9A24-E063-4804A8C048EA},224995,2022-02-25,2022,2,1,DN22 8FU,DN22,Semi-Detached,Freehold,True,RETFORD,BASSETLAW,NOTTINGHAMSHIRE,A,53.33053,-0.823128,East Midlands,England,Bassetlaw
{045A1898-E517-9A24-E063-4804A8C048EA},274995,2022-12-05,2022,12,4,NG24 3UA,NG24,Semi-Detached,Freehold,True,NEWARK,NEWARK AND SHERWOOD,NOTTINGHAMSHIRE,A,53.051412,-0.775347,East Midlands,England,Newark and Sherwood
{045A1898-E52C-9A24-E063-4804A8C048EA},377000,2023-04-13,2023,4,2,NG11 6SG,NG11,Semi-Detached,Freehold,True,NOTTINGHAM,RUSHCLIFFE,NOTTINGHAMSHIRE,A,52.915357,-1.163748,East Midlands,England,Nottingham
{045A1898-E57E-9A24-E063-4804A8C048EA},181100,2023-07-14,2023,7,3,NG5 9PG,NG5,Terraced,Freehold,False,NOTTINGHAM,GEDLING,NOTTINGHAMSHIRE,A,53.010165,-1.109872,East Midlands,England,Gedling
{045A1898-E59D-9A24-E063-4804A8C048EA},550000,2023-03-03,2023,3,1,YO32 5TE,YO32,Detached,Freehold,False,YORK,YORK,YORK,A,54.007926,-1.07996,Yorkshire and The Humber,England,York
{045A1898-E5A1-9A24-E063-4804A8C048EA},450000,2023-06-09,2023,6,2,YO10 3PG,YO10,Detached,Freehold,False,YORK,YORK,YORK,A,53.955807,-1.069662,Yorkshire and The Humber,England,York
{045A1898-E5F5-9A24-E063-4804A8C048EA},215000,2023-08-11,2023,8,3,YO26 5JP,YO26,Semi-Detached,Freehold,False,YORK,YORK,YORK,A,53.959688,-1.126974,Yorkshire and The Humber,England,York
{045A1898-E63F-9A24-E063-4804A8C048EA},336600,2023-07-20,2023,7,3,YO24 3HB,YO24,Detached,Freehold,False,YORK,YORK,YORK,A,53.953367,-1.092666,Yorkshire and The Humber,England,York
{045A1898-E6AF-9A24-E063-4804A8C048EA},145000,2023-02-24,2023,2,1,YO8 4LR,YO8,Terraced,Freehold,False,SELBY,NORTH YORKSHIRE,NORTH YORKSHIRE,A,53.78447,-1.087689,Yorkshire and The Humber,England,North Yorkshire
{045A1898-E6FC-9A24-E063-4804A8C048EA},600000,2023-08-18,2023,8,3,HG3 2DJ,HG3,Detached,Freehold,False,HARROGATE,NORTH YORKSHIRE,NORTH YORKSHIRE,A,54.005762,-1.576076,Yorkshire and The Humber,England,North Yorkshire
{045A1898-E910-9A24-E063-4804A8C048EA},400000,2022-05-20,2022,5,2,LS25 6GY,LS25,Detached,Freehold,True,LEEDS,NORTH YORKSHIRE,NORTH YORKSHIRE,A,53.778245,-1.381733,Yorkshire and The Humber,England,Leeds
{045A1898-E92E-9A24-E063-4804A8C048EA},432495,2022-07-01,2022,7,3,HG1 4FW,HG1,Detached,Freehold,True,HARROGATE,NORTH YORKSHIRE,NORTH YORKSHIRE,A,53.993275,-1.529254,Yorkshire and The Humber,England,North Yorkshire
{045A1898-E941-9A24-E063-4804A8C048EA},370000,2022-07-29,2022,7,3,HG3 2GT,HG3,Terraced,Freehold,True,HARROGATE,NORTH YORKSHIRE,NORTH YORKSHIRE,A,54.005762,-1.576076,Yorkshire and The Humber,England,North Yorkshire
{045A1898-E9CF-9A24-E063-4804A8C048EA},450000,2023-06-26,2023,6,2,YO24 3DA,YO24,Semi-Detached,Freehold,False,YORK,YORK,YORK,A,53.953367,-1.092666,Yorkshire and The Humber,England,York
{045A1898-EB2B-9A24-E063-4804A8C048EA},698000,2023-08-09,2023,8,3,SN7 7QS,SN7,Semi-Detached,Freehold,False,FARINGDON,VALE OF WHITE HORSE,OXFORDSHIRE,A,51.636567,-1.505131,South East,England,Vale of White Horse
{045A1898-EB45-9A24-E063-4804A8C048EA},225000,2023-07-31,2023,7,3,OX33 1UQ,OX33,Flat/Maisonette,Leasehold,False,OXFORD,SOUTH OXFORDSHIRE,OXFORDSHIRE,A,51.74859,-1.137396,South East,England,South Oxfordshire
{045A1898-ECAB-9A24-E063-4804A8C048EA},315000,2022-09-16,2022,9,3,OX12 7GW,OX12,Terraced,Freehold,True,WANTAGE,VALE OF WHITE HORSE,OXFORDSHIRE,A,51.600284,-1.424007,South East,England,Vale of White Horse
{045A1898-EE5C-9A24-E063-4804A8C048EA},330000,2023-07-04,2023,7,3,ST17 0HX,ST17,Detached,Freehold,False,STAFFORD,STAFFORD,STAFFORDSHIRE,A,52.788398,-2.12964,West Midlands,England,Stafford
{045A1898-EEA2-9A24-E063-4804A8C048EA},188000,2023-03-30,2023,3,1,ST3 5TY,ST3,Semi-Detached,Freehold,False,STOKE-ON-TRENT,STOKE-ON-TRENT,STOKE-ON-TRENT,A,52.988789,-2.130318,West Midlands,England,Stoke-on-Trent
{045A1898-EEA3-9A24-E063-4804A8C048EA},120000,2023-03-03,2023,3,1,WS14 9AT,WS14,Flat/Maisonette,Leasehold,False,LICHFIELD,LICHFIELD,STAFFORDSHIRE,A,52.674873,-1.823748,West Midlands,England,Lichfield
{045A1898-EEAA-9A24-E063-4804A8C048EA},340000,2023-06-30,2023,6,2,WS15 3RH,WS15,Detached,Freehold,False,RUGELEY,LICHFIELD,STAFFORDSHIRE,A,52.764187,-1.946335,West Midlands,England,Cannock Chase
{045A1898-EF2F-9A24-E063-4804A8C048EA},200000,2023-07-17,2023,7,3,WS7 0EA,WS7,Semi-Detached,Freehold,False,BURNTWOOD,LICHFIELD,STAFFORDSHIRE,A,52.669638,-1.936482,West Midlands,England,Lichfield
{045A1898-EF49-9A24-E063-4804A8C048EA},239950,2023-05-30,2023,5,2,B78 3JU,B78,Semi-Detached,Freehold,False,TAMWORTH,TAMWORTH,STAFFORDSHIRE,A,52.612406,-1.609942,West Midlands,England,North Warwickshire
{045A1898-EFC9-9A24-E063-4804A8C048EA},192500,2023-07-11,2023,7,3,ST10 1QG,ST10,Semi-Detached,Freehold,False,STOKE-ON-TRENT,STAFFORDSHIRE MOORLANDS,STAFFORDSHIRE,A,52.985175,-1.987117,West Midlands,England,Staffordshire Moorlands
{045A1898-F08C-9A24-E063-4804A8C048EA},260000,2023-06-26,2023,6,2,DE14 3TY,DE14,Detached,Freehold,False,BURTON-ON-TRENT,EAST STAFFORDSHIRE,STAFFORDSHIRE,A,52.807367,-1.647901,West Midlands,England,East Staffordshire
{045A1898-F091-9A24-E063-4804A8C048EA},567500,2023-07-13,2023,7,3,WS14 0DD,WS14,Detached,Freehold,False,LICHFIELD,LICHFIELD,STAFFORDSHIRE,A,52.674873,-1.823748,West Midlands,England,Lichfield
{045A1898-F0E5-9A24-E063-4804A8C048EA},370000,2023-05-05,2023,5,2,WS11 5RR,WS11,Detached,Freehold,False,CANNOCK,CANNOCK CHASE,STAFFORDSHIRE,A,52.712217,-2.030283,West Midlands,England,Cannock Chase
{045A1898-F169-9A24-E063-4804A8C048EA},218000,2023-07-20,2023,7,3,WS13 6NR,WS13,Flat/Maisonette,Leasehold,False,LICHFIELD,LICHFIELD,STAFFORDSHIRE,A,52.674099,-1.835627,West Midlands,England,Lichfield
{045A1898-F17A-9A24-E063-4804A8C048EA},120000,2023-06-16,2023,6,2,WS11 0BS,WS11,Flat/Maisonette,Leasehold,False,CANNOCK,CANNOCK CHASE,STAFFORDSHIRE,A,52.712217,-2.030283,West Midlands,England,Cannock Chase
{045A1898-F190-9A24-E063-4804A8C048EA},160000,2022-10-20,2022,10,4,ST1 3TF,ST1,Terraced,Freehold,False,STOKE-ON-TRENT,STOKE-ON-TRENT,STOKE-ON-TRENT,A,53.024674,-2.15993,West Midlands,England,Stoke-on-Trent
{045A1898-F195-9A24-E063-4804A8C048EA},88000,2022-12-01,2022,12,4,ST4 7GG,ST4,Flat/Maisonette,Leasehold,False,STOKE-ON-TRENT,STOKE-ON-TRENT,STOKE-ON-TRENT,A,52.990985,-2.194636,West Midlands,England,Stoke-on-Trent
{045A1898-F264-9A24-E063-4804A8C048EA},120000,2023-07-24,2023,7,3,ST13 6BS,ST13,Terraced,Freehold,False,LEEK,STAFFORDSHIRE MOORLANDS,STAFFORDSHIRE,A,53.114223,-2.007008,West Midlands,England,Staffordshire Moorlands
{045A1898-F2CA-9A24-E063-4804A8C048EA},336390,2022-04-01,2022,4,2,WS14 0FA,WS14,Detached,Freehold,True,LICHFIELD,LICHFIELD,STAFFORDSHIRE,A,52.674873,-1.823748,West Midlands,England,Lichfield
{045A1898-F46B-9A24-E063-4804A8C048EA},900000,2023-07-05,2023,7,3,BR3 4HX,BR3,Detached,Freehold,False,BECKENHAM,BROMLEY,GREATER LONDON,A,51.406882,-0.027073,London,England,Bromley
{045A1898-F4A9-9A24-E063-4804A8C048EA},605000,2023-06-09,2023,6,2,SM3 8NN,SM3,Semi-Detached,Freehold,False,SUTTON,SUTTON,GREATER LONDON,A,51.369919,-0.214788,London,England,Sutton
{045A1898-F57E-9A24-E063-4804A8C048EA},437550,2023-07-21,2023,7,3,TW10 5LP,TW10,Flat/Maisonette,Leasehold,False,RICHMOND,RICHMOND UPON THAMES,GREATER LONDON,A,51.458872,-0.293774,London,England,Richmond upon Thames
{045A1898-F618-9A24-E063-4804A8C048EA},450000,2023-05-31,2023,5,2,SW16 6TN,SW16,Terraced,Freehold,False,LONDON,WANDSWORTH,GREATER LONDON,A,51.425463,-0.143319,London,England,Wandsworth
{045A1898-F61C-9A24-E063-4804A8C048EA},204000,2023-08-04,2023,8,3,SE19 1UH,SE19,Flat/Maisonette,Leasehold,False,LONDON,SOUTHWARK,GREATER LONDON,A,51.418992,-0.089274,London,England,Croydon
{045A1898-F6AF-9A24-E063-4804A8C048EA},223000,2023-07-26,2023,7,3,CR0 4HN,CR0,Flat/Maisonette,Leasehold,False,CROYDON,CROYDON,GREATER LONDON,A,51.373138,-0.116486,London,England,Croydon
{045A1898-F6F3-9A24-E063-4804A8C048EA},325000,2023-07-21,2023,7,3,SM4 5AS,SM4,Flat/Maisonette,Leasehold,False,MORDEN,MERTON,GREATER LONDON,A,51.39347,-0.187207,London,England,Merton
{045A1898-F6F5-9A24-E063-4804A8C048EA},415000,2023-07-19,2023,7,3,CR4 2BA,CR4,Flat/Maisonette,Leasehold,False,MITCHAM,MERTON,GREATER LONDON,A,51.404074,-0.157327,London,England,Merton
{045A1898-F754-9A24-E063-4804A8C048EA},280000,2023-07-04,2023,7,3,BR2 9FR,BR2,Flat/Maisonette,Leasehold,False,BROMLEY,BROMLEY,GREATER LONDON,A,51.391531,0.009999,London,England,Bromley
{045A1898-F89E-9A24-E063-4804A8C048EA},350000,2022-06-28,2022,6,2,CR8 4AG,CR8,Flat/Maisonette,Leasehold,True,PURLEY,CROYDON,GREATER LONDON,A,51.33776,-0.118166,London,England,Croydon
{045A1898-F8E8-9A24-E063-4804A8C048EA},320000,2023-07-21,2023,7,3,SM2 7BN,SM2,Flat/Maisonette,Leasehold,False,SUTTON,SUTTON,GREATER LONDON,A,51.358342,-0.192888,London,England,Sutton
{045A1898-F901-9A24-E063-4804A8C048EA},560000,2022-06-10,2022,6,2,CR8 4AG,CR8,Flat/Maisonette,Leasehold,True,PURLEY,CROYDON,GREATER LONDON,A,51.33776,-0.118166,London,England,Croydon
{045A1898-F924-9A24-E063-4804A8C048EA},1355000,2023-08-04,2023,8,3,TW11 0PT,TW11,Semi-Detached,Freehold,False,TEDDINGTON,RICHMOND UPON THAMES,GREATER LONDON,A,51.427439,-0.343552,London,England,Richmond upon Thames
{045A1898-FA50-9A24-E063-4804A8C048EA},155000,2023-03-31,2023,3,1,IP19 8NH,IP19,Detached,Freehold,False,HALESWORTH,EAST SUFFOLK,SUFFOLK,A,52.351223,1.505795,East of England,England,East Suffolk
{045A1898-FA92-9A24-E063-4804A8C048EA},335000,2023-08-07,2023,8,3,IP5 1NZ,IP5,Detached,Freehold,False,IPSWICH,EAST SUFFOLK,SUFFOLK,A,52.061734,1.255201,East of England,England,East Suffolk
{045A1898-FAC6-9A24-E063-4804A8C048EA},234950,2023-02-03,2023,2,1,NR34 9JZ,NR34,Terraced,Freehold,False,BECCLES,EAST SUFFOLK,SUFFOLK,A,52.459165,1.562385,East of England,England,East Suffolk
{045A1898-FAD0-9A24-E063-4804A8C048EA},735000,2023-08-02,2023,8,3,IP31 1SY,IP31,Detached,Freehold,False,BURY ST EDMUNDS,WEST SUFFOLK,SUFFOLK,A,52.275418,0.930597,East of England,England,Mid Suffolk
{045A1898-FAFA-9A24-E063-4804A8C048EA},200000,2023-07-13,2023,7,3,NR35 1RE,NR35,Semi-Detached,Freehold,False,BUNGAY,EAST SUFFOLK,SUFFOLK,A,52.455258,1.438913,East of England,England,East Suffolk
{045A1898-FB75-9A24-E063-4804A8C048EA},275000,2023-07-14,2023,7,3,IP5 2DH,IP5,Semi-Detached,Freehold,False,IPSWICH,EAST SUFFOLK,SUFFOLK,A,52.061734,1.255201,East of England,England,East Suffolk
{045A1898-FC00-9A24-E063-4804A8C048EA},330000,2023-07-14,2023,7,3,CB8 7FU,CB8,Semi-Detached,Freehold,False,NEWMARKET,WEST SUFFOLK,SUFFOLK,A,52.243285,0.39898,East of England,England,West Suffolk
{045A1898-FC13-9A24-E063-4804A8C048EA},350000,2023-07-12,2023,7,3,IP7 5FE,IP7,Flat/Maisonette,Leasehold,False,IPSWICH,BABERGH,SUFFOLK,A,52.051007,0.960315,East of England,England,Babergh
{045A1898-FCC5-9A24-E063-4804A8C048EA},275000,2022-07-29,2022,7,3,IP1 6DF,IP1,Terraced,Freehold,False,IPSWICH,IPSWICH,SUFFOLK,A,52.066056,1.136714,East of England,England,Ipswich
{045A1898-FD1E-9A24-E063-4804A8C048EA},385000,2023-06-30,2023,6,2,CB9 7PG,CB9,Detached,Freehold,True,HAVERHILL,WEST SUFFOLK,SUFFOLK,A,52.088728,0.438943,East of England,England,West Suffolk
{045A1898-FD6D-9A24-E063-4804A8C048EA},119000,2023-07-21,2023,7,3,NR32 1UL,NR32,Terraced,Freehold,False,LOWESTOFT,EAST SUFFOLK,SUFFOLK,A,52.481061,1.715098,East of England,England,East Suffolk
{045A1898-FD97-9A24-E063-4804A8C048EA},130000,2023-03-24,2023,3,1,IP6 0ET,IP6,Flat/Maisonette,Leasehold,False,IPSWICH,MID SUFFOLK,SUFFOLK,A,52.146097,1.055093,East of England,England,Mid Suffolk
{045A1898-FD9C-9A24-E063-4804A8C048EA},302000,2023-07-13,2023,7,3,IP32 7JN,IP32,Detached,Freehold,False,BURY ST EDMUNDS,WEST SUFFOLK,SUFFOLK,A,52.256417,0.695501,East of England,England,West Suffolk
{045A1898-FDAD-9A24-E063-4804A8C048EA},770000,2023-07-18,2023,7,3,IP15 5JY,IP15,Detached,Freehold,False,ALDEBURGH,EAST SUFFOLK,SUFFOLK,A,52.158378,1.603307,East of England,England,East Suffolk
{045A1898-FDF0-9A24-E063-4804A8C048EA},190000,2023-06-19,2023,6,2,TF1 2EQ,TF1,Semi-Detached,Freehold,False,TELFORD,WREKIN,WREKIN,A,52.707115,-2.483649,West Midlands,England,Telford and Wrekin
{045A1898-FE91-9A24-E063-4804A8C048EA},280000,2023-08-15,2023,8,3,SY3 8LP,SY3,Flat/Maisonette,Leasehold,False,SHREWSBURY,SHROPSHIRE,SHROPSHIRE,A,52.711316,-2.761813,West Midlands,England,Shropshire
{045A1898-FE95-9A24-E063-4804A8C048EA},243000,2023-07-28,2023,7,3,SY3 7TP,SY3,Terraced,Freehold,False,SHREWSBURY,SHROPSHIRE,SHROPSHIRE,A,52.711316,-2.761813,West Midlands,England,Shropshire
{045A1898-FEB9-9A24-E063-4804A8C048EA},690000,2023-07-17,2023,7,3,SY4 1ER,SY4,Detached,Freehold,False,SHREWSBURY,SHROPSHIRE,SHROPSHIRE,A,52.86152,-2.726757,West Midlands,England,Shropshire
{045A1898-FF02-9A24-E063-4804A8C048EA},170000,2022-05-09,2022,5,2,SY3 0HD,SY3,Terraced,Freehold,False,SHREWSBURY,SHROPSHIRE,SHROPSHIRE,A,52.711316,-2.761813,West Midlands,England,Shropshire
{045A1899-00A2-9A24-E063-4804A8C048EA},270000,2023-08-18,2023,8,3,TA2 8PY,TA2,Terraced,Freehold,False,TAUNTON,SOMERSET,SOMERSET,A,51.026267,-3.110892,South West,England,Somerset
{045A1899-012E-9A24-E063-4804A8C048EA},490000,2023-08-02,2023,8,3,BS20 7AU,BS20,Semi-Detached,Freehold,False,BRISTOL,NORTH SOMERSET,NORTH SOMERSET,A,51.478646,-2.691649,South West,England,North Somerset
{045A1899-01FC-9A24-E063-4804A8C048EA},1447500,2023-06-20,2023,6,2,BA2 6BL,BA2,Terraced,Freehold,False,BATH,BATH AND NORTH EAST SOMERSET,BATH AND NORTH EAST SOMERSET,A,51.370463,-2.353513,South West,England,Bath and North East Somerset
{045A1899-028F-9A24-E063-4804A8C048EA},465995,2022-08-05,2022,8,3,BS24 7PB,BS24,Detached,Freehold,True,WESTON-SUPER-MARE,NORTH SOMERSET,NORTH SOMERSET,A,51.349384,-2.925395,South West,England,North Somerset
{045A1899-0301-9A24-E063-4804A8C048EA},319500,2023-04-14,2023,4,2,TA3 5AH,TA3,Terraced,Freehold,False,TAUNTON,SOMERSET,SOMERSET,A,51.028949,-3.04627,South West,England,Somerset
{045A1899-030C-9A24-E063-4804A8C048EA},269950,2023-07-07,2023,7,3,TA9 3EW,TA9,Detached,Freehold,False,HIGHBRIDGE,SOMERSET,SOMERSET,A,51.24684,-2.950875,South West,England,Somerset
{045A1899-03E7-9A24-E063-4804A8C048EA},750000,2023-02-22,2023,2,1,BN16 2TR,BN16,Detached,Freehold,False,LITTLEHAMPTON,ARUN,WEST SUSSEX,A,50.812718,-0.5176,South East,England,Arun
{045A1899-0411-9A24-E063-4804A8C048EA},625000,2023-07-28,2023,7,3,RH12 2LP,RH12,Detached,Freehold,False,HORSHAM,HORSHAM,WEST SUSSEX,A,51.081301,-0.291849,South East,England,Horsham
{045A1899-046B-9A24-E063-4804A8C048EA},1850000,2023-03-22,2023,3,1,SM2 7DZ,SM2,Detached,Freehold,False,SUTTON,SUTTON,GREATER LONDON,A,51.358342,-0.192888,London,England,Sutton
{045A1899-04A1-9A24-E063-4804A8C048EA},650000,2022-08-01,2022,8,3,CR5 1QT,CR5,Semi-Detached,Freehold,False,COULSDON,CROYDON,GREATER LONDON,A,51.301944,-0.117234,London,England,Croydon
{045A1899-0505-9A24-E063-4804A8C048EA},870000,2023-07-31,2023,7,3,GU9 8SA,GU9,Detached,Freehold,False,FARNHAM,WAVERLEY,SURREY,A,51.21479,-0.804032,South East,England,Waverley
{045A1899-0633-9A24-E063-4804A8C048EA},443000,2023-03-24,2023,3,1,KT8 2QN,KT8,Terraced,Freehold,False,WEST MOLESEY,ELMBRIDGE,SURREY,A,51.403409,-0.346002,South East,England,Elmbridge
{045A1899-063B-9A24-E063-4804A8C048EA},930000,2023-03-15,2023,3,1,KT14 6RG,KT14,Detached,Freehold,False,WEST BYFLEET,WOKING,SURREY,A,51.336284,-0.510556,South East,England,Woking
{045A1899-06CE-9A24-E063-4804A8C048EA},445000,2023-07-12,2023,7,3,GU15 1RP,GU15,Detached,Freehold,False,CAMBERLEY,SURREY HEATH,SURREY,A,51.33555,-0.742367,South East,England,Surrey Heath
{045A1899-0733-9A24-E063-4804A8C048EA},2050000,2023-07-24,2023,7,3,GU5 0QJ,GU5,Detached,Freehold,False,GUILDFORD,WAVERLEY,SURREY,A,51.194894,-0.55366,South East,England,Waverley
{045A1899-0766-9A24-E063-4804A8C048EA},567500,2023-08-11,2023,8,3,TN16 2AD,TN16,Detached,Freehold,False,WESTERHAM,TANDRIDGE,SURREY,A,51.313218,0.031027,London,England,Bromley
{045A1899-0773-9A24-E063-4804A8C048EA},875000,2023-07-27,2023,7,3,RH2 0EH,RH2,Semi-Detached,Freehold,False,REIGATE,REIGATE AND BANSTEAD,SURREY,A,51.231247,-0.193445,South East,England,Reigate and Banstead
{045A1899-07B1-9A24-E063-4804A8C048EA},220000,2023-07-28,2023,7,3,KT15 2HR,KT15,Flat/Maisonette,Leasehold,False,ADDLESTONE,RUNNYMEDE,SURREY,A,51.383112,-0.494697,South East,England,Runnymede
{045A1899-087B-9A24-E063-4804A8C048EA},525000,2023-03-31,2023,3,1,KT20 5LU,KT20,Detached,Freehold,False,TADWORTH,REIGATE AND BANSTEAD,SURREY,A,51.300682,-0.233068,South East,England,Reigate and Banstead
{045A1899-08BA-9A24-E063-4804A8C048EA},305000,2023-07-10,2023,7,3,GU22 7EU,GU22,Flat/Maisonette,Leasehold,False,WOKING,WOKING,SURREY,A,51.314701,-0.547013,South East,England,Woking
{045A1899-0907-9A24-E063-4804A8C048EA},184000,2023-07-21,2023,7,3,GU22 7SR,GU22,Flat/Maisonette,Leasehold,False,WOKING,WOKING,SURREY,A,51.314701,-0.547013,South East,England,Woking
{045A1899-0974-9A24-E063-4804A8C048EA},1485000,2023-07-28,2023,7,3,GU6 7GB,GU6,Detached,Freehold,False,CRANLEIGH,WAVERLEY,SURREY,A,51.137632,-0.474586,South East,England,Waverley
{045A1899-09A2-9A24-E063-4804A8C048EA},206000,2023-01-13,2023,1,1,GU24 9BQ,GU24,Semi-Detached,Leasehold,False,WOKING,SURREY HEATH,SURREY,A,51.346028,-0.602125,South East,England,Surrey Heath
{045A1899-0A59-9A24-E063-4804A8C048EA},272000,2022-04-28,2022,4,2,KT16 9AD,KT16,Flat/Maisonette,Leasehold,False,CHERTSEY,RUNNYMEDE,SURREY,A,51.35714,-0.533521,South East,England,Runnymede
{045A1899-0A5D-9A24-E063-4804A8C048EA},379995,2022-03-25,2022,3,1,GU10 1FS,GU10,Semi-Detached,Freehold,True,FARNHAM,GUILDFORD,SURREY,A,51.214391,-0.854025,South East,England,Hart
{045A1899-0A8A-9A24-E063-4804A8C048EA},388000,2022-05-27,2022,5,2,RH1 1UG,RH1,Flat/Maisonette,Leasehold,True,REDHILL,REIGATE AND BANSTEAD,SURREY,A,51.233341,-0.167909,South East,England,Reigate and Banstead
{045A1899-0A9A-9A24-E063-4804A8C048EA},240000,2022-06-24,2022,6,2,RH1 1LS,RH1,Flat/Maisonette,Leasehold,True,REDHILL,REIGATE AND BANSTEAD,SURREY,A,51.233341,-0.167909,South East,England,Reigate and Banstead
{045A1899-0A9C-9A24-E063-4804A8C048EA},380000,2022-06-24,2022,6,2,RH1 1UG,RH1,Flat/Maisonette,Leasehold,True,REDHILL,REIGATE AND BANSTEAD,SURREY,A,51.233341,-0.167909,South East,England,Reigate and Banstead
{045A1899-0AAB-9A24-E063-4804A8C048EA},335000,2022-07-11,2022,7,3,TW15 1HZ,TW15,Flat/Maisonette,Leasehold,True,ASHFORD,SPELTHORNE,SURREY,A,51.427565,-0.47898,South East,England,Spelthorne
{045A1899-0ABD-9A24-E063-4804A8C048EA},666995,2022-06-24,2022,6,2,GU10 1FT,GU10,Detached,Freehold,True,FARNHAM,GUILDFORD,SURREY,A,51.214391,-0.854025,South East,England,Hart
{045A1899-0B3E-9A24-E063-4804A8C048EA},115000,2023-07-14,2023,7,3,DN8 4QD,DN8,Semi-Detached,Freehold,False,DONCASTER,DONCASTER,SOUTH YORKSHIRE,A,53.613875,-0.961385,Yorkshire and The Humber,England,Doncaster
{045A1899-0B59-9A24-E063-4804A8C048EA},182500,2023-07-11,2023,7,3,S12 2QZ,S12,Semi-Detached,Leasehold,False,SHEFFIELD,SHEFFIELD,SOUTH YORKSHIRE,A,53.339155,-1.421931,Yorkshire and The Humber,England,Sheffield
{045A1899-0B65-9A24-E063-4804A8C048EA},342080,2023-07-28,2023,7,3,S35 4LT,S35,Detached,Freehold,False,SHEFFIELD,SHEFFIELD,SOUTH YORKSHIRE,A,53.466653,-1.485592,Yorkshire and The Humber,England,Sheffield
{045A1899-0C25-9A24-E063-4804A8C048EA},208000,2023-08-18,2023,8,3,DN5 7RY,DN5,Detached,Freehold,False,DONCASTER,DONCASTER,SOUTH YORKSHIRE,A,53.53878,-1.175771,Yorkshire and The Humber,England,Doncaster
{045A1899-0C75-9A24-E063-4804A8C048EA},320000,2023-06-08,2023,6,2,DN9 3EF,DN9,Detached,Freehold,False,DONCASTER,DONCASTER,SOUTH YORKSHIRE,A,53.493536,-0.78433,Yorkshire and The Humber,England,North Lincolnshire
{045A1899-0CB4-9A24-E063-4804A8C048EA},100000,2023-07-28,2023,7,3,S63 8AZ,S63,Semi-Detached,Freehold,False,ROTHERHAM,BARNSLEY,SOUTH YORKSHIRE,A,53.518201,-1.327457,Yorkshire and The Humber,England,Barnsley
{045A1899-0CF8-9A24-E063-4804A8C048EA},110000,2023-07-21,2023,7,3,S13 7PB,S13,Terraced,Freehold,False,SHEFFIELD,SHEFFIELD,SOUTH YORKSHIRE,A,53.362868,-1.414774,Yorkshire and The Humber,England,Sheffield
{045A1899-0D1B-9A24-E063-4804A8C048EA},727500,2023-07-21,2023,7,3,S10 3TA,S10,Semi-Detached,Freehold,False,SHEFFIELD,SHEFFIELD,SOUTH YORKSHIRE,A,53.386063,-1.509673,Yorkshire and The Humber,England,Sheffield
{045A1899-0E85-9A24-E063-4804A8C048EA},64000,2023-07-18,2023,7,3,S63 9DP,S63,Terraced,Freehold,False,ROTHERHAM,BARNSLEY,SOUTH YORKSHIRE,A,53.518201,-1.327457,Yorkshire and The Humber,England,Barnsley
{045A1899-0E88-9A24-E063-4804A8C048EA},172000,2023-07-28,2023,7,3,S9 5EB,S9,Semi-Detached,Freehold,False,SHEFFIELD,SHEFFIELD,SOUTH YORKSHIRE,A,53.381471,-1.403229,Yorkshire and The Humber,England,Sheffield
{045A1899-0EE3-9A24-E063-4804A8C048EA},255000,2023-07-28,2023,7,3,S66 9FE,S66,Detached,Freehold,False,ROTHERHAM,ROTHERHAM,SOUTH YORKSHIRE,A,53.423025,-1.262715,Yorkshire and The Humber,England,Rotherham
{045A1899-0F7E-9A24-E063-4804A8C048EA},357995,2022-03-16,2022,3,1,S35 7FH,S35,Detached,Freehold,True,SHEFFIELD,BARNSLEY,SOUTH YORKSHIRE,A,53.466653,-1.485592,Yorkshire and The Humber,England,Sheffield
{045A1899-0FA0-9A24-E063-4804A8C048EA},230000,2022-01-27,2022,1,1,S25 4DF,S25,Detached,Freehold,False,SHEFFIELD,ROTHERHAM,SOUTH YORKSHIRE,A,53.37494,-1.230747,Yorkshire and The Humber,England,Rotherham
{045A1899-10FC-9A24-E063-4804A8C048EA},350000,2023-07-17,2023,7,3,SE15 2LW,SE15,Flat/Maisonette,Leasehold,False,LONDON,SOUTHWARK,GREATER LONDON,A,51.466812,-0.073138,London,England,Southwark
{045A1899-1155-9A24-E063-4804A8C048EA},700000,2023-07-05,2023,7,3,SE1 3TJ,SE1,Flat/Maisonette,Leasehold,False,LONDON,SOUTHWARK,GREATER LONDON,A,51.496767,-0.077494,London,England,Southwark
{045A1899-11A8-9A24-E063-4804A8C048EA},427500,2023-04-14,2023,4,2,TW11 8BL,TW11,Flat/Maisonette,Leasehold,False,TEDDINGTON,RICHMOND UPON THAMES,GREATER LONDON,A,51.427439,-0.343552,London,England,Richmond upon Thames
{045A1899-1212-9A24-E063-4804A8C048EA},300000,2023-08-11,2023,8,3,SE14 5AH,SE14,Flat/Maisonette,Leasehold,False,LONDON,LEWISHAM,GREATER LONDON,A,51.474559,-0.046748,London,England,Lewisham
{045A1899-1252-9A24-E063-4804A8C048EA},510000,2023-08-15,2023,8,3,SE3 0EE,SE3,Flat/Maisonette,Leasehold,False,LONDON,GREENWICH,GREATER LONDON,A,51.461756,0.011052,London,England,Greenwich
{045A1899-1271-9A24-E063-4804A8C048EA},445000,2023-07-14,2023,7,3,KT1 4DW,KT1,Flat/Maisonette,Leasehold,False,KINGSTON UPON THAMES,RICHMOND UPON THAMES,GREATER LONDON,A,51.4075,-0.299469,London,England,Kingston upon Thames
{045A1899-12D7-9A24-E063-4804A8C048EA},567500,2023-08-04,2023,8,3,SW2 3BH,SW2,Flat/Maisonette,Leasehold,False,LONDON,LAMBETH,GREATER LONDON,A,51.446122,-0.12373,London,England,Lambeth
{045A1899-1419-9A24-E063-4804A8C048EA},325000,2023-07-28,2023,7,3,SE13 5AJ,SE13,Flat/Maisonette,Leasehold,False,LONDON,LEWISHAM,GREATER LONDON,A,51.465778,-0.022921,London,England,Lewisham
{045A1899-148E-9A24-E063-4804A8C048EA},250995,2021-12-22,2021,12,4,IG11 0AP,IG11,Flat/Maisonette,Leasehold,True,BARKING,BARKING AND DAGENHAM,GREATER LONDON,A,51.533175,0.075205,London,England,Barking and Dagenham
{045A1899-14D1-9A24-E063-4804A8C048EA},400000,2022-03-22,2022,3,1,SW4 7SF,SW4,Flat/Maisonette,Leasehold,False,LONDON,LAMBETH,GREATER LONDON,A,51.468046,-0.130462,London,England,Lambeth
{045A1899-1517-9A24-E063-4804A8C048EA},317000,2022-04-01,2022,4,2,E6 1FD,E6,Flat/Maisonette,Leasehold,True,LONDON,NEWHAM,GREATER LONDON,A,51.537873,0.059643,London,England,Newham
{045A1899-1637-9A24-E063-4804A8C048EA},269500,2021-01-25,2021,1,1,TN9 1HP,TN9,Flat/Maisonette,Leasehold,False,TONBRIDGE,TONBRIDGE AND MALLING,KENT,A,51.193943,0.274704,South East,England,Tonbridge and Malling
{045A1899-16AF-9A24-E063-4804A8C048EA},412500,2021-12-22,2021,12,4,CT20 3WR,CT20,Detached,Freehold,True,FOLKESTONE,FOLKESTONE AND HYTHE,KENT,A,51.082797,1.160654,South East,England,Folkestone and Hythe
{045A1899-1979-9A24-E063-4804A8C048EA},212000,2023-07-31,2023,7,3,NE3 2QF,NE3,Semi-Detached,Freehold,False,NEWCASTLE UPON TYNE,NEWCASTLE UPON TYNE,TYNE AND WEAR,A,55.01919,-1.660212,North East,England,Newcastle upon Tyne
{045A1899-19B5-9A24-E063-4804A8C048EA},98000,2023-07-07,2023,7,3,SR5 3SN,SR5,Terraced,Freehold,False,SUNDERLAND,SUNDERLAND,TYNE AND WEAR,A,54.923874,-1.451265,North East,England,Sunderland
{045A1899-19D8-9A24-E063-4804A8C048EA},120000,2023-07-13,2023,7,3,NE15 7LR,NE15,Terraced,Freehold,False,NEWCASTLE UPON TYNE,NEWCASTLE UPON TYNE,TYNE AND WEAR,A,54.980831,-1.721769,North East,England,Newcastle upon Tyne
{045A1899-1A16-9A24-E063-4804A8C048EA},500000,2023-08-07,2023,8,3,NE26 3QB,NE26,Detached,Freehold,False,WHITLEY BAY,NORTH TYNESIDE,TYNE AND WEAR,A,55.045792,-1.445625,North East,England,North Tyneside
{045A1899-1A4F-9A24-E063-4804A8C048EA},250000,2023-07-24,2023,7,3,NE16 5YN,NE16,Semi-Detached,Leasehold,False,NEWCASTLE UPON TYNE,GATESHEAD,TYNE AND WEAR,A,54.951439,-1.675347,North East,England,Gateshead
{045A1899-1A69-9A24-E063-4804A8C048EA},300000,2023-07-28,2023,7,3,NE12 9NP,NE12,Semi-Detached,Freehold,False,NEWCASTLE UPON TYNE,NORTH TYNESIDE,TYNE AND WEAR,A,55.03769,-1.558396,North East,England,North Tyneside
{045A1899-1B20-9A24-E063-4804A8C048EA},320500,2023-08-03,2023,8,3,NE3 1SD,NE3,Terraced,Freehold,False,NEWCASTLE UPON TYNE,NEWCASTLE UPON TYNE,TYNE AND WEAR,A,55.01919,-1.660212,North East,England,Newcastle upon Tyne
{045A1899-1B92-9A24-E063-4804A8C048EA},115000,2023-07-14,2023,7,3,SR6 9RS,SR6,Terraced,Freehold,False,SUNDERLAND,SUNDERLAND,TYNE AND WEAR,A,54.929847,-1.375919,North East,England,Sunderland
{045A1899-1B98-9A24-E063-4804A8C048EA},183500,2023-07-14,2023,7,3,NE28 7JL,NE28,Terraced,Freehold,False,WALLSEND,NORTH TYNESIDE,TYNE AND WEAR,A,54.99266,-1.495887,North East,England,North Tyneside
{045A1899-1D34-9A24-E063-4804A8C048EA},386646,2020-12-17,2020,12,4,NE13 9EJ,NE13,Detached,Freehold,True,NEWCASTLE UPON TYNE,NEWCASTLE UPON TYNE,TYNE AND WEAR,A,55.029521,-1.646466,North East,England,Newcastle upon Tyne
{045A1899-1D4A-9A24-E063-4804A8C048EA},374995,2022-10-28,2022,10,4,NE13 9EU,NE13,Detached,Freehold,True,NEWCASTLE UPON TYNE,NEWCASTLE UPON TYNE,TYNE AND WEAR,A,55.029521,-1.646466,North East,England,Newcastle upon Tyne
{045A1899-1D4B-9A24-E063-4804A8C048EA},215995,2022-09-09,2022,9,3,SR2 0FX,SR2,Semi-Detached,Freehold,True,SUNDERLAND,SUNDERLAND,TYNE AND WEAR,A,54.869384,-1.365354,North East,England,Sunderland
{045A1899-1E92-9A24-E063-4804A8C048EA},215000,2023-07-14,2023,7,3,SA4 0UH,SA4,Detached,Freehold,False,SWANSEA,CARMARTHENSHIRE,CARMARTHENSHIRE,A,51.74492,-4.048,Wales,Wales,Carmarthenshire
{045A1899-1ED6-9A24-E063-4804A8C048EA},190000,2023-06-23,2023,6,2,NP44 4LL,NP44,Terraced,Freehold,False,CWMBRAN,TORFAEN,TORFAEN,A,51.644069,-3.032869,Wales,Wales,Torfaen
{045A1899-1F89-9A24-E063-4804A8C048EA},120000,2023-06-23,2023,6,2,SA15 4BR,SA15,Terraced,Freehold,False,LLANELLI,CARMARTHENSHIRE,CARMARTHENSHIRE,A,51.676294,-4.157174,Wales,Wales,Carmarthenshire
{045A1899-20E7-9A24-E063-4804A8C048EA},335000,2023-08-10,2023,8,3,SA43 1SD,SA43,Detached,Freehold,False,CARDIGAN,CEREDIGION,CEREDIGION,A,52.07189,-4.620411,Wales,Wales,Ceredigion
{045A1899-21EE-9A24-E063-4804A8C048EA},165000,2023-07-31,2023,7,3,CF38 2TF,CF38,Terraced,Freehold,False,PONTYPRIDD,RHONDDA CYNON TAFF,RHONDDA CYNON TAFF,A,51.550966,-3.336745,Wales,Wales,Rhondda Cynon Taf
{045A1899-2216-9A24-E063-4804A8C048EA},220000,2023-02-17,2023,2,1,CF5 5LZ,CF5,Semi-Detached,Freehold,False,CARDIFF,CARDIFF,CARDIFF,A,51.492249,-3.222079,Wales,Wales,Cardiff
{045A1899-221E-9A24-E063-4804A8C048EA},215000,2023-08-08,2023,8,3,NP26 3HT,NP26,Detached,Freehold,False,CALDICOT,MONMOUTHSHIRE,MONMOUTHSHIRE,A,51.584833,-2.826006,Wales,Wales,Monmouthshire
{045A1899-2242-9A24-E063-4804A8C048EA},145000,2023-07-14,2023,7,3,CF48 2AU,CF48,Terraced,Freehold,False,MERTHYR TYDFIL,MERTHYR TYDFIL,MERTHYR TYDFIL,A,51.752437,-3.418947,Wales,Wales,Merthyr Tydfil
{045A1899-2334-9A24-E063-4804A8C048EA},188000,2023-07-21,2023,7,3,SA18 3RF,SA18,Detached,Freehold,False,AMMANFORD,CARMARTHENSHIRE,CARMARTHENSHIRE,A,51.77496,-4.024412,Wales,Wales,Carmarthenshire
{045A1899-2360-9A24-E063-4804A8C048EA},175000,2023-03-15,2023,3,1,SA70 8EA,SA70,Semi-Detached,Freehold,False,TENBY,PEMBROKESHIRE,PEMBROKESHIRE,A,51.695101,-4.8196,Wales,Wales,Pembrokeshire
{045A1899-23F2-9A24-E063-4804A8C048EA},440000,2022-09-14,2022,9,3,CF64 1SP,CF64,Semi-Detached,Freehold,False,PENARTH,THE VALE OF GLAMORGAN,THE VALE OF GLAMORGAN,A,51.433726,-3.184608,Wales,Wales,Vale of Glamorgan
{045A1899-24AE-9A24-E063-4804A8C048EA},160000,2023-07-14,2023,7,3,CV10 9NY,CV10,Terraced,Freehold,False,NUNEATON,NUNEATON AND BEDWORTH,WARWICKSHIRE,A,52.506975,-1.465532,West Midlands,England,Nuneaton and Bedworth
{045A1899-24C5-9A24-E063-4804A8C048EA},261500,2023-07-20,2023,7,3,CV34 5DD,CV34,Semi-Detached,Freehold,False,WARWICK,WARWICK,WARWICKSHIRE,A,52.294903,-1.5943,West Midlands,England,Warwick
{045A1899-24F3-9A24-E063-4804A8C048EA},227175,2022-10-21,2022,10,4,CV9 1PA,CV9,Semi-Detached,Freehold,False,ATHERSTONE,NORTH WARWICKSHIRE,WARWICKSHIRE,A,52.575663,-1.543894,West Midlands,England,North Warwickshire
{045A1899-2581-9A24-E063-4804A8C048EA},667000,2023-06-02,2023,6,2,GL56 0PN,GL56,Detached,Freehold,False,MORETON-IN-MARSH,STRATFORD-ON-AVON,WARWICKSHIRE,A,52.043766,-1.677556,West Midlands,England,Stratford-on-Avon
{045A1899-259E-9A24-E063-4804A8C048EA},750000,2023-07-10,2023,7,3,CV35 0HB,CV35,Detached,Freehold,False,WARWICK,STRATFORD-ON-AVON,WARWICKSHIRE,A,52.189301,-1.60205,West Midlands,England,Stratford-on-Avon
{045A1899-2621-9A24-E063-4804A8C048EA},225500,2023-02-03,2023,2,1,CV34 4TZ,CV34,Flat/Maisonette,Leasehold,False,WARWICK,WARWICK,WARWICKSHIRE,A,52.294903,-1.5943,West Midlands,England,Warwick
{045A1899-2638-9A24-E063-4804A8C048EA},222000,2023-06-26,2023,6,2,CV32 5UL,CV32,Flat/Maisonette,Leasehold,False,LEAMINGTON SPA,WARWICK,WARWICKSHIRE,A,52.290049,-1.542665,West Midlands,England,Warwick
{045A1899-26AB-9A24-E063-4804A8C048EA},175000,2023-07-07,2023,7,3,CV22 6EH,CV22,Flat/Maisonette,Leasehold,False,RUGBY,RUGBY,WARWICKSHIRE,A,52.360616,-1.291257,West Midlands,England,Rugby
{045A1899-26F7-9A24-E063-4804A8C048EA},212995,2020-11-27,2020,11,4,CV23 1AG,CV23,Semi-Detached,Freehold,False,RUGBY,RUGBY,WARWICKSHIRE,A,52.354035,-1.331371,West Midlands,England,Rugby
{045A1899-27D7-9A24-E063-4804A8C048EA},294995,2021-03-26,2021,3,1,CV23 1DR,CV23,Semi-Detached,Freehold,True,RUGBY,RUGBY,WARWICKSHIRE,A,52.354035,-1.331371,West Midlands,England,Rugby
{045A1899-2838-9A24-E063-4804A8C048EA},750000,2023-07-17,2023,7,3,WV6 8DH,WV6,Detached,Freehold,False,WOLVERHAMPTON,WOLVERHAMPTON,WEST MIDLANDS,A,52.612853,-2.162363,West Midlands,England,Wolverhampton
{045A1899-284D-9A24-E063-4804A8C048EA},408000,2023-03-06,2023,3,1,B75 5LP,B75,Detached,Freehold,False,SUTTON COLDFIELD,BIRMINGHAM,WEST MIDLANDS,A,52.595336,-1.833249,West Midlands,England,Birmingham
{045A1899-2894-9A24-E063-4804A8C048EA},375000,2023-07-17,2023,7,3,B36 8EA,B36,Detached,Freehold,False,BIRMINGHAM,BIRMINGHAM,WEST MIDLANDS,A,52.499908,-1.821252,West Midlands,England,Birmingham
{045A1899-291E-9A24-E063-4804A8C048EA},180000,2023-07-03,2023,7,3,B64 7LW,B64,Semi-Detached,Freehold,False,CRADLEY HEATH,SANDWELL,WEST MIDLANDS,A,52.468188,-2.055328,West Midlands,England,Sandwell
{045A1899-2974-9A24-E063-4804A8C048EA},175427,2023-06-16,2023,6,2,CV2 4NJ,CV2,Terraced,Freehold,False,COVENTRY,COVENTRY,WEST MIDLANDS,B,52.409953,-1.489726,West Midlands,England,Coventry
{045A1899-2B4F-9A24-E063-4804A8C048EA},190000,2023-07-31,2023,7,3,CV2 5EL,CV2,Terraced,Freehold,False,COVENTRY,COVENTRY,WEST MIDLANDS,A,52.409953,-1.489726,West Midlands,England,Coventry
{045A1899-2D18-9A24-E063-4804A8C048EA},260000,2023-06-15,2023,6,2,B74 3QQ,B74,Semi-Detached,Leasehold,False,SUTTON COLDFIELD,WALSALL,WEST MIDLANDS,A,52.601074,-1.848686,West Midlands,England,Birmingham
{045A1899-2E74-9A24-E063-4804A8C048EA},503850,2022-12-05,2022,12,4,WR9 0EN,WR9,Detached,Freehold,False,DROITWICH,WYCHAVON,WORCESTERSHIRE,A,52.271337,-2.142599,West Midlands,England,Wychavon
{045A1899-2EBD-9A24-E063-4804A8C048EA},133500,2023-06-23,2023,6,2,DY11 6YG,DY11,Terraced,Freehold,False,KIDDERMINSTER,WYRE FOREST,WORCESTERSHIRE,A,52.403329,-2.264041,West Midlands,England,Wyre Forest
{045A1899-2EFD-9A24-E063-4804A8C048EA},427500,2023-02-17,2023,2,1,WR10 1LZ,WR10,Detached,Freehold,False,PERSHORE,WYCHAVON,WORCESTERSHIRE,A,52.070055,-2.119109,West Midlands,England,Wychavon
{045A1899-2F6A-9A24-E063-4804A8C048EA},475000,2023-06-23,2023,6,2,BA11 2AH,BA11,Detached,Freehold,False,FROME,SOMERSET,SOMERSET,A,51.230066,-2.324377,South West,England,Somerset
{045A1899-3007-9A24-E063-4804A8C048EA},300000,2022-07-29,2022,7,3,TA20 2FR,TA20,Detached,Freehold,True,CHARD,SOMERSET,SOMERSET,A,50.871814,-2.972893,South West,England,Somerset
{045A1899-3074-9A24-E063-4804A8C048EA},945000,2023-07-25,2023,7,3,RH20 2QH,RH20,Detached,Freehold,False,PULBOROUGH,HORSHAM,WEST SUSSEX,A,50.960312,-0.506899,South East,England,Horsham
{045A1899-308A-9A24-E063-4804A8C048EA},530000,2023-08-25,2023,8,3,PO21 4LT,PO21,Detached,Freehold,False,BOGNOR REGIS,ARUN,WEST SUSSEX,A,50.787852,-0.709929,South East,England,Arun
{045A1899-30E0-9A24-E063-4804A8C048EA},760000,2023-07-14,2023,7,3,PO20 2HA,PO20,Semi-Detached,Freehold,False,CHICHESTER,CHICHESTER,WEST SUSSEX,A,50.758534,-0.849128,South East,England,Chichester
{045A1899-31EB-9A24-E063-4804A8C048EA},565000,2023-06-30,2023,6,2,RH10 4HR,RH10,Detached,Freehold,False,CRAWLEY,MID SUSSEX,WEST SUSSEX,A,51.112904,-0.175289,South East,England,Crawley
{045A1899-3208-9A24-E063-4804A8C048EA},75000,2022-01-19,2022,1,1,PO19 6EA,PO19,Flat/Maisonette,Leasehold,False,CHICHESTER,CHICHESTER,WEST SUSSEX,A,50.836629,-0.758718,South East,England,Chichester
{045A1899-321D-9A24-E063-4804A8C048EA},265000,2023-06-30,2023,6,2,RH16 4PL,RH16,Flat/Maisonette,Leasehold,False,HAYWARDS HEATH,MID SUSSEX,WEST SUSSEX,A,50.995833,-0.081682,South East,England,Mid Sussex
{045A1899-3222-9A24-E063-4804A8C048EA},290000,2023-06-30,2023,6,2,PO21 5DX,PO21,Terraced,Freehold,False,BOGNOR REGIS,ARUN,WEST SUSSEX,A,50.787852,-0.709929,South East,England,Arun
{045A1899-325E-9A24-E063-4804A8C048EA},110000,2023-06-30,2023,6,2,RH14 9PB,RH14,Flat/Maisonette,Leasehold,False,BILLINGSHURST,HORSHAM,WEST SUSSEX,A,51.020301,-0.457407,South East,England,Horsham
{045A1899-33AB-9A24-E063-4804A8C048EA},555000,2023-03-24,2023,3,1,PO22 0FN,PO22,Detached,Freehold,True,BOGNOR REGIS,ARUN,WEST SUSSEX,A,50.78761,-0.645016,South East,England,Arun
{045A1899-33B2-9A24-E063-4804A8C048EA},257000,2023-07-27,2023,7,3,BN15 8ER,BN15,Flat/Maisonette,Leasehold,False,LANCING,ADUR,WEST SUSSEX,A,50.832535,-0.314423,South East,England,Adur
{045A1899-33FF-9A24-E063-4804A8C048EA},675000,2023-02-22,2023,2,1,PO21 2TG,PO21,Detached,Freehold,False,BOGNOR REGIS,ARUN,WEST SUSSEX,A,50.787852,-0.709929,South East,England,Arun
{045A1899-3499-9A24-E063-4804A8C048EA},262500,2023-07-20,2023,7,3,BA13 3AA,BA13,Detached,Freehold,False,WESTBURY,WILTSHIRE,WILTSHIRE,A,51.247881,-2.209253,South West,England,Wiltshire
{045A1899-34CD-9A24-E063-4804A8C048EA},475000,2023-07-31,2023,7,3,SN25 2FE,SN25,Detached,Freehold,False,SWINDON,SWINDON,SWINDON,A,51.603237,-1.812654,South West,England,Swindon
{045A1899-3673-9A24-E063-4804A8C048EA},325000,2023-07-13,2023,7,3,BA12 8HF,BA12,Semi-Detached,Freehold,False,WARMINSTER,WILTSHIRE,WILTSHIRE,A,51.20234,-2.161597,South West,England,Wiltshire
{045A1899-3682-9A24-E063-4804A8C048EA},240000,2021-04-28,2021,4,2,SN1 7AY,SN1,Semi-Detached,Freehold,False,SWINDON,SWINDON,SWINDON,B,51.549795,-1.793174,South West,England,Swindon
{045A1899-3706-9A24-E063-4804A8C048EA},390000,2022-07-15,2022,7,3,SN3 6FD,SN3,Detached,Freehold,True,SWINDON,SWINDON,SWINDON,A,51.561817,-1.743061,South West,England,Swindon
{045A1899-378B-9A24-E063-4804A8C048EA},300000,2023-07-07,2023,7,3,SN11 0QT,SN11,Detached,Freehold,False,CALNE,WILTSHIRE,WILTSHIRE,A,51.440701,-1.99511,South West,England,Wiltshire
{045A1899-37FE-9A24-E063-4804A8C048EA},177500,2023-07-20,2023,7,3,HX7 5JH,HX7,Terraced,Freehold,False,HEBDEN BRIDGE,CALDERDALE,WEST YORKSHIRE,A,53.761617,-2.005941,Yorkshire and The Humber,England,Calderdale
{045A1899-398D-9A24-E063-4804A8C048EA},330000,2023-08-18,2023,8,3,WF15 7PN,WF15,Detached,Freehold,False,LIVERSEDGE,KIRKLEES,WEST YORKSHIRE,A,53.711287,-1.710771,Yorkshire and The Humber,England,Kirklees
{045A1899-3A03-9A24-E063-4804A8C048EA},90000,2023-07-19,2023,7,3,BD2 4NT,BD2,Terraced,Freehold,False,BRADFORD,BRADFORD,WEST YORKSHIRE,A,53.8164,-1.741673,Yorkshire and The Humber,England,Bradford
{045A1899-3A16-9A24-E063-4804A8C048EA},61000,2023-03-20,2023,3,1,HX3 0SD,HX3,Terraced,Freehold,False,HALIFAX,CALDERDALE,WEST YORKSHIRE,B,53.733293,-1.865585,Yorkshire and The Humber,England,Calderdale
{045A1899-3AA0-9A24-E063-4804A8C048EA},130000,2023-07-18,2023,7,3,BD16 4NH,BD16,Terraced,Freehold,False,BINGLEY,BRADFORD,WEST YORKSHIRE,A,53.852087,-1.837433,Yorkshire and The Humber,England,Bradford
{045A1899-3AA6-9A24-E063-4804A8C048EA},110000,2023-07-31,2023,7,3,BD4 0EG,BD4,Semi-Detached,Freehold,False,BRADFORD,BRADFORD,WEST YORKSHIRE,A,53.786794,-1.718025,Yorkshire and The Humber,England,Bradford
{045A1899-3B3B-9A24-E063-4804A8C048EA},300000,2023-06-26,2023,6,2,LS18 4HF,LS18,Semi-Detached,Freehold,False,LEEDS,LEEDS,WEST YORKSHIRE,A,53.84035,-1.627577,Yorkshire and The Humber,England,Leeds
{045A1899-3BB5-9A24-E063-4804A8C048EA},573000,2023-07-07,2023,7,3,HX6 2BL,HX6,Detached,Freehold,False,SOWERBY BRIDGE,CALDERDALE,WEST YORKSHIRE,A,53.705421,-1.928615,Yorkshire and The Humber,England,Calderdale
{045A1899-3BE0-9A24-E063-4804A8C048EA},242000,2023-08-10,2023,8,3,BD19 4HG,BD19,Semi-Detached,Freehold,False,CLECKHEATON,KIRKLEES,WEST YORKSHIRE,A,53.723505,-1.715916,Yorkshire and The Humber,England,Kirklees
{045A1899-3C3C-9A24-E063-4804A8C048EA},166000,2023-08-07,2023,8,3,WF8 2EG,WF8,Semi-Detached,Freehold,False,PONTEFRACT,WAKEFIELD,WEST YORKSHIRE,A,53.685697,-1.294251,Yorkshire and The Humber,England,Wakefield
{045A1899-3C6D-9A24-E063-4804A8C048EA},360000,2023-07-07,2023,7,3,S72 9BF,S72,Detached,Freehold,False,BARNSLEY,WAKEFIELD,WEST YORKSHIRE,A,53.591652,-1.402015,Yorkshire and The Humber,England,Barnsley
{045A1899-3D5F-9A24-E063-4804A8C048EA},258000,2023-07-11,2023,7,3,BD19 4NZ,BD19,Semi-Detached,Freehold,False,CLECKHEATON,KIRKLEES,WEST YORKSHIRE,A,53.723505,-1.715916,Yorkshire and The Humber,England,Kirklees
{045A1899-3DDB-9A24-E063-4804A8C048EA},35000,2023-07-12,2023,7,3,WF7 5LU,WF7,Flat/Maisonette,Leasehold,False,PONTEFRACT,WAKEFIELD,WEST YORKSHIRE,B,53.674847,-1.359737,Yorkshire and The Humber,England,Wakefield
{045A1899-3ED2-9A24-E063-4804A8C048EA},595000,2022-09-30,2022,9,3,YO43 4FP,YO43,Detached,Freehold,False,YORK,EAST RIDING OF YORKSHIRE,EAST RIDING OF YORKSHIRE,A,53.860003,-0.672896,Yorkshire and The Humber,England,East Riding of Yorkshire
{045A1899-3F22-9A24-E063-4804A8C048EA},94000,2023-07-13,2023,7,3,DN14 6TH,DN14,Terraced,Freehold,False,GOOLE,EAST RIDING OF YORKSHIRE,EAST RIDING OF YORKSHIRE,A,53.70676,-0.861201,Yorkshire and The Humber,England,East Riding of Yorkshire
{045A1899-3FFB-9A24-E063-4804A8C048EA},300000,2023-07-07,2023,7,3,LS8 3DG,LS8,Semi-Detached,Freehold,False,LEEDS,LEEDS,WEST YORKSHIRE,A,53.814593,-1.499498,Yorkshire and The Humber,England,Leeds
{045A1899-4028-9A24-E063-4804A8C048EA},212000,2023-03-24,2023,3,1,LS5 3LQ,LS5,Detached,Freehold,False,LEEDS,LEEDS,WEST YORKSHIRE,A,53.818346,-1.60163,Yorkshire and The Humber,England,Leeds
{045A1899-4088-9A24-E063-4804A8C048EA},435000,2023-04-03,2023,4,2,BD22 8SB,BD22,Terraced,Freehold,False,KEIGHLEY,BRADFORD,WEST YORKSHIRE,A,53.846765,-1.929092,Yorkshire and The Humber,England,Bradford
{045A1899-40DF-9A24-E063-4804A8C048EA},335000,2021-12-08,2021,12,4,HD9 6AF,HD9,Semi-Detached,Freehold,False,HOLMFIRTH,KIRKLEES,WEST YORKSHIRE,A,53.598854,-1.793632,Yorkshire and The Humber,England,Kirklees
{045A1899-419B-9A24-E063-4804A8C048EA},177995,2022-06-30,2022,6,2,BD4 0FD,BD4,Semi-Detached,Freehold,True,BRADFORD,BRADFORD,WEST YORKSHIRE,A,53.786794,-1.718025,Yorkshire and The Humber,England,Bradford
{045A1899-4219-9A24-E063-4804A8C048EA},461950,2022-11-04,2022,11,4,LS15 8FU,LS15,Detached,Freehold,True,LEEDS,LEEDS,WEST YORKSHIRE,A,53.809366,-1.449113,Yorkshire and The Humber,England,Leeds
{045A1899-42AB-9A24-E063-4804A8C048EA},185000,2023-07-28,2023,7,3,BD13 2RU,BD13,Detached,Freehold,False,BRADFORD,BRADFORD,WEST YORKSHIRE,A,53.773916,-1.822228,Yorkshire and The Humber,England,Bradford
{045A1899-432E-9A24-E063-4804A8C048EA},3200000,2023-07-27,2023,7,3,W2 5RT,W2,Other,Freehold,False,LONDON,CITY OF WESTMINSTER,GREATER LONDON,B,51.515592,-0.181426,London,England,Westminster
{045A1899-4510-9A24-E063-4804A8C048EA},20000,2023-02-15,2023,2,1,E8 2AH,E8,Other,Leasehold,False,LONDON,HACKNEY,GREATER LONDON,B,51.546744,-0.056537,London,England,Hackney
{045A1899-461A-9A24-E063-4804A8C048EA},382950,2022-10-07,2022,10,4,LU7 3QA,LU7,Terraced,Freehold,True,LEIGHTON BUZZARD,CENTRAL BEDFORDSHIRE,CENTRAL BEDFORDSHIRE,B,51.91991,-0.660256,East of England,England,Central Bedfordshire
{045A1899-471E-9A24-E063-4804A8C048EA},75000,2022-10-14,2022,10,4,SL4 5GR,SL4,Other,Leasehold,True,WINDSOR,WINDSOR AND MAIDENHEAD,WINDSOR AND MAIDENHEAD,B,51.477317,-0.605951,South East,England,Windsor and Maidenhead
{045A1899-47BF-9A24-E063-4804A8C048EA},545000,2023-03-28,2023,3,1,MK18 3FE,MK18,Detached,Freehold,False,BUCKINGHAM,BUCKINGHAMSHIRE,BUCKINGHAMSHIRE,B,51.999556,-0.986118,South East,England,Buckinghamshire
{045A1899-47E5-9A24-E063-4804A8C048EA},269500,2022-01-14,2022,1,1,HP18 0DF,HP18,Other,Freehold,False,AYLESBURY,BUCKINGHAMSHIRE,BUCKINGHAMSHIRE,B,51.834904,-0.856423,South East,England,Buckinghamshire
{045A1899-47E9-9A24-E063-4804A8C048EA},250000,2022-03-18,2022,3,1,HP22 6BN,HP22,Flat/Maisonette,Leasehold,False,AYLESBURY,BUCKINGHAMSHIRE,BUCKINGHAMSHIRE,B,51.829245,-0.790378,South East,England,Buckinghamshire
{045A1899-4850-9A24-E063-4804A8C048EA},325000,2022-09-16,2022,9,3,CB25 0GH,CB25,Other,Freehold,False,CAMBRIDGE,EAST CAMBRIDGESHIRE,CAMBRIDGESHIRE,B,52.272841,0.198629,East of England,England,South Cambridgeshire
{045A1899-4A53-9A24-E063-4804A8C048EA},45000,2021-11-29,2021,11,4,WA16 9GH,WA16,Terraced,Freehold,True,KNUTSFORD,CHESHIRE WEST AND CHESTER,CHESHIRE WEST AND CHESTER,B,53.334654,-2.449066,North West,England,Cheshire East
{045A1899-4A8A-9A24-E063-4804A8C048EA},535000,2023-07-17,2023,7,3,TR11 5UL,TR11,Other,Freehold,False,FALMOUTH,CORNWALL,CORNWALL,B,50.157012,-5.074317,South West,England,Cornwall
{045A1899-4BB2-9A24-E063-4804A8C048EA},125000,2023-08-01,2023,8,3,LL18 2PG,LL18,Other,Freehold,False,RHYL,DENBIGHSHIRE,DENBIGHSHIRE,B,53.304265,-3.417193,Wales,Wales,Denbighshire
{045A1899-4C12-9A24-E063-4804A8C048EA},340000,2023-03-28,2023,3,1,CF62 9TG,CF62,Detached,Freehold,False,BARRY,THE VALE OF GLAMORGAN,THE VALE OF GLAMORGAN,B,51.405979,-3.298854,Wales,Wales,Vale of Glamorgan
{045A1899-4C37-9A24-E063-4804A8C048EA},120000,2023-04-04,2023,4,2,LL54 5TG,LL54,Other,Freehold,False,CAERNARFON,GWYNEDD,GWYNEDD,B,53.055311,-4.283139,Wales,Wales,Gwynedd
{045A1899-4C46-9A24-E063-4804A8C048EA},600000,2023-06-30,2023,6,2,NP20 4FH,NP20,Detached,Freehold,False,NEWPORT,NEWPORT,NEWPORT,B,51.613537,-3.008691,Wales,Wales,Newport
{045A1899-4CE6-9A24-E063-4804A8C048EA},241000,2021-09-14,2021,9,3,CF23 6SS,CF23,Flat/Maisonette,Leasehold,False,CARDIFF,CARDIFF,CARDIFF,B,51.498215,-3.170504,Wales,Wales,Cardiff
{045A1899-4D8E-9A24-E063-4804A8C048EA},654000,2023-02-23,2023,2,1,EX16 8RS,EX16,Other,Freehold,False,TIVERTON,MID DEVON,DEVON,B,50.891109,-3.487079,South West,England,Mid Devon
{045A1899-4E3C-9A24-E063-4804A8C048EA},495000,2023-08-01,2023,8,3,BH1 3EJ,BH1,Flat/Maisonette,Leasehold,False,BOURNEMOUTH,"BOURNEMOUTH, CHRISTCHURCH AND POOLE","BOURNEMOUTH, CHRISTCHURCH AND POOLE",B,50.723587,-1.853045,South West,England,"Bournemouth, Christchurch and Poole"
{045A1899-4E8D-9A24-E063-4804A8C048EA},412500,2023-06-30,2023,6,2,BH14 9DL,BH14,Detached,Freehold,False,POOLE,"BOURNEMOUTH, CHRISTCHURCH AND POOLE","BOURNEMOUTH, CHRISTCHURCH AND POOLE",B,50.707787,-1.948447,South West,England,"Bournemouth, Christchurch and Poole"
{045A1899-4F3C-9A24-E063-4804A8C048EA},65001,2023-03-16,2023,3,1,DL1 3ED,DL1,Terraced,Freehold,False,DARLINGTON,DARLINGTON,DARLINGTON,B,54.530419,-1.538817,North East,England,Darlington
{045A1899-50BD-9A24-E063-4804A8C048EA},250000,2023-06-07,2023,6,2,EN1 4LE,EN1,Flat/Maisonette,Leasehold,False,ENFIELD,ENFIELD,GREATER LONDON,B,51.664558,-0.073002,London,England,Enfield
{045A1899-518A-9A24-E063-4804A8C048EA},970000,2023-07-25,2023,7,3,SS0 8LS,SS0,Semi-Detached,Freehold,False,WESTCLIFF-ON-SEA,SOUTHEND-ON-SEA,SOUTHEND-ON-SEA,B,51.543262,0.702085,East of England,England,Southend-on-Sea
{045A1899-5211-9A24-E063-4804A8C048EA},520000,2023-07-17,2023,7,3,CM15 0BA,CM15,Semi-Detached,Freehold,False,BRENTWOOD,BRENTWOOD,ESSEX,B,51.625856,0.313713,East of England,England,Brentwood
{045A1899-531D-9A24-E063-4804A8C048EA},217000,2023-03-01,2023,3,1,M9 5FB,M9,Semi-Detached,Freehold,False,MANCHESTER,MANCHESTER,GREATER MANCHESTER,B,53.531682,-2.202207,North West,England,Manchester
{045A1899-5421-9A24-E063-4804A8C048EA},361308,2023-04-03,2023,4,2,GL56 0FN,GL56,Semi-Detached,Freehold,False,MORETON-IN-MARSH,COTSWOLD,GLOUCESTERSHIRE,B,52.043766,-1.677556,West Midlands,England,Stratford-on-Avon
{045A1899-5498-9A24-E063-4804A8C048EA},7680000,2023-07-18,2023,7,3,AL7 1UT,AL7,Other,Freehold,False,WELWYN GARDEN CITY,WELWYN HATFIELD,HERTFORDSHIRE,B,51.816013,-0.19038,East of England,England,Welwyn Hatfield
{045A1899-54E0-9A24-E063-4804A8C048EA},175000,2023-07-12,2023,7,3,HP1 1EH,HP1,Flat/Maisonette,Leasehold,False,HEMEL HEMPSTEAD,DACORUM,HERTFORDSHIRE,B,51.766629,-0.485406,East of England,England,Dacorum
{045A1899-562C-9A24-E063-4804A8C048EA},255228,2022-05-12,2022,5,2,SO30 3JZ,SO30,Other,Freehold,True,SOUTHAMPTON,EASTLEIGH,HAMPSHIRE,B,50.904896,-1.301378,South East,England,Eastleigh
{045A1899-563D-9A24-E063-4804A8C048EA},275000,2023-02-24,2023,2,1,SO19 9HD,SO19,Other,Freehold,False,SOUTHAMPTON,SOUTHAMPTON,SOUTHAMPTON,B,50.900232,-1.360151,South East,England,Southampton
{045A1899-568E-9A24-E063-4804A8C048EA},60000,2023-06-15,2023,6,2,DN32 9BS,DN32,Terraced,Freehold,False,GRIMSBY,NORTH EAST LINCOLNSHIRE,NORTH EAST LINCOLNSHIRE,B,53.554055,-0.075078,Yorkshire and The Humber,England,North East Lincolnshire
{045A1899-571A-9A24-E063-4804A8C048EA},203150,2023-07-28,2023,7,3,WR11 7RB,WR11,Semi-Detached,Freehold,False,EVESHAM,WYCHAVON,WORCESTERSHIRE,B,52.095134,-1.930245,West Midlands,England,Wychavon
{045A1899-5725-9A24-E063-4804A8C048EA},170000,2023-03-31,2023,3,1,WR15 8BX,WR15,Terraced,Freehold,False,TENBURY WELLS,MALVERN HILLS,WORCESTERSHIRE,B,52.30966,-2.59509,West Midlands,England,Malvern Hills
{045A1899-57A8-9A24-E063-4804A8C048EA},170000,2023-06-30,2023,6,2,DA11 9LW,DA11,Other,Freehold,False,GRAVESEND,GRAVESHAM,KENT,B,51.44292,0.336202,South East,England,Gravesham
{045A1899-57E4-9A24-E063-4804A8C048EA},200000,2023-07-21,2023,7,3,ME16 8PW,ME16,Terraced,Freehold,False,MAIDSTONE,MAIDSTONE,KENT,B,51.268843,0.494439,South East,England,Maidstone
{045A1899-5968-9A24-E063-4804A8C048EA},305000,2023-07-27,2023,7,3,BB2 5ED,BB2,Detached,Leasehold,False,BLACKBURN,BLACKBURN WITH DARWEN,BLACKBURN WITH DARWEN,B,53.732527,-2.509398,North West,England,Blackburn with Darwen
{045A1899-596C-9A24-E063-4804A8C048EA},64500,2023-07-26,2023,7,3,BB12 0PP,BB12,Terraced,Leasehold,False,BURNLEY,BURNLEY,LANCASHIRE,B,53.797879,-2.27612,North West,England,Burnley
{045A1899-5A13-9A24-E063-4804A8C048EA},4000,2022-01-20,2022,1,1,FY5 2YA,FY5,Other,Freehold,False,THORNTON-CLEVELEYS,WYRE,LANCASHIRE,B,53.861768,-3.028081,North West,England,Blackpool
{045A1899-5C35-9A24-E063-4804A8C048EA},157000,2023-06-30,2023,6,2,LE4 2GX,LE4,Semi-Detached,Freehold,False,LEICESTER,LEICESTER,LEICESTER,B,52.668154,-1.139471,East Midlands,England,Leicester
{045A1899-5C95-9A24-E063-4804A8C048EA},210000,2021-09-08,2021,9,3,M3 6GL,M3,Flat/Maisonette,Leasehold,False,SALFORD,SALFORD,GREATER MANCHESTER,B,53.475234,-2.258785,North West,England,Manchester
{045A1899-5C99-9A24-E063-4804A8C048EA},39036,2021-06-10,2021,6,2,M28 2LA,M28,Other,Leasehold,False,MANCHESTER,SALFORD,GREATER MANCHESTER,B,53.500987,-2.37932,North West,England,Salford
{045A1899-5CC0-9A24-E063-4804A8C048EA},335166,2021-09-17,2021,9,3,M5 4RL,M5,Flat/Maisonette,Leasehold,True,SALFORD,SALFORD,GREATER MANCHESTER,B,53.478991,-2.267065,North West,England,Salford
{045A1899-5D1D-9A24-E063-4804A8C048EA},231000,2021-08-17,2021,8,3,M17 1HY,M17,Flat/Maisonette,Leasehold,False,MANCHESTER,TRAFFORD,GREATER MANCHESTER,B,53.472655,-2.327951,North West,England,Trafford
{045A1899-5D83-9A24-E063-4804A8C048EA},263900,2023-05-12,2023,5,2,M15 4ZG,M15,Flat/Maisonette,Leasehold,False,MANCHESTER,MANCHESTER,GREATER MANCHESTER,B,53.472441,-2.249201,North West,England,Manchester
{045A1899-5DE3-9A24-E063-4804A8C048EA},155000,2023-07-25,2023,7,3,B92 8JN,B92,Flat/Maisonette,Leasehold,False,SOLIHULL,SOLIHULL,WEST MIDLANDS,B,52.442334,-1.772642,West Midlands,England,Solihull
{045A1899-5F7C-9A24-E063-4804A8C048EA},197250,2022-09-09,2022,9,3,PR9 9BD,PR9,Other,Freehold,False,SOUTHPORT,SEFTON,MERSEYSIDE,B,53.651503,-3.003564,North West,England,Sefton
{045A1899-5F8E-9A24-E063-4804A8C048EA},208812,2023-06-29,2023,6,2,L35 1AF,L35,Semi-Detached,Freehold,True,PRESCOT,KNOWSLEY,MERSEYSIDE,B,53.422561,-2.782237,North West,England,Knowsley
{045A1899-5F91-9A24-E063-4804A8C048EA},161375,2023-06-29,2023,6,2,L35 1AN,L35,Semi-Detached,Freehold,True,PRESCOT,KNOWSLEY,MERSEYSIDE,B,53.422561,-2.782237,North West,England,Knowsley
{045A1899-61C0-9A24-E063-4804A8C048EA},310500,2022-01-10,2022,1,1,PE38 9AX,PE38,Other,Freehold,False,DOWNHAM MARKET,KING'S LYNN AND WEST NORFOLK,NORFOLK,B,52.60585,0.368983,East of England,England,King's Lynn and West Norfolk
{045A1899-61C6-9A24-E063-4804A8C048EA},1000,2022-01-27,2022,1,1,NR17 1DY,NR17,Other,Freehold,False,ATTLEBOROUGH,BRECKLAND,NORFOLK,B,52.534122,0.976537,East of England,England,Breckland
{045A1899-6289-9A24-E063-4804A8C048EA},210505,2022-11-03,2022,11,4,NN17 3DB,NN17,Terraced,Freehold,True,CORBY,NORTH NORTHAMPTONSHIRE,NORTH NORTHAMPTONSHIRE,B,52.494522,-0.642931,East Midlands,England,North Northamptonshire
{045A1899-6455-9A24-E063-4804A8C048EA},199950,2023-02-02,2023,2,1,HG5 8JH,HG5,Terraced,Freehold,False,KNARESBOROUGH,NORTH YORKSHIRE,NORTH YORKSHIRE,B,54.017907,-1.466036,Yorkshire and The Humber,England,North Yorkshire
{045A1899-658A-9A24-E063-4804A8C048EA},895000,2017-08-25,2017,8,3,DE6 2EB,DE6,Other,Freehold,False,ASHBOURNE,EAST STAFFORDSHIRE,STAFFORDSHIRE,B,53.014571,-1.730361,East Midlands,England,Derbyshire Dales
{045A1899-6608-9A24-E063-4804A8C048EA},134800,2023-06-27,2023,6,2,B77 1HW,B77,Terraced,Freehold,False,TAMWORTH,TAMWORTH,STAFFORDSHIRE,B,52.627163,-1.677238,West Midlands,England,Tamworth
{045A1899-6655-9A24-E063-4804A8C048EA},490000,2023-06-20,2023,6,2,SE3 8LW,SE3,Semi-Detached,Freehold,False,LONDON,GREENWICH,GREATER LONDON,B,51.461756,0.011052,London,England,Greenwich
{045A1899-6668-9A24-E063-4804A8C048EA},185000,2023-07-17,2023,7,3,SM3 9RG,SM3,Flat/Maisonette,Leasehold,False,SUTTON,SUTTON,GREATER LONDON,B,51.369919,-0.214788,London,England,Sutton
{045A1899-6678-9A24-E063-4804A8C048EA},475000,2023-07-31,2023,7,3,SM6 8SQ,SM6,Detached,Freehold,False,WALLINGTON,SUTTON,GREATER LONDON,B,51.359495,-0.151461,London,England,Sutton
{045A1899-66A8-9A24-E063-4804A8C048EA},375000,2023-03-27,2023,3,1,SW15 3PN,SW15,Flat/Maisonette,Leasehold,False,LONDON,KINGSTON UPON THAMES,GREATER LONDON,B,51.454865,-0.209534,London,England,Wandsworth
{045A1899-6847-9A24-E063-4804A8C048EA},110000,2021-09-07,2021,9,3,BS23 1DU,BS23,Flat/Maisonette,Leasehold,False,WESTON-SUPER-MARE,NORTH SOMERSET,NORTH SOMERSET,B,51.345358,-2.965043,South West,England,North Somerset
{045A1899-6898-9A24-E063-4804A8C048EA},390000,2023-08-15,2023,8,3,RH1 5AA,RH1,Semi-Detached,Freehold,False,REDHILL,REIGATE AND BANSTEAD,SURREY,B,51.233341,-0.167909,South East,England,Reigate and Banstead
{045A1899-68DF-9A24-E063-4804A8C048EA},533000,2023-02-03,2023,2,1,KT12 2ED,KT12,Semi-Detached,Freehold,False,WALTON-ON-THAMES,ELMBRIDGE,SURREY,B,51.390925,-0.420144,South East,England,Elmbridge
{045A1899-6970-9A24-E063-4804A8C048EA},136000,2023-08-11,2023,8,3,S66 9PS,S66,Semi-Detached,Freehold,False,ROTHERHAM,ROTHERHAM,SOUTH YORKSHIRE,B,53.423025,-1.262715,Yorkshire and The Humber,England,Rotherham
{045A1899-6A15-9A24-E063-4804A8C048EA},117000,2023-07-14,2023,7,3,S64 9DE,S64,Detached,Freehold,False,MEXBOROUGH,DONCASTER,SOUTH YORKSHIRE,B,53.47668,-1.309731,Yorkshire and The Humber,England,Rotherham
{045A1899-6A77-9A24-E063-4804A8C048EA},250000,2019-04-05,2019,4,2,S63 0JF,S63,Other,Leasehold,False,ROTHERHAM,BARNSLEY,SOUTH YORKSHIRE,B,53.518201,-1.327457,Yorkshire and The Humber,England,Barnsley
{045A1899-6D1E-9A24-E063-4804A8C048EA},147500,2023-03-20,2023,3,1,SR6 0PE,SR6,Terraced,Freehold,False,SUNDERLAND,SUNDERLAND,TYNE AND WEAR,B,54.929847,-1.375919,North East,England,Sunderland
{045A1899-6D82-9A24-E063-4804A8C048EA},150000,2023-07-31,2023,7,3,LL12 0BA,LL12,Other,Freehold,False,WREXHAM,WREXHAM,WREXHAM,B,53.059322,-2.985659,Wales,Wales,Wrexham
{045A1899-6E34-9A24-E063-4804A8C048EA},230000,2023-07-31,2023,7,3,CV21 4HP,CV21,Semi-Detached,Freehold,False,RUGBY,RUGBY,WARWICKSHIRE,B,52.392684,-1.2503,West Midlands,England,Rugby
{045A1899-6FC3-9A24-E063-4804A8C048EA},75000,2023-07-14,2023,7,3,B30 2PN,B30,Flat/Maisonette,Leasehold,False,BIRMINGHAM,BIRMINGHAM,WEST MIDLANDS,B,52.408541,-1.918025,West Midlands,England,Birmingham
{045A1899-7023-9A24-E063-4804A8C048EA},1000000,2023-07-14,2023,7,3,BA11 5HP,BA11,Other,Freehold,False,FROME,SOMERSET,SOMERSET,B,51.230066,-2.324377,South West,England,Somerset
{045A1899-70B4-9A24-E063-4804A8C048EA},300000,2022-09-08,2022,9,3,PO21 1GF,PO21,Flat/Maisonette,Leasehold,True,BOGNOR REGIS,ARUN,WEST SUSSEX,B,50.787852,-0.709929,South East,England,Arun
{045A1899-715C-9A24-E063-4804A8C048EA},170000,2023-07-25,2023,7,3,SN2 2HL,SN2,Terraced,Freehold,False,SWINDON,SWINDON,SWINDON,B,51.5733,-1.778782,South West,England,Swindon
{045A1899-7185-9A24-E063-4804A8C048EA},95000,2023-08-04,2023,8,3,LS6 2JE,LS6,Terraced,Freehold,False,LEEDS,LEEDS,WEST YORKSHIRE,B,53.817266,-1.58542,Yorkshire and The Humber,England,Leeds
{045A1899-7200-9A24-E063-4804A8C048EA},262000,2023-02-27,2023,2,1,BD9 6LX,BD9,Semi-Detached,Freehold,False,BRADFORD,BRADFORD,WEST YORKSHIRE,B,53.816416,-1.797064,Yorkshire and The Humber,England,Bradford
{045A1899-72E2-9A24-E063-4804A8C048EA},3801723,2019-06-27,2019,6,2,HU17 0WL,HU17,Other,Freehold,False,BEVERLEY,EAST RIDING OF YORKSHIRE,EAST RIDING OF YORKSHIRE,B,53.843016,-0.438586,Yorkshire and The Humber,England,East Riding of Yorkshire
{045A1899-72ED-9A24-E063-4804A8C048EA},150000,2023-08-15,2023,8,3,HD2 1BU,HD2,Terraced,Leasehold,False,HUDDERSFIELD,KIRKLEES,WEST YORKSHIRE,B,53.677242,-1.75657,Yorkshire and The Humber,England,Kirklees
{045A1899-731D-9A24-E063-4804A8C048EA},70000,2023-07-10,2023,7,3,BD1 5BB,BD1,Flat/Maisonette,Leasehold,False,BRADFORD,BRADFORD,WEST YORKSHIRE,B,,,,,
{046DA7C0-AF9A-4EF1-9400-E77727AC8117},71000,2015-04-02,2015,4,2,DH2 3PE,DH2,Semi-Detached,Freehold,False,CHESTER LE STREET,COUNTY DURHAM,COUNTY DURHAM,A,54.864144,-1.582851,North East,England,County Durham
{04713EAE-3442-45F7-AE57-FB3BFBC4683B},205000,2015-07-21,2015,7,3,NR11 8NP,NR11,Terraced,Freehold,False,NORWICH,NORTH NORFOLK,NORFOLK,A,52.789714,1.2314,East of England,England,Broadland
{049B0A19-5EBE-4F00-AA90-B6EBA1AE40EA},345000,2015-04-16,2015,4,2,BH22 8RJ,BH22,Detached,Freehold,False,FERNDOWN,EAST DORSET,DORSET,A,50.804943,-1.892895,South West,England,Dorset
{049D4BD3-56CD-4EBE-9F24-94F4B7B127C8},76000,2015-08-26,2015,8,3,M35 9QQ,M35,Terraced,Freehold,False,MANCHESTER,OLDHAM,GREATER MANCHESTER,A,53.503131,-2.135089,North West,England,Oldham
{04A4898C-FDF6-40DF-8013-6857EDD6E024},205000,2015-01-09,2015,1,1,RM8 2DW,RM8,Terraced,Freehold,False,DAGENHAM,BARKING AND DAGENHAM,GREATER LONDON,A,51.554998,0.140869,London,England,Barking and Dagenham
{04A4C4E0-F4B4-4EE3-8A03-02710A71CFF9},350000,2015-08-19,2015,8,3,SG5 4PG,SG5,Semi-Detached,Freehold,False,HITCHIN,CENTRAL BEDFORDSHIRE,CENTRAL BEDFORDSHIRE,A,51.950769,-0.274351,East of England,England,North Hertfordshire
{04B5163C-9F15-4355-8EEE-313A104D40FD},520000,2015-06-29,2015,6,2,GU3 3BY,GU3,Terraced,Freehold,False,GUILDFORD,GUILDFORD,SURREY,A,51.283055,-0.622821,South East,England,Guildford
{04C69961-1E73-4666-9808-FE6F19B1C6AF},220000,2015-04-02,2015,4,2,TA4 4RE,TA4,Detached,Freehold,True,TAUNTON,WEST SOMERSET,SOMERSET,A,51.044472,-3.311741,South West,England,Somerset
{04CC59BD-86BE-4E75-BF1E-DE1DB402C999},800000,2015-01-06,2015,1,1,PO17 5AX,PO17,Detached,Freehold,False,FAREHAM,WINCHESTER,HAMPSHIRE,A,50.888196,-1.145495,South East,England,Winchester
{04D40A39-A294-4157-876E-3E18EABEA6C8},1525000,2015-02-27,2015,2,1,CM16 7FA,CM16,Flat/Maisonette,Leasehold,True,EPPING,EPPING FOREST,ESSEX,A,51.67303,0.08943,East of England,England,Epping Forest
{04D4388C-E7A7-4474-939B-30D26676B0E3},69950,2015-06-02,2015,6,2,NR32 2AF,NR32,Terraced,Freehold,False,LOWESTOFT,WAVENEY,SUFFOLK,A,52.481061,1.715098,East of England,England,East Suffolk
{04D49A4A-9E1C-42AD-9B04-B037CB1EE396},486000,2015-07-31,2015,7,3,PL1 3TG,PL1,Terraced,Leasehold,False,PLYMOUTH,CITY OF PLYMOUTH,CITY OF PLYMOUTH,A,50.367551,-4.135912,South West,England,Plymouth
{04DCF234-DBED-4B50-B389-E7671A79B15A},118000,2015-06-25,2015,6,2,S35 3HU,S35,Terraced,Freehold,False,SHEFFIELD,SHEFFIELD,SOUTH YORKSHIRE,A,53.466653,-1.485592,Yorkshire and The Humber,England,Sheffield
{04E8B1B2-7E20-4C26-9823-1906772D2F5B},172500,2015-07-03,2015,7,3,SG19 1TP,SG19,Terraced,Freehold,False,SANDY,CENTRAL BEDFORDSHIRE,CENTRAL BEDFORDSHIRE,A,52.139887,-0.287483,East of England,England,Central Bedfordshire
{04F4550A-4BBE-438E-8DB6-B69F5802349E},392500,2015-07-03,2015,7,3,SW11 6JE,SW11,Flat/Maisonette,Leasehold,False,LONDON,WANDSWORTH,GREATER LONDON,A,51.475587,-0.152864,London,England,Wandsworth
{0500F6E6-4F46-4661-AE08-52840140A28C},74500,2015-07-31,2015,7,3,NG6 0AT,NG6,Terraced,Freehold,False,NOTTINGHAM,CITY OF NOTTINGHAM,CITY OF NOTTINGHAM,A,52.987107,-1.197147,East Midlands,England,Nottingham
{05015314-D454-4DAC-892E-B8B9062AB05A},85000,2015-03-05,2015,3,1,SR4 8PL,SR4,Flat/Maisonette,Leasehold,False,SUNDERLAND,SUNDERLAND,TYNE AND WEAR,A,54.90399,-1.422715,North East,England,Sunderland
{05296781-1EF0-4A2A-9D4D-59523EC9EE29},472500,2015-07-09,2015,7,3,EX32 8LF,EX32,Detached,Freehold,False,BARNSTAPLE,NORTH DEVON,DEVON,A,51.070995,-4.047406,South West,England,North Devon
{0542D162-E4CE-419A-8EB7-902CE0DFEA36},275000,2015-08-21,2015,8,3,CF64 1DA,CF64,Flat/Maisonette,Leasehold,False,PENARTH,THE VALE OF GLAMORGAN,THE VALE OF GLAMORGAN,A,51.433726,-3.184608,Wales,Wales,Vale of Glamorgan
{054BADA5-73FC-4F6B-AB2B-3851D88D42B9},220000,2015-08-04,2015,8,3,CO1 1SG,CO1,Semi-Detached,Freehold,False,COLCHESTER,COLCHESTER,ESSEX,A,51.89314,0.910907,East of England,England,Colchester
{0594BCDA-AF1E-4E95-BB06-2C66AC847086},164000,2015-01-23,2015,1,1,CT21 5RA,CT21,Semi-Detached,Freehold,False,HYTHE,SHEPWAY,KENT,A,51.070783,1.068379,South East,England,Folkestone and Hythe
{05B3181A-6976-4D27-B814-A166DECA6DDE},175000,2015-05-26,2015,5,2,NR5 8DT,NR5,Terraced,Freehold,False,NORWICH,NORWICH,NORFOLK,A,52.629603,1.218133,East of England,England,Norwich
{05E196F9-207B-489F-8481-B1723072E538},290000,2015-03-11,2015,3,1,GL6 9AH,GL6,Semi-Detached,Freehold,False,STROUD,STROUD,GLOUCESTERSHIRE,A,51.679471,-2.234178,South West,England,Stroud
{0609AA07-990F-4DCE-ABA0-3100E759C66E},156000,2015-04-16,2015,4,2,LA13 9PD,LA13,Semi-Detached,Freehold,False,BARROW-IN-FURNESS,BARROW-IN-FURNESS,CUMBRIA,A,54.118277,-3.180442,North West,England,Westmorland and Furness
{060F322F-ECBF-42E1-A1D5-A5908896D7F9},167000,2015-07-23,2015,7,3,WS11 1AA,WS11,Semi-Detached,Freehold,False,CANNOCK,CANNOCK CHASE,STAFFORDSHIRE,A,52.712217,-2.030283,West Midlands,England,Cannock Chase
{062D3500-D939-4E05-AB00-833FBA067115},130000,2015-03-18,2015,3,1,CT8 8AE,CT8,Flat/Maisonette,Leasehold,False,WESTGATE-ON-SEA,THANET,KENT,A,51.37773,1.335746,South East,England,Thanet
{0631B3F2-D9E9-4148-9EA4-C17A262DB308},105000,2015-07-16,2015,7,3,PR7 7BA,PR7,Flat/Maisonette,Leasehold,False,CHORLEY,SOUTH RIBBLE,LANCASHIRE,A,53.645656,-2.638943,North West,England,Chorley
{065008E3-7024-4918-B580-C834F8B51A7A},282150,2015-04-01,2015,4,2,BH14 8RA,BH14,Terraced,Freehold,False,POOLE,POOLE,POOLE,A,50.707787,-1.948447,South West,England,"Bournemouth, Christchurch and Poole"
{0655BDC2-F22E-481B-87EF-1937422E9B7D},349300,2015-03-18,2015,3,1,UB8 3PA,UB8,Semi-Detached,Freehold,False,UXBRIDGE,HILLINGDON,GREATER LONDON,A,51.51909,-0.45698,London,England,Hillingdon
{0655EF0D-A3BE-4238-BD67-8B675287AA9E},47000,2015-02-23,2015,2,1,BD19 5BP,BD19,Terraced,Freehold,False,CLECKHEATON,KIRKLEES,WEST YORKSHIRE,A,53.723505,-1.715916,Yorkshire and The Humber,England,Kirklees
{065C3B14-98A9-4230-8B3D-704D75DBDDC7},175000,2015-06-19,2015,6,2,BA6 9PG,BA6,Semi-Detached,Freehold,False,GLASTONBURY,MENDIP,SOMERSET,A,51.160747,-2.707376,South West,England,Somerset
{06663D5E-8380-49E6-9D65-E9A9688496D1},99500,2015-07-23,2015,7,3,M30 7DF,M30,Terraced,Leasehold,False,MANCHESTER,SALFORD,GREATER MANCHESTER,A,53.484157,-2.344962,North West,England,Salford
{066FD467-8F95-4DC1-9F55-C4EA192BE355},228500,2015-07-08,2015,7,3,SA4 3XE,SA4,Detached,Freehold,False,SWANSEA,SWANSEA,SWANSEA,A,51.74492,-4.048,Wales,Wales,Carmarthenshire
{068BE379-6353-499B-99D1-084609F0C414},35000,2015-05-18,2015,5,2,OL4 1LU,OL4,Terraced,Leasehold,False,OLDHAM,OLDHAM,GREATER MANCHESTER,A,53.538735,-2.08497,North West,England,Oldham
{0697677C-2C82-4561-A99F-573039C31D56},485000,2015-07-22,2015,7,3,HA1 4SF,HA1,Terraced,Freehold,False,HARROW,HARROW,GREATER LONDON,A,51.577763,-0.333257,London,England,Harrow
{06977ED1-7377-40FB-9FFA-60E35EA7819B},280250,2015-03-19,2015,3,1,B96 6LX,B96,Terraced,Freehold,False,REDDITCH,WYCHAVON,WORCESTERSHIRE,A,52.254384,-2.024104,West Midlands,England,Wychavon
{06B2D10D-D353-44B1-A5FA-3F4CFDA94E42},103000,2015-04-17,2015,4,2,S71 5PF,S71,Detached,Freehold,False,BARNSLEY,BARNSLEY,SOUTH YORKSHIRE,A,53.557729,-1.43854,Yorkshire and The Humber,England,Barnsley
{06BB539B-F183-4D3F-AB9F-28B509CEDEB6},68500,2015-02-13,2015,2,1,CV4 8DU,CV4,Flat/Maisonette,Leasehold,False,COVENTRY,COVENTRY,WEST MIDLANDS,A,52.39238,-1.567474,West Midlands,England,Coventry
{06BD21E4-5403-4D84-97FA-9F69421EFBDB},88000,2015-04-24,2015,4,2,NE12 6TH,NE12,Terraced,Freehold,False,NEWCASTLE UPON TYNE,NORTH TYNESIDE,TYNE AND WEAR,A,55.03769,-1.558396,North East,England,North Tyneside
{06BFE299-173E-4A37-8FCF-BF764701DA68},71000,2015-07-03,2015,7,3,TS19 7ST,TS19,Terraced,Freehold,False,STOCKTON-ON-TEES,STOCKTON-ON-TEES,STOCKTON-ON-TEES,A,54.586491,-1.352797,North East,England,Stockton-on-Tees
{06C192B9-EFAC-4054-A105-1372FAD081AF},133500,2015-03-02,2015,3,1,PL6 5HG,PL6,Terraced,Freehold,False,PLYMOUTH,CITY OF PLYMOUTH,CITY OF PLYMOUTH,A,50.40519,-4.122841,South West,England,Plymouth
{06C9F487-152E-9388-E063-4804A8C0BD98},540000,2023-07-27,2023,7,3,SE12 0LF,SE12,Semi-Detached,Freehold,False,LONDON,LEWISHAM,GREATER LONDON,A,51.444797,0.012552,London,England,Lewisham
{06C9F487-1676-9388-E063-4804A8C0BD98},335000,2022-09-30,2022,9,3,CO2 9GS,CO2,Semi-Detached,Freehold,True,COLCHESTER,COLCHESTER,ESSEX,A,51.87314,0.923155,East of England,England,Colchester
{06C9F487-1766-9388-E063-4804A8C0BD98},327500,2020-03-25,2020,3,1,HA8 5JQ,HA8,Flat/Maisonette,Leasehold,False,EDGWARE,BRENT,GREATER LONDON,A,51.623247,-0.288294,London,England,Barnet
{06C9F487-17A0-9388-E063-4804A8C0BD98},790000,2023-08-25,2023,8,3,N1 5PH,N1,Flat/Maisonette,Leasehold,False,LONDON,HACKNEY,GREATER LONDON,A,51.530946,-0.094451,London,England,Hackney
{06C9F487-17BF-9388-E063-4804A8C0BD98},655000,2023-08-18,2023,8,3,HA4 8TW,HA4,Semi-Detached,Freehold,False,RUISLIP,HILLINGDON,GREATER LONDON,A,51.588748,-0.434223,London,England,Hillingdon
{06C9F487-18A2-9388-E063-4804A8C0BD98},424250,2023-07-14,2023,7,3,E17 8HS,E17,Flat/Maisonette,Leasehold,False,LONDON,WALTHAM FOREST,GREATER LONDON,A,51.579004,-0.031909,London,England,Waltham Forest
{06C9F487-1994-9388-E063-4804A8C0BD98},234000,2022-01-12,2022,1,1,TW3 1DZ,TW3,Flat/Maisonette,Leasehold,False,HOUNSLOW,HOUNSLOW,GREATER LONDON,A,51.475624,-0.381868,London,England,Hounslow
{06C9F487-19BF-9388-E063-4804A8C0BD98},480000,2022-03-04,2022,3,1,W13 8BP,W13,Flat/Maisonette,Leasehold,True,LONDON,EALING,GREATER LONDON,A,51.50409,-0.316999,London,England,Ealing
{06C9F487-1A32-9388-E063-4804A8C0BD98},299950,2022-06-24,2022,6,2,N4 2AE,N4,Flat/Maisonette,Leasehold,False,LONDON,ISLINGTON,GREATER LONDON,A,51.563793,-0.094795,London,England,Hackney
{06C9F487-1A98-9388-E063-4804A8C0BD98},457000,2022-06-21,2022,6,2,UB3 4FY,UB3,Flat/Maisonette,Leasehold,True,HAYES,HILLINGDON,GREATER LONDON,B,51.511522,-0.415444,London,England,Hillingdon
{06C9F487-1B6B-9388-E063-4804A8C0BD98},664598,2020-11-11,2020,11,4,EC1Y 0AD,EC1Y,Flat/Maisonette,Leasehold,True,LONDON,CITY OF LONDON,GREATER LONDON,A,51.524833,-0.087354,London,England,Islington
{06C9F487-1B6D-9388-E063-4804A8C0BD98},700000,2021-04-28,2021,4,2,W5 1BP,W5,Flat/Maisonette,Leasehold,True,LONDON,EALING,GREATER LONDON,A,51.494584,-0.306977,London,England,Ealing
{06C9F487-1D24-9388-E063-4804A8C0BD98},500000,2023-08-18,2023,8,3,BS31 3LA,BS31,Detached,Freehold,False,BRISTOL,BATH AND NORTH EAST SOMERSET,BATH AND NORTH EAST SOMERSET,A,51.419915,-2.495693,South West,England,Bath and North East Somerset
{06C9F487-1D51-9388-E063-4804A8C0BD98},385000,2023-07-28,2023,7,3,BS5 6EJ,BS5,Terraced,Freehold,False,BRISTOL,CITY OF BRISTOL,CITY OF BRISTOL,A,51.452837,-2.527941,South West,England,"Bristol, City of"
{06C9F487-1D8D-9388-E063-4804A8C0BD98},950000,2022-03-02,2022,3,1,W1W 5NA,W1W,Flat/Maisonette,Leasehold,False,LONDON,CITY OF WESTMINSTER,GREATER LONDON,A,51.522153,-0.143296,London,England,Westminster
{06C9F487-1DDB-9388-E063-4804A8C0BD98},1500000,2023-05-22,2023,5,2,SW1H 0AR,SW1H,Flat/Maisonette,Leasehold,True,LONDON,CITY OF WESTMINSTER,GREATER LONDON,A,51.496816,-0.13453,London,England,Westminster
{06C9F487-1E6A-9388-E063-4804A8C0BD98},129000,2023-07-28,2023,7,3,MK42 0PR,MK42,Flat/Maisonette,Leasehold,False,BEDFORD,BEDFORD,BEDFORD,A,52.111701,-0.493135,East of England,England,Bedford
{06C9F487-1E6D-9388-E063-4804A8C0BD98},330000,2023-03-24,2023,3,1,MK41 8JE,MK41,Semi-Detached,Freehold,False,BEDFORD,BEDFORD,BEDFORD,A,52.137177,-0.42655,East of England,England,Bedford
{06C9F487-1F64-9388-E063-4804A8C0BD98},113750,2023-07-12,2023,7,3,SG18 0RF,SG18,Terraced,Leasehold,False,BIGGLESWADE,CENTRAL BEDFORDSHIRE,CENTRAL BEDFORDSHIRE,A,52.095103,-0.25397,East of England,England,Central Bedfordshire
{06C9F487-2051-9388-E063-4804A8C0BD98},437000,2022-11-25,2022,11,4,LU7 3QR,LU7,Detached,Freehold,True,LEIGHTON BUZZARD,CENTRAL BEDFORDSHIRE,CENTRAL BEDFORDSHIRE,A,51.91991,-0.660256,East of England,England,Central Bedfordshire
{06C9F487-20C8-9388-E063-4804A8C0BD98},425000,2023-04-11,2023,4,2,LU1 4AS,LU1,Semi-Detached,Freehold,False,LUTON,CENTRAL BEDFORDSHIRE,CENTRAL BEDFORDSHIRE,A,51.882351,-0.445921,East of England,England,Luton
{06C9F487-20DB-9388-E063-4804A8C0BD98},412000,2023-08-31,2023,8,3,SG18 8LZ,SG18,Semi-Detached,Freehold,False,BIGGLESWADE,CENTRAL BEDFORDSHIRE,CENTRAL BEDFORDSHIRE,A,52.095103,-0.25397,East of England,England,Central Bedfordshire
{06C9F487-2113-9388-E063-4804A8C0BD98},680000,2023-08-11,2023,8,3,SW6 6NJ,SW6,Flat/Maisonette,Leasehold,False,LONDON,HAMMERSMITH AND FULHAM,GREATER LONDON,A,51.486399,-0.199326,London,England,Hammersmith and Fulham
{06C9F487-2182-9388-E063-4804A8C0BD98},786857,2020-11-23,2020,11,4,W6 0BU,W6,Flat/Maisonette,Leasehold,True,LONDON,HAMMERSMITH AND FULHAM,GREATER LONDON,A,51.487948,-0.216535,London,England,Hammersmith and Fulham
{06C9F487-21C7-9388-E063-4804A8C0BD98},7750000,2023-08-18,2023,8,3,W14 8AJ,W14,Terraced,Freehold,False,LONDON,KENSINGTON AND CHELSEA,GREATER LONDON,A,51.486582,-0.206607,London,England,Hammersmith and Fulham
{06C9F487-2320-9388-E063-4804A8C0BD98},757500,2023-07-27,2023,7,3,SL6 6PP,SL6,Terraced,Freehold,False,MAIDENHEAD,WINDSOR AND MAIDENHEAD,WINDSOR AND MAIDENHEAD,A,51.52585,-0.759142,South East,England,Windsor and Maidenhead
{06C9F487-2399-9388-E063-4804A8C0BD98},470000,2023-08-04,2023,8,3,SL5 8PZ,SL5,Semi-Detached,Freehold,False,ASCOT,WINDSOR AND MAIDENHEAD,WINDSOR AND MAIDENHEAD,A,51.403458,-0.657954,South East,England,Windsor and Maidenhead
{06C9F487-23AC-9388-E063-4804A8C0BD98},371000,2023-08-17,2023,8,3,SL6 2PZ,SL6,Flat/Maisonette,Leasehold,False,MAIDENHEAD,WINDSOR AND MAIDENHEAD,WINDSOR AND MAIDENHEAD,A,51.52585,-0.759142,South East,England,Windsor and Maidenhead
{06C9F487-24F7-9388-E063-4804A8C0BD98},280000,2022-10-12,2022,10,4,SL6 4GB,SL6,Flat/Maisonette,Leasehold,False,MAIDENHEAD,WINDSOR AND MAIDENHEAD,WINDSOR AND MAIDENHEAD,A,51.52585,-0.759142,South East,England,Windsor and Maidenhead
{06C9F487-2510-9388-E063-4804A8C0BD98},368000,2022-11-30,2022,11,4,RG1 3GY,RG1,Flat/Maisonette,Leasehold,True,READING,READING,READING,A,51.44841,-0.976047,South East,England,Reading
{06C9F487-258A-9388-E063-4804A8C0BD98},315000,2023-04-05,2023,4,2,BS5 6LG,BS5,Semi-Detached,Freehold,False,BRISTOL,CITY OF BRISTOL,CITY OF BRISTOL,A,51.452837,-2.527941,South West,England,"Bristol, City of"
{06C9F487-25CE-9388-E063-4804A8C0BD98},360000,2023-07-14,2023,7,3,BS1 6SP,BS1,Flat/Maisonette,Leasehold,False,BRISTOL,CITY OF BRISTOL,CITY OF BRISTOL,A,51.454132,-2.588346,South West,England,"Bristol, City of"
{06C9F487-25D2-9388-E063-4804A8C0BD98},525000,2023-08-07,2023,8,3,BS7 9FG,BS7,Flat/Maisonette,Leasehold,False,BRISTOL,CITY OF BRISTOL,CITY OF BRISTOL,A,51.499105,-2.576377,South West,England,"Bristol, City of"
{06C9F487-261E-9388-E063-4804A8C0BD98},230000,2022-04-17,2022,4,2,BS1 3FD,BS1,Flat/Maisonette,Leasehold,True,BRISTOL,CITY OF BRISTOL,CITY OF BRISTOL,A,51.454132,-2.588346,South West,England,"Bristol, City of"
{06C9F487-26D7-9388-E063-4804A8C0BD98},455000,2023-01-20,2023,1,1,BS7 9LJ,BS7,Terraced,Freehold,False,BRISTOL,CITY OF BRISTOL,CITY OF BRISTOL,A,51.499105,-2.576377,South West,England,"Bristol, City of"
{06C9F487-26FA-9388-E063-4804A8C0BD98},137500,2023-09-15,2023,9,3,HP21 7EG,HP21,Flat/Maisonette,Leasehold,False,AYLESBURY,BUCKINGHAMSHIRE,BUCKINGHAMSHIRE,A,51.795453,-0.816746,South East,England,Buckinghamshire
{06C9F487-270E-9388-E063-4804A8C0BD98},350000,2023-08-10,2023,8,3,HP22 5JZ,HP22,Semi-Detached,Freehold,False,AYLESBURY,BUCKINGHAMSHIRE,BUCKINGHAMSHIRE,A,51.829245,-0.790378,South East,England,Buckinghamshire
{06C9F487-2960-9388-E063-4804A8C0BD98},594950,2022-04-28,2022,4,2,MK17 8FX,MK17,Detached,Freehold,True,MILTON KEYNES,MILTON KEYNES,MILTON KEYNES,A,52.015912,-0.650851,South East,England,Milton Keynes
{06C9F487-29BA-9388-E063-4804A8C0BD98},407000,2022-07-29,2022,7,3,MK17 8JE,MK17,Semi-Detached,Freehold,True,MILTON KEYNES,MILTON KEYNES,MILTON KEYNES,A,52.015912,-0.650851,South East,England,Milton Keynes
{06C9F487-2A7C-9388-E063-4804A8C0BD98},315000,2023-08-29,2023,8,3,MK15 9HL,MK15,Semi-Detached,Freehold,False,MILTON KEYNES,MILTON KEYNES,MILTON KEYNES,A,52.06183,-0.734264,South East,England,Milton Keynes
{06C9F487-2CB4-9388-E063-4804A8C0BD98},402995,2021-12-17,2021,12,4,PE29 2PP,PE29,Detached,Freehold,True,HUNTINGDON,HUNTINGDONSHIRE,CAMBRIDGESHIRE,A,52.340114,-0.175462,East of England,England,Huntingdonshire
{06C9F487-2DA9-9388-E063-4804A8C0BD98},360000,2022-10-31,2022,10,4,PE7 8RQ,PE7,Detached,Freehold,True,PETERBOROUGH,CITY OF PETERBOROUGH,CITY OF PETERBOROUGH,A,52.495016,-0.312863,East of England,England,Huntingdonshire
{06C9F487-2DEB-9388-E063-4804A8C0BD98},465200,2023-08-07,2023,8,3,CB1 9LD,CB1,Terraced,Freehold,False,CAMBRIDGE,CAMBRIDGE,CAMBRIDGESHIRE,A,52.184514,0.174212,East of England,England,Cambridge
{06C9F487-2E1A-9388-E063-4804A8C0BD98},485000,2022-08-23,2022,8,3,CB5 8LB,CB5,Terraced,Freehold,False,CAMBRIDGE,CAMBRIDGE,CAMBRIDGESHIRE,A,52.213141,0.146451,East of England,England,Cambridge
{06C9F487-2E44-9388-E063-4804A8C0BD98},112999,2023-04-28,2023,4,2,TS3 9LJ,TS3,Detached,Freehold,False,MIDDLESBROUGH,MIDDLESBROUGH,MIDDLESBROUGH,A,54.554516,-1.202104,North East,England,Middlesbrough
{06C9F487-2E6D-9388-E063-4804A8C0BD98},119000,2023-08-31,2023,8,3,TS12 3BY,TS12,Terraced,Freehold,False,SALTBURN-BY-THE-SEA,REDCAR AND CLEVELAND,REDCAR AND CLEVELAND,A,54.546181,-0.982382,North East,England,Redcar and Cleveland
{06C9F487-2F17-9388-E063-4804A8C0BD98},120000,2023-09-22,2023,9,3,TS14 6DT,TS14,Terraced,Leasehold,False,GUISBOROUGH,REDCAR AND CLEVELAND,REDCAR AND CLEVELAND,A,54.538122,-1.053617,North East,England,Redcar and Cleveland
{06C9F487-2F51-9388-E063-4804A8C0BD98},40000,2023-09-19,2023,9,3,TS24 0JX,TS24,Terraced,Freehold,False,HARTLEPOOL,HARTLEPOOL,HARTLEPOOL,A,54.700444,-1.211596,North East,England,Hartlepool
{06C9F487-2F55-9388-E063-4804A8C0BD98},202995,2021-06-30,2021,6,2,TS10 5DB,TS10,Detached,Freehold,True,REDCAR,REDCAR AND CLEVELAND,REDCAR AND CLEVELAND,A,54.617025,-1.074039,North East,England,Redcar and Cleveland
{06C9F487-3005-9388-E063-4804A8C0BD98},409995,2023-03-31,2023,3,1,TS22 5UY,TS22,Detached,Freehold,True,BILLINGHAM,HARTLEPOOL,HARTLEPOOL,A,54.641522,-1.348562,North East,England,Hartlepool
{06C9F487-3053-9388-E063-4804A8C0BD98},100000,2023-08-25,2023,8,3,TS12 3AE,TS12,Terraced,Freehold,False,SALTBURN-BY-THE-SEA,REDCAR AND CLEVELAND,REDCAR AND CLEVELAND,A,54.546181,-0.982382,North East,England,Redcar and Cleveland
{06C9F487-3177-9388-E063-4804A8C0BD98},600000,2023-09-15,2023,9,3,SK10 3QE,SK10,Detached,Freehold,False,MACCLESFIELD,CHESHIRE EAST,CHESHIRE EAST,A,53.291634,-2.105076,North West,England,Cheshire East
{06C9F487-3317-9388-E063-4804A8C0BD98},62500,2023-09-08,2023,9,3,WA2 7GE,WA2,Flat/Maisonette,Leasehold,False,WARRINGTON,WARRINGTON,WARRINGTON,A,53.409848,-2.566612,North West,England,Warrington
{06C9F487-338D-9388-E063-4804A8C0BD98},456000,2023-04-14,2023,4,2,WA16 9AL,WA16,Detached,Freehold,False,KNUTSFORD,CHESHIRE EAST,CHESHIRE EAST,A,53.334654,-2.449066,North West,England,Cheshire East
{06C9F487-354F-9388-E063-4804A8C0BD98},184995,2022-05-27,2022,5,2,CW1 5AY,CW1,Semi-Detached,Freehold,True,CREWE,CHESHIRE EAST,CHESHIRE EAST,A,53.11644,-2.434314,North West,England,Cheshire East
{06C9F487-357D-9388-E063-4804A8C0BD98},309995,2021-08-27,2021,8,3,WA7 1UU,WA7,Detached,Freehold,True,RUNCORN,HALTON,HALTON,A,53.326997,-2.714006,North West,England,Halton
{06C9F487-3593-9388-E063-4804A8C0BD98},263000,2023-07-28,2023,7,3,CH3 5HR,CH3,Semi-Detached,Freehold,False,CHESTER,CHESHIRE WEST AND CHESTER,CHESHIRE WEST AND CHESTER,A,53.197842,-2.859829,North West,England,Cheshire West and Chester
{06C9F487-35ED-9388-E063-4804A8C0BD98},415000,2023-08-22,2023,8,3,PL13 2DP,PL13,Detached,Freehold,False,LOOE,CORNWALL,CORNWALL,A,50.385927,-4.561928,South West,England,Cornwall
{06C9F487-361D-9388-E063-4804A8C0BD98},280000,2023-09-01,2023,9,3,EX23 9QR,EX23,Terraced,Freehold,False,BUDE,CORNWALL,CORNWALL,A,50.836682,-4.550803,South West,England,Cornwall
{06C9F487-3625-9388-E063-4804A8C0BD98},515000,2023-08-07,2023,8,3,TR8 4EY,TR8,Detached,Freehold,False,NEWQUAY,CORNWALL,CORNWALL,A,50.3821,-5.119146,South West,England,Cornwall
{06C9F487-3663-9388-E063-4804A8C0BD98},170000,2023-08-25,2023,8,3,PL14 3HH,PL14,Terraced,Freehold,False,LISKEARD,CORNWALL,CORNWALL,A,50.456853,-4.466637,South West,England,Cornwall
{06C9F487-3678-9388-E063-4804A8C0BD98},84000,2023-09-15,2023,9,3,PL31 1GA,PL31,Flat/Maisonette,Leasehold,False,BODMIN,CORNWALL,CORNWALL,A,50.463761,-4.738436,South West,England,Cornwall
{06C9F487-3836-9388-E063-4804A8C0BD98},250000,2023-09-06,2023,9,3,PL11 2DW,PL11,Semi-Detached,Freehold,False,TORPOINT,CORNWALL,CORNWALL,A,50.375639,-4.1957,South West,England,Cornwall
{06C9F487-3897-9388-E063-4804A8C0BD98},206000,2023-08-25,2023,8,3,LA9 5LN,LA9,Semi-Detached,Freehold,False,KENDAL,WESTMORLAND AND FURNESS,WESTMORLAND AND FURNESS,A,54.341781,-2.755897,North West,England,Westmorland and Furness
{06C9F487-3BB3-9388-E063-4804A8C0BD98},105000,2023-05-11,2023,5,2,LL65 4PS,LL65,Terraced,Freehold,False,HOLYHEAD,ISLE OF ANGLESEY,ISLE OF ANGLESEY,A,53.314231,-4.638557,Wales,Wales,Isle of Anglesey
{06C9F487-3C6D-9388-E063-4804A8C0BD98},322000,2023-08-10,2023,8,3,CF83 3SU,CF83,Detached,Freehold,False,CAERPHILLY,CAERPHILLY,CAERPHILLY,A,51.577786,-3.206752,Wales,Wales,Caerphilly
{06C9F487-3CC8-9388-E063-4804A8C0BD98},195000,2023-07-28,2023,7,3,SA14 6LL,SA14,Semi-Detached,Freehold,False,LLANELLI,CARMARTHENSHIRE,CARMARTHENSHIRE,A,51.702886,-4.133039,Wales,Wales,Carmarthenshire
{06C9F487-3CFB-9388-E063-4804A8C0BD98},145000,2023-08-04,2023,8,3,SA12 8UW,SA12,Semi-Detached,Freehold,False,PORT TALBOT,NEATH PORT TALBOT,NEATH PORT TALBOT,A,51.614117,-3.773209,Wales,Wales,Neath Port Talbot
{06C9F487-3D60-9388-E063-4804A8C0BD98},89000,2023-02-03,2023,2,1,CF44 0DS,CF44,Flat/Maisonette,Leasehold,False,ABERDARE,RHONDDA CYNON TAFF,RHONDDA CYNON TAFF,A,51.702765,-3.409405,Wales,Wales,Rhondda Cynon Taf
{06C9F487-3D7F-9388-E063-4804A8C0BD98},185000,2023-08-18,2023,8,3,CF48 1YX,CF48,Semi-Detached,Freehold,False,MERTHYR TYDFIL,MERTHYR TYDFIL,MERTHYR TYDFIL,A,51.752437,-3.418947,Wales,Wales,Merthyr Tydfil
{06C9F487-3E0B-9388-E063-4804A8C0BD98},325000,2023-04-28,2023,4,2,SA2 8HR,SA2,Detached,Freehold,False,SWANSEA,SWANSEA,SWANSEA,A,51.631518,-3.983408,Wales,Wales,Swansea
{06C9F487-3E47-9388-E063-4804A8C0BD98},730500,2023-08-31,2023,8,3,LL62 5DW,LL62,Detached,Freehold,False,BODORGAN,ISLE OF ANGLESEY,ISLE OF ANGLESEY,A,53.19395,-4.385073,Wales,Wales,Isle of Anglesey
{06C9F487-3E5A-9388-E063-4804A8C0BD98},300000,2022-08-19,2022,8,3,CF62 7BE,CF62,Flat/Maisonette,Leasehold,False,BARRY,THE VALE OF GLAMORGAN,THE VALE OF GLAMORGAN,A,51.405979,-3.298854,Wales,Wales,Vale of Glamorgan
{06C9F487-3E7B-9388-E063-4804A8C0BD98},560000,2023-07-14,2023,7,3,SY25 6PY,SY25,Detached,Freehold,False,TREGARON,CEREDIGION,CEREDIGION,A,52.213429,-3.961451,Wales,Wales,Ceredigion
{06C9F487-3EA2-9388-E063-4804A8C0BD98},192500,2023-08-16,2023,8,3,CF5 4HN,CF5,Terraced,Freehold,False,CARDIFF,CARDIFF,CARDIFF,A,51.492249,-3.222079,Wales,Wales,Cardiff
{06C9F487-3EDA-9388-E063-4804A8C0BD98},380000,2022-01-21,2022,1,1,SA44 4JW,SA44,Detached,Freehold,False,LLANDYSUL,CEREDIGION,CEREDIGION,A,52.136996,-4.381035,Wales,Wales,Ceredigion
{06C9F487-3EF0-9388-E063-4804A8C0BD98},800000,2020-03-18,2020,3,1,NP10 9GR,NP10,Detached,Freehold,False,NEWPORT,NEWPORT,NEWPORT,A,51.585015,-3.044677,Wales,Wales,Newport
{06C9F487-3F10-9388-E063-4804A8C0BD98},113000,2022-03-10,2022,3,1,SY10 0LH,SY10,Terraced,Freehold,False,OSWESTRY,POWYS,POWYS,A,52.886964,-3.03214,West Midlands,England,Shropshire
{06C9F487-3F29-9388-E063-4804A8C0BD98},120000,2022-03-25,2022,3,1,CF3 2TY,CF3,Terraced,Freehold,False,CARDIFF,NEWPORT,NEWPORT,A,51.533038,-3.073072,Wales,Wales,Newport
{06C9F487-3F90-9388-E063-4804A8C0BD98},205000,2022-04-29,2022,4,2,CF64 1JL,CF64,Flat/Maisonette,Leasehold,True,PENARTH,THE VALE OF GLAMORGAN,THE VALE OF GLAMORGAN,A,51.433726,-3.184608,Wales,Wales,Vale of Glamorgan
{06C9F487-3F9E-9388-E063-4804A8C0BD98},435000,2020-10-22,2020,10,4,CF38 1SE,CF38,Detached,Freehold,True,PONTYPRIDD,RHONDDA CYNON TAFF,RHONDDA CYNON TAFF,A,51.550966,-3.336745,Wales,Wales,Rhondda Cynon Taf
{06C9F487-4005-9388-E063-4804A8C0BD98},457995,2022-09-30,2022,9,3,NP18 2DJ,NP18,Detached,Freehold,True,NEWPORT,NEWPORT,NEWPORT,A,51.628089,-2.972014,Wales,Wales,Torfaen
{06C9F487-40E3-9388-E063-4804A8C0BD98},125000,2023-07-28,2023,7,3,LL20 7EU,LL20,Flat/Maisonette,Leasehold,True,LLANGOLLEN,WREXHAM,WREXHAM,A,52.971353,-3.172462,Wales,Wales,Denbighshire
{06C9F487-416D-9388-E063-4804A8C0BD98},340000,2022-11-01,2022,11,4,PL1 5RL,PL1,Terraced,Freehold,False,PLYMOUTH,CITY OF PLYMOUTH,CITY OF PLYMOUTH,A,50.367551,-4.135912,South West,England,Plymouth
{06C9F487-41DA-9388-E063-4804A8C0BD98},250000,2023-08-24,2023,8,3,EX15 2SJ,EX15,Semi-Detached,Freehold,False,CULLOMPTON,MID DEVON,DEVON,A,50.913127,-3.234557,South West,England,Mid Devon
{06C9F487-4288-9388-E063-4804A8C0BD98},480000,2023-06-29,2023,6,2,TQ12 1JB,TQ12,Detached,Freehold,False,NEWTON ABBOT,TEIGNBRIDGE,DEVON,A,50.487816,-3.640981,South West,England,Teignbridge
{06C9F487-435C-9388-E063-4804A8C0BD98},260000,2023-08-15,2023,8,3,PL4 6PR,PL4,Terraced,Freehold,False,PLYMOUTH,CITY OF PLYMOUTH,CITY OF PLYMOUTH,A,50.369881,-4.120604,South West,England,Plymouth
{06C9F487-448B-9388-E063-4804A8C0BD98},250000,2023-08-16,2023,8,3,EX1 3WR,EX1,Terraced,Freehold,False,EXETER,EAST DEVON,DEVON,A,50.748107,-3.463533,South West,England,East Devon
{06C9F487-4587-9388-E063-4804A8C0BD98},271500,2022-02-25,2022,2,1,EX1 4AR,EX1,Terraced,Freehold,True,EXETER,EAST DEVON,DEVON,A,50.748107,-3.463533,South West,England,East Devon
{06C9F487-45A4-9388-E063-4804A8C0BD98},555000,2021-06-17,2021,6,2,TQ7 4HZ,TQ7,Semi-Detached,Freehold,False,KINGSBRIDGE,SOUTH HAMS,DEVON,A,50.324772,-3.798376,South West,England,South Hams
{06C9F487-460D-9388-E063-4804A8C0BD98},204995,2022-09-30,2022,9,3,EX20 1XQ,EX20,Semi-Detached,Freehold,True,OKEHAMPTON,WEST DEVON,DEVON,A,50.86815,-4.11808,South West,England,Torridge
{06C9F487-46A4-9388-E063-4804A8C0BD98},187500,2023-03-19,2023,3,1,PL2 1PS,PL2,Terraced,Freehold,False,PLYMOUTH,CITY OF PLYMOUTH,CITY OF PLYMOUTH,A,50.38349,-4.171304,South West,England,Plymouth
{06C9F487-4704-9388-E063-4804A8C0BD98},420000,2023-07-28,2023,7,3,BH10 4DH,BH10,Detached,Freehold,False,BOURNEMOUTH,"BOURNEMOUTH, CHRISTCHURCH AND POOLE","BOURNEMOUTH, CHRISTCHURCH AND POOLE",A,50.755442,-1.888471,South West,England,"Bournemouth, Christchurch and Poole"
{06C9F487-4757-9388-E063-4804A8C0BD98},150000,2023-08-25,2023,8,3,BH22 8HF,BH22,Flat/Maisonette,Leasehold,False,FERNDOWN,DORSET,DORSET,A,50.804943,-1.892895,South West,England,Dorset
{06C9F487-476D-9388-E063-4804A8C0BD98},535000,2023-07-14,2023,7,3,BH9 2UJ,BH9,Detached,Freehold,False,BOURNEMOUTH,"BOURNEMOUTH, CHRISTCHURCH AND POOLE","BOURNEMOUTH, CHRISTCHURCH AND POOLE",A,50.750662,-1.866057,South West,England,"Bournemouth, Christchurch and Poole"
{06C9F487-47F1-9388-E063-4804A8C0BD98},550000,2023-09-19,2023,9,3,BH21 1SX,BH21,Detached,Freehold,False,WIMBORNE,"BOURNEMOUTH, CHRISTCHURCH AND POOLE","BOURNEMOUTH, CHRISTCHURCH AND POOLE",A,50.810805,-1.964302,South West,England,Dorset
{06C9F487-47F3-9388-E063-4804A8C0BD98},335500,2023-09-08,2023,9,3,BH15 3HU,BH15,Semi-Detached,Freehold,False,POOLE,"BOURNEMOUTH, CHRISTCHURCH AND POOLE","BOURNEMOUTH, CHRISTCHURCH AND POOLE",A,50.722211,-1.97379,South West,England,"Bournemouth, Christchurch and Poole"
{06C9F487-4988-9388-E063-4804A8C0BD98},550000,2022-03-25,2022,3,1,BH21 4HB,BH21,Detached,Freehold,False,WIMBORNE,DORSET,DORSET,A,50.810805,-1.964302,South West,England,Dorset
{06C9F487-4991-9388-E063-4804A8C0BD98},320000,2022-05-11,2022,5,2,BH21 3NZ,BH21,Terraced,Freehold,False,WIMBORNE,DORSET,DORSET,A,50.810805,-1.964302,South West,England,Dorset
{06C9F487-49AC-9388-E063-4804A8C0BD98},330000,2022-06-01,2022,6,2,BH10 5DE,BH10,Detached,Freehold,False,BOURNEMOUTH,"BOURNEMOUTH, CHRISTCHURCH AND POOLE","BOURNEMOUTH, CHRISTCHURCH AND POOLE",A,50.755442,-1.888471,South West,England,"Bournemouth, Christchurch and Poole"
{06C9F487-49F8-9388-E063-4804A8C0BD98},180000,2023-08-07,2023,8,3,BH8 8LL,BH8,Flat/Maisonette,Leasehold,False,BOURNEMOUTH,"BOURNEMOUTH, CHRISTCHURCH AND POOLE","BOURNEMOUTH, CHRISTCHURCH AND POOLE",A,50.736611,-1.862951,South West,England,"Bournemouth, Christchurch and Poole"
{06C9F487-4AFE-9388-E063-4804A8C0BD98},160000,2023-08-04,2023,8,3,DH9 9UR,DH9,Detached,Freehold,False,STANLEY,COUNTY DURHAM,COUNTY DURHAM,A,54.854943,-1.702835,North East,England,County Durham
{06C9F487-4B1E-9388-E063-4804A8C0BD98},229000,2023-07-28,2023,7,3,DH3 4NL,DH3,Detached,Freehold,False,CHESTER LE STREET,COUNTY DURHAM,COUNTY DURHAM,A,54.905987,-1.570737,North East,England,Gateshead
{06C9F487-4B26-9388-E063-4804A8C0BD98},39500,2023-06-26,2023,6,2,DL14 8RU,DL14,Terraced,Freehold,False,BISHOP AUCKLAND,COUNTY DURHAM,COUNTY DURHAM,A,54.648299,-1.685172,North East,England,County Durham
{06C9F487-4B59-9388-E063-4804A8C0BD98},148000,2023-08-17,2023,8,3,DL1 3HW,DL1,Semi-Detached,Freehold,False,DARLINGTON,DARLINGTON,DARLINGTON,A,54.530419,-1.538817,North East,England,Darlington
{06C9F487-4BC1-9388-E063-4804A8C0BD98},134000,2023-09-08,2023,9,3,DL15 9GG,DL15,Semi-Detached,Freehold,False,CROOK,COUNTY DURHAM,COUNTY DURHAM,A,54.735543,-1.748218,North East,England,County Durham
{06C9F487-4CA6-9388-E063-4804A8C0BD98},120000,2022-05-27,2022,5,2,DH9 9EQ,DH9,Semi-Detached,Freehold,False,STANLEY,COUNTY DURHAM,COUNTY DURHAM,A,54.854943,-1.702835,North East,England,County Durham
{06C9F487-4CE1-9388-E063-4804A8C0BD98},108000,2023-08-31,2023,8,3,TS25 4NQ,TS25,Terraced,Freehold,False,HARTLEPOOL,HARTLEPOOL,HARTLEPOOL,A,54.670037,-1.222123,North East,England,Hartlepool
{06C9F487-4DBC-9388-E063-4804A8C0BD98},270000,2023-08-23,2023,8,3,DE21 7FT,DE21,Detached,Freehold,False,DERBY,CITY OF DERBY,CITY OF DERBY,A,52.926436,-1.459555,East Midlands,England,Derby
{06C9F487-4E01-9388-E063-4804A8C0BD98},140000,2023-08-31,2023,8,3,S43 2BJ,S43,Terraced,Freehold,False,CHESTERFIELD,CHESTERFIELD,DERBYSHIRE,A,53.249284,-1.371838,East Midlands,England,Chesterfield
{06C9F487-4E14-9388-E063-4804A8C0BD98},295000,2023-08-11,2023,8,3,S42 6QA,S42,Detached,Freehold,False,CHESTERFIELD,NORTH EAST DERBYSHIRE,DERBYSHIRE,A,53.199904,-1.393776,East Midlands,England,North East Derbyshire
{06C9F487-4F77-9388-E063-4804A8C0BD98},235000,2023-09-11,2023,9,3,S18 7SP,S18,Terraced,Freehold,False,DRONFIELD,NORTH EAST DERBYSHIRE,DERBYSHIRE,A,53.272606,-1.489948,East Midlands,England,North East Derbyshire
{06C9F487-4FEF-9388-E063-4804A8C0BD98},249000,2022-12-09,2022,12,4,SK23 0RJ,SK23,Terraced,Leasehold,False,HIGH PEAK,HIGH PEAK,DERBYSHIRE,A,53.327118,-1.914184,East Midlands,England,High Peak
{06C9F487-501F-9388-E063-4804A8C0BD98},210995,2020-05-15,2020,5,2,DE3 9DP,DE3,Terraced,Freehold,False,DERBY,CITY OF DERBY,CITY OF DERBY,A,52.912195,-1.533607,East Midlands,England,Derby
{06C9F487-5092-9388-E063-4804A8C0BD98},255000,2022-04-21,2022,4,2,S33 8WN,S33,Terraced,Freehold,False,HOPE VALLEY,HIGH PEAK,DERBYSHIRE,A,53.329398,-1.742348,East Midlands,England,Derbyshire Dales
{06C9F487-5188-9388-E063-4804A8C0BD98},107500,2023-08-31,2023,8,3,DE12 6QA,DE12,Terraced,Freehold,False,SWADLINCOTE,SOUTH DERBYSHIRE,DERBYSHIRE,A,52.747222,-1.514213,East Midlands,England,North West Leicestershire
{06C9F487-51C8-9388-E063-4804A8C0BD98},235000,2023-08-18,2023,8,3,BN21 2LS,BN21,Flat/Maisonette,Leasehold,False,EASTBOURNE,EASTBOURNE,EAST SUSSEX,A,50.780413,0.270364,South East,England,Eastbourne
{06C9F487-52DA-9388-E063-4804A8C0BD98},364500,2023-07-07,2023,7,3,E8 2EQ,E8,Flat/Maisonette,Leasehold,False,LONDON,HACKNEY,GREATER LONDON,A,51.546744,-0.056537,London,England,Hackney
{06C9F487-539C-9388-E063-4804A8C0BD98},365000,2023-08-11,2023,8,3,E12 6UA,E12,Flat/Maisonette,Leasehold,False,LONDON,NEWHAM,GREATER LONDON,A,51.553429,0.060273,London,England,Newham
{06C9F487-5434-9388-E063-4804A8C0BD98},77500,2023-09-08,2023,9,3,TN40 1PN,TN40,Flat/Maisonette,Leasehold,False,BEXHILL-ON-SEA,ROTHER,EAST SUSSEX,A,50.855025,0.477333,South East,England,Rother
{06C9F487-5512-9388-E063-4804A8C0BD98},385000,2023-09-11,2023,9,3,TN31 7SJ,TN31,Semi-Detached,Freehold,False,RYE,ROTHER,EAST SUSSEX,A,50.992314,0.598107,South East,England,Rother
{06C9F487-551F-9388-E063-4804A8C0BD98},375000,2023-08-25,2023,8,3,TN34 3RD,TN34,Flat/Maisonette,Leasehold,False,HASTINGS,HASTINGS,EAST SUSSEX,A,50.859414,0.577409,South East,England,Hastings
{06C9F487-55DE-9388-E063-4804A8C0BD98},435000,2022-02-01,2022,2,1,BN2 9YG,BN2,Terraced,Freehold,False,BRIGHTON,BRIGHTON AND HOVE,BRIGHTON AND HOVE,A,50.831221,-0.11955,South East,England,Brighton and Hove
{06C9F487-5612-9388-E063-4804A8C0BD98},397000,2020-11-05,2020,11,4,BN3 3RE,BN3,Flat/Maisonette,Leasehold,False,HOVE,BRIGHTON AND HOVE,BRIGHTON AND HOVE,A,50.828916,-0.198014,South East,England,Brighton and Hove
{06C9F487-57C4-9388-E063-4804A8C0BD98},472000,2023-09-15,2023,9,3,CO13 0RG,CO13,Detached,Freehold,False,FRINTON-ON-SEA,TENDRING,ESSEX,A,51.833491,1.2439,East of England,England,Tendring
{06C9F487-5901-9388-E063-4804A8C0BD98},550000,2023-09-15,2023,9,3,CM2 8RG,CM2,Detached,Freehold,False,CHELMSFORD,CHELMSFORD,ESSEX,A,51.736232,0.489157,East of England,England,Chelmsford
{06C9F487-594A-9388-E063-4804A8C0BD98},570000,2023-08-25,2023,8,3,CM12 9PS,CM12,Detached,Freehold,False,BILLERICAY,BASILDON,ESSEX,A,51.640553,0.425435,East of England,England,Basildon
{06C9F487-595A-9388-E063-4804A8C0BD98},290000,2023-08-18,2023,8,3,CO12 4TS,CO12,Semi-Detached,Freehold,False,HARWICH,TENDRING,ESSEX,A,51.943624,1.256416,East of England,England,Tendring
{06C9F487-5A49-9388-E063-4804A8C0BD98},362500,2023-08-18,2023,8,3,CM2 6HG,CM2,Terraced,Freehold,False,CHELMSFORD,CHELMSFORD,ESSEX,A,51.736232,0.489157,East of England,England,Chelmsford
{06C9F487-5A9D-9388-E063-4804A8C0BD98},1800000,2023-08-16,2023,8,3,CM13 1DT,CM13,Detached,Freehold,False,BRENTWOOD,BRENTWOOD,ESSEX,A,51.570312,0.347389,East of England,England,Brentwood
{06C9F487-5AE9-9388-E063-4804A8C0BD98},385000,2023-04-27,2023,4,2,CM14 4NJ,CM14,Flat/Maisonette,Leasehold,False,BRENTWOOD,BRENTWOOD,ESSEX,A,51.639599,0.267585,East of England,England,Brentwood
{06C9F487-5AF3-9388-E063-4804A8C0BD98},92000,2023-08-21,2023,8,3,CM2 9LQ,CM2,Flat/Maisonette,Leasehold,False,CHELMSFORD,CHELMSFORD,ESSEX,A,51.736232,0.489157,East of England,England,Chelmsford
{06C9F487-5B00-9388-E063-4804A8C0BD98},187000,2023-08-29,2023,8,3,CO2 8FQ,CO2,Flat/Maisonette,Leasehold,False,COLCHESTER,COLCHESTER,ESSEX,A,51.87314,0.923155,East of England,England,Colchester
{06C9F487-5B0D-9388-E063-4804A8C0BD98},240000,2023-08-18,2023,8,3,CO16 8YW,CO16,Semi-Detached,Freehold,False,CLACTON-ON-SEA,TENDRING,ESSEX,A,51.806191,1.145399,East of England,England,Tendring
{06C9F487-5B3C-9388-E063-4804A8C0BD98},330000,2023-08-25,2023,8,3,SS2 5LX,SS2,Semi-Detached,Freehold,False,SOUTHEND-ON-SEA,SOUTHEND-ON-SEA,SOUTHEND-ON-SEA,A,51.542896,0.735714,East of England,England,Southend-on-Sea
{06C9F487-5BE0-9388-E063-4804A8C0BD98},420000,2023-04-24,2023,4,2,CM8 2FY,CM8,Detached,Freehold,False,WITHAM,BRAINTREE,ESSEX,A,51.802881,0.643603,East of England,England,Braintree
{06C9F487-5CBB-9388-E063-4804A8C0BD98},184000,2023-08-21,2023,8,3,BL3 1QZ,BL3,Semi-Detached,Leasehold,False,BOLTON,BOLTON,GREATER MANCHESTER,A,53.555905,-2.459272,North West,England,Bolton
{06C9F487-5D04-9388-E063-4804A8C0BD98},170000,2023-05-22,2023,5,2,OL5 9HB,OL5,Semi-Detached,Freehold,False,ASHTON-UNDER-LYNE,TAMESIDE,GREATER MANCHESTER,A,53.515888,-2.028477,North West,England,Tameside
{06C9F487-5D54-9388-E063-4804A8C0BD98},114500,2023-08-24,2023,8,3,M18 8UP,M18,Terraced,Leasehold,False,MANCHESTER,MANCHESTER,GREATER MANCHESTER,A,53.467703,-2.167348,North West,England,Manchester
{06C9F487-5E14-9388-E063-4804A8C0BD98},244000,2023-08-18,2023,8,3,WA3 3TA,WA3,Terraced,Freehold,False,WARRINGTON,WIGAN,GREATER MANCHESTER,A,53.447638,-2.510155,North West,England,Warrington
{06C9F487-5E44-9388-E063-4804A8C0BD98},500000,2023-07-31,2023,7,3,M33 7EG,M33,Semi-Detached,Freehold,False,SALE,TRAFFORD,GREATER MANCHESTER,A,53.430922,-2.317727,North West,England,Trafford
{06C9F487-5F62-9388-E063-4804A8C0BD98},367000,2023-07-28,2023,7,3,M28 7QF,M28,Semi-Detached,Leasehold,False,MANCHESTER,SALFORD,GREATER MANCHESTER,A,53.500987,-2.37932,North West,England,Salford
{06C9F487-605D-9388-E063-4804A8C0BD98},162000,2023-08-07,2023,8,3,OL9 0EE,OL9,Semi-Detached,Freehold,False,OLDHAM,OLDHAM,GREATER MANCHESTER,A,53.537919,-2.140389,North West,England,Oldham
{06C9F487-60AC-9388-E063-4804A8C0BD98},210000,2023-09-01,2023,9,3,GL16 8RP,GL16,Semi-Detached,Freehold,False,COLEFORD,FOREST OF DEAN,GLOUCESTERSHIRE,A,51.791225,-2.613168,South West,England,Forest of Dean
{06C9F487-6128-9388-E063-4804A8C0BD98},240000,2023-08-29,2023,8,3,GL4 0TL,GL4,Semi-Detached,Freehold,False,GLOUCESTER,GLOUCESTER,GLOUCESTERSHIRE,A,51.831986,-2.217729,South West,England,Gloucester
{06C9F487-617E-9388-E063-4804A8C0BD98},585000,2023-08-25,2023,8,3,GL56 0HH,GL56,Detached,Freehold,False,MORETON-IN-MARSH,COTSWOLD,GLOUCESTERSHIRE,A,52.043766,-1.677556,West Midlands,England,Stratford-on-Avon
{06C9F487-61A2-9388-E063-4804A8C0BD98},325000,2023-08-25,2023,8,3,GL6 8FQ,GL6,Terraced,Freehold,False,STROUD,STROUD,GLOUCESTERSHIRE,A,51.679471,-2.234178,South West,England,Stroud
{06C9F487-6217-9388-E063-4804A8C0BD98},815000,2023-09-13,2023,9,3,GL7 5DL,GL7,Detached,Freehold,False,CIRENCESTER,COTSWOLD,GLOUCESTERSHIRE,A,51.67188,-1.772894,South West,England,Cotswold
{06C9F487-62A4-9388-E063-4804A8C0BD98},290000,2023-08-11,2023,8,3,BS15 8PB,BS15,Terraced,Freehold,False,BRISTOL,SOUTH GLOUCESTERSHIRE,SOUTH GLOUCESTERSHIRE,A,51.454128,-2.491474,South West,England,South Gloucestershire
{06C9F487-634C-9388-E063-4804A8C0BD98},318000,2022-03-25,2022,3,1,GL3 1FG,GL3,Semi-Detached,Freehold,True,GLOUCESTER,TEWKESBURY,GLOUCESTERSHIRE,A,51.879893,-2.178794,South West,England,Tewkesbury
{06C9F487-6463-9388-E063-4804A8C0BD98},230500,2023-01-06,2023,1,1,GL4 6DW,GL4,Terraced,Freehold,False,GLOUCESTER,GLOUCESTER,GLOUCESTERSHIRE,A,51.831986,-2.217729,South West,England,Gloucester
{06C9F487-649D-9388-E063-4804A8C0BD98},302000,2023-08-15,2023,8,3,GL4 5BH,GL4,Semi-Detached,Freehold,False,GLOUCESTER,GLOUCESTER,GLOUCESTERSHIRE,A,51.831986,-2.217729,South West,England,Gloucester
{06C9F487-64AF-9388-E063-4804A8C0BD98},545000,2023-08-04,2023,8,3,EN7 6DR,EN7,Terraced,Freehold,False,WALTHAM CROSS,BROXBOURNE,HERTFORDSHIRE,A,51.702046,-0.062553,East of England,England,Broxbourne
{06C9F487-6518-9388-E063-4804A8C0BD98},475000,2023-08-07,2023,8,3,AL4 9YB,AL4,Terraced,Freehold,False,ST ALBANS,ST ALBANS,HERTFORDSHIRE,A,51.807745,-0.300997,East of England,England,St Albans
{06C9F487-65E9-9388-E063-4804A8C0BD98},135000,2023-08-23,2023,8,3,EN8 8SA,EN8,Flat/Maisonette,Leasehold,False,WALTHAM CROSS,BROXBOURNE,HERTFORDSHIRE,A,51.7002,-0.039072,East of England,England,Broxbourne
{06C9F487-664B-9388-E063-4804A8C0BD98},1085000,2023-07-07,2023,7,3,AL5 3PR,AL5,Detached,Freehold,False,HARPENDEN,ST ALBANS,HERTFORDSHIRE,A,51.815175,-0.346563,East of England,England,St Albans
{06C9F487-673D-9388-E063-4804A8C0BD98},388000,2023-09-11,2023,9,3,SG14 3QB,SG14,Terraced,Freehold,False,HERTFORD,EAST HERTFORDSHIRE,HERTFORDSHIRE,A,51.804411,-0.075875,East of England,England,East Hertfordshire
{06C9F487-67F7-9388-E063-4804A8C0BD98},264000,2022-02-11,2022,2,1,HP1 1BG,HP1,Flat/Maisonette,Leasehold,True,HEMEL HEMPSTEAD,DACORUM,HERTFORDSHIRE,A,51.766629,-0.485406,East of England,England,Dacorum
{06C9F487-67FC-9388-E063-4804A8C0BD98},505000,2022-02-25,2022,2,1,HP23 4GY,HP23,Semi-Detached,Freehold,False,TRING,DACORUM,HERTFORDSHIRE,A,51.800243,-0.652625,East of England,England,Dacorum
{06C9F487-6813-9388-E063-4804A8C0BD98},615000,2021-02-12,2021,2,1,LU2 8EG,LU2,Semi-Detached,Freehold,True,LUTON,NORTH HERTFORDSHIRE,HERTFORDSHIRE,A,51.89175,-0.399907,East of England,England,Luton
{06C9F487-6827-9388-E063-4804A8C0BD98},389950,2022-04-28,2022,4,2,AL7 1WN,AL7,Semi-Detached,Freehold,True,WELWYN GARDEN CITY,WELWYN HATFIELD,HERTFORDSHIRE,A,51.816013,-0.19038,East of England,England,Welwyn Hatfield
{06C9F487-683B-9388-E063-4804A8C0BD98},522500,2022-06-30,2022,6,2,CM21 0DW,CM21,Semi-Detached,Freehold,True,SAWBRIDGEWORTH,EAST HERTFORDSHIRE,HERTFORDSHIRE,A,51.801453,0.138557,East of England,England,East Hertfordshire
{06C9F487-684B-9388-E063-4804A8C0BD98},385000,2023-04-12,2023,4,2,WD6 4NE,WD6,Flat/Maisonette,Leasehold,False,BOREHAMWOOD,HERTSMERE,HERTFORDSHIRE,A,51.651207,-0.277974,East of England,England,Hertsmere
{06C9F487-6964-9388-E063-4804A8C0BD98},375000,2022-01-14,2022,1,1,HR2 6LE,HR2,Detached,Freehold,False,HEREFORD,HEREFORDSHIRE,HEREFORDSHIRE,A,51.983595,-2.73196,West Midlands,England,"Herefordshire, County of"
{06C9F487-699F-9388-E063-4804A8C0BD98},690000,2023-03-24,2023,3,1,NN11 2QP,NN11,Detached,Freehold,False,DAVENTRY,WEST NORTHAMPTONSHIRE,WEST NORTHAMPTONSHIRE,A,52.276505,-1.152548,East Midlands,England,West Northamptonshire
{06C9F487-69C5-9388-E063-4804A8C0BD98},199500,2023-06-15,2023,6,2,SO15 2LT,SO15,Flat/Maisonette,Leasehold,False,SOUTHAMPTON,SOUTHAMPTON,SOUTHAMPTON,A,50.914835,-1.41449,South East,England,Southampton
{06C9F487-6A4E-9388-E063-4804A8C0BD98},340000,2023-07-25,2023,7,3,PO7 7AD,PO7,Semi-Detached,Freehold,False,WATERLOOVILLE,HAVANT,HAMPSHIRE,A,50.901786,-1.059292,South East,England,Winchester
{06C9F487-6A91-9388-E063-4804A8C0BD98},227500,2023-06-30,2023,6,2,PO6 4ER,PO6,Terraced,Freehold,False,PORTSMOUTH,PORTSMOUTH,PORTSMOUTH,A,50.845876,-1.056881,South East,England,Portsmouth
{06C9F487-6B00-9388-E063-4804A8C0BD98},288000,2023-08-29,2023,8,3,SO40 8SZ,SO40,Terraced,Freehold,False,SOUTHAMPTON,NEW FOREST,HAMPSHIRE,A,50.915681,-1.49976,South East,England,New Forest
{06C9F487-6B01-9388-E063-4804A8C0BD98},290000,2023-08-23,2023,8,3,PO3 5LU,PO3,Semi-Detached,Freehold,False,PORTSMOUTH,PORTSMOUTH,PORTSMOUTH,A,50.800575,-1.06774,South East,England,Portsmouth
{06C9F487-6B82-9388-E063-4804A8C0BD98},243000,2023-08-04,2023,8,3,PO1 5LX,PO1,Terraced,Freehold,False,PORTSMOUTH,PORTSMOUTH,PORTSMOUTH,A,50.804596,-1.070172,South East,England,Portsmouth
{06C9F487-6C59-9388-E063-4804A8C0BD98},528000,2023-08-25,2023,8,3,SO51 0GL,SO51,Detached,Freehold,False,ROMSEY,TEST VALLEY,HAMPSHIRE,A,50.991358,-1.501097,South East,England,Test Valley
{06C9F487-6C74-9388-E063-4804A8C0BD98},290000,2023-09-01,2023,9,3,PO13 9UY,PO13,Terraced,Freehold,False,GOSPORT,GOSPORT,HAMPSHIRE,A,50.80249,-1.195665,South East,England,Gosport
{06C9F487-6CEA-9388-E063-4804A8C0BD98},1250000,2023-08-18,2023,8,3,SO32 2DT,SO32,Detached,Freehold,False,SOUTHAMPTON,WINCHESTER,HAMPSHIRE,A,50.928452,-1.281317,South East,England,Eastleigh
{06C9F487-6D17-9388-E063-4804A8C0BD98},174000,2023-02-24,2023,2,1,SO19 9QS,SO19,Flat/Maisonette,Leasehold,False,SOUTHAMPTON,SOUTHAMPTON,SOUTHAMPTON,A,50.900232,-1.360151,South East,England,Southampton
{06C9F487-6D41-9388-E063-4804A8C0BD98},610000,2023-08-18,2023,8,3,BH25 5LJ,BH25,Detached,Freehold,False,NEW MILTON,NEW FOREST,HAMPSHIRE,A,50.743868,-1.653541,South East,England,New Forest
{06C9F487-6D6F-9388-E063-4804A8C0BD98},279000,2023-09-22,2023,9,3,SO41 9GD,SO41,Flat/Maisonette,Leasehold,False,LYMINGTON,NEW FOREST,HAMPSHIRE,A,50.789604,-1.610529,South East,England,New Forest
{06C9F487-6DDE-9388-E063-4804A8C0BD98},583000,2023-08-23,2023,8,3,PO13 9LW,PO13,Flat/Maisonette,Leasehold,False,LEE-ON-THE-SOLENT,GOSPORT,HAMPSHIRE,A,50.80249,-1.195665,South East,England,Gosport
{06C9F487-6EA8-9388-E063-4804A8C0BD98},275000,2023-08-16,2023,8,3,PO13 8NH,PO13,Terraced,Freehold,False,GOSPORT,GOSPORT,HAMPSHIRE,A,50.80249,-1.195665,South East,England,Gosport
{06C9F487-6EB1-9388-E063-4804A8C0BD98},538000,2023-07-26,2023,7,3,SO31 1ET,SO31,Detached,Freehold,False,SOUTHAMPTON,EASTLEIGH,HAMPSHIRE,A,50.875595,-1.280254,South East,England,Fareham
{06C9F487-6F1A-9388-E063-4804A8C0BD98},450000,2021-09-30,2021,9,3,SO41 6BA,SO41,Semi-Detached,Freehold,False,LYMINGTON,NEW FOREST,HAMPSHIRE,A,50.789604,-1.610529,South East,England,New Forest
{06C9F487-6FC3-9388-E063-4804A8C0BD98},385950,2022-09-02,2022,9,3,SO42 7PG,SO42,Flat/Maisonette,Leasehold,False,BROCKENHURST,NEW FOREST,HAMPSHIRE,A,50.824519,-1.59881,South East,England,New Forest
{06C9F487-70B8-9388-E063-4804A8C0BD98},90000,2023-05-05,2023,5,2,HU9 4NL,HU9,Terraced,Freehold,False,HULL,CITY OF KINGSTON UPON HULL,CITY OF KINGSTON UPON HULL,A,53.751435,-0.271902,Yorkshire and The Humber,England,"Kingston upon Hull, City of"
{06C9F487-70F5-9388-E063-4804A8C0BD98},250000,2023-08-25,2023,8,3,DN17 2BB,DN17,Detached,Freehold,False,SCUNTHORPE,NORTH LINCOLNSHIRE,NORTH LINCOLNSHIRE,A,53.569536,-0.655546,Yorkshire and The Humber,England,North Lincolnshire
{06C9F487-7176-9388-E063-4804A8C0BD98},110000,2023-08-11,2023,8,3,DN18 5LW,DN18,Semi-Detached,Freehold,False,BARTON-UPON-HUMBER,NORTH LINCOLNSHIRE,NORTH LINCOLNSHIRE,A,53.680342,-0.446151,Yorkshire and The Humber,England,North Lincolnshire
{06C9F487-724A-9388-E063-4804A8C0BD98},172500,2022-04-22,2022,4,2,HU7 3NX,HU7,Terraced,Freehold,True,HULL,CITY OF KINGSTON UPON HULL,CITY OF KINGSTON UPON HULL,A,53.779611,-0.322878,Yorkshire and The Humber,England,"Kingston upon Hull, City of"
{06C9F487-7371-9388-E063-4804A8C0BD98},525000,2023-08-14,2023,8,3,WR3 7QA,WR3,Detached,Freehold,False,WORCESTER,WORCESTER,WORCESTERSHIRE,A,52.207146,-2.218418,West Midlands,England,Worcester
{06C9F487-739D-9388-E063-4804A8C0BD98},361000,2023-08-11,2023,8,3,WR4 0NX,WR4,Detached,Freehold,False,WORCESTER,WORCESTER,WORCESTERSHIRE,A,52.201251,-2.190354,West Midlands,England,Worcester
{06C9F487-73CF-9388-E063-4804A8C0BD98},405000,2023-08-11,2023,8,3,WR9 8AD,WR9,Detached,Freehold,False,DROITWICH,WYCHAVON,WORCESTERSHIRE,A,52.271337,-2.142599,West Midlands,England,Wychavon
{06C9F487-7410-9388-E063-4804A8C0BD98},280000,2023-04-24,2023,4,2,WR14 1UE,WR14,Semi-Detached,Freehold,False,MALVERN,MALVERN HILLS,WORCESTERSHIRE,A,52.121948,-2.331225,West Midlands,England,Malvern Hills
{06C9F487-74B1-9388-E063-4804A8C0BD98},280000,2023-04-06,2023,4,2,PO31 7QB,PO31,Terraced,Freehold,False,COWES,ISLE OF WIGHT,ISLE OF WIGHT,A,50.753078,-1.307085,South East,England,Isle of Wight
{06C9F487-74CD-9388-E063-4804A8C0BD98},212500,2023-07-10,2023,7,3,PO39 0AR,PO39,Flat/Maisonette,Leasehold,False,TOTLAND BAY,ISLE OF WIGHT,ISLE OF WIGHT,A,50.682851,-1.539011,South East,England,Isle of Wight
{06C9F487-752F-9388-E063-4804A8C0BD98},458000,2023-08-24,2023,8,3,DA12 4RS,DA12,Semi-Detached,Freehold,False,GRAVESEND,GRAVESHAM,KENT,A,51.432388,0.390251,South East,England,Gravesham
{06C9F487-7536-9388-E063-4804A8C0BD98},730000,2023-08-18,2023,8,3,ME8 0JL,ME8,Detached,Freehold,False,GILLINGHAM,MEDWAY,MEDWAY,A,51.344901,0.597511,South East,England,Medway
{06C9F487-7575-9388-E063-4804A8C0BD98},301000,2023-03-31,2023,3,1,DA11 8AT,DA11,Semi-Detached,Freehold,False,GRAVESEND,GRAVESHAM,KENT,A,51.44292,0.336202,South East,England,Gravesham
{06C9F487-75B2-9388-E063-4804A8C0BD98},360000,2023-09-28,2023,9,3,CT10 2SD,CT10,Detached,Freehold,False,BROADSTAIRS,THANET,KENT,A,51.355077,1.432334,South East,England,Thanet
{06C9F487-77BC-9388-E063-4804A8C0BD98},173000,2023-08-25,2023,8,3,ME8 8NP,ME8,Flat/Maisonette,Leasehold,False,GILLINGHAM,MEDWAY,MEDWAY,A,51.344901,0.597511,South East,England,Medway
{06C9F487-77E3-9388-E063-4804A8C0BD98},315000,2019-12-16,2019,12,4,CT15 4BE,CT15,Detached,Freehold,False,DOVER,DOVER,KENT,A,51.198412,1.314924,South East,England,Dover
{06C9F487-781F-9388-E063-4804A8C0BD98},277000,2023-04-04,2023,4,2,CT20 1EW,CT20,Terraced,Freehold,False,FOLKESTONE,FOLKESTONE AND HYTHE,KENT,A,51.082797,1.160654,South East,England,Folkestone and Hythe
{06C9F487-7867-9388-E063-4804A8C0BD98},208000,2023-08-07,2023,8,3,CT17 0LA,CT17,Terraced,Freehold,False,DOVER,DOVER,KENT,A,51.121276,1.289201,South East,England,Dover
{06C9F487-7905-9388-E063-4804A8C0BD98},240000,2023-07-21,2023,7,3,ME1 1FA,ME1,Flat/Maisonette,Leasehold,False,ROCHESTER,MEDWAY,MEDWAY,A,51.36729,0.507789,South East,England,Medway
{06C9F487-7964-9388-E063-4804A8C0BD98},385000,2023-04-21,2023,4,2,CT18 7QS,CT18,Detached,Freehold,False,FOLKESTONE,FOLKESTONE AND HYTHE,KENT,A,51.111129,1.1614,South East,England,Folkestone and Hythe
{06C9F487-798B-9388-E063-4804A8C0BD98},264000,2023-09-14,2023,9,3,CT1 3FF,CT1,Flat/Maisonette,Leasehold,False,CANTERBURY,CANTERBURY,KENT,A,51.281891,1.080351,South East,England,Canterbury
{06C9F487-799F-9388-E063-4804A8C0BD98},445000,2023-08-15,2023,8,3,BR8 8JJ,BR8,Terraced,Freehold,False,SWANLEY,SEVENOAKS,KENT,A,51.393703,0.185525,South East,England,Sevenoaks
{06C9F487-7A78-9388-E063-4804A8C0BD98},370000,2022-06-15,2022,6,2,M34 3GN,M34,Semi-Detached,Leasehold,False,MANCHESTER,TAMESIDE,GREATER MANCHESTER,A,53.466505,-2.115933,North West,England,Tameside
{06C9F487-7B09-9388-E063-4804A8C0BD98},83000,2023-09-12,2023,9,3,BL1 2NZ,BL1,Terraced,Freehold,False,BOLTON,BOLTON,GREATER MANCHESTER,A,53.610671,-2.425087,North West,England,Bolton
{06C9F487-7B3C-9388-E063-4804A8C0BD98},240000,2023-06-30,2023,6,2,M43 6GA,M43,Semi-Detached,Freehold,False,MANCHESTER,TAMESIDE,GREATER MANCHESTER,A,53.478101,-2.154597,North West,England,Tameside
{06C9F487-7BBF-9388-E063-4804A8C0BD98},64000,2023-08-08,2023,8,3,BB3 3DJ,BB3,Terraced,Freehold,False,DARWEN,BLACKBURN WITH DARWEN,BLACKBURN WITH DARWEN,A,53.723198,-2.462881,North West,England,Blackburn with Darwen
{06C9F487-7C38-9388-E063-4804A8C0BD98},150000,2023-08-14,2023,8,3,OL11 5PN,OL11,Terraced,Freehold,False,ROCHDALE,ROCHDALE,GREATER MANCHESTER,A,53.601374,-2.17587,North West,England,Rochdale
{06C9F487-7D7E-9388-E063-4804A8C0BD98},94000,2023-08-22,2023,8,3,BB5 0SA,BB5,Terraced,Leasehold,False,ACCRINGTON,HYNDBURN,LANCASHIRE,A,53.753894,-2.344699,North West,England,Hyndburn
{06C9F487-7DA2-9388-E063-4804A8C0BD98},670000,2023-07-19,2023,7,3,LA4 5BQ,LA4,Detached,Freehold,False,MORECAMBE,LANCASTER,LANCASHIRE,A,54.069724,-2.83135,North West,England,Lancaster
{06C9F487-7DD1-9388-E063-4804A8C0BD98},275000,2023-08-11,2023,8,3,PR3 5AP,PR3,Detached,Freehold,False,PRESTON,PRESTON,LANCASHIRE,A,53.812829,-2.535357,North West,England,Ribble Valley
{06C9F487-7E58-9388-E063-4804A8C0BD98},90000,2023-07-21,2023,7,3,OL13 8PW,OL13,Terraced,Leasehold,False,BACUP,ROSSENDALE,LANCASHIRE,A,53.727006,-2.195265,North West,England,Rossendale
{06C9F487-7F1F-9388-E063-4804A8C0BD98},68000,2023-08-04,2023,8,3,PR1 7HU,PR1,Terraced,Freehold,False,PRESTON,PRESTON,LANCASHIRE,A,53.73961,-2.72862,North West,England,South Ribble
{06C9F487-7F51-9388-E063-4804A8C0BD98},340000,2023-08-30,2023,8,3,FY6 8FS,FY6,Detached,Freehold,False,POULTON-LE-FYLDE,WYRE,LANCASHIRE,A,53.927594,-2.994213,North West,England,Wyre
{06C9F487-7F80-9388-E063-4804A8C0BD98},114000,2021-12-22,2021,12,4,BB7 9EE,BB7,Terraced,Leasehold,False,CLITHEROE,RIBBLE VALLEY,LANCASHIRE,A,53.812432,-2.405214,North West,England,Hyndburn
{06C9F487-7FED-9388-E063-4804A8C0BD98},163000,2022-03-22,2022,3,1,FY5 2NP,FY5,Semi-Detached,Freehold,False,THORNTON-CLEVELEYS,WYRE,LANCASHIRE,A,53.861768,-3.028081,North West,England,Blackpool
{06C9F487-8018-9388-E063-4804A8C0BD98},256995,2022-03-31,2022,3,1,BB1 8AQ,BB1,Detached,Freehold,True,BLACKBURN,BLACKBURN WITH DARWEN,BLACKBURN WITH DARWEN,A,53.787998,-2.481779,North West,England,Ribble Valley
{06C9F487-8021-9388-E063-4804A8C0BD98},282995,2022-04-01,2022,4,2,PR3 2RG,PR3,Detached,Freehold,True,PRESTON,RIBBLE VALLEY,LANCASHIRE,A,53.812829,-2.535357,North West,England,Ribble Valley
{06C9F487-8075-9388-E063-4804A8C0BD98},92800,2022-08-11,2022,8,3,LA2 0PR,LA2,Flat/Maisonette,Leasehold,True,LANCASTER,LANCASTER,LANCASHIRE,A,54.075406,-2.751959,North West,England,Lancaster
{06C9F487-80B7-9388-E063-4804A8C0BD98},184495,2022-09-30,2022,9,3,BB5 0FS,BB5,Semi-Detached,Freehold,True,ACCRINGTON,HYNDBURN,LANCASHIRE,A,53.753894,-2.344699,North West,England,Hyndburn
{06C9F487-814B-9388-E063-4804A8C0BD98},102000,2023-08-04,2023,8,3,PR1 9SG,PR1,Flat/Maisonette,Leasehold,False,PRESTON,SOUTH RIBBLE,LANCASHIRE,A,53.73961,-2.72862,North West,England,South Ribble
{06C9F487-816E-9388-E063-4804A8C0BD98},410000,2023-08-04,2023,8,3,PR4 1HH,PR4,Detached,Freehold,False,PRESTON,FYLDE,LANCASHIRE,A,53.72003,-2.799674,North West,England,South Ribble
{06C9F487-8176-9388-E063-4804A8C0BD98},285000,2023-07-26,2023,7,3,NG34 9RF,NG34,Detached,Freehold,False,SLEAFORD,NORTH KESTEVEN,LINCOLNSHIRE,A,52.990969,-0.408108,East Midlands,England,North Kesteven
{06C9F487-817D-9388-E063-4804A8C0BD98},344000,2023-08-25,2023,8,3,LN2 4PJ,LN2,Semi-Detached,Freehold,False,LINCOLN,LINCOLN,LINCOLNSHIRE,A,53.243161,-0.51514,East Midlands,England,Lincoln
{06C9F487-81B4-9388-E063-4804A8C0BD98},225000,2023-08-10,2023,8,3,LN9 6RF,LN9,Detached,Freehold,False,HORNCASTLE,EAST LINDSEY,LINCOLNSHIRE,A,53.204385,-0.104645,East Midlands,England,East Lindsey
{06C9F487-81EF-9388-E063-4804A8C0BD98},292500,2023-08-03,2023,8,3,LN8 2EU,LN8,Detached,Freehold,False,MARKET RASEN,WEST LINDSEY,LINCOLNSHIRE,A,53.39444,-0.337965,East Midlands,England,West Lindsey
{06C9F487-820B-9388-E063-4804A8C0BD98},495000,2023-09-14,2023,9,3,LN9 5LP,LN9,Detached,Freehold,False,HORNCASTLE,EAST LINDSEY,LINCOLNSHIRE,A,53.204385,-0.104645,East Midlands,England,East Lindsey
{06C9F487-8279-9388-E063-4804A8C0BD98},239000,2023-09-08,2023,9,3,LN6 0DZ,LN6,Terraced,Freehold,False,LINCOLN,LINCOLN,LINCOLNSHIRE,A,53.226913,-0.614211,East Midlands,England,North Kesteven
{06C9F487-8352-9388-E063-4804A8C0BD98},120000,2023-08-04,2023,8,3,LN11 9EJ,LN11,Flat/Maisonette,Freehold,False,LOUTH,EAST LINDSEY,LINCOLNSHIRE,A,53.370801,-0.002671,East Midlands,England,East Lindsey
{06C9F487-83A2-9388-E063-4804A8C0BD98},147000,2023-09-04,2023,9,3,PE9 2EW,PE9,Flat/Maisonette,Leasehold,False,STAMFORD,SOUTH KESTEVEN,LINCOLNSHIRE,A,52.685547,-0.471044,East Midlands,England,Rutland
{06C9F487-83C4-9388-E063-4804A8C0BD98},189500,2022-01-14,2022,1,1,NG34 6AB,NG34,Semi-Detached,Freehold,True,SLEAFORD,NORTH KESTEVEN,LINCOLNSHIRE,A,52.990969,-0.408108,East Midlands,England,North Kesteven
{06C9F487-8481-9388-E063-4804A8C0BD98},230000,2023-09-22,2023,9,3,LN9 5AW,LN9,Detached,Freehold,False,HORNCASTLE,EAST LINDSEY,LINCOLNSHIRE,A,53.204385,-0.104645,East Midlands,England,East Lindsey
{06C9F487-8499-9388-E063-4804A8C0BD98},75000,2023-03-20,2023,3,1,PE9 1DW,PE9,Flat/Maisonette,Leasehold,False,STAMFORD,SOUTH KESTEVEN,LINCOLNSHIRE,A,52.685547,-0.471044,East Midlands,England,Rutland
{06C9F487-84C4-9388-E063-4804A8C0BD98},225000,2023-08-16,2023,8,3,PE23 5QZ,PE23,Detached,Freehold,False,SPILSBY,EAST LINDSEY,LINCOLNSHIRE,A,53.174557,0.097004,East Midlands,England,East Lindsey
{06C9F487-8525-9388-E063-4804A8C0BD98},1225000,2023-08-18,2023,8,3,SW18 5UD,SW18,Terraced,Freehold,False,LONDON,WANDSWORTH,GREATER LONDON,A,51.442657,-0.191635,London,England,Wandsworth
{06C9F487-8539-9388-E063-4804A8C0BD98},865000,2023-08-14,2023,8,3,SW17 8LW,SW17,Terraced,Freehold,False,LONDON,WANDSWORTH,GREATER LONDON,A,51.438517,-0.162517,London,England,Wandsworth
{06C9F487-8548-9388-E063-4804A8C0BD98},704000,2023-07-24,2023,7,3,SE4 2PX,SE4,Terraced,Freehold,False,LONDON,LEWISHAM,GREATER LONDON,A,51.462456,-0.032854,London,England,Lewisham
{06C9F487-858F-9388-E063-4804A8C0BD98},107500,2023-03-28,2023,3,1,LE2 2BQ,LE2,Flat/Maisonette,Leasehold,False,LEICESTER,LEICESTER,LEICESTER,A,52.63624,-1.115227,East Midlands,England,Leicester
{06C9F487-8619-9388-E063-4804A8C0BD98},120000,2022-11-18,2022,11,4,LE11 4PP,LE11,Semi-Detached,Leasehold,False,LOUGHBOROUGH,CHARNWOOD,LEICESTERSHIRE,A,52.783622,-1.239843,East Midlands,England,Charnwood
{06C9F487-862C-9388-E063-4804A8C0BD98},275000,2023-04-28,2023,4,2,LE18 4WN,LE18,Detached,Freehold,False,WIGSTON,OADBY AND WIGSTON,LEICESTERSHIRE,A,52.596261,-1.117626,East Midlands,England,Oadby and Wigston
{06C9F487-86C1-9388-E063-4804A8C0BD98},365000,2022-06-07,2022,6,2,LE5 1PA,LE5,Semi-Detached,Freehold,False,LEICESTER,LEICESTER,LEICESTER,A,52.618633,-1.099141,East Midlands,England,Leicester
{06C9F487-876D-9388-E063-4804A8C0BD98},132500,2022-11-25,2022,11,4,LE15 6GA,LE15,Flat/Maisonette,Leasehold,False,OAKHAM,RUTLAND,RUTLAND,A,52.663014,-0.740563,East Midlands,England,Rutland
{06C9F487-8789-9388-E063-4804A8C0BD98},357500,2022-08-12,2022,8,3,LE16 9GL,LE16,Semi-Detached,Freehold,False,MARKET HARBOROUGH,HARBOROUGH,LEICESTERSHIRE,A,52.473684,-0.905185,East Midlands,England,Harborough
{06C9F487-87ED-9388-E063-4804A8C0BD98},374995,2021-09-29,2021,9,3,LE15 7WF,LE15,Detached,Freehold,True,OAKHAM,RUTLAND,RUTLAND,A,52.663014,-0.740563,East Midlands,England,Rutland
{06C9F487-87FE-9388-E063-4804A8C0BD98},219950,2022-01-20,2022,1,1,LE9 3BW,LE9,Terraced,Freehold,False,LEICESTER,BLABY,LEICESTERSHIRE,A,52.577143,-1.303046,East Midlands,England,Hinckley and Bosworth
{06C9F487-8805-9388-E063-4804A8C0BD98},197500,2021-11-05,2021,11,4,LE12 7TE,LE12,Semi-Detached,Freehold,False,LOUGHBOROUGH,CHARNWOOD,LEICESTERSHIRE,A,52.752143,-1.141418,East Midlands,England,Charnwood
{06C9F487-8876-9388-E063-4804A8C0BD98},294995,2022-05-26,2022,5,2,LE18 3AN,LE18,Semi-Detached,Freehold,True,WIGSTON,OADBY AND WIGSTON,LEICESTERSHIRE,A,52.596261,-1.117626,East Midlands,England,Oadby and Wigston
{06C9F487-890C-9388-E063-4804A8C0BD98},348000,2023-03-03,2023,3,1,LE67 1AY,LE67,Detached,Freehold,False,COALVILLE,HINCKLEY AND BOSWORTH,LEICESTERSHIRE,A,52.689993,-1.30905,East Midlands,England,Hinckley and Bosworth
{06C9F487-8955-9388-E063-4804A8C0BD98},205000,2023-07-21,2023,7,3,M6 5NB,M6,Terraced,Leasehold,False,SALFORD,SALFORD,GREATER MANCHESTER,A,53.487315,-2.293582,North West,England,Salford
{06C9F487-8974-9388-E063-4804A8C0BD98},115000,2023-08-09,2023,8,3,WN3 4DU,WN3,Flat/Maisonette,Leasehold,False,WIGAN,WIGAN,GREATER MANCHESTER,A,53.527982,-2.666198,North West,England,Wigan
{06C9F487-89C1-9388-E063-4804A8C0BD98},220000,2023-08-23,2023,8,3,M29 7TA,M29,Terraced,Leasehold,False,MANCHESTER,WIGAN,GREATER MANCHESTER,A,53.491844,-2.47748,North West,England,Wigan
{06C9F487-8A0B-9388-E063-4804A8C0BD98},235000,2023-07-31,2023,7,3,M26 4GB,M26,Semi-Detached,Leasehold,False,MANCHESTER,BURY,GREATER MANCHESTER,A,53.562516,-2.322907,North West,England,Bury
{06C9F487-8BB1-9388-E063-4804A8C0BD98},179995,2022-04-22,2022,4,2,M28 1PR,M28,Terraced,Freehold,True,MANCHESTER,WIGAN,GREATER MANCHESTER,A,53.500987,-2.37932,North West,England,Salford
{06C9F487-8BBE-9388-E063-4804A8C0BD98},312000,2022-05-27,2022,5,2,BL8 4PT,BL8,Semi-Detached,Freehold,True,BURY,BURY,GREATER MANCHESTER,A,53.596336,-2.320657,North West,England,Bury
{06C9F487-8BF4-9388-E063-4804A8C0BD98},640000,2022-08-05,2022,8,3,SK7 3LY,SK7,Flat/Maisonette,Leasehold,False,STOCKPORT,STOCKPORT,GREATER MANCHESTER,A,53.351936,-2.156814,North West,England,Stockport
{06C9F487-8D0E-9388-E063-4804A8C0BD98},106000,2022-11-25,2022,11,4,B26 3BF,B26,Flat/Maisonette,Leasehold,False,BIRMINGHAM,BIRMINGHAM,WEST MIDLANDS,A,52.461484,-1.798418,West Midlands,England,Birmingham
{06C9F487-8DB7-9388-E063-4804A8C0BD98},170000,2022-03-03,2022,3,1,B71 2LW,B71,Terraced,Freehold,False,WEST BROMWICH,SANDWELL,WEST MIDLANDS,A,52.545388,-1.998389,West Midlands,England,Sandwell
{06C9F487-8E97-9388-E063-4804A8C0BD98},163000,2021-05-28,2021,5,2,WV12 5NH,WV12,Semi-Detached,Leasehold,False,WILLENHALL,WALSALL,WEST MIDLANDS,A,52.616092,-2.050537,West Midlands,England,Wolverhampton
{06C9F487-8EBD-9388-E063-4804A8C0BD98},147500,2022-12-16,2022,12,4,DY6 7BF,DY6,Flat/Maisonette,Leasehold,False,KINGSWINFORD,DUDLEY,WEST MIDLANDS,A,52.503694,-2.158615,West Midlands,England,Dudley
{06C9F487-8F1E-9388-E063-4804A8C0BD98},180000,2023-08-22,2023,8,3,B90 1BL,B90,Flat/Maisonette,Leasehold,False,SOLIHULL,SOLIHULL,WEST MIDLANDS,A,52.394095,-1.85364,West Midlands,England,Bromsgrove
{06C9F487-8F20-9388-E063-4804A8C0BD98},240000,2023-04-03,2023,4,2,CV3 1QT,CV3,Terraced,Freehold,False,COVENTRY,COVENTRY,WEST MIDLANDS,A,52.388396,-1.513675,West Midlands,England,Coventry
{06C9F487-8F69-9388-E063-4804A8C0BD98},110000,2023-07-19,2023,7,3,L13 5SW,L13,Terraced,Freehold,False,LIVERPOOL,LIVERPOOL,MERSEYSIDE,A,53.414875,-2.91051,North West,England,Liverpool
{06C9F487-8FFB-9388-E063-4804A8C0BD98},100000,2023-08-01,2023,8,3,CH48 4JG,CH48,Flat/Maisonette,Leasehold,False,WIRRAL,WIRRAL,MERSEYSIDE,A,53.365854,-3.157929,North West,England,Wirral
{06C9F487-9027-9388-E063-4804A8C0BD98},351500,2023-08-23,2023,8,3,CH47 9RP,CH47,Semi-Detached,Freehold,False,WIRRAL,WIRRAL,MERSEYSIDE,A,53.394617,-3.177522,North West,England,Wirral
{06C9F487-9041-9388-E063-4804A8C0BD98},150000,2023-09-14,2023,9,3,PR8 5HA,PR8,Semi-Detached,Freehold,False,SOUTHPORT,SEFTON,MERSEYSIDE,A,53.593282,-3.046891,North West,England,Sefton
{06C9F487-916A-9388-E063-4804A8C0BD98},142500,2023-05-02,2023,5,2,CH60 0AR,CH60,Flat/Maisonette,Leasehold,False,WIRRAL,WIRRAL,MERSEYSIDE,A,53.334659,-3.100182,North West,England,Wirral
{06C9F487-91F4-9388-E063-4804A8C0BD98},108000,2023-07-31,2023,7,3,L6 5NG,L6,Semi-Detached,Leasehold,False,LIVERPOOL,LIVERPOOL,MERSEYSIDE,A,53.425714,-2.949975,North West,England,Liverpool
{06C9F487-9292-9388-E063-4804A8C0BD98},347000,2022-05-10,2022,5,2,L23 2UX,L23,Semi-Detached,Freehold,False,LIVERPOOL,SEFTON,MERSEYSIDE,A,53.486602,-3.037691,North West,England,Sefton
{06C9F487-92CD-9388-E063-4804A8C0BD98},254750,2022-08-05,2022,8,3,CH62 7FN,CH62,Detached,Freehold,True,WIRRAL,WIRRAL,MERSEYSIDE,A,53.327324,-2.981781,North West,England,Wirral
{06C9F487-9366-9388-E063-4804A8C0BD98},1365000,2023-08-04,2023,8,3,NW7 3QT,NW7,Detached,Freehold,False,LONDON,BARNET,GREATER LONDON,A,51.606201,-0.23862,London,England,Barnet
{06C9F487-938E-9388-E063-4804A8C0BD98},525000,2023-09-15,2023,9,3,UB6 9LD,UB6,Terraced,Freehold,False,GREENFORD,EALING,GREATER LONDON,A,51.532411,-0.331136,London,England,Ealing
{06C9F487-93DF-9388-E063-4804A8C0BD98},615000,2023-08-25,2023,8,3,EN2 7RA,EN2,Semi-Detached,Freehold,False,ENFIELD,ENFIELD,GREATER LONDON,A,51.65949,-0.093618,London,England,Enfield
{06C9F487-93E0-9388-E063-4804A8C0BD98},734500,2023-08-18,2023,8,3,HA4 8BL,HA4,Semi-Detached,Freehold,False,RUISLIP,HILLINGDON,GREATER LONDON,A,51.588748,-0.434223,London,England,Hillingdon
{06C9F487-940C-9388-E063-4804A8C0BD98},820000,2023-04-14,2023,4,2,TW11 8DN,TW11,Terraced,Freehold,False,TEDDINGTON,RICHMOND UPON THAMES,GREATER LONDON,A,51.427439,-0.343552,London,England,Richmond upon Thames
{06C9F487-9412-9388-E063-4804A8C0BD98},580000,2023-04-13,2023,4,2,HA0 4SU,HA0,Semi-Detached,Freehold,False,WEMBLEY,BRENT,GREATER LONDON,A,51.555433,-0.303001,London,England,Brent
{06C9F487-9469-9388-E063-4804A8C0BD98},600000,2023-09-04,2023,9,3,N13 5SJ,N13,Terraced,Freehold,False,LONDON,ENFIELD,GREATER LONDON,A,51.615819,-0.122432,London,England,Enfield
{06C9F487-962A-9388-E063-4804A8C0BD98},125000,2023-07-07,2023,7,3,NE65 0LW,NE65,Terraced,Freehold,False,MORPETH,NORTHUMBERLAND,NORTHUMBERLAND,A,55.305396,-1.796672,North East,England,Northumberland
{06C9F487-9650-9388-E063-4804A8C0BD98},225000,2023-08-18,2023,8,3,NE24 5BB,NE24,Detached,Freehold,False,BLYTH,NORTHUMBERLAND,NORTHUMBERLAND,A,55.112727,-1.526013,North East,England,Northumberland
{06C9F487-968E-9388-E063-4804A8C0BD98},467500,2023-03-31,2023,3,1,HA2 9HD,HA2,Terraced,Freehold,False,HARROW,HARROW,GREATER LONDON,A,51.567604,-0.376455,London,England,Harrow
{06C9F487-9695-9388-E063-4804A8C0BD98},665000,2023-08-11,2023,8,3,E4 6RG,E4,Terraced,Freehold,False,LONDON,WALTHAM FOREST,GREATER LONDON,A,51.625494,-0.019582,London,England,Waltham Forest
{06C9F487-96CA-9388-E063-4804A8C0BD98},267000,2023-08-29,2023,8,3,W2 4RB,W2,Flat/Maisonette,Leasehold,False,LONDON,CITY OF WESTMINSTER,GREATER LONDON,A,51.515592,-0.181426,London,England,Westminster
{06C9F487-9728-9388-E063-4804A8C0BD98},380000,2023-04-20,2023,4,2,HA3 6AU,HA3,Terraced,Freehold,False,HARROW,HARROW,GREATER LONDON,A,51.588931,-0.314948,London,England,Harrow
{06C9F487-979D-9388-E063-4804A8C0BD98},495000,2023-09-01,2023,9,3,W14 9NA,W14,Flat/Maisonette,Leasehold,False,LONDON,HAMMERSMITH AND FULHAM,GREATER LONDON,A,51.486582,-0.206607,London,England,Hammersmith and Fulham
{06C9F487-9822-9388-E063-4804A8C0BD98},920000,2023-09-07,2023,9,3,SW6 6SA,SW6,Flat/Maisonette,Leasehold,False,LONDON,HAMMERSMITH AND FULHAM,GREATER LONDON,A,51.486399,-0.199326,London,England,Hammersmith and Fulham
{06C9F487-98CF-9388-E063-4804A8C0BD98},492000,2023-08-10,2023,8,3,WC1X 0HZ,WC1X,Flat/Maisonette,Leasehold,False,LONDON,ISLINGTON,GREATER LONDON,A,51.524144,-0.115926,London,England,Camden
{06C9F487-98E5-9388-E063-4804A8C0BD98},1088000,2023-08-17,2023,8,3,EC4V 3EJ,EC4V,Flat/Maisonette,Leasehold,False,LONDON,CITY OF LONDON,GREATER LONDON,A,51.513198,-0.10188,London,England,City of London
{06C9F487-991B-9388-E063-4804A8C0BD98},530000,2023-07-21,2023,7,3,W9 3EL,W9,Terraced,Leasehold,False,LONDON,CITY OF WESTMINSTER,GREATER LONDON,A,51.528018,-0.204704,London,England,Westminster
{06C9F487-999A-9388-E063-4804A8C0BD98},160000,2023-08-11,2023,8,3,PE37 7AX,PE37,Terraced,Freehold,False,SWAFFHAM,BRECKLAND,NORFOLK,A,52.637465,0.69785,East of England,England,Breckland
{06C9F487-99F0-9388-E063-4804A8C0BD98},320000,2023-08-22,2023,8,3,NR19 1XP,NR19,Detached,Freehold,False,DEREHAM,BRECKLAND,NORFOLK,A,52.676985,0.928544,East of England,England,Breckland
{06C9F487-9A67-9388-E063-4804A8C0BD98},255000,2023-09-15,2023,9,3,NR31 8HS,NR31,Detached,Freehold,False,GREAT YARMOUTH,GREAT YARMOUTH,NORFOLK,A,52.561502,1.727079,East of England,England,Great Yarmouth
{06C9F487-9AD4-9388-E063-4804A8C0BD98},266000,2023-08-29,2023,8,3,NR2 3RR,NR2,Terraced,Freehold,False,NORWICH,NORWICH,NORFOLK,A,52.628526,1.269934,East of England,England,Norwich
{06C9F487-9B1C-9388-E063-4804A8C0BD98},265000,2023-08-24,2023,8,3,NR6 5RA,NR6,Semi-Detached,Freehold,False,NORWICH,BROADLAND,NORFOLK,A,52.655991,1.275831,East of England,England,Norwich
{06C9F487-9B65-9388-E063-4804A8C0BD98},205000,2023-04-06,2023,4,2,IP22 4QS,IP22,Terraced,Freehold,False,DISS,SOUTH NORFOLK,NORFOLK,A,52.345377,1.005046,East of England,England,Mid Suffolk
{06C9F487-9B92-9388-E063-4804A8C0BD98},260000,2023-08-23,2023,8,3,PE37 8JE,PE37,Terraced,Freehold,False,SWAFFHAM,BRECKLAND,NORFOLK,A,52.637465,0.69785,East of England,England,Breckland
{06C9F487-9BA4-9388-E063-4804A8C0BD98},128000,2023-08-04,2023,8,3,NR14 7GS,NR14,Flat/Maisonette,Leasehold,False,NORWICH,SOUTH NORFOLK,NORFOLK,A,52.569066,1.293346,East of England,England,South Norfolk
{06C9F487-9BE2-9388-E063-4804A8C0BD98},185000,2021-12-22,2021,12,4,NR4 6NZ,NR4,Flat/Maisonette,Leasehold,False,NORWICH,NORWICH,NORFOLK,A,52.590637,1.257807,East of England,England,South Norfolk
{06C9F487-9BF3-9388-E063-4804A8C0BD98},150000,2021-12-15,2021,12,4,NR12 0EW,NR12,Flat/Maisonette,Leasehold,False,NORWICH,NORTH NORFOLK,NORFOLK,A,52.772666,1.51264,East of England,England,North Norfolk
{06C9F487-9CD4-9388-E063-4804A8C0BD98},385000,2022-10-07,2022,10,4,IP24 2FS,IP24,Detached,Freehold,True,THETFORD,BRECKLAND,NORFOLK,A,52.417837,0.747503,East of England,England,Breckland
{06C9F487-9D6D-9388-E063-4804A8C0BD98},160000,2023-06-30,2023,6,2,NR17 2RD,NR17,Flat/Maisonette,Leasehold,False,ATTLEBOROUGH,BRECKLAND,NORFOLK,A,52.534122,0.976537,East of England,England,Breckland
{06C9F487-9DBB-9388-E063-4804A8C0BD98},750000,2023-09-13,2023,9,3,NN12 7RP,NN12,Semi-Detached,Freehold,False,TOWCESTER,WEST NORTHAMPTONSHIRE,WEST NORTHAMPTONSHIRE,A,52.102167,-0.951616,East Midlands,England,West Northamptonshire
{06C9F487-9E28-9388-E063-4804A8C0BD98},800000,2023-08-08,2023,8,3,NN6 0NW,NN6,Detached,Freehold,False,NORTHAMPTON,NORTH NORTHAMPTONSHIRE,NORTH NORTHAMPTONSHIRE,A,52.263454,-0.746808,East Midlands,England,North Northamptonshire
{06C9F487-9E83-9388-E063-4804A8C0BD98},270000,2023-04-14,2023,4,2,NN14 2NN,NN14,Semi-Detached,Freehold,False,KETTERING,NORTH NORTHAMPTONSHIRE,NORTH NORTHAMPTONSHIRE,A,52.44465,-0.827027,East Midlands,England,North Northamptonshire
{06C9F487-9EBB-9388-E063-4804A8C0BD98},90000,2022-11-29,2022,11,4,NN5 7AF,NN5,Flat/Maisonette,Leasehold,False,NORTHAMPTON,WEST NORTHAMPTONSHIRE,WEST NORTHAMPTONSHIRE,A,52.251426,-0.959721,East Midlands,England,West Northamptonshire
{06C9F487-9F4A-9388-E063-4804A8C0BD98},305000,2023-08-18,2023,8,3,NN12 6JS,NN12,Semi-Detached,Freehold,False,TOWCESTER,WEST NORTHAMPTONSHIRE,WEST NORTHAMPTONSHIRE,A,52.102167,-0.951616,East Midlands,England,West Northamptonshire
{06C9F487-9FB7-9388-E063-4804A8C0BD98},264995,2021-12-06,2021,12,4,NN3 2LJ,NN3,Terraced,Freehold,True,NORTHAMPTON,WEST NORTHAMPTONSHIRE,WEST NORTHAMPTONSHIRE,B,52.268232,-0.817676,East Midlands,England,West Northamptonshire
{06C9F487-A080-9388-E063-4804A8C0BD98},350995,2022-12-16,2022,12,4,NN8 3AY,NN8,Detached,Freehold,True,WELLINGBOROUGH,NORTH NORTHAMPTONSHIRE,NORTH NORTHAMPTONSHIRE,A,52.302877,-0.685432,East Midlands,England,North Northamptonshire
{06C9F487-A249-9388-E063-4804A8C0BD98},188000,2023-04-17,2023,4,2,NG9 2WF,NG9,Terraced,Leasehold,False,NOTTINGHAM,BROXTOWE,NOTTINGHAMSHIRE,A,52.921358,-1.205159,East Midlands,England,Broxtowe
{06C9F487-A2B2-9388-E063-4804A8C0BD98},390000,2023-08-11,2023,8,3,NG13 8SU,NG13,Detached,Freehold,False,NOTTINGHAM,RUSHCLIFFE,NOTTINGHAMSHIRE,A,52.949575,-0.962279,East Midlands,England,Rushcliffe
{06C9F487-A2E4-9388-E063-4804A8C0BD98},358000,2022-05-09,2022,5,2,NG19 9AN,NG19,Detached,Freehold,False,MANSFIELD,MANSFIELD,NOTTINGHAMSHIRE,A,53.151788,-1.159029,East Midlands,England,Mansfield
{06C9F487-A353-9388-E063-4804A8C0BD98},320000,2023-09-19,2023,9,3,DN22 6SQ,DN22,Detached,Freehold,False,RETFORD,BASSETLAW,NOTTINGHAMSHIRE,A,53.33053,-0.823128,East Midlands,England,Bassetlaw
{06C9F487-A357-9388-E063-4804A8C0BD98},133000,2021-05-14,2021,5,2,NG8 5BZ,NG8,Semi-Detached,Freehold,False,NOTTINGHAM,CITY OF NOTTINGHAM,CITY OF NOTTINGHAM,A,52.981993,-1.205315,East Midlands,England,Nottingham
{06C9F487-A501-9388-E063-4804A8C0BD98},300000,2023-08-11,2023,8,3,NG9 2QR,NG9,Semi-Detached,Freehold,False,NOTTINGHAM,BROXTOWE,NOTTINGHAMSHIRE,A,52.921358,-1.205159,East Midlands,England,Broxtowe
{06C9F487-A51B-9388-E063-4804A8C0BD98},285000,2023-08-21,2023,8,3,NG3 6HZ,NG3,Detached,Freehold,False,NOTTINGHAM,GEDLING,NOTTINGHAMSHIRE,A,52.96734,-1.118449,East Midlands,England,Gedling
{06C9F487-A537-9388-E063-4804A8C0BD98},92000,2023-04-25,2023,4,2,NG17 4FL,NG17,Terraced,Freehold,False,SUTTON-IN-ASHFIELD,ASHFIELD,NOTTINGHAMSHIRE,A,53.116026,-1.263148,East Midlands,England,Ashfield
{06C9F487-A882-9388-E063-4804A8C0BD98},215000,2022-07-25,2022,7,3,YO12 5SD,YO12,Flat/Maisonette,Leasehold,False,SCARBOROUGH,NORTH YORKSHIRE,NORTH YORKSHIRE,A,54.282606,-0.412063,Yorkshire and The Humber,England,North Yorkshire
{06C9F487-A886-9388-E063-4804A8C0BD98},275995,2022-07-22,2022,7,3,LS24 9GA,LS24,Detached,Freehold,True,TADCASTER,NORTH YORKSHIRE,NORTH YORKSHIRE,A,53.879962,-1.270786,Yorkshire and The Humber,England,North Yorkshire
{06C9F487-A964-9388-E063-4804A8C0BD98},210000,2023-08-29,2023,8,3,YO22 4LJ,YO22,Terraced,Freehold,False,WHITBY,NORTH YORKSHIRE,NORTH YORKSHIRE,A,54.488591,-0.611905,Yorkshire and The Humber,England,North Yorkshire
{06C9F487-A99A-9388-E063-4804A8C0BD98},335000,2023-08-11,2023,8,3,OX13 6JX,OX13,Semi-Detached,Freehold,False,ABINGDON,VALE OF WHITE HORSE,OXFORDSHIRE,A,51.678659,-1.42485,South East,England,Vale of White Horse
{06C9F487-AA42-9388-E063-4804A8C0BD98},737500,2023-07-25,2023,7,3,OX1 4LY,OX1,Terraced,Freehold,False,OXFORD,OXFORD,OXFORDSHIRE,A,51.738234,-1.254639,South East,England,Oxford
{06C9F487-AA72-9388-E063-4804A8C0BD98},400000,2023-09-22,2023,9,3,OX9 3JQ,OX9,Semi-Detached,Freehold,False,THAME,SOUTH OXFORDSHIRE,OXFORDSHIRE,A,51.743078,-0.975918,South East,England,South Oxfordshire
{06C9F487-ABB4-9388-E063-4804A8C0BD98},1600000,2022-06-23,2022,6,2,RG9 1QS,RG9,Detached,Freehold,False,HENLEY-ON-THAMES,SOUTH OXFORDSHIRE,OXFORDSHIRE,A,51.53062,-0.917549,South East,England,South Oxfordshire
{06C9F487-AC91-9388-E063-4804A8C0BD98},340000,2023-08-18,2023,8,3,OX27 7QA,OX27,Detached,Freehold,False,BICESTER,CHERWELL,OXFORDSHIRE,A,51.959695,-1.233102,South East,England,Cherwell
{06C9F487-ACBC-9388-E063-4804A8C0BD98},250000,2023-07-24,2023,7,3,OX9 7BH,OX9,Semi-Detached,Freehold,False,THAME,SOUTH OXFORDSHIRE,OXFORDSHIRE,A,51.743078,-0.975918,South East,England,South Oxfordshire
{06C9F487-AD4B-9388-E063-4804A8C0BD98},230000,2023-07-04,2023,7,3,PO4 8JP,PO4,Terraced,Freehold,False,SOUTHSEA,PORTSMOUTH,PORTSMOUTH,A,50.796785,-1.059415,South East,England,Portsmouth
{06C9F487-ADBD-9388-E063-4804A8C0BD98},470000,2023-08-08,2023,8,3,WS13 7EQ,WS13,Terraced,Freehold,False,LICHFIELD,LICHFIELD,STAFFORDSHIRE,A,52.674099,-1.835627,West Midlands,England,Lichfield
{06C9F487-ADC1-9388-E063-4804A8C0BD98},140000,2023-09-01,2023,9,3,WS12 1UQ,WS12,Semi-Detached,Freehold,False,CANNOCK,CANNOCK CHASE,STAFFORDSHIRE,A,52.718288,-2.01689,West Midlands,England,Cannock Chase
{06C9F487-AE29-9388-E063-4804A8C0BD98},285000,2023-08-11,2023,8,3,WS7 4SP,WS7,Semi-Detached,Freehold,False,BURNTWOOD,LICHFIELD,STAFFORDSHIRE,A,52.669638,-1.936482,West Midlands,England,Lichfield
{06C9F487-AEFD-9388-E063-4804A8C0BD98},592500,2023-08-18,2023,8,3,DY7 6BN,DY7,Detached,Freehold,False,STOURBRIDGE,SOUTH STAFFORDSHIRE,STAFFORDSHIRE,A,52.457383,-2.240229,West Midlands,England,South Staffordshire
{06C9F487-AFD7-9388-E063-4804A8C0BD98},145000,2023-08-08,2023,8,3,WV5 0NE,WV5,Flat/Maisonette,Leasehold,False,WOLVERHAMPTON,SOUTH STAFFORDSHIRE,STAFFORDSHIRE,A,52.533166,-2.181424,West Midlands,England,South Staffordshire
{06C9F487-AFDD-9388-E063-4804A8C0BD98},517500,2023-08-30,2023,8,3,DY7 6BJ,DY7,Detached,Freehold,False,STOURBRIDGE,SOUTH STAFFORDSHIRE,STAFFORDSHIRE,A,52.457383,-2.240229,West Midlands,England,South Staffordshire
{06C9F487-B06A-9388-E063-4804A8C0BD98},183000,2023-08-18,2023,8,3,DE14 2FQ,DE14,Semi-Detached,Freehold,False,BURTON-ON-TRENT,EAST STAFFORDSHIRE,STAFFORDSHIRE,A,52.807367,-1.647901,West Midlands,England,East Staffordshire
{06C9F487-B1F8-9388-E063-4804A8C0BD98},335000,2023-08-17,2023,8,3,B79 8TW,B79,Semi-Detached,Freehold,False,TAMWORTH,TAMWORTH,STAFFORDSHIRE,A,52.663669,-1.589719,West Midlands,England,North Warwickshire
{06C9F487-B269-9388-E063-4804A8C0BD98},975000,2023-07-28,2023,7,3,BR7 5LT,BR7,Detached,Freehold,False,CHISLEHURST,BROMLEY,GREATER LONDON,A,51.411657,0.053029,London,England,Bromley
{06C9F487-B285-9388-E063-4804A8C0BD98},745000,2023-05-19,2023,5,2,SE15 2TF,SE15,Terraced,Freehold,False,LONDON,SOUTHWARK,GREATER LONDON,A,51.466812,-0.073138,London,England,Southwark
{06C9F487-B2B9-9388-E063-4804A8C0BD98},560000,2023-08-04,2023,8,3,SE12 0LB,SE12,Semi-Detached,Freehold,False,LONDON,LEWISHAM,GREATER LONDON,A,51.444797,0.012552,London,England,Lewisham
{06C9F487-B2DD-9388-E063-4804A8C0BD98},1825000,2022-01-07,2022,1,1,SW13 0EX,SW13,Semi-Detached,Freehold,False,LONDON,RICHMOND UPON THAMES,GREATER LONDON,A,51.472947,-0.248684,London,England,Richmond upon Thames
{06C9F487-B426-9388-E063-4804A8C0BD98},650000,2023-08-15,2023,8,3,SE20 7RR,SE20,Terraced,Freehold,False,LONDON,BROMLEY,GREATER LONDON,A,51.417881,-0.058916,London,England,Bromley
{06C9F487-B457-9388-E063-4804A8C0BD98},710000,2023-09-15,2023,9,3,CR5 2AY,CR5,Detached,Freehold,False,COULSDON,CROYDON,GREATER LONDON,A,51.301944,-0.117234,London,England,Croydon
{06C9F487-B50F-9388-E063-4804A8C0BD98},625000,2023-08-31,2023,8,3,BR2 9TW,BR2,Terraced,Freehold,False,BROMLEY,BROMLEY,GREATER LONDON,A,51.391531,0.009999,London,England,Bromley
{06C9F487-B512-9388-E063-4804A8C0BD98},210000,2023-08-23,2023,8,3,SM6 0TQ,SM6,Flat/Maisonette,Leasehold,False,WALLINGTON,SUTTON,GREATER LONDON,A,51.359495,-0.151461,London,England,Sutton
{06C9F487-B61D-9388-E063-4804A8C0BD98},378000,2022-05-13,2022,5,2,KT3 3FN,KT3,Flat/Maisonette,Leasehold,True,NEW MALDEN,KINGSTON UPON THAMES,GREATER LONDON,A,51.40737,-0.261198,London,England,Kingston upon Thames
{06C9F487-B662-9388-E063-4804A8C0BD98},397000,2022-08-31,2022,8,3,KT3 3FR,KT3,Flat/Maisonette,Leasehold,True,NEW MALDEN,KINGSTON UPON THAMES,GREATER LONDON,A,51.40737,-0.261198,London,England,Kingston upon Thames
{06C9F487-B69A-9388-E063-4804A8C0BD98},557500,2022-12-20,2022,12,4,SE2 9FF,SE2,Flat/Maisonette,Leasehold,True,LONDON,BEXLEY,GREATER LONDON,A,51.480213,0.128998,London,England,Bexley
{06C9F487-B69D-9388-E063-4804A8C0BD98},738500,2023-04-20,2023,4,2,TW11 8NL,TW11,Terraced,Freehold,False,TEDDINGTON,RICHMOND UPON THAMES,GREATER LONDON,A,51.427439,-0.343552,London,England,Richmond upon Thames
{06C9F487-B6D9-9388-E063-4804A8C0BD98},747500,2023-08-01,2023,8,3,PO8 0ET,PO8,Detached,Freehold,False,WATERLOOVILLE,EAST HAMPSHIRE,HAMPSHIRE,A,50.902483,-1.023724,South East,England,Havant
{06C9F487-B800-9388-E063-4804A8C0BD98},225000,2023-08-25,2023,8,3,IP3 8EZ,IP3,Terraced,Freehold,False,IPSWICH,IPSWICH,SUFFOLK,A,52.049897,1.175872,East of England,England,Ipswich
{06C9F487-B8DB-9388-E063-4804A8C0BD98},230000,2023-08-08,2023,8,3,IP2 0NB,IP2,Semi-Detached,Freehold,False,IPSWICH,IPSWICH,SUFFOLK,A,52.04716,1.131305,East of England,England,Ipswich
{06C9F487-BB3D-9388-E063-4804A8C0BD98},290000,2023-09-07,2023,9,3,TF1 6ZS,TF1,Detached,Freehold,False,TELFORD,WREKIN,WREKIN,A,52.707115,-2.483649,West Midlands,England,Telford and Wrekin
{06C9F487-BB4D-9388-E063-4804A8C0BD98},175000,2023-09-01,2023,9,3,TF8 7QG,TF8,Terraced,Freehold,False,TELFORD,WREKIN,WREKIN,A,52.636978,-2.489835,West Midlands,England,Telford and Wrekin
{06C9F487-BB60-9388-E063-4804A8C0BD98},175000,2022-05-30,2022,5,2,TF9 2HA,TF9,Semi-Detached,Freehold,False,MARKET DRAYTON,SHROPSHIRE,SHROPSHIRE,A,52.89943,-2.500493,West Midlands,England,Shropshire
{06C9F487-BBF6-9388-E063-4804A8C0BD98},185000,2022-08-04,2022,8,3,TF9 2UF,TF9,Semi-Detached,Freehold,False,MARKET DRAYTON,SHROPSHIRE,SHROPSHIRE,A,52.89943,-2.500493,West Midlands,England,Shropshire
{06C9F487-BD52-9388-E063-4804A8C0BD98},165000,2023-07-07,2023,7,3,BA11 1RR,BA11,Flat/Maisonette,Leasehold,False,FROME,SOMERSET,SOMERSET,A,51.230066,-2.324377,South West,England,Somerset
{06C9F487-BDB8-9388-E063-4804A8C0BD98},590000,2023-04-27,2023,4,2,BS20 8NX,BS20,Terraced,Freehold,False,BRISTOL,NORTH SOMERSET,NORTH SOMERSET,A,51.478646,-2.691649,South West,England,North Somerset
{06C9F487-BDF2-9388-E063-4804A8C0BD98},205000,2023-07-21,2023,7,3,TA1 3EY,TA1,Terraced,Freehold,False,TAUNTON,SOMERSET,SOMERSET,A,51.01506,-3.117738,South West,England,Somerset
{06C9F487-BEC3-9388-E063-4804A8C0BD98},310000,2023-07-21,2023,7,3,TA6 4SN,TA6,Semi-Detached,Freehold,False,BRIDGWATER,SOMERSET,SOMERSET,A,51.128205,-2.994122,South West,England,Somerset
{06C9F487-BEE7-9388-E063-4804A8C0BD98},317000,2023-08-18,2023,8,3,BS21 7RU,BS21,Flat/Maisonette,Leasehold,False,CLEVEDON,NORTH SOMERSET,NORTH SOMERSET,A,51.428713,-2.857751,South West,England,North Somerset
{06C9F487-BF13-9388-E063-4804A8C0BD98},247995,2021-08-26,2021,8,3,BS24 8FW,BS24,Terraced,Freehold,True,WESTON-SUPER-MARE,NORTH SOMERSET,NORTH SOMERSET,A,51.349384,-2.925395,South West,England,North Somerset
{06C9F487-BF23-9388-E063-4804A8C0BD98},599000,2021-12-09,2021,12,4,TA8 2FJ,TA8,Detached,Freehold,True,BURNHAM-ON-SEA,SOMERSET,SOMERSET,A,51.229055,-2.978938,South West,England,Somerset
{06C9F487-BFCD-9388-E063-4804A8C0BD98},270000,2023-08-18,2023,8,3,TA20 1BY,TA20,Detached,Freehold,False,CHARD,SOMERSET,SOMERSET,A,50.871814,-2.972893,South West,England,Somerset
{06C9F487-C03B-9388-E063-4804A8C0BD98},300000,2023-08-03,2023,8,3,TA10 0NS,TA10,Detached,Freehold,False,LANGPORT,SOMERSET,SOMERSET,A,51.045339,-2.824116,South West,England,Somerset
{06C9F487-C1C0-9388-E063-4804A8C0BD98},1063000,2023-07-13,2023,7,3,KT10 0AL,KT10,Detached,Freehold,False,ESHER,ELMBRIDGE,SURREY,A,51.385521,-0.348443,South East,England,Elmbridge
{06C9F487-C238-9388-E063-4804A8C0BD98},470000,2023-07-28,2023,7,3,RH4 1HZ,RH4,Terraced,Leasehold,False,DORKING,MOLE VALLEY,SURREY,A,51.224898,-0.330954,South East,England,Mole Valley
{06C9F487-C2E3-9388-E063-4804A8C0BD98},472500,2023-08-04,2023,8,3,TW18 1EL,TW18,Terraced,Freehold,False,STAINES-UPON-THAMES,SPELTHORNE,SURREY,A,51.431523,-0.519834,South East,England,Runnymede
{06C9F487-C310-9388-E063-4804A8C0BD98},460000,2021-08-19,2021,8,3,TW18 2RR,TW18,Semi-Detached,Freehold,False,STAINES-UPON-THAMES,SPELTHORNE,SURREY,A,51.431523,-0.519834,South East,England,Runnymede
{06C9F487-C332-9388-E063-4804A8C0BD98},493000,2023-08-11,2023,8,3,TW15 1LU,TW15,Terraced,Freehold,False,ASHFORD,SPELTHORNE,SURREY,A,51.427565,-0.47898,South East,England,Spelthorne
{06C9F487-C43F-9388-E063-4804A8C0BD98},333500,2023-09-15,2023,9,3,RH1 6DX,RH1,Terraced,Freehold,False,REDHILL,REIGATE AND BANSTEAD,SURREY,A,51.233341,-0.167909,South East,England,Reigate and Banstead
{06C9F487-C4FA-9388-E063-4804A8C0BD98},350000,2023-08-02,2023,8,3,GU1 4RW,GU1,Flat/Maisonette,Leasehold,False,GUILDFORD,GUILDFORD,SURREY,A,51.236855,-0.558175,South East,England,Guildford
{06C9F487-C590-9388-E063-4804A8C0BD98},369500,2023-08-23,2023,8,3,KT13 9YP,KT13,Flat/Maisonette,Leasehold,False,WEYBRIDGE,ELMBRIDGE,SURREY,A,51.371439,-0.4635,South East,England,Elmbridge
{06C9F487-C5B9-9388-E063-4804A8C0BD98},1200000,2023-08-01,2023,8,3,RH12 3AT,RH12,Detached,Freehold,False,HORSHAM,WAVERLEY,SURREY,A,51.081301,-0.291849,South East,England,Horsham
{06C9F487-C5BB-9388-E063-4804A8C0BD98},1047000,2023-08-30,2023,8,3,GU6 8GF,GU6,Detached,Freehold,False,CRANLEIGH,WAVERLEY,SURREY,A,51.137632,-0.474586,South East,England,Waverley
{06C9F487-C608-9388-E063-4804A8C0BD98},435000,2022-02-22,2022,2,1,GU16 6TD,GU16,Semi-Detached,Freehold,True,CAMBERLEY,SURREY HEATH,SURREY,A,51.302436,-0.730318,South East,England,Surrey Heath
{06C9F487-C667-9388-E063-4804A8C0BD98},397500,2022-05-20,2022,5,2,RH6 8TQ,RH6,Terraced,Freehold,True,HORLEY,REIGATE AND BANSTEAD,SURREY,A,51.177052,-0.166134,South East,England,Reigate and Banstead
{06C9F487-C6E5-9388-E063-4804A8C0BD98},450000,2022-11-18,2022,11,4,TW15 1TW,TW15,Semi-Detached,Freehold,False,ASHFORD,SPELTHORNE,SURREY,B,51.427565,-0.47898,South East,England,Spelthorne
{06C9F487-C719-9388-E063-4804A8C0BD98},215000,2023-08-18,2023,8,3,S62 7LJ,S62,Detached,Freehold,False,ROTHERHAM,ROTHERHAM,SOUTH YORKSHIRE,A,53.462791,-1.339765,Yorkshire and The Humber,England,Rotherham
{06C9F487-C774-9388-E063-4804A8C0BD98},195000,2023-08-21,2023,8,3,S65 3EA,S65,Semi-Detached,Freehold,False,ROTHERHAM,ROTHERHAM,SOUTH YORKSHIRE,A,53.432808,-1.319457,Yorkshire and The Humber,England,Rotherham
{06C9F487-C804-9388-E063-4804A8C0BD98},160000,2023-07-31,2023,7,3,S60 5QQ,S60,Semi-Detached,Leasehold,False,ROTHERHAM,ROTHERHAM,SOUTH YORKSHIRE,A,53.41378,-1.335558,Yorkshire and The Humber,England,Rotherham
{06C9F487-C809-9388-E063-4804A8C0BD98},175000,2022-12-02,2022,12,4,S35 1AN,S35,Semi-Detached,Leasehold,False,SHEFFIELD,SHEFFIELD,SOUTH YORKSHIRE,A,53.466653,-1.485592,Yorkshire and The Humber,England,Sheffield
{06C9F487-C813-9388-E063-4804A8C0BD98},190000,2023-08-04,2023,8,3,S36 1BH,S36,Semi-Detached,Freehold,False,SHEFFIELD,SHEFFIELD,SOUTH YORKSHIRE,A,53.526286,-1.667048,Yorkshire and The Humber,England,Barnsley
{06C9F487-C850-9388-E063-4804A8C0BD98},136000,2023-07-07,2023,7,3,S65 2RR,S65,Terraced,Freehold,False,ROTHERHAM,ROTHERHAM,SOUTH YORKSHIRE,A,53.432808,-1.319457,Yorkshire and The Humber,England,Rotherham
{06C9F487-C886-9388-E063-4804A8C0BD98},560000,2023-07-14,2023,7,3,S10 3RX,S10,Semi-Detached,Freehold,False,SHEFFIELD,SHEFFIELD,SOUTH YORKSHIRE,A,53.386063,-1.509673,Yorkshire and The Humber,England,Sheffield
{06C9F487-C88C-9388-E063-4804A8C0BD98},155000,2023-06-30,2023,6,2,S9 1PJ,S9,Semi-Detached,Leasehold,False,SHEFFIELD,SHEFFIELD,SOUTH YORKSHIRE,A,53.381471,-1.403229,Yorkshire and The Humber,England,Sheffield
{06C9F487-C8C0-9388-E063-4804A8C0BD98},160000,2023-08-31,2023,8,3,S2 1DG,S2,Semi-Detached,Freehold,False,SHEFFIELD,SHEFFIELD,SOUTH YORKSHIRE,A,53.36847,-1.47125,Yorkshire and The Humber,England,Sheffield
{06C9F487-CA38-9388-E063-4804A8C0BD98},240000,2022-09-23,2022,9,3,S66 9FF,S66,Detached,Freehold,False,ROTHERHAM,ROTHERHAM,SOUTH YORKSHIRE,A,53.423025,-1.262715,Yorkshire and The Humber,England,Rotherham
{06C9F487-CA57-9388-E063-4804A8C0BD98},160000,2023-08-17,2023,8,3,S13 8JE,S13,Semi-Detached,Leasehold,False,SHEFFIELD,SHEFFIELD,SOUTH YORKSHIRE,A,53.362868,-1.414774,Yorkshire and The Humber,England,Sheffield
{06C9F487-CB27-9388-E063-4804A8C0BD98},344999,2022-07-15,2022,7,3,S70 4FG,S70,Detached,Freehold,True,BARNSLEY,BARNSLEY,SOUTH YORKSHIRE,A,53.547776,-1.467482,Yorkshire and The Humber,England,Barnsley
{06C9F487-CB97-9388-E063-4804A8C0BD98},370000,2023-07-28,2023,7,3,S61 2FP,S61,Detached,Freehold,True,ROTHERHAM,ROTHERHAM,SOUTH YORKSHIRE,A,53.459911,-1.429844,Yorkshire and The Humber,England,Rotherham
{06C9F487-CC34-9388-E063-4804A8C0BD98},427500,2023-08-17,2023,8,3,TW12 2SH,TW12,Flat/Maisonette,Leasehold,False,HAMPTON,RICHMOND UPON THAMES,GREATER LONDON,A,51.417581,-0.370989,London,England,Richmond upon Thames
{06C9F487-CD48-9388-E063-4804A8C0BD98},425000,2023-08-15,2023,8,3,SE16 3FF,SE16,Flat/Maisonette,Leasehold,False,LONDON,SOUTHWARK,GREATER LONDON,A,51.49914,-0.048593,London,England,Southwark
{06C9F487-CED0-9388-E063-4804A8C0BD98},305000,2023-08-11,2023,8,3,SE16 3FS,SE16,Flat/Maisonette,Leasehold,False,LONDON,SOUTHWARK,GREATER LONDON,A,51.49914,-0.048593,London,England,Southwark
{06C9F487-CED1-9388-E063-4804A8C0BD98},575000,2023-08-04,2023,8,3,SW2 1EP,SW2,Flat/Maisonette,Leasehold,False,LONDON,LAMBETH,GREATER LONDON,A,51.446122,-0.12373,London,England,Lambeth
{06C9F487-CF18-9388-E063-4804A8C0BD98},360000,2021-10-18,2021,10,4,SE23 2XX,SE23,Flat/Maisonette,Leasehold,False,LONDON,LEWISHAM,GREATER LONDON,A,51.440008,-0.065734,London,England,Southwark
{06C9F487-CFF7-9388-E063-4804A8C0BD98},1900000,2022-07-29,2022,7,3,SW11 8BA,SW11,Flat/Maisonette,Leasehold,True,LONDON,WANDSWORTH,GREATER LONDON,A,51.475587,-0.152864,London,England,Wandsworth
{06C9F487-D013-9388-E063-4804A8C0BD98},491295,2022-07-15,2022,7,3,SE23 2AW,SE23,Flat/Maisonette,Leasehold,True,LONDON,LEWISHAM,GREATER LONDON,A,51.440008,-0.065734,London,England,Southwark
{06C9F487-D076-9388-E063-4804A8C0BD98},251000,2022-01-21,2022,1,1,IG11 0AP,IG11,Flat/Maisonette,Leasehold,True,BARKING,BARKING AND DAGENHAM,GREATER LONDON,A,51.533175,0.075205,London,England,Barking and Dagenham
{06C9F487-D14C-9388-E063-4804A8C0BD98},230000,2022-02-28,2022,2,1,DA3 7BP,DA3,Flat/Maisonette,Leasehold,False,LONGFIELD,SEVENOAKS,KENT,A,51.395213,0.30611,South East,England,Dartford
{06C9F487-D16B-9388-E063-4804A8C0BD98},375000,2022-05-27,2022,5,2,CT13 0GQ,CT13,Semi-Detached,Freehold,True,SANDWICH,DOVER,KENT,A,51.264447,1.309109,South East,England,Dover
{06C9F487-D1C4-9388-E063-4804A8C0BD98},384000,2022-08-19,2022,8,3,TN2 5BP,TN2,Semi-Detached,Freehold,False,TUNBRIDGE WELLS,TUNBRIDGE WELLS,KENT,A,51.150947,0.286144,South East,England,Tunbridge Wells
{06C9F487-D21B-9388-E063-4804A8C0BD98},390995,2022-08-25,2022,8,3,CT16 3FY,CT16,Terraced,Freehold,True,DOVER,DOVER,KENT,A,51.165853,1.292516,South East,England,Dover
{06C9F487-D2C5-9388-E063-4804A8C0BD98},170000,2023-08-18,2023,8,3,CT9 1UY,CT9,Flat/Maisonette,Leasehold,False,MARGATE,THANET,KENT,A,51.387707,1.395156,South East,England,Thanet
{06C9F487-D2F9-9388-E063-4804A8C0BD98},279950,2023-08-29,2023,8,3,NE29 9LE,NE29,Detached,Freehold,False,NORTH SHIELDS,NORTH TYNESIDE,TYNE AND WEAR,A,55.013652,-1.464239,North East,England,North Tyneside
{06C9F487-D33A-9388-E063-4804A8C0BD98},142000,2023-08-25,2023,8,3,SR6 9BE,SR6,Terraced,Freehold,False,SUNDERLAND,SUNDERLAND,TYNE AND WEAR,A,54.929847,-1.375919,North East,England,Sunderland
{06C9F487-D352-9388-E063-4804A8C0BD98},275000,2023-08-25,2023,8,3,SR3 2SP,SR3,Detached,Leasehold,False,SUNDERLAND,SUNDERLAND,TYNE AND WEAR,A,54.882823,-1.435191,North East,England,Sunderland
{06C9F487-D378-9388-E063-4804A8C0BD98},70500,2021-06-04,2021,6,2,NE6 4HL,NE6,Flat/Maisonette,Freehold,False,NEWCASTLE UPON TYNE,NEWCASTLE UPON TYNE,TYNE AND WEAR,A,54.966343,-1.572298,North East,England,Newcastle upon Tyne
{06C9F487-D3C2-9388-E063-4804A8C0BD98},211600,2023-08-04,2023,8,3,NE25 9JQ,NE25,Semi-Detached,Freehold,False,WHITLEY BAY,NORTH TYNESIDE,TYNE AND WEAR,A,55.045708,-1.477302,North East,England,North Tyneside
{06C9F487-D40E-9388-E063-4804A8C0BD98},67000,2023-09-08,2023,9,3,DH4 5DR,DH4,Terraced,Freehold,False,HOUGHTON LE SPRING,SUNDERLAND,TYNE AND WEAR,A,54.844666,-1.494197,North East,England,Sunderland
{06C9F487-D439-9388-E063-4804A8C0BD98},44000,2023-08-29,2023,8,3,NE4 8DN,NE4,Flat/Maisonette,Leasehold,False,NEWCASTLE UPON TYNE,NEWCASTLE UPON TYNE,TYNE AND WEAR,A,54.967941,-1.644444,North East,England,Newcastle upon Tyne
{06C9F487-D4A0-9388-E063-4804A8C0BD98},275000,2023-07-31,2023,7,3,NE10 8WJ,NE10,Detached,Freehold,False,GATESHEAD,GATESHEAD,TYNE AND WEAR,A,54.963576,-1.569875,North East,England,Gateshead
{06C9F487-D654-9388-E063-4804A8C0BD98},284950,2022-08-26,2022,8,3,NE13 9ET,NE13,Detached,Freehold,True,NEWCASTLE UPON TYNE,NEWCASTLE UPON TYNE,TYNE AND WEAR,A,55.029521,-1.646466,North East,England,Newcastle upon Tyne
{06C9F487-D714-9388-E063-4804A8C0BD98},139950,2023-08-04,2023,8,3,CF37 4EG,CF37,Terraced,Freehold,False,PONTYPRIDD,RHONDDA CYNON TAFF,RHONDDA CYNON TAFF,A,51.607826,-3.330097,Wales,Wales,Rhondda Cynon Taf
{06C9F487-D7F4-9388-E063-4804A8C0BD98},138000,2023-08-02,2023,8,3,NP20 5JN,NP20,Terraced,Freehold,False,NEWPORT,NEWPORT,NEWPORT,A,51.613537,-3.008691,Wales,Wales,Newport
{06C9F487-D870-9388-E063-4804A8C0BD98},185000,2023-04-14,2023,4,2,CF31 1PF,CF31,Semi-Detached,Freehold,False,BRIDGEND,BRIDGEND,BRIDGEND,A,51.513714,-3.590816,Wales,Wales,Bridgend
{06C9F487-D925-9388-E063-4804A8C0BD98},165000,2023-03-30,2023,3,1,SA62 5AP,SA62,Detached,Freehold,False,HAVERFORDWEST,PEMBROKESHIRE,PEMBROKESHIRE,A,51.816616,-4.959338,Wales,Wales,Pembrokeshire
{06C9F487-D944-9388-E063-4804A8C0BD98},170000,2023-08-18,2023,8,3,LL38 2EQ,LL38,Semi-Detached,Freehold,False,FAIRBOURNE,GWYNEDD,GWYNEDD,A,52.697413,-4.054147,Wales,Wales,Gwynedd
{06C9F487-D9EB-9388-E063-4804A8C0BD98},88000,2023-08-17,2023,8,3,SA11 2PN,SA11,Terraced,Freehold,False,NEATH,NEATH PORT TALBOT,NEATH PORT TALBOT,A,51.70681,-3.716289,Wales,Wales,Neath Port Talbot
{06C9F487-DAD1-9388-E063-4804A8C0BD98},166000,2023-08-11,2023,8,3,SY23 4NS,SY23,Semi-Detached,Freehold,False,ABERYSTWYTH,CEREDIGION,CEREDIGION,A,52.289575,-4.050153,Wales,Wales,Ceredigion
{06C9F487-DB62-9388-E063-4804A8C0BD98},138000,2023-03-31,2023,3,1,SA4 0XN,SA4,Semi-Detached,Freehold,False,SWANSEA,CARMARTHENSHIRE,CARMARTHENSHIRE,A,51.74492,-4.048,Wales,Wales,Carmarthenshire
{06C9F487-DBF4-9388-E063-4804A8C0BD98},200000,2022-04-08,2022,4,2,SA10 7HF,SA10,Semi-Detached,Freehold,False,NEATH,NEATH PORT TALBOT,NEATH PORT TALBOT,A,51.660068,-3.842119,Wales,Wales,Neath Port Talbot
{06C9F487-DC70-9388-E063-4804A8C0BD98},215000,2023-03-31,2023,3,1,CV12 8NW,CV12,Detached,Freehold,False,BEDWORTH,NUNEATON AND BEDWORTH,WARWICKSHIRE,A,52.48572,-1.483211,West Midlands,England,Nuneaton and Bedworth
{06C9F487-DC83-9388-E063-4804A8C0BD98},125000,2023-08-04,2023,8,3,B90 1HD,B90,Flat/Maisonette,Leasehold,False,SOLIHULL,SOLIHULL,WEST MIDLANDS,A,52.394095,-1.85364,West Midlands,England,Bromsgrove
{06C9F487-DD56-9388-E063-4804A8C0BD98},290000,2023-08-11,2023,8,3,CV47 2RR,CV47,Semi-Detached,Freehold,False,SOUTHAM,STRATFORD-ON-AVON,WARWICKSHIRE,A,52.219276,-1.428705,West Midlands,England,Stratford-on-Avon
{06C9F487-DD6C-9388-E063-4804A8C0BD98},785000,2023-08-08,2023,8,3,CV37 9HE,CV37,Detached,Freehold,False,STRATFORD-UPON-AVON,STRATFORD-ON-AVON,WARWICKSHIRE,A,52.205167,-1.724406,West Midlands,England,Stratford-on-Avon
{06C9F487-DF70-9388-E063-4804A8C0BD98},207500,2023-02-17,2023,2,1,CV9 2DD,CV9,Semi-Detached,Freehold,False,ATHERSTONE,NORTH WARWICKSHIRE,WARWICKSHIRE,A,52.575663,-1.543894,West Midlands,England,North Warwickshire
{06C9F487-DFFA-9388-E063-4804A8C0BD98},149000,2023-07-20,2023,7,3,B33 9PU,B33,Terraced,Freehold,False,BIRMINGHAM,BIRMINGHAM,WEST MIDLANDS,A,52.484166,-1.793307,West Midlands,England,Birmingham
{06C9F487-E0B1-9388-E063-4804A8C0BD98},425000,2023-09-08,2023,9,3,B91 2LN,B91,Semi-Detached,Freehold,False,SOLIHULL,SOLIHULL,WEST MIDLANDS,A,52.415723,-1.782143,West Midlands,England,Solihull
{06C9F487-E117-9388-E063-4804A8C0BD98},190000,2023-07-14,2023,7,3,B31 4QE,B31,Terraced,Freehold,False,BIRMINGHAM,BIRMINGHAM,WEST MIDLANDS,A,52.422701,-1.984539,West Midlands,England,Birmingham
{06C9F487-E1E3-9388-E063-4804A8C0BD98},380000,2023-08-03,2023,8,3,B13 8HD,B13,Terraced,Freehold,False,BIRMINGHAM,BIRMINGHAM,WEST MIDLANDS,A,52.441307,-1.883026,West Midlands,England,Birmingham
{06C9F487-E1E7-9388-E063-4804A8C0BD98},50000,2023-08-23,2023,8,3,B71 3PE,B71,Flat/Maisonette,Leasehold,False,WEST BROMWICH,SANDWELL,WEST MIDLANDS,A,52.545388,-1.998389,West Midlands,England,Sandwell
{06C9F487-E22A-9388-E063-4804A8C0BD98},440000,2023-07-18,2023,7,3,B75 5JY,B75,Detached,Freehold,False,SUTTON COLDFIELD,BIRMINGHAM,WEST MIDLANDS,A,52.595336,-1.833249,West Midlands,England,Birmingham
{06C9F487-E2FB-9388-E063-4804A8C0BD98},385000,2023-03-28,2023,3,1,B36 9DQ,B36,Detached,Freehold,False,BIRMINGHAM,SOLIHULL,WEST MIDLANDS,A,52.499908,-1.821252,West Midlands,England,Birmingham
{06C9F487-E33D-9388-E063-4804A8C0BD98},221000,2023-08-04,2023,8,3,WV11 3BW,WV11,Terraced,Freehold,False,WOLVERHAMPTON,WOLVERHAMPTON,WEST MIDLANDS,A,52.614089,-2.06365,West Midlands,England,Wolverhampton
{06C9F487-E36D-9388-E063-4804A8C0BD98},224000,2023-07-27,2023,7,3,DY4 9NE,DY4,Terraced,Freehold,False,TIPTON,SANDWELL,WEST MIDLANDS,A,52.526434,-2.071644,West Midlands,England,Sandwell
{06C9F487-E38D-9388-E063-4804A8C0BD98},255000,2023-08-18,2023,8,3,B43 7DG,B43,Semi-Detached,Freehold,False,BIRMINGHAM,WALSALL,WEST MIDLANDS,A,52.535116,-1.940451,West Midlands,England,Sandwell
{06C9F487-E502-9388-E063-4804A8C0BD98},835000,2022-04-01,2022,4,2,WR8 0BU,WR8,Semi-Detached,Freehold,False,WORCESTER,MALVERN HILLS,WORCESTERSHIRE,A,52.081722,-2.272205,West Midlands,England,Malvern Hills
{06C9F487-E62C-9388-E063-4804A8C0BD98},389000,2023-06-09,2023,6,2,TA13 5DA,TA13,Terraced,Freehold,False,SOUTH PETHERTON,SOMERSET,SOMERSET,A,50.948403,-2.808264,South West,England,Somerset
{06C9F487-E66C-9388-E063-4804A8C0BD98},890000,2023-07-20,2023,7,3,BA22 9PJ,BA22,Detached,Freehold,False,YEOVIL,SOMERSET,SOMERSET,A,51.029418,-2.572286,South West,England,Somerset
{06C9F487-E75F-9388-E063-4804A8C0BD98},340000,2023-08-31,2023,8,3,RH12 5GL,RH12,Detached,Freehold,False,HORSHAM,HORSHAM,WEST SUSSEX,A,51.081301,-0.291849,South East,England,Horsham
{06C9F487-E85E-9388-E063-4804A8C0BD98},465000,2023-08-14,2023,8,3,BN16 4NA,BN16,Detached,Freehold,False,LITTLEHAMPTON,ARUN,WEST SUSSEX,A,50.812718,-0.5176,South East,England,Arun
{06C9F487-E8E3-9388-E063-4804A8C0BD98},330000,2023-08-18,2023,8,3,PO20 3AY,PO20,Semi-Detached,Freehold,False,CHICHESTER,ARUN,WEST SUSSEX,A,50.758534,-0.849128,South East,England,Chichester
{06C9F487-E8FE-9388-E063-4804A8C0BD98},415000,2021-03-31,2021,3,1,RH10 2AD,RH10,Semi-Detached,Freehold,True,CRAWLEY,CRAWLEY,WEST SUSSEX,A,51.112904,-0.175289,South East,England,Crawley
{06C9F487-E991-9388-E063-4804A8C0BD98},359995,2022-09-30,2022,9,3,BN16 4QY,BN16,Terraced,Freehold,True,LITTLEHAMPTON,ARUN,WEST SUSSEX,A,50.812718,-0.5176,South East,England,Arun
{06C9F487-EA0D-9388-E063-4804A8C0BD98},680000,2023-09-07,2023,9,3,PO21 3LS,PO21,Detached,Freehold,False,BOGNOR REGIS,ARUN,WEST SUSSEX,A,50.787852,-0.709929,South East,England,Arun
{06C9F487-EA1F-9388-E063-4804A8C0BD98},295000,2023-08-25,2023,8,3,BN14 8DY,BN14,Semi-Detached,Freehold,False,WORTHING,WORTHING,WEST SUSSEX,A,50.835564,-0.370071,South East,England,Worthing
{06C9F487-EB09-9388-E063-4804A8C0BD98},420000,2023-04-12,2023,4,2,BA14 6RD,BA14,Detached,Freehold,False,TROWBRIDGE,WILTSHIRE,WILTSHIRE,A,51.31813,-2.180415,South West,England,Wiltshire
{06C9F487-EB18-9388-E063-4804A8C0BD98},135000,2023-05-05,2023,5,2,SN12 7DY,SN12,Flat/Maisonette,Leasehold,False,MELKSHAM,WILTSHIRE,WILTSHIRE,A,51.375021,-2.125225,South West,England,Wiltshire
{06C9F487-EB46-9388-E063-4804A8C0BD98},350000,2023-07-20,2023,7,3,BA14 7QP,BA14,Semi-Detached,Freehold,False,TROWBRIDGE,WILTSHIRE,WILTSHIRE,A,51.31813,-2.180415,South West,England,Wiltshire
{06C9F487-EBA0-9388-E063-4804A8C0BD98},210000,2023-06-07,2023,6,2,SN3 2RG,SN3,Semi-Detached,Freehold,False,SWINDON,SWINDON,SWINDON,A,51.561817,-1.743061,South West,England,Swindon
{06C9F487-EBC4-9388-E063-4804A8C0BD98},287500,2023-03-17,2023,3,1,SP4 7PD,SP4,Terraced,Freehold,False,SALISBURY,WILTSHIRE,WILTSHIRE,A,51.162165,-1.764034,South West,England,Wiltshire
{06C9F487-EC34-9388-E063-4804A8C0BD98},320000,2023-08-03,2023,8,3,SN15 1FU,SN15,Semi-Detached,Freehold,False,CHIPPENHAM,SWINDON,SWINDON,A,51.479401,-2.13035,South West,England,Wiltshire
{06C9F487-EC4D-9388-E063-4804A8C0BD98},289995,2021-11-12,2021,11,4,SN15 1UL,SN15,Semi-Detached,Freehold,True,CHIPPENHAM,WILTSHIRE,WILTSHIRE,A,51.479401,-2.13035,South West,England,Wiltshire
{06C9F487-EC5C-9388-E063-4804A8C0BD98},338000,2021-12-17,2021,12,4,SN15 1GR,SN15,Semi-Detached,Freehold,True,CHIPPENHAM,WILTSHIRE,WILTSHIRE,A,51.479401,-2.13035,South West,England,Wiltshire
{06C9F487-ED13-9388-E063-4804A8C0BD98},372500,2023-09-11,2023,9,3,SN16 9GQ,SN16,Terraced,Freehold,False,MALMESBURY,WILTSHIRE,WILTSHIRE,A,51.573336,-2.210457,South West,England,Wiltshire
{06C9F487-ED6B-9388-E063-4804A8C0BD98},255000,2023-03-24,2023,3,1,SN3 4EG,SN3,Semi-Detached,Freehold,False,SWINDON,SWINDON,SWINDON,A,51.561817,-1.743061,South West,England,Swindon
{06C9F487-EE95-9388-E063-4804A8C0BD98},135000,2023-08-29,2023,8,3,HD6 1PT,HD6,Terraced,Freehold,False,BRIGHOUSE,CALDERDALE,WEST YORKSHIRE,B,53.708819,-1.785385,Yorkshire and The Humber,England,Calderdale
{06C9F487-EFBE-9388-E063-4804A8C0BD98},88000,2023-08-25,2023,8,3,BD3 9DT,BD3,Terraced,Freehold,False,BRADFORD,BRADFORD,WEST YORKSHIRE,A,53.798131,-1.735226,Yorkshire and The Humber,England,Bradford
{06C9F487-F02C-9388-E063-4804A8C0BD98},273500,2023-07-21,2023,7,3,HD3 3TL,HD3,Semi-Detached,Freehold,False,HUDDERSFIELD,KIRKLEES,WEST YORKSHIRE,A,53.65048,-1.8086,Yorkshire and The Humber,England,Kirklees
{06C9F487-F05E-9388-E063-4804A8C0BD98},185000,2023-07-28,2023,7,3,LS26 9BD,LS26,Terraced,Freehold,False,LEEDS,LEEDS,WEST YORKSHIRE,A,53.757274,-1.494719,Yorkshire and The Humber,England,Leeds
{06C9F487-F084-9388-E063-4804A8C0BD98},232000,2023-04-20,2023,4,2,WF13 4PG,WF13,Detached,Freehold,False,DEWSBURY,KIRKLEES,WEST YORKSHIRE,A,53.702153,-1.646777,Yorkshire and The Humber,England,Kirklees
{06C9F487-F0C7-9388-E063-4804A8C0BD98},85000,2023-08-18,2023,8,3,BD5 9HQ,BD5,Terraced,Freehold,False,BRADFORD,BRADFORD,WEST YORKSHIRE,A,53.773433,-1.743893,Yorkshire and The Humber,England,Bradford
{06C9F487-F0EF-9388-E063-4804A8C0BD98},318000,2023-08-22,2023,8,3,WF3 3UB,WF3,Detached,Freehold,False,WAKEFIELD,LEEDS,WEST YORKSHIRE,A,53.729205,-1.571098,Yorkshire and The Humber,England,Leeds
{06C9F487-F0F2-9388-E063-4804A8C0BD98},190100,2022-04-22,2022,4,2,HD8 0EN,HD8,Semi-Detached,Freehold,False,HUDDERSFIELD,KIRKLEES,WEST YORKSHIRE,A,53.597868,-1.701135,Yorkshire and The Humber,England,Kirklees
{06C9F487-F11A-9388-E063-4804A8C0BD98},145000,2023-08-15,2023,8,3,HX3 6BQ,HX3,Semi-Detached,Freehold,False,HALIFAX,CALDERDALE,WEST YORKSHIRE,A,53.733293,-1.865585,Yorkshire and The Humber,England,Calderdale
{06C9F487-F171-9388-E063-4804A8C0BD98},91500,2023-07-17,2023,7,3,OL14 5BT,OL14,Terraced,Leasehold,False,TODMORDEN,CALDERDALE,WEST YORKSHIRE,A,53.721966,-2.109288,Yorkshire and The Humber,England,Calderdale
{06C9F487-F211-9388-E063-4804A8C0BD98},74000,2023-06-30,2023,6,2,BD17 7DT,BD17,Flat/Maisonette,Leasehold,False,SHIPLEY,BRADFORD,WEST YORKSHIRE,A,53.84331,-1.763757,Yorkshire and The Humber,England,Bradford
{06C9F487-F2FF-9388-E063-4804A8C0BD98},375000,2022-04-01,2022,4,2,DN14 7TY,DN14,Detached,Freehold,True,GOOLE,EAST RIDING OF YORKSHIRE,EAST RIDING OF YORKSHIRE,A,53.70676,-0.861201,Yorkshire and The Humber,England,East Riding of Yorkshire
{06C9F487-F350-9388-E063-4804A8C0BD98},315995,2022-08-30,2022,8,3,DN14 7FP,DN14,Detached,Freehold,True,GOOLE,EAST RIDING OF YORKSHIRE,EAST RIDING OF YORKSHIRE,A,53.70676,-0.861201,Yorkshire and The Humber,England,East Riding of Yorkshire
{06C9F487-F450-9388-E063-4804A8C0BD98},220000,2023-08-11,2023,8,3,BD22 7QR,BD22,Semi-Detached,Freehold,False,KEIGHLEY,BRADFORD,WEST YORKSHIRE,A,53.846765,-1.929092,Yorkshire and The Humber,England,Bradford
{06C9F487-F4D6-9388-E063-4804A8C0BD98},185500,2023-08-09,2023,8,3,BD20 5AQ,BD20,Semi-Detached,Freehold,False,KEIGHLEY,BRADFORD,WEST YORKSHIRE,A,53.895085,-1.948564,Yorkshire and The Humber,England,Bradford
{06C9F487-F4D8-9388-E063-4804A8C0BD98},540000,2023-07-21,2023,7,3,LS8 1AT,LS8,Terraced,Freehold,False,LEEDS,LEEDS,WEST YORKSHIRE,A,53.814593,-1.499498,Yorkshire and The Humber,England,Leeds
{06C9F487-F4DD-9388-E063-4804A8C0BD98},247500,2023-07-14,2023,7,3,WF10 5YD,WF10,Detached,Freehold,False,CASTLEFORD,WAKEFIELD,WEST YORKSHIRE,A,53.720072,-1.339079,Yorkshire and The Humber,England,Wakefield
{06C9F487-F4F0-9388-E063-4804A8C0BD98},353000,2023-08-14,2023,8,3,LS20 8EP,LS20,Semi-Detached,Freehold,False,LEEDS,LEEDS,WEST YORKSHIRE,A,53.874848,-1.717691,Yorkshire and The Humber,England,Leeds
{06C9F487-F5D5-9388-E063-4804A8C0BD98},199995,2022-05-31,2022,5,2,WF9 4FP,WF9,Semi-Detached,Freehold,True,PONTEFRACT,WAKEFIELD,WEST YORKSHIRE,A,53.634688,-1.375347,Yorkshire and The Humber,England,Wakefield
{06C9F487-F713-9388-E063-4804A8C0BD98},399950,2023-08-11,2023,8,3,LS29 9PG,LS29,Flat/Maisonette,Leasehold,False,ILKLEY,BRADFORD,WEST YORKSHIRE,A,53.926975,-1.802011,Yorkshire and The Humber,England,Bradford
{06C9F487-F91D-9388-E063-4804A8C0BD98},34305611,2022-12-09,2022,12,4,BS16 1EQ,BS16,Other,Freehold,False,BRISTOL,CITY OF BRISTOL,CITY OF BRISTOL,B,51.502204,-2.521266,South West,England,South Gloucestershire
{06C9F487-F92E-9388-E063-4804A8C0BD98},225000,2022-11-30,2022,11,4,BS15 8JS,BS15,Other,Freehold,False,BRISTOL,SOUTH GLOUCESTERSHIRE,SOUTH GLOUCESTERSHIRE,B,51.454128,-2.491474,South West,England,South Gloucestershire
{06C9F487-FB4C-9388-E063-4804A8C0BD98},248630,2021-12-14,2021,12,4,HP5 2PX,HP5,Other,Leasehold,False,CHESHAM,BUCKINGHAMSHIRE,BUCKINGHAMSHIRE,B,51.710852,-0.607678,South East,England,Buckinghamshire
{06C9F487-FC6F-9388-E063-4804A8C0BD98},60000,2023-08-08,2023,8,3,TS4 2DP,TS4,Other,Freehold,False,MIDDLESBROUGH,MIDDLESBROUGH,MIDDLESBROUGH,B,54.567358,-1.226987,North East,England,Middlesbrough
{06C9F487-FD2E-9388-E063-4804A8C0BD98},265000,2023-08-04,2023,8,3,WA4 6JR,WA4,Other,Leasehold,False,WARRINGTON,WARRINGTON,WARRINGTON,B,53.375905,-2.564973,North West,England,Warrington
{06C9F487-FD3E-9388-E063-4804A8C0BD98},182000,2023-07-28,2023,7,3,WA5 1EN,WA5,Terraced,Freehold,False,WARRINGTON,WARRINGTON,WARRINGTON,B,53.429806,-2.660295,North West,England,Warrington
{06C9F487-FDDB-9388-E063-4804A8C0BD98},375000,2023-07-28,2023,7,3,TR26 1PB,TR26,Terraced,Freehold,False,ST IVES,CORNWALL,CORNWALL,B,50.207712,-5.477335,South West,England,Cornwall
{06C9F487-FE29-9388-E063-4804A8C0BD98},677000,2022-05-31,2022,5,2,TR8 5EU,TR8,Detached,Freehold,False,NEWQUAY,CORNWALL,CORNWALL,B,50.3821,-5.119146,South West,England,Cornwall
{06C9F488-003D-9388-E063-4804A8C0BD98},320000,2023-05-05,2023,5,2,PL3 4HD,PL3,Terraced,Freehold,False,PLYMOUTH,CITY OF PLYMOUTH,CITY OF PLYMOUTH,B,50.379735,-4.14978,South West,England,Plymouth
{06C9F488-004E-9388-E063-4804A8C0BD98},60000,2023-08-11,2023,8,3,TQ3 3XS,TQ3,Flat/Maisonette,Leasehold,False,PAIGNTON,TORBAY,TORBAY,B,50.44687,-3.568983,South West,England,Torbay
{06C9F488-0079-9388-E063-4804A8C0BD98},256000,2023-08-11,2023,8,3,EX4 4LY,EX4,Terraced,Freehold,False,EXETER,EXETER,DEVON,B,50.71581,-3.555367,South West,England,Exeter
{06C9F488-00CB-9388-E063-4804A8C0BD98},130000,2022-02-15,2022,2,1,PL5 3LZ,PL5,Terraced,Leasehold,True,PLYMOUTH,CITY OF PLYMOUTH,CITY OF PLYMOUTH,B,50.397957,-4.179268,South West,England,Plymouth
{06C9F488-0169-9388-E063-4804A8C0BD98},18500,2019-07-01,2019,7,3,DT1 1PL,DT1,Other,Freehold,False,DORCHESTER,DORSET,DORSET,B,50.709528,-2.438475,South West,England,Dorset
{06C9F488-01D3-9388-E063-4804A8C0BD98},50000,2023-09-01,2023,9,3,DL14 6HJ,DL14,Terraced,Freehold,False,BISHOP AUCKLAND,COUNTY DURHAM,COUNTY DURHAM,B,54.648299,-1.685172,North East,England,County Durham
{06C9F488-024B-9388-E063-4804A8C0BD98},41818,2022-07-04,2022,7,3,DL16 7FT,DL16,Semi-Detached,Freehold,True,SPENNYMOOR,COUNTY DURHAM,COUNTY DURHAM,B,54.6957,-1.604127,North East,England,County Durham
{06C9F488-02B8-9388-E063-4804A8C0BD98},170000,2023-09-04,2023,9,3,DE7 8AS,DE7,Terraced,Freehold,False,ILKESTON,EREWASH,DERBYSHIRE,B,53.007513,-1.377202,East Midlands,England,Amber Valley
{06C9F488-02F1-9388-E063-4804A8C0BD98},210000,2023-07-27,2023,7,3,DE55 4FD,DE55,Semi-Detached,Freehold,False,ALFRETON,AMBER VALLEY,DERBYSHIRE,B,53.081676,-1.369027,East Midlands,England,Amber Valley
{06C9F488-032B-9388-E063-4804A8C0BD98},150000,2023-04-26,2023,4,2,DE7 8UW,DE7,Semi-Detached,Freehold,False,ILKESTON,EREWASH,DERBYSHIRE,B,53.007513,-1.377202,East Midlands,England,Amber Valley
{06C9F488-036E-9388-E063-4804A8C0BD98},950000,2023-09-21,2023,9,3,N17 6SB,N17,Other,Freehold,False,LONDON,HARINGEY,GREATER LONDON,B,51.589258,-0.056875,London,England,Haringey
{06C9F488-03C6-9388-E063-4804A8C0BD98},300000,2023-09-11,2023,9,3,E12 5RL,E12,Terraced,Freehold,False,LONDON,NEWHAM,GREATER LONDON,B,51.553429,0.060273,London,England,Newham
{06C9F488-0423-9388-E063-4804A8C0BD98},22000,2022-02-22,2022,2,1,BN27 1NX,BN27,Other,Freehold,False,HAILSHAM,WEALDEN,EAST SUSSEX,B,50.89056,0.187086,South East,England,Wealden
{06C9F488-0441-9388-E063-4804A8C0BD98},392000,2021-10-07,2021,10,4,BN2 4RH,BN2,Semi-Detached,Freehold,False,BRIGHTON,BRIGHTON AND HOVE,BRIGHTON AND HOVE,B,50.831221,-0.11955,South East,England,Brighton and Hove
{06C9F488-049B-9388-E063-4804A8C0BD98},315000,2023-03-03,2023,3,1,SS14 2AY,SS14,Terraced,Freehold,False,BASILDON,BASILDON,ESSEX,B,51.575154,0.469437,East of England,England,Basildon
{06C9F488-04B4-9388-E063-4804A8C0BD98},190000,2023-04-21,2023,4,2,CO12 5ED,CO12,Semi-Detached,Freehold,False,HARWICH,TENDRING,ESSEX,B,51.943624,1.256416,East of England,England,Tendring
{06C9F488-0594-9388-E063-4804A8C0BD98},70000,2023-08-04,2023,8,3,OL6 6BT,OL6,Other,Freehold,False,ASHTON-UNDER-LYNE,TAMESIDE,GREATER MANCHESTER,B,53.501858,-2.093867,North West,England,Tameside
{06C9F488-05E4-9388-E063-4804A8C0BD98},165000,2023-09-08,2023,9,3,M6 6BG,M6,Terraced,Leasehold,False,SALFORD,SALFORD,GREATER MANCHESTER,B,53.487315,-2.293582,North West,England,Salford
{06C9F488-0686-9388-E063-4804A8C0BD98},800000,2023-08-30,2023,8,3,GL7 6QG,GL7,Detached,Freehold,False,CIRENCESTER,COTSWOLD,GLOUCESTERSHIRE,B,51.67188,-1.772894,South West,England,Cotswold
{06C9F488-0689-9388-E063-4804A8C0BD98},242000,2021-12-21,2021,12,4,GL3 4UP,GL3,Semi-Detached,Freehold,False,GLOUCESTER,TEWKESBURY,GLOUCESTERSHIRE,B,51.879893,-2.178794,South West,England,Tewkesbury
{06C9F488-06B4-9388-E063-4804A8C0BD98},73202,2022-04-14,2022,4,2,GL15 4BY,GL15,Semi-Detached,Freehold,False,LYDNEY,FOREST OF DEAN,GLOUCESTERSHIRE,B,51.762549,-2.473633,South West,England,Forest of Dean
{06C9F488-06C2-9388-E063-4804A8C0BD98},85000,2022-05-16,2022,5,2,BS37 8RW,BS37,Other,Freehold,False,BRISTOL,SOUTH GLOUCESTERSHIRE,SOUTH GLOUCESTERSHIRE,B,51.544313,-2.427797,South West,England,South Gloucestershire
{06C9F488-0752-9388-E063-4804A8C0BD98},228750,2022-02-04,2022,2,1,HP1 1JR,HP1,Flat/Maisonette,Leasehold,False,HEMEL HEMPSTEAD,DACORUM,HERTFORDSHIRE,B,51.766629,-0.485406,East of England,England,Dacorum
{06C9F488-08D4-9388-E063-4804A8C0BD98},120000,2023-07-28,2023,7,3,HU7 3AN,HU7,Terraced,Freehold,False,HULL,CITY OF KINGSTON UPON HULL,CITY OF KINGSTON UPON HULL,B,53.779611,-0.322878,Yorkshire and The Humber,England,"Kingston upon Hull, City of"
{06C9F488-0AFD-9388-E063-4804A8C0BD98},138250,2023-06-30,2023,6,2,PR1 7QE,PR1,Terraced,Freehold,False,PRESTON,PRESTON,LANCASHIRE,B,53.73961,-2.72862,North West,England,South Ribble
{06C9F488-0C21-9388-E063-4804A8C0BD98},300000,2023-08-08,2023,8,3,FY4 5LZ,FY4,Terraced,Leasehold,False,BLACKPOOL,FYLDE,LANCASHIRE,B,53.7932,-3.020272,North West,England,Blackpool
{06C9F488-0C27-9388-E063-4804A8C0BD98},85000,2023-04-05,2023,4,2,FY4 2AD,FY4,Terraced,Freehold,False,BLACKPOOL,BLACKPOOL,BLACKPOOL,B,53.7932,-3.020272,North West,England,Blackpool
{06C9F488-0C3A-9388-E063-4804A8C0BD98},195000,2023-09-15,2023,9,3,PE25 2EW,PE25,Detached,Freehold,False,SKEGNESS,EAST LINDSEY,LINCOLNSHIRE,B,53.143974,0.328139,East Midlands,England,East Lindsey
{06C9F488-0DE3-9388-E063-4804A8C0BD98},123000,2023-08-29,2023,8,3,OL16 4DU,OL16,Terraced,Freehold,False,ROCHDALE,ROCHDALE,GREATER MANCHESTER,B,53.610358,-2.112245,North West,England,Rochdale
{06C9F488-0E75-9388-E063-4804A8C0BD98},165432,2021-09-24,2021,9,3,M5 4EL,M5,Flat/Maisonette,Leasehold,True,SALFORD,SALFORD,GREATER MANCHESTER,B,53.478991,-2.267065,North West,England,Salford
{06C9F488-0EDC-9388-E063-4804A8C0BD98},25960,2022-08-19,2022,8,3,SK6 5LS,SK6,Other,Freehold,False,STOCKPORT,STOCKPORT,GREATER MANCHESTER,B,53.401404,-2.045427,North West,England,Stockport
{06C9F488-0F0A-9388-E063-4804A8C0BD98},364950,2021-11-03,2021,11,4,M15 4SB,M15,Flat/Maisonette,Leasehold,True,MANCHESTER,MANCHESTER,GREATER MANCHESTER,B,53.472441,-2.249201,North West,England,Manchester
{06C9F488-0FEF-9388-E063-4804A8C0BD98},210000,2022-12-20,2022,12,4,B27 7LU,B27,Terraced,Freehold,False,BIRMINGHAM,BIRMINGHAM,WEST MIDLANDS,B,52.430657,-1.820649,West Midlands,England,Birmingham
{06C9F488-1049-9388-E063-4804A8C0BD98},60000,2023-08-22,2023,8,3,L9 1ED,L9,Terraced,Freehold,False,LIVERPOOL,LIVERPOOL,MERSEYSIDE,B,53.45363,-2.964934,North West,England,Liverpool
{06C9F488-105E-9388-E063-4804A8C0BD98},97000,2023-09-08,2023,9,3,L4 2TE,L4,Terraced,Freehold,False,LIVERPOOL,LIVERPOOL,MERSEYSIDE,B,53.442444,-2.96316,North West,England,Liverpool
{06C9F488-1108-9388-E063-4804A8C0BD98},137000,2022-05-06,2022,5,2,L35 2XP,L35,Semi-Detached,Freehold,False,PRESCOT,KNOWSLEY,MERSEYSIDE,B,53.422561,-2.782237,North West,England,Knowsley
{06C9F488-11FA-9388-E063-4804A8C0BD98},42000,2023-08-03,2023,8,3,NE63 0BQ,NE63,Other,Freehold,False,ASHINGTON,NORTHUMBERLAND,NORTHUMBERLAND,B,55.18157,-1.580614,North East,England,Northumberland
{06C9F488-121B-9388-E063-4804A8C0BD98},123000,2023-07-28,2023,7,3,EN5 2DY,EN5,Flat/Maisonette,Freehold,False,BARNET,BARNET,GREATER LONDON,B,51.642045,-0.184392,London,England,Barnet
{06C9F488-1239-9388-E063-4804A8C0BD98},275000,2023-06-01,2023,6,2,N16 6AT,N16,Flat/Maisonette,Leasehold,False,LONDON,HACKNEY,GREATER LONDON,B,51.566842,-0.082678,London,England,Hackney
{06C9F488-1332-9388-E063-4804A8C0BD98},145000,2021-02-26,2021,2,1,NR31 9EY,NR31,Other,Freehold,False,GREAT YARMOUTH,GREAT YARMOUTH,NORFOLK,B,52.561502,1.727079,East of England,England,Great Yarmouth
{06C9F488-134D-9388-E063-4804A8C0BD98},6900,2021-09-27,2021,9,3,NR29 4HW,NR29,Other,Leasehold,False,GREAT YARMOUTH,GREAT YARMOUTH,NORFOLK,B,52.674108,1.691519,East of England,England,Great Yarmouth
{06C9F488-13E2-9388-E063-4804A8C0BD98},795000,2023-08-18,2023,8,3,NN6 8ES,NN6,Other,Freehold,False,NORTHAMPTON,WEST NORTHAMPTONSHIRE,WEST NORTHAMPTONSHIRE,B,52.263454,-0.746808,East Midlands,England,North Northamptonshire
{06C9F488-142E-9388-E063-4804A8C0BD98},94500,2023-08-11,2023,8,3,NG18 2BG,NG18,Semi-Detached,Freehold,False,MANSFIELD,MANSFIELD,NOTTINGHAMSHIRE,B,53.136892,-1.193955,East Midlands,England,Mansfield
{06C9F488-147C-9388-E063-4804A8C0BD98},210000,2023-07-28,2023,7,3,NG19 8LE,NG19,Other,Freehold,False,MANSFIELD,MANSFIELD,NOTTINGHAMSHIRE,B,53.151788,-1.159029,East Midlands,England,Mansfield
{06C9F488-1485-9388-E063-4804A8C0BD98},106000,2023-03-23,2023,3,1,NG17 4HU,NG17,Semi-Detached,Freehold,False,SUTTON-IN-ASHFIELD,ASHFIELD,NOTTINGHAMSHIRE,B,53.116026,-1.263148,East Midlands,England,Ashfield
{06C9F488-1519-9388-E063-4804A8C0BD98},120250,2023-07-28,2023,7,3,DN22 6UR,DN22,Semi-Detached,Freehold,True,RETFORD,BASSETLAW,NOTTINGHAMSHIRE,B,53.33053,-0.823128,East Midlands,England,Bassetlaw
{06C9F488-1582-9388-E063-4804A8C0BD98},175000,2023-08-18,2023,8,3,YO8 6QE,YO8,Other,Freehold,False,SELBY,NORTH YORKSHIRE,NORTH YORKSHIRE,B,53.78447,-1.087689,Yorkshire and The Humber,England,North Yorkshire
{06C9F488-15CD-9388-E063-4804A8C0BD98},18000,2022-09-06,2022,9,3,LA6 3HT,LA6,Other,Freehold,False,CARNFORTH,NORTH YORKSHIRE,NORTH YORKSHIRE,B,54.104774,-2.759772,North West,England,Lancaster
{06C9F488-1601-9388-E063-4804A8C0BD98},480000,2023-04-25,2023,4,2,OX4 3TX,OX4,Semi-Detached,Freehold,False,OXFORD,OXFORD,OXFORDSHIRE,B,51.726026,-1.221655,South East,England,Oxford
{06C9F488-1611-9388-E063-4804A8C0BD98},250000,2023-09-29,2023,9,3,OX16 3LQ,OX16,Terraced,Freehold,False,BANBURY,CHERWELL,OXFORDSHIRE,B,52.077936,-1.354833,South East,England,Cherwell
{06C9F488-1615-9388-E063-4804A8C0BD98},2625000,2023-06-15,2023,6,2,RG9 2DE,RG9,Other,Leasehold,False,HENLEY-ON-THAMES,SOUTH OXFORDSHIRE,OXFORDSHIRE,B,51.53062,-0.917549,South East,England,South Oxfordshire
{06C9F488-1638-9388-E063-4804A8C0BD98},549591,2022-02-25,2022,2,1,OX29 4FX,OX29,Detached,Freehold,True,WITNEY,WEST OXFORDSHIRE,OXFORDSHIRE,B,51.820984,-1.392935,South East,England,West Oxfordshire
{06C9F488-168D-9388-E063-4804A8C0BD98},280000,2023-08-30,2023,8,3,DE13 9EF,DE13,Semi-Detached,Freehold,False,BURTON-ON-TRENT,EAST STAFFORDSHIRE,STAFFORDSHIRE,B,52.831495,-1.624434,West Midlands,England,East Staffordshire
{06C9F488-1695-9388-E063-4804A8C0BD98},325000,2022-01-20,2022,1,1,ST6 2PZ,ST6,Other,Freehold,False,STOKE-ON-TRENT,STOKE-ON-TRENT,STOKE-ON-TRENT,B,53.070174,-2.197711,West Midlands,England,Stoke-on-Trent
{06C9F488-1707-9388-E063-4804A8C0BD98},165000,2018-12-14,2018,12,4,DE6 5GZ,DE6,Other,Freehold,False,ASHBOURNE,EAST STAFFORDSHIRE,STAFFORDSHIRE,B,53.014571,-1.730361,East Midlands,England,Derbyshire Dales
{06C9F488-172F-9388-E063-4804A8C0BD98},125000,2023-08-18,2023,8,3,WS11 5HU,WS11,Semi-Detached,Freehold,False,CANNOCK,CANNOCK CHASE,STAFFORDSHIRE,B,52.712217,-2.030283,West Midlands,England,Cannock Chase
{06C9F488-176E-9388-E063-4804A8C0BD98},650000,2023-07-21,2023,7,3,DA5 1DQ,DA5,Detached,Freehold,False,BEXLEY,BEXLEY,GREATER LONDON,B,51.443129,0.142151,London,England,Bexley
{06C9F488-1970-9388-E063-4804A8C0BD98},144000,2023-07-23,2023,7,3,BS20 6PL,BS20,Flat/Maisonette,Leasehold,False,BRISTOL,NORTH SOMERSET,NORTH SOMERSET,B,51.478646,-2.691649,South West,England,North Somerset
{06C9F488-1975-9388-E063-4804A8C0BD98},473000,2023-04-12,2023,4,2,TA6 4SS,TA6,Other,Freehold,False,BRIDGWATER,SOMERSET,SOMERSET,B,51.128205,-2.994122,South West,England,Somerset
{06C9F488-1990-9388-E063-4804A8C0BD98},382500,2022-05-31,2022,5,2,BA2 4EA,BA2,Flat/Maisonette,Leasehold,False,BATH,BATH AND NORTH EAST SOMERSET,BATH AND NORTH EAST SOMERSET,B,51.370463,-2.353513,South West,England,Bath and North East Somerset
{06C9F488-19AF-9388-E063-4804A8C0BD98},300000,2023-08-02,2023,8,3,TA1 2RP,TA1,Detached,Freehold,False,TAUNTON,SOMERSET,SOMERSET,B,51.01506,-3.117738,South West,England,Somerset
{06C9F488-19EB-9388-E063-4804A8C0BD98},2695000,2022-07-13,2022,7,3,KT2 7ET,KT2,Detached,Freehold,False,KINGSTON UPON THAMES,KINGSTON UPON THAMES,GREATER LONDON,B,51.415934,-0.304952,London,England,Kingston upon Thames
{06C9F488-19F2-9388-E063-4804A8C0BD98},245000,2023-03-01,2023,3,1,CR2 6LF,CR2,Flat/Maisonette,Leasehold,False,SOUTH CROYDON,CROYDON,GREATER LONDON,B,51.345234,-0.074508,London,England,Croydon
{06C9F488-19F9-9388-E063-4804A8C0BD98},510000,2022-12-21,2022,12,4,RH4 1LJ,RH4,Terraced,Freehold,False,DORKING,MOLE VALLEY,SURREY,B,51.224898,-0.330954,South East,England,Mole Valley
{06C9F488-1A3C-9388-E063-4804A8C0BD98},385000,2023-03-10,2023,3,1,TW18 4PD,TW18,Other,Freehold,False,STAINES-UPON-THAMES,SPELTHORNE,SURREY,B,51.431523,-0.519834,South East,England,Runnymede
{06C9F488-1AB7-9388-E063-4804A8C0BD98},75000,2023-05-26,2023,5,2,DN12 1BW,DN12,Terraced,Freehold,False,DONCASTER,DONCASTER,SOUTH YORKSHIRE,B,53.479381,-1.237842,Yorkshire and The Humber,England,Doncaster
{06C9F488-1B2E-9388-E063-4804A8C0BD98},65000,2023-07-28,2023,7,3,S63 9LL,S63,Terraced,Freehold,False,ROTHERHAM,BARNSLEY,SOUTH YORKSHIRE,B,53.518201,-1.327457,Yorkshire and The Humber,England,Barnsley
{06C9F488-1B82-9388-E063-4804A8C0BD98},220000,2020-04-29,2020,4,2,DN9 3AQ,DN9,Other,Freehold,False,DONCASTER,DONCASTER,SOUTH YORKSHIRE,B,53.493536,-0.78433,Yorkshire and The Humber,England,North Lincolnshire
{06C9F488-1BD4-9388-E063-4804A8C0BD98},180000,2023-08-25,2023,8,3,S1 2PF,S1,Flat/Maisonette,Leasehold,True,SHEFFIELD,SHEFFIELD,SOUTH YORKSHIRE,B,53.373474,-1.470617,Yorkshire and The Humber,England,Sheffield
{06C9F488-1C77-9388-E063-4804A8C0BD98},465000,2021-09-22,2021,9,3,RM10 9DE,RM10,Terraced,Freehold,False,DAGENHAM,BARKING AND DAGENHAM,GREATER LONDON,B,51.543539,0.152317,London,England,Barking and Dagenham
{06C9F488-1EB2-9388-E063-4804A8C0BD98},39000,2023-07-14,2023,7,3,CF40 1LT,CF40,Terraced,Freehold,False,TONYPANDY,RHONDDA CYNON TAFF,RHONDDA CYNON TAFF,B,51.619313,-3.441672,Wales,Wales,Rhondda Cynon Taf
{06C9F488-1F4F-9388-E063-4804A8C0BD98},460000,2022-06-30,2022,6,2,CF24 4JB,CF24,Terraced,Freehold,False,CARDIFF,CARDIFF,CARDIFF,B,51.498204,-3.179652,Wales,Wales,Cardiff
{06C9F488-208C-9388-E063-4804A8C0BD98},1260000,2022-04-19,2022,4,2,B14 7JG,B14,Other,Freehold,False,BIRMINGHAM,BIRMINGHAM,WEST MIDLANDS,B,52.427231,-1.906416,West Midlands,England,Birmingham
{06C9F488-2094-9388-E063-4804A8C0BD98},152500,2022-10-10,2022,10,4,CV1 5BZ,CV1,Terraced,Freehold,False,COVENTRY,COVENTRY,WEST MIDLANDS,B,52.403897,-1.490457,West Midlands,England,Coventry
{06C9F488-209C-9388-E063-4804A8C0BD98},300000,2023-07-18,2023,7,3,B25 8LH,B25,Other,Freehold,False,BIRMINGHAM,BIRMINGHAM,WEST MIDLANDS,B,52.464028,-1.826887,West Midlands,England,Birmingham
{06C9F488-20A6-9388-E063-4804A8C0BD98},2014000,2023-09-01,2023,9,3,B74 3DQ,B74,Detached,Freehold,False,SUTTON COLDFIELD,WALSALL,WEST MIDLANDS,B,52.601074,-1.848686,West Midlands,England,Birmingham
{06C9F488-20AE-9388-E063-4804A8C0BD98},89000,2023-08-10,2023,8,3,WV4 6EH,WV4,Detached,Freehold,False,WOLVERHAMPTON,WOLVERHAMPTON,WEST MIDLANDS,B,52.560567,-2.117915,West Midlands,England,Wolverhampton
{06C9F488-20BE-9388-E063-4804A8C0BD98},230000,2022-09-23,2022,9,3,B28 9ND,B28,Terraced,Freehold,False,BIRMINGHAM,BIRMINGHAM,WEST MIDLANDS,B,52.432266,-1.839587,West Midlands,England,Birmingham
{06C9F488-2166-9388-E063-4804A8C0BD98},110000,2023-08-15,2023,8,3,DY11 6GA,DY11,Flat/Maisonette,Leasehold,False,KIDDERMINSTER,WYRE FOREST,WORCESTERSHIRE,B,52.403329,-2.264041,West Midlands,England,Wyre Forest
{06C9F488-21B7-9388-E063-4804A8C0BD98},190000,2022-01-14,2022,1,1,BA22 8XG,BA22,Other,Freehold,False,YEOVIL,SOMERSET,SOMERSET,B,51.029418,-2.572286,South West,England,Somerset
{06C9F488-21D4-9388-E063-4804A8C0BD98},435000,2023-09-28,2023,9,3,RH17 6DN,RH17,Semi-Detached,Freehold,False,HAYWARDS HEATH,MID SUSSEX,WEST SUSSEX,B,51.059213,-0.085185,South East,England,Mid Sussex
{06C9F488-22CD-9388-E063-4804A8C0BD98},72000,2023-07-31,2023,7,3,HX3 6DW,HX3,Terraced,Freehold,False,HALIFAX,CALDERDALE,WEST YORKSHIRE,B,53.733293,-1.865585,Yorkshire and The Humber,England,Calderdale
{06C9F488-22D6-9388-E063-4804A8C0BD98},1225000,2022-05-05,2022,5,2,LS9 0SR,LS9,Terraced,Freehold,False,LEEDS,LEEDS,WEST YORKSHIRE,B,53.790047,-1.5172,Yorkshire and The Humber,England,Leeds
{06C9F488-23C7-9388-E063-4804A8C0BD98},65351,2022-09-09,2022,9,3,DN14 7FP,DN14,Semi-Detached,Freehold,True,GOOLE,EAST RIDING OF YORKSHIRE,EAST RIDING OF YORKSHIRE,B,53.70676,-0.861201,Yorkshire and The Humber,England,East Riding of Yorkshire
{06C9F488-240C-9388-E063-4804A8C0BD98},265000,2023-07-27,2023,7,3,BD10 0DW,BD10,Detached,Freehold,False,BRADFORD,BRADFORD,WEST YORKSHIRE,B,53.835796,-1.729413,Yorkshire and The Humber,England,Bradford
{06D06940-FD43-42E6-ABF8-DDA0DB75225C},95000,2015-04-09,2015,4,2,DY8 5UN,DY8,Terraced,Freehold,False,STOURBRIDGE,DUDLEY,WEST MIDLANDS,A,52.460137,-2.171277,West Midlands,England,Dudley
{06DDE901-4FA8-48D3-B8A4-FB5094FEF0C1},61000,2015-01-23,2015,1,1,DE14 3LL,DE14,Terraced,Freehold,False,BURTON-ON-TRENT,EAST STAFFORDSHIRE,STAFFORDSHIRE,A,52.807367,-1.647901,West Midlands,England,East Staffordshire
{06E50A51-19E9-494D-B61D-B5288F5ABE87},140000,2015-02-19,2015,2,1,NR28 0AQ,NR28,Terraced,Freehold,False,NORTH WALSHAM,NORTH NORFOLK,NORFOLK,A,52.782981,1.414488,East of England,England,North Norfolk
{06EDA82F-43AC-49DA-AF38-87C5F0CA1A26},140000,2015-07-30,2015,7,3,NG6 8PX,NG6,Terraced,Freehold,False,NOTTINGHAM,CITY OF NOTTINGHAM,CITY OF NOTTINGHAM,A,52.987107,-1.197147,East Midlands,England,Nottingham
{06EE2F17-42D7-49BA-A482-6AFD0BEF9417},90000,2015-05-22,2015,5,2,IP24 3BF,IP24,Flat/Maisonette,Leasehold,False,THETFORD,BRECKLAND,NORFOLK,A,52.417837,0.747503,East of England,England,Breckland
{06EFA701-5E1C-49B3-9A08-B5361B8C4C8E},72000,2015-07-17,2015,7,3,S9 4QG,S9,Terraced,Leasehold,False,SHEFFIELD,SHEFFIELD,SOUTH YORKSHIRE,A,53.381471,-1.403229,Yorkshire and The Humber,England,Sheffield
{06F8D6D0-8BCA-4AEF-85C7-CB17E9A0A942},57500,2015-01-16,2015,1,1,L30 2PQ,L30,Terraced,Freehold,False,BOOTLE,SEFTON,MERSEYSIDE,A,53.490467,-2.968167,North West,England,Sefton
{070BFA3A-C7E4-48FC-B0F4-30694CE4B0EB},218500,2015-01-14,2015,1,1,HD4 6JJ,HD4,Semi-Detached,Leasehold,False,HUDDERSFIELD,KIRKLEES,WEST YORKSHIRE,A,53.62206,-1.798039,Yorkshire and The Humber,England,Kirklees
{07164972-2306-4EF0-B3EF-D28E680DC924},308000,2015-07-09,2015,7,3,EX31 4PE,EX31,Detached,Freehold,False,BARNSTAPLE,NORTH DEVON,DEVON,A,51.073394,-4.119132,South West,England,North Devon
{072D24C8-0934-4844-97D8-5D5630EE0A6A},134000,2015-01-12,2015,1,1,NG9 1LJ,NG9,Terraced,Freehold,False,NOTTINGHAM,BROXTOWE,NOTTINGHAMSHIRE,A,52.921358,-1.205159,East Midlands,England,Broxtowe
{073A5846-4E34-4E12-B665-1079EF635417},132500,2015-05-22,2015,5,2,SK5 6QN,SK5,Terraced,Freehold,False,STOCKPORT,STOCKPORT,GREATER MANCHESTER,A,53.444861,-2.155348,North West,England,Stockport
{074D1471-8E8E-44E9-AE3E-2498E1B6B01A},237500,2015-05-26,2015,5,2,SP3 5LF,SP3,Detached,Freehold,False,SALISBURY,WILTSHIRE,WILTSHIRE,A,51.22905,-1.951221,South West,England,Wiltshire
